108  
21   

1    
  0.0100000000000000   0.0000000000000000   0.0000000000000000
  -0.2324854400    0.0014775100   -0.0017906100
   0.0013291500    0.0001098300    0.0000512400
   0.0012892500   -0.0002528200   -0.0000244200
  -0.0000702300   -0.0007218000    0.0000644000
  -0.0002066200    0.0006256800   -0.0000551400
   0.0000682300   -0.0000030400    0.0000034000
  -0.0000647200   -0.0009631300   -0.0000415200
   0.0000682700   -0.0000029500   -0.0000070100
  -0.0002121100    0.0009764600    0.0000443500
   0.0048471700   -0.0121052300    0.0004359700
   0.0008389600   -0.0006806900   -0.0000028900
   0.0000808500    0.0000090200    0.0000149200
   0.0000775000   -0.0001448700    0.0000094200
  -0.0000489000    0.0000831600   -0.0000444400
  -0.0000475800   -0.0000029000   -0.0000187000
   0.0049333000    0.0084753100    0.0000668300
   0.0000801500   -0.0000768400    0.0000327100
   0.0008404400   -0.0006615800    0.0000343200
   0.0091247700    0.0093241200    0.0008053000
   0.0063868200   -0.0092340000   -0.0004283200
   0.0001929800    0.0000222700    0.0000074700
  -0.0000353000   -0.0000577700    0.0000139300
   0.0020261400    0.0001438100    0.0000705300
  -0.0000505600    0.0000706900   -0.0000208900
   0.0016377900    0.0000660400    0.0000009000
   0.0000029200    0.0000189900    0.0000173300
   0.0000186200   -0.0000301400   -0.0000256300
   0.0004229900    0.0005419000   -0.0001279000
   0.0049637600    0.0106305900   -0.0006080000
  -0.0000339400   -0.0000327900    0.0000169100
  -0.0000658600    0.0000618400    0.0000162000
   0.0000140500   -0.0000456300    0.0000017600
   0.0000538400    0.0000590900   -0.0000275700
   0.0040009800   -0.0073558500   -0.0008504400
   0.0006072400    0.0008046000   -0.0000066400
   0.0000235700    0.0000404500   -0.0000122100
   0.0123294700    0.0000497200    0.0000168700
  -0.0001040100   -0.0001350300   -0.0000891200
  -0.0000920800    0.0001557700    0.0000871500
  -0.0000177200    0.0000240700   -0.0000310700
  -0.0000009400   -0.0000288600    0.0000174700
  -0.0000284200    0.0000019500   -0.0000066400
   0.0001958400   -0.0005168700   -0.0001763200
  -0.0000479400   -0.0000018000    0.0000021300
   0.0002347700    0.0005066400    0.0002461600
   0.0361290500   -0.0136732000   -0.0277943000
   0.0000032000    0.0000042700    0.0000321300
   0.0005045800   -0.0008333600   -0.0004184400
   0.0007256500    0.0004528200   -0.0001495100
  -0.0001148500   -0.0000353500    0.0001008200
  -0.0000384600    0.0000043400   -0.0000133500
   0.0000221400   -0.0000385900    0.0000608200
  -0.0000030000   -0.0000232200    0.0000006200
   0.0000796400   -0.0000500200    0.0000018500
   0.0408847500    0.0137494300    0.0273987500
   0.0009555100    0.0009598900    0.0002136200
   0.0000327400    0.0000119500   -0.0000246900
  -0.0001438200   -0.0000027100   -0.0000807600
   0.0005813600   -0.0001965200   -0.0000303200
  -0.0000282500    0.0000022100    0.0000127700
   0.0001067000    0.0000884800   -0.0000234000
  -0.0000007300    0.0000144200    0.0000214400
   0.0000110300    0.0000308100   -0.0000803300
   0.0005397300   -0.0025823800    0.0008558900
   0.0007691900    0.0029531200   -0.0008963300
  -0.0000166000   -0.0000084200   -0.0000005300
  -0.0000070900    0.0000121900   -0.0000027200
  -0.0000597900    0.0000157900   -0.0000308400
  -0.0000224800   -0.0000034500    0.0000139100
  -0.0042560600   -0.0001126600   -0.0002284800
  -0.0000998700    0.0000250600   -0.0000383400
  -0.0000856700   -0.0000315500    0.0000293800
   0.0440379000   -0.0170498500    0.0297940800
   0.0000295300    0.0000050200   -0.0000933800
   0.0006295400   -0.0006701000   -0.0003952000
   0.0006645600    0.0002210700   -0.0001295800
  -0.0001151700   -0.0001173600   -0.0001182400
  -0.0000517500    0.0000223900    0.0000119400
   0.0000464900   -0.0000497800   -0.0000752000
  -0.0000006800   -0.0000258800    0.0000210800
   0.0001595700    0.0000223200   -0.0000431400
   0.0006857800   -0.0027208600   -0.0004160000
   0.0009280600    0.0028161800    0.0008333100
  -0.0000369200    0.0000060100   -0.0000023800
  -0.0000182300    0.0000047000    0.0000029900
  -0.0000545600   -0.0000125200    0.0000015600
  -0.0000142700    0.0000008800   -0.0000030400
  -0.0040096500   -0.0001245400    0.0001152800
  -0.0000798700    0.0000086800    0.0000288200
  -0.0000729400   -0.0000088600   -0.0000483000
   0.0159228000    0.0001432000    0.0002883700
  -0.0001033700   -0.0001801100    0.0000724900
  -0.0000434200    0.0002247000   -0.0000955300
  -0.0000257100    0.0000252000    0.0000243200
   0.0000047400   -0.0000016900    0.0000078000
  -0.0000287600    0.0000004200    0.0000030100
   0.0001409400   -0.0008566600    0.0000725500
  -0.0000417900    0.0000009800    0.0000025700
   0.0001417200    0.0005342000    0.0002742500
   0.0405103600    0.0150423900   -0.0272090300
   0.0005910700    0.0008158100    0.0002142900
   0.0000452400    0.0000020200    0.0000493600
  -0.0000798400    0.0000580800    0.0000843200
   0.0005946400   -0.0001567300    0.0000752500
  -0.0000229000   -0.0000113000   -0.0000189100
   0.0000867700    0.0000163800    0.0000121600
  -0.0000011300    0.0000192600   -0.0000180700
   0.0000352700    0.0000380300    0.0000643400

1    
 -0.0100000000000000   0.0000000000000000   0.0000000000000000
   0.2326297600    0.0001962500    0.0015798800
  -0.0012908900   -0.0001016800   -0.0000476900
  -0.0013307600    0.0002634500    0.0000299500
   0.0000681400    0.0007362000   -0.0000639000
   0.0002074800   -0.0006129000    0.0000544200
  -0.0000676600    0.0000022200   -0.0000035000
   0.0000736600    0.0009484200    0.0000403100
  -0.0000676700    0.0000023000    0.0000069400
   0.0002020100   -0.0009898800   -0.0000472900
  -0.0048541400    0.0121997000   -0.0004400600
  -0.0008490200    0.0006580600    0.0000034900
  -0.0000787000   -0.0000069300   -0.0000146000
  -0.0000786900    0.0001461400   -0.0000092200
   0.0000486300   -0.0000814600    0.0000442900
   0.0000499300    0.0000021700    0.0000187200
  -0.0047700700   -0.0085536300   -0.0000638200
  -0.0000793600    0.0000768600   -0.0000322500
  -0.0008475600    0.0006772400   -0.0000352900
  -0.0097458000   -0.0095964300   -0.0008112200
  -0.0058151900    0.0090006900    0.0004539700
  -0.0001918500   -0.0000222600   -0.0000072800
   0.0000341700    0.0000613800   -0.0000137400
  -0.0020236600   -0.0001426800   -0.0000696900
   0.0000529900   -0.0000669600    0.0000208600
  -0.0016332000   -0.0000288200   -0.0000025400
  -0.0000024100   -0.0000204700   -0.0000171700
  -0.0000182500    0.0000293300    0.0000257000
  -0.0004119000   -0.0005582600    0.0001270800
  -0.0049722200   -0.0105332500    0.0005992400
   0.0000334000    0.0000339900   -0.0000165700
   0.0000653800   -0.0000627500   -0.0000160600
  -0.0000119900    0.0000465000   -0.0000014100
  -0.0000511900   -0.0000582500    0.0000270100
  -0.0041613500    0.0072784100    0.0008404900
  -0.0006087900   -0.0007869500    0.0000057200
  -0.0000233100   -0.0000407900    0.0000125900
  -0.0123267900    0.0002202400    0.0001874500
   0.0001076300    0.0001311600    0.0000904400
   0.0000912100   -0.0001592900   -0.0000858100
   0.0000188500   -0.0000242900    0.0000315000
   0.0000010300    0.0000287000   -0.0000173000
   0.0000291100   -0.0000018200    0.0000064900
  -0.0001936200    0.0005241700    0.0001764300
   0.0000487600    0.0000015900   -0.0000019500
  -0.0002332700   -0.0004996300   -0.0002478000
  -0.0354297400    0.0132639800    0.0268856500
  -0.0000016200   -0.0000053800   -0.0000318800
  -0.0005108200    0.0008354100    0.0004085700
  -0.0007196400   -0.0004547500    0.0001688900
   0.0001151900    0.0000378600   -0.0001009300
   0.0000392200   -0.0000043300    0.0000134500
  -0.0000211200    0.0000383800   -0.0000606800
   0.0000037800    0.0000232400   -0.0000005900
  -0.0000810500    0.0000489400   -0.0000016600
  -0.0418137400   -0.0142648900   -0.0283748400
  -0.0009428700   -0.0009574100   -0.0002247700
  -0.0000326400   -0.0000134500    0.0000248800
   0.0001454000    0.0000039000    0.0000811200
  -0.0005823400    0.0001971000    0.0000541100
   0.0000289100   -0.0000020600   -0.0000127800
  -0.0001047500   -0.0000902900    0.0000245100
   0.0000015600   -0.0000143000   -0.0000214700
  -0.0000107300   -0.0000307900    0.0000807900
  -0.0005294400    0.0026149800   -0.0008794100
  -0.0007829200   -0.0029269200    0.0008831900
   0.0000172100    0.0000079100    0.0000010200
   0.0000077600   -0.0000122200    0.0000028100
   0.0000603400   -0.0000120300    0.0000273500
   0.0000231400    0.0000034500   -0.0000139000
   0.0042513200    0.0001381600    0.0002209600
   0.0001012300   -0.0000264800    0.0000362900
   0.0000855800    0.0000301800   -0.0000316100
  -0.0430622600    0.0164943400   -0.0287316800
  -0.0000277500   -0.0000062400    0.0000915400
  -0.0006423700    0.0006713400    0.0004077600
  -0.0006605700   -0.0002236400    0.0000999800
   0.0001166600    0.0001200800    0.0001178300
   0.0000523400   -0.0000220600   -0.0000120200
  -0.0000452500    0.0000497900    0.0000747600
   0.0000013000    0.0000259200   -0.0000211700
  -0.0001609500   -0.0000234600    0.0000428000
  -0.0006749200    0.0027431500    0.0004378600
  -0.0009335400   -0.0027923200   -0.0008164300
   0.0000376300   -0.0000066900    0.0000018700
   0.0000189800   -0.0000048100   -0.0000032200
   0.0000547600    0.0000162700    0.0000026100
   0.0000149900   -0.0000008500    0.0000028200
   0.0040111800    0.0001488800   -0.0001098100
   0.0000816400   -0.0000102500   -0.0000268400
   0.0000727500    0.0000076700    0.0000507000
  -0.0158923900    0.0001739200   -0.0004812100
   0.0001070100    0.0001766400   -0.0000739800
   0.0000424900   -0.0002295700    0.0000950300
   0.0000264700   -0.0000263200   -0.0000240200
  -0.0000038800    0.0000019000   -0.0000070000
   0.0000293600   -0.0000005400   -0.0000030600
  -0.0001430100    0.0008612600   -0.0000694100
   0.0000425100   -0.0000011700   -0.0000028100
  -0.0001390900   -0.0005334600   -0.0002701100
  -0.0414337700   -0.0155734300    0.0282303700
  -0.0005742300   -0.0008149100   -0.0002034800
  -0.0000455600   -0.0000030200   -0.0000509100
   0.0000796500   -0.0000560900   -0.0000847900
  -0.0005955600    0.0001570300   -0.0000993100
   0.0000234500    0.0000114800    0.0000187700
  -0.0000848900   -0.0000179600   -0.0000129900
   0.0000017700   -0.0000192000    0.0000180200
  -0.0000349700   -0.0000376900   -0.0000644100

1    
  0.0000000000000000   0.0000000000000000   0.0100000000000000
  -0.0017023700    0.0029084900   -0.2608452100
  -0.0000310500   -0.0000412200    0.0004271100
   0.0000534100    0.0000311900    0.0004281500
  -0.0000370000   -0.0000528600    0.0006194400
   0.0000404200    0.0000035400    0.0004264200
  -0.0000068900    0.0000121300   -0.0000649300
   0.0000640500    0.0000147500    0.0006173400
   0.0000036800   -0.0000059000   -0.0000649100
  -0.0000558300   -0.0000203200    0.0004253600
  -0.0001376700    0.0005751200   -0.0046910600
  -0.0000342100    0.0000606900   -0.0001320800
  -0.0000328900   -0.0000317200   -0.0000207300
  -0.0000096400    0.0000160100   -0.0000662200
   0.0000184200    0.0000065900   -0.0000204300
   0.0000448000    0.0000111400   -0.0000200900
  -0.0004470300    0.0002505000   -0.0046647800
  -0.0000146200   -0.0000134700   -0.0000204000
   0.0000029400   -0.0000057200   -0.0001321300
  -0.0004218500    0.0006910200   -0.0056734700
   0.0000847100    0.0009237500   -0.0064627800
  -0.0000129100    0.0000090000   -0.0000367800
   0.0000150700    0.0000000400   -0.0000122000
  -0.0000146000   -0.0000194200    0.0002727100
  -0.0000055500   -0.0000463300   -0.0000037800
  -0.0000467100   -0.0000795800    0.0001877400
   0.0000012000    0.0000102300    0.0000351200
  -0.0000075900   -0.0000238400    0.0000336700
   0.0000868800    0.0000034300    0.0001880700
  -0.0006682200    0.0004947000   -0.0064859400
   0.0000435500   -0.0000170100   -0.0000045200
  -0.0000093100   -0.0000139700   -0.0000123300
  -0.0000076800    0.0000039400    0.0000353100
  -0.0000003400    0.0000152800   -0.0000369200
  -0.0003716800    0.0005491700   -0.0056747000
   0.0000239300    0.0000062600    0.0002693000
   0.0000257800   -0.0000057800    0.0000337900
  -0.0003236700    0.0325321800    0.0444940300
   0.0001275300    0.0000032300   -0.0000260800
  -0.0001493600   -0.0000079100   -0.0000673400
  -0.0000207200    0.0000046600   -0.0000243600
   0.0000113700   -0.0000050600   -0.0000055700
  -0.0000028000    0.0000279400    0.0000013200
   0.0000679600   -0.0005379100    0.0005354800
  -0.0000041200    0.0000207400   -0.0000009800
   0.0000968300   -0.0005224700    0.0006000900
  -0.0270590800    0.0160137700    0.0434302700
  -0.0000028800   -0.0000114900   -0.0000053500
   0.0004227000   -0.0003499500    0.0005869600
   0.0004422700   -0.0003398700    0.0005224100
  -0.0000643500   -0.0001124700   -0.0000262800
  -0.0000223800    0.0000164300    0.0000015700
   0.0000053200    0.0000213600   -0.0000241900
  -0.0000155000    0.0000138600   -0.0000008900
   0.0000853800    0.0001249700   -0.0000677800
   0.0288624200    0.0167338100    0.0443075900
  -0.0004572700   -0.0000233900    0.0007455600
   0.0000144600   -0.0000129600    0.0000095600
   0.0000031100   -0.0001177200   -0.0000317700
  -0.0001469400   -0.0002372900    0.0008464500
   0.0000224300    0.0000160900    0.0000003100
  -0.0001327700    0.0000974100   -0.0000546100
   0.0000140700    0.0000163200    0.0000027700
  -0.0000013700    0.0000130000    0.0000052200
   0.0015097500   -0.0012720500    0.0022027000
  -0.0012897800   -0.0010502300    0.0026848900
   0.0000002800    0.0000269600    0.0000092900
  -0.0000268200   -0.0000142200    0.0000163900
   0.0000045200    0.0000211100    0.0000538400
   0.0000227200   -0.0000126300    0.0000100000
  -0.0000713100    0.0018879300    0.0021596200
   0.0000350800   -0.0000086500    0.0000774700
  -0.0000063800   -0.0000012000    0.0001103900
   0.0314011200   -0.0184132800    0.0459121200
  -0.0000032500    0.0000176800    0.0000121000
  -0.0002717100    0.0002488600    0.0008113100
  -0.0003587100    0.0003680600    0.0006572300
   0.0000255400    0.0001431500    0.0000222600
   0.0000240200   -0.0000154000    0.0000008000
  -0.0000124400   -0.0000239300   -0.0000029300
   0.0000183500   -0.0000056700    0.0000132600
  -0.0000970600   -0.0000682500   -0.0000112000
  -0.0016149400    0.0010135200    0.0021678900
   0.0015628900    0.0005977000    0.0026871000
  -0.0000002100   -0.0000262800    0.0000101600
   0.0000262400    0.0000162000    0.0000162900
  -0.0000098700   -0.0000326700    0.0000783400
  -0.0000235400    0.0000133900    0.0000092400
   0.0003407500   -0.0019565600    0.0021997900
  -0.0000184000    0.0000055300    0.0000549900
   0.0000025700    0.0000040500    0.0001113900
   0.0002372800   -0.0353139900    0.0450577200
  -0.0001382700    0.0000530600    0.0000216100
   0.0001099800    0.0000535700   -0.0000121800
   0.0000274700   -0.0000034700   -0.0000022000
  -0.0000131900    0.0000096500    0.0000124800
   0.0000014400   -0.0000280800    0.0000009400
  -0.0001412500    0.0005136900    0.0006422400
  -0.0000042500   -0.0000182800    0.0000134400
  -0.0000767000    0.0003689400    0.0008050800
  -0.0299037600   -0.0171451700    0.0452292500
   0.0002664500    0.0000083200    0.0008549200
  -0.0000092000    0.0000086700    0.0000052600
  -0.0000189900    0.0001611300   -0.0000540100
   0.0002318400    0.0003650600    0.0007615000
  -0.0000250700   -0.0000114100    0.0000008600
   0.0000964900   -0.0000603700   -0.0000310800
  -0.0000212400   -0.0000041500    0.0000024400
   0.0000057200   -0.0000174000    0.0000094500

19   
  0.0100000000000000   0.0000000000000000   0.0000000000000000
   0.0097500800   -0.0105492000   -0.0003589100
   0.0001923500   -0.0000224800   -0.0000130400
   0.0058116700    0.0098110300    0.0000066300
   0.0016340800   -0.0001517700   -0.0000440100
   0.0000195900    0.0000441100   -0.0000075500
   0.0000020600   -0.0000395900    0.0000009600
  -0.0000344700    0.0000441100    0.0000158600
  -0.0000512400   -0.0000234600   -0.0000063000
   0.0020239400   -0.0000046400   -0.0000169000
   0.0040756500    0.0125993200    0.0003753300
   0.0000229500   -0.0000313300   -0.0000250400
   0.0006119400    0.0009502300   -0.0000244200
  -0.0000656100   -0.0000401400    0.0000082100
   0.0000532100    0.0001039200    0.0000010800
   0.0000121400    0.0000138400    0.0000086500
   0.0004189700    0.0007584200   -0.0000890800
  -0.0000334800    0.0000587200   -0.0000430300
   0.0048843600   -0.0085027900    0.0007564500
  -0.2405873500    0.0010977600    0.0019317300
   0.0010132900    0.0004231700    0.0000515700
   0.0009734200   -0.0002643900   -0.0000429500
  -0.0001268400   -0.0001812500   -0.0000383300
   0.0000049800    0.0003123900    0.0000208200
   0.0000279800   -0.0000017600   -0.0000014900
  -0.0001205100   -0.0010147400   -0.0000371400
   0.0000280400   -0.0000019100    0.0000028800
  -0.0000016300    0.0009824600    0.0000459600
   0.0042881900   -0.0113424700   -0.0001488700
   0.0002696600   -0.0008004500    0.0001205700
  -0.0000326600    0.0000445900   -0.0000104900
   0.0000323400   -0.0000666200    0.0000144000
  -0.0000133300    0.0000329700    0.0000275300
  -0.0000122900   -0.0000575300    0.0000037200
   0.0043626100    0.0067241000    0.0001965200
  -0.0000331400   -0.0000456600    0.0000207700
   0.0002756400   -0.0007835000    0.0000071700
   0.0009666600    0.0027230200    0.0008542900
  -0.0000327700   -0.0000026600    0.0000057000
   0.0012373200   -0.0027418600   -0.0011911900
  -0.0000278200    0.0000044400    0.0000053000
  -0.0000186300   -0.0000112400   -0.0000020300
  -0.0000185900    0.0000038800    0.0000062700
  -0.0000505500    0.0000188200    0.0000425800
  -0.0000453200   -0.0000112700   -0.0000235700
  -0.0035515200    0.0002620900   -0.0001599400
   0.0005131800    0.0008462400    0.0003915500
   0.0000891100    0.0000232700   -0.0000226100
   0.0369359500    0.0146382700    0.0295283200
   0.0005779400   -0.0004498100    0.0001860500
  -0.0000188000   -0.0000025600    0.0000110900
  -0.0000940700   -0.0000251500   -0.0000996100
   0.0000073900    0.0000176900   -0.0000041500
   0.0000462300    0.0000709600   -0.0000590800
   0.0000307600   -0.0000109400   -0.0000443700
   0.0444405900   -0.0161242200   -0.0320647400
   0.0001050400   -0.0000417600    0.0000193500
   0.0008593000   -0.0010507400   -0.0002540600
   0.0004506200    0.0002168000   -0.0000025900
  -0.0001100000    0.0000483200    0.0001041500
  -0.0000113200    0.0000028100   -0.0000109100
   0.0000271900   -0.0000433400    0.0000831100
   0.0000042200   -0.0000155600   -0.0000169900
   0.0000577600   -0.0000356700    0.0000580300
   0.0150818100    0.0000424800   -0.0004005500
   0.0000360500   -0.0001835300    0.0000503500
  -0.0000284900    0.0001373900   -0.0000399300
   0.0000037900   -0.0000463800    0.0000307800
  -0.0000193800    0.0000224800   -0.0000473900
  -0.0000018000    0.0000026800   -0.0000032400
  -0.0000202500   -0.0005381700   -0.0000944200
  -0.0000233300    0.0000019100   -0.0000020900
  -0.0000201700    0.0009025900   -0.0002480100
   0.0005667300    0.0009439500    0.0002344500
   0.0000981000    0.0000372900    0.0000803400
   0.0455304300    0.0173996400   -0.0317001000
   0.0004919600   -0.0003407500    0.0000230600
  -0.0000280400   -0.0000059400   -0.0000105100
  -0.0000992000    0.0000179000    0.0001671700
   0.0000044900    0.0000161500   -0.0000102100
   0.0000318100    0.0000625600    0.0000797900
   0.0000889700   -0.0000419800    0.0001022900
   0.0151132700    0.0006563100    0.0004725500
  -0.0000215700   -0.0001521300   -0.0000482800
  -0.0000308100    0.0001175200    0.0000555200
  -0.0000057600   -0.0000409600   -0.0000208200
  -0.0000252900    0.0000530500    0.0000376900
  -0.0000092400    0.0000007000    0.0000056600
  -0.0000540500   -0.0006544900   -0.0000189400
  -0.0000236200    0.0000013500    0.0000003700
  -0.0000997800    0.0006572700   -0.0000368900
   0.0005314900    0.0029403500   -0.0010441600
  -0.0000244000    0.0000066700   -0.0000003400
   0.0009047700   -0.0031983900    0.0010223600
  -0.0000505100   -0.0000129700    0.0000167000
  -0.0000139700   -0.0000102900    0.0000087200
  -0.0000259400    0.0000013300   -0.0000208100
  -0.0000814100    0.0000158100   -0.0000416600
  -0.0000931500   -0.0000193800    0.0000529900
  -0.0045772900    0.0001978600    0.0001728000
   0.0438190700   -0.0165305100    0.0314592700
   0.0000862400   -0.0000370800   -0.0000434400
   0.0004973700   -0.0010521200   -0.0000077300
   0.0004691700    0.0003091800   -0.0000629300
  -0.0000617600    0.0000164800   -0.0001112000
  -0.0000130900    0.0000007000    0.0000187500
   0.0000195900   -0.0000393700   -0.0000706200
   0.0000032700   -0.0000150500    0.0000103000
   0.0000274500   -0.0000273600   -0.0000668600

19   
 -0.0100000000000000   0.0000000000000000   0.0000000000000000
  -0.0091199900    0.0102745600    0.0003524100
  -0.0001922300    0.0000216100    0.0000130500
  -0.0063898500   -0.0100485100    0.0000158200
  -0.0016366200    0.0001563100    0.0000491800
  -0.0000172800   -0.0000432500    0.0000079700
  -0.0000033800    0.0000402300   -0.0000006600
   0.0000350000   -0.0000450900   -0.0000159300
   0.0000524200    0.0000221000    0.0000063400
  -0.0020263600    0.0000422100    0.0000151400
  -0.0040842600   -0.0125076200   -0.0003832300
  -0.0000238800    0.0000336100    0.0000252200
  -0.0006039900   -0.0009753100    0.0000237100
   0.0000656500    0.0000429700   -0.0000086500
  -0.0000518300   -0.0001027700   -0.0000005400
  -0.0000138600   -0.0000140500   -0.0000084600
  -0.0004158000   -0.0007455100    0.0000901300
   0.0000339900   -0.0000583100    0.0000434400
  -0.0050532000    0.0084241300   -0.0007536900
   0.2402867900    0.0007913700   -0.0021243400
  -0.0009709100   -0.0004137500   -0.0000469700
  -0.0010106700    0.0002703600    0.0000450200
   0.0001291300    0.0001991500    0.0000387300
  -0.0000033700   -0.0002946600   -0.0000203700
  -0.0000274800    0.0000015300    0.0000017600
   0.0001354900    0.0010004200    0.0000374000
  -0.0000274300    0.0000014100   -0.0000028900
  -0.0000098900   -0.0009963200   -0.0000440400
  -0.0042595600    0.0114438600    0.0001377400
  -0.0002772300    0.0007804700   -0.0001227400
   0.0000344900   -0.0000430800    0.0000107300
  -0.0000325100    0.0000674300   -0.0000143900
   0.0000135700   -0.0000315200   -0.0000276700
   0.0000145100    0.0000571800   -0.0000034700
  -0.0041871600   -0.0068120800   -0.0002065300
   0.0000341100    0.0000457700   -0.0000204300
  -0.0002712600    0.0007974800   -0.0000053100
  -0.0009853300   -0.0027027000   -0.0008238400
   0.0000332800    0.0000019600   -0.0000059400
  -0.0012222200    0.0027636100    0.0012160200
   0.0000287300   -0.0000019000   -0.0000030700
   0.0000187600    0.0000112000    0.0000019100
   0.0000193900   -0.0000038200   -0.0000063900
   0.0000515600   -0.0000191500   -0.0000408300
   0.0000451500    0.0000105100    0.0000250000
   0.0035513600   -0.0002362900    0.0001714500
  -0.0005048000   -0.0008421700   -0.0004004800
  -0.0000897900   -0.0000245000    0.0000225700
  -0.0376427400   -0.0150773200   -0.0305162700
  -0.0005824300    0.0004458900   -0.0001662600
   0.0000190600    0.0000025600   -0.0000110400
   0.0000954600    0.0000266500    0.0001002100
  -0.0000069900   -0.0000177200    0.0000041800
  -0.0000465300   -0.0000712000    0.0000588400
  -0.0000289500    0.0000097400    0.0000444100
  -0.0434612900    0.0155406400    0.0309464000
  -0.0001034600    0.0000400600   -0.0000194200
  -0.0008722700    0.0010563700    0.0002439300
  -0.0004492300   -0.0002182600    0.0000255500
   0.0001094300   -0.0000475000   -0.0001028600
   0.0000118800   -0.0000026700    0.0000107900
  -0.0000259800    0.0000432800   -0.0000828200
  -0.0000038300    0.0000157400    0.0000170200
  -0.0000578400    0.0000338100   -0.0000573200
  -0.0151097700    0.0002816400    0.0001884000
  -0.0000339400    0.0001808400   -0.0000504900
   0.0000263300   -0.0001389400    0.0000388400
  -0.0000036700    0.0000469000   -0.0000309100
   0.0000199700   -0.0000229800    0.0000471500
   0.0000023800   -0.0000027300    0.0000031300
   0.0000171200    0.0005374200    0.0000997900
   0.0000238100   -0.0000020400    0.0000018100
   0.0000247400   -0.0008999100    0.0002521500
  -0.0005509400   -0.0009400100   -0.0002232100
  -0.0000987000   -0.0000385400   -0.0000818200
  -0.0465513800   -0.0180195400    0.0328802000
  -0.0004933300    0.0003391200   -0.0000543500
   0.0000286000    0.0000061900    0.0000104700
   0.0001000200   -0.0000150100   -0.0001680900
  -0.0000040500   -0.0000161100    0.0000101300
  -0.0000319000   -0.0000626700   -0.0000805600
  -0.0000862400    0.0000401500   -0.0001027100
  -0.0151202900   -0.0003748500   -0.0002784000
   0.0000239900    0.0001496400    0.0000492800
   0.0000280200   -0.0001200800   -0.0000545800
   0.0000061700    0.0000409600    0.0000208000
   0.0000259300   -0.0000527500   -0.0000372600
   0.0000097700   -0.0000008100   -0.0000056400
   0.0000527200    0.0006524500    0.0000124200
   0.0000240300   -0.0000014900   -0.0000000600
   0.0000991300   -0.0006584800    0.0000326500
  -0.0005462300   -0.0029033100    0.0010168700
   0.0000249400   -0.0000074800    0.0000010800
  -0.0008839500    0.0032292000   -0.0010399300
   0.0000512000    0.0000162600   -0.0000188000
   0.0000142500    0.0000102600   -0.0000085400
   0.0000266500   -0.0000013600    0.0000208400
   0.0000823000   -0.0000165700    0.0000401600
   0.0000932200    0.0000185600   -0.0000544100
   0.0045832900   -0.0001640300   -0.0001785700
  -0.0428578800    0.0159427000   -0.0303266300
  -0.0000848000    0.0000359300    0.0000421200
  -0.0005139600    0.0010546500    0.0000170100
  -0.0004690500   -0.0003069400    0.0000367100
   0.0000623800   -0.0000147100    0.0001103800
   0.0000136200   -0.0000005100   -0.0000187300
  -0.0000187800    0.0000394500    0.0000703300
  -0.0000026300    0.0000151900   -0.0000103300
  -0.0000285700    0.0000251800    0.0000660300

19   
  0.0000000000000000   0.0000000000000000   0.0100000000000000
   0.0008851000    0.0005476900   -0.0056731500
   0.0000071600    0.0000276800   -0.0000368800
  -0.0005418200    0.0009908400   -0.0064631300
   0.0000002600    0.0001456600    0.0001886600
  -0.0000249400    0.0000285200    0.0000335700
   0.0000168200   -0.0000118400    0.0000353600
   0.0000143600   -0.0000267000   -0.0000124200
  -0.0000217800   -0.0000073100   -0.0000043000
   0.0000700700   -0.0000337000    0.0002706200
   0.0009171500    0.0004921000   -0.0056732300
   0.0000122500   -0.0000358600    0.0000335700
   0.0000058500    0.0000774600    0.0002706200
  -0.0000158900    0.0000257700   -0.0000124300
   0.0000275800   -0.0000075900   -0.0000368700
  -0.0000019100    0.0000204600    0.0000353900
   0.0001262700   -0.0000726600    0.0001886600
  -0.0000171900   -0.0000151700   -0.0000043100
   0.0005864400   -0.0009650600   -0.0064630400
   0.0020170400    0.0011635000   -0.2631096800
  -0.0000475200    0.0000744200    0.0007541600
   0.0000534600   -0.0000081300    0.0007529900
  -0.0000308300   -0.0000234700    0.0005578800
   0.0000406600   -0.0000784400    0.0007541500
   0.0000029900    0.0000017700   -0.0000688300
  -0.0000357900   -0.0000149500    0.0005578800
  -0.0000016400   -0.0000009600   -0.0000688600
   0.0000196400    0.0000504600    0.0007529700
  -0.0002891700    0.0003547300   -0.0081086800
  -0.0000036300   -0.0000020700    0.0004670700
  -0.0000201700   -0.0000191400    0.0000447600
  -0.0000146700   -0.0000084300   -0.0000161800
  -0.0000042800    0.0000144300    0.0000448400
  -0.0000265800   -0.0000079000    0.0000447600
   0.0001623100   -0.0004279300   -0.0081086500
   0.0000103100   -0.0000108700    0.0000448300
  -0.0001199900   -0.0000692800    0.0004664300
   0.0019227100    0.0011092300    0.0020936100
   0.0000009600   -0.0000314200    0.0000024500
  -0.0018784900    0.0007423200    0.0025867800
   0.0000132800   -0.0000519100    0.0000190800
  -0.0000267100    0.0000165600    0.0000024700
   0.0000240900    0.0000138800   -0.0000041700
  -0.0000383000    0.0000374900    0.0000190700
   0.0000544000    0.0000313800   -0.0000214300
  -0.0002977300   -0.0019977900    0.0025867800
  -0.0007569400   -0.0002703900    0.0005884200
   0.0000201800   -0.0000196700   -0.0000328600
   0.0288054800    0.0166178800    0.0436958300
  -0.0006129900   -0.0005199500    0.0005884100
   0.0000250500    0.0000144500   -0.0000029900
   0.0001083700   -0.0001646700   -0.0000494500
   0.0000237200    0.0000136800    0.0000002100
  -0.0000069300    0.0000273300   -0.0000328600
  -0.0000883100    0.0001762600   -0.0000494400
  -0.0308413700    0.0173062600    0.0454226600
  -0.0000394400   -0.0000235900   -0.0000246400
   0.0007711800    0.0000202500    0.0007448300
   0.0002716400   -0.0004339700    0.0009221700
  -0.0000507300   -0.0001734800   -0.0000772500
  -0.0000223000    0.0000147000   -0.0000068000
   0.0000112500    0.0000181300   -0.0000071800
  -0.0000239700    0.0000182900    0.0000053300
   0.0001190300    0.0001455100   -0.0000501300
  -0.0004569500   -0.0353622400    0.0454227000
  -0.0001755600    0.0000428900   -0.0000772300
   0.0001855400    0.0000302000   -0.0000501300
   0.0000213000    0.0000006400   -0.0000071700
  -0.0000401700   -0.0000223200   -0.0000246600
   0.0000015800   -0.0000266700   -0.0000068300
  -0.0002397200    0.0004523900    0.0009222000
   0.0000038500   -0.0000299000    0.0000053100
   0.0004035800    0.0006574800    0.0007448100
   0.0004317400    0.0001770000    0.0007549100
   0.0000068900    0.0000174900   -0.0000151800
  -0.0321545500   -0.0185499100    0.0471966500
   0.0003693600    0.0002851100    0.0007549100
  -0.0000189100   -0.0000109200   -0.0000063600
  -0.0000867300    0.0001805900   -0.0000501600
  -0.0000140300   -0.0000081000    0.0000129000
   0.0000185900   -0.0000028100   -0.0000151900
   0.0001128900   -0.0001654500   -0.0000501600
   0.0006523400    0.0350263300    0.0465372100
   0.0002227500   -0.0000382700   -0.0001104800
  -0.0001879200   -0.0000233000   -0.0000865300
  -0.0000043700   -0.0000089600    0.0000022100
   0.0000124500    0.0000058100   -0.0000159800
   0.0000028500    0.0000226400   -0.0000068200
   0.0001250500   -0.0003253200    0.0009175300
   0.0000058800    0.0000197600    0.0000000800
  -0.0003061100   -0.0003672900    0.0008366700
  -0.0020999000   -0.0012114300    0.0019606100
  -0.0000004000    0.0000296900    0.0000044400
   0.0019615900   -0.0010524600    0.0024276500
  -0.0000082200    0.0000295700    0.0000599900
   0.0000255100   -0.0000152000    0.0000044300
  -0.0000232900   -0.0000134800   -0.0000011300
   0.0000214900   -0.0000219000    0.0000599900
  -0.0000490300   -0.0000282800    0.0000398000
   0.0000708800    0.0022249300    0.0024276400
   0.0306484300   -0.0169689300    0.0465372700
   0.0000112500    0.0000078700   -0.0000160100
  -0.0004712100   -0.0000811400    0.0008366400
  -0.0002190000    0.0002711200    0.0009175700
   0.0000783800    0.0002119800   -0.0001104500
   0.0000210200   -0.0000088700   -0.0000068400
  -0.0000099100    0.0000006900    0.0000022300
   0.0000200200   -0.0000048000    0.0000000800
  -0.0001142500   -0.0001510200   -0.0000865500

19   
  0.0000000000000000   0.0000000000000000  -0.0100000000000000
  -0.0007315500   -0.0004710200    0.0056746800
  -0.0000076600   -0.0000268800    0.0000371100
   0.0003406100   -0.0009140900    0.0064853700
  -0.0000032600   -0.0001467900   -0.0001869300
   0.0000263500   -0.0000298300   -0.0000338200
  -0.0000177200    0.0000117100   -0.0000349600
  -0.0000134000    0.0000266000    0.0000121900
   0.0000198900    0.0000071900    0.0000041100
  -0.0000702300    0.0000330800   -0.0002714600
  -0.0007739100   -0.0003975300    0.0056747500
  -0.0000126100    0.0000377400   -0.0000338200
  -0.0000066100   -0.0000773200   -0.0002714400
   0.0000163200   -0.0000249200    0.0000121900
  -0.0000270800    0.0000068100    0.0000370800
   0.0000012400   -0.0000212500   -0.0000349700
  -0.0001287300    0.0000706800   -0.0001869400
   0.0000162300    0.0000136600    0.0000041100
  -0.0006208100    0.0007523700    0.0064853000
  -0.0020335400   -0.0011730400    0.2631899800
   0.0000401900   -0.0000803300   -0.0007512200
  -0.0000452800    0.0000012900   -0.0007523600
   0.0000436700    0.0000224600   -0.0005577400
  -0.0000493600    0.0000749400   -0.0007511800
  -0.0000027700   -0.0000015600    0.0000689400
   0.0000412900    0.0000265800   -0.0005577300
   0.0000015800    0.0000008900    0.0000689100
  -0.0000215200   -0.0000398200   -0.0007523200
   0.0001137700   -0.0002094700    0.0081125800
   0.0000089000    0.0000051700   -0.0004674200
   0.0000211600    0.0000208500   -0.0000450400
   0.0000140500    0.0000080800    0.0000163300
   0.0000029500   -0.0000142200   -0.0000449100
   0.0000286800    0.0000078400   -0.0000450400
  -0.0001243900    0.0002033400    0.0081125600
  -0.0000108700    0.0000097100   -0.0000449300
   0.0001233700    0.0000711400   -0.0004679200
  -0.0019008700   -0.0010966200   -0.0020884800
  -0.0000008000    0.0000310400   -0.0000025000
   0.0018652300   -0.0007287800   -0.0025880500
  -0.0000132400    0.0000533600   -0.0000182500
   0.0000264600   -0.0000162200   -0.0000024700
  -0.0000237200   -0.0000136800    0.0000041300
   0.0000395700   -0.0000381500   -0.0000182300
  -0.0000555400   -0.0000320600    0.0000221300
   0.0003027800    0.0019795400   -0.0025880800
   0.0007444300    0.0002666200   -0.0006013200
  -0.0000186600    0.0000203500    0.0000333200
  -0.0297703700   -0.0171745200   -0.0447231900
   0.0006034700    0.0005110000   -0.0006013500
  -0.0000249400   -0.0000144200    0.0000033400
  -0.0001106400    0.0001618500    0.0000493500
  -0.0000238700   -0.0000137900    0.0000000500
   0.0000082300   -0.0000263100    0.0000333100
   0.0000847400   -0.0001768100    0.0000493500
   0.0318397600   -0.0178980600   -0.0463404800
   0.0000380600    0.0000240400    0.0000249800
  -0.0007530600   -0.0000247300   -0.0007600400
  -0.0002659500    0.0004254500   -0.0009295400
   0.0000522400    0.0001704300    0.0000765700
   0.0000224600   -0.0000146200    0.0000062900
  -0.0000124200   -0.0000174800    0.0000074200
   0.0000245200   -0.0000183900   -0.0000049900
  -0.0001158400   -0.0001453400    0.0000498200
   0.0004443500    0.0365227600   -0.0463404700
   0.0001737400   -0.0000400700    0.0000765700
  -0.0001838200   -0.0000275200    0.0000498400
  -0.0000213700   -0.0000020200    0.0000074600
   0.0000398400    0.0000209000    0.0000249600
  -0.0000013800    0.0000267600    0.0000063200
   0.0002351800   -0.0004432100   -0.0009295500
  -0.0000036500    0.0000304300   -0.0000050500
  -0.0003983400   -0.0006395100   -0.0007600100
  -0.0004380900   -0.0001797900   -0.0007461400
  -0.0000053200   -0.0000163400    0.0000145500
   0.0311649700    0.0179790500   -0.0463312100
  -0.0003749300   -0.0002892500   -0.0007461300
   0.0000189300    0.0000108800    0.0000062900
   0.0000850200   -0.0001831000    0.0000500500
   0.0000139000    0.0000080200   -0.0000129100
  -0.0000168500    0.0000035800    0.0000145600
  -0.0001159400    0.0001652600    0.0000500700
  -0.0006493900   -0.0338597700   -0.0456062900
  -0.0002240500    0.0000400800    0.0001106500
   0.0001901300    0.0000256600    0.0000863700
   0.0000042500    0.0000072200   -0.0000025100
  -0.0000119500   -0.0000071700    0.0000158400
  -0.0000026100   -0.0000225800    0.0000070600
  -0.0001300700    0.0003374700   -0.0009086300
  -0.0000056500   -0.0000194300   -0.0000001000
   0.0003119400    0.0003771200   -0.0008266400
   0.0021074600    0.0012157900   -0.0019559200
   0.0000007200   -0.0000300500   -0.0000042600
  -0.0019634500    0.0010579600   -0.0024264200
   0.0000082800   -0.0000275500   -0.0000606700
  -0.0000256600    0.0000156800   -0.0000042800
   0.0000237700    0.0000137100    0.0000009700
  -0.0000197200    0.0000209600   -0.0000606700
   0.0000476400    0.0000274700   -0.0000402300
  -0.0000670200   -0.0022293300   -0.0024263800
  -0.0296370000    0.0163875500   -0.0456063000
  -0.0000121900   -0.0000067600    0.0000158100
   0.0004825900    0.0000812500   -0.0008266100
   0.0002270400   -0.0002815500   -0.0009086300
  -0.0000775100   -0.0002140500    0.0001106600
  -0.0000208500    0.0000090100    0.0000071000
   0.0000084100    0.0000000700   -0.0000024800
  -0.0000196400    0.0000048400   -0.0000001400
   0.0001173900    0.0001517800    0.0000863900

37   
  0.0100000000000000   0.0000000000000000   0.0000000000000000
   0.0123259600    0.0001724300   -0.0002819400
  -0.0000919400    0.0000494700   -0.0001510900
  -0.0001050700   -0.0000423300    0.0001276700
   0.0001896700    0.0007554900    0.0000700700
   0.0002396900   -0.0006796800    0.0000931400
  -0.0000486400    0.0000026500   -0.0000039700
  -0.0000182400   -0.0000157500   -0.0000211100
  -0.0000289400   -0.0000012600   -0.0000027800
  -0.0000015600    0.0000062300    0.0000112400
   0.0354266900   -0.0134551200    0.0270721100
   0.0005279500    0.0003508200   -0.0004160600
   0.0000012500   -0.0000298300    0.0000021200
   0.0000209400    0.0000011600   -0.0000054400
   0.0000788500    0.0000591400   -0.0000830400
  -0.0000037900   -0.0000277700    0.0000158400
   0.0007288000   -0.0008298900   -0.0004425600
  -0.0000388300    0.0000077400    0.0000226400
  -0.0001149600   -0.0001273100    0.0000650700
   0.0009592800    0.0026940500    0.0019036200
   0.0012475500   -0.0025312100   -0.0018782100
  -0.0000329300   -0.0000029100    0.0000010800
  -0.0000506600    0.0000162000   -0.0000380300
  -0.0035483200    0.0000246900   -0.0002936600
  -0.0000452900   -0.0000107800    0.0000558100
  -0.0000283200    0.0000052200    0.0000127800
  -0.0000191200    0.0000037500    0.0000240400
  -0.0000188200   -0.0000104900   -0.0000263700
   0.0004906800   -0.0004002500    0.0007461800
   0.0376543100    0.0150731200   -0.0297880400
   0.0000903800    0.0000473100   -0.0000198100
   0.0000070100    0.0000177300   -0.0000236400
   0.0000311700   -0.0000976300    0.0000864100
   0.0000468200    0.0000488800    0.0000076100
   0.0005744300    0.0007987900    0.0006017800
  -0.0000952100    0.0000615200   -0.0001100200
  -0.0000189900   -0.0000027400   -0.0000248700
  -0.1018286200   -0.0024348900    0.0032295800
  -0.0000016300   -0.0000499100   -0.0000222400
  -0.0000010100    0.0000608200   -0.0000309900
   0.0000141800   -0.0000248100    0.0000770500
   0.0000301700    0.0000450500   -0.0001101800
   0.0000104000    0.0000006800    0.0000013900
   0.0000144500    0.0000750100    0.0000761400
   0.0000104000    0.0000004000   -0.0000020600
   0.0000303100   -0.0000663200   -0.0000898200
  -0.0009001100   -0.0001405300    0.0004395100
   0.0000029200   -0.0000211900   -0.0000032300
   0.0000406100    0.0000552500    0.0000412300
  -0.0008865700   -0.0019754600    0.0017901300
   0.0000391500    0.0000562100   -0.0000379900
   0.0000033900    0.0000165200    0.0000041500
  -0.0000061400   -0.0000056700    0.0000030800
  -0.0000029100    0.0000200100    0.0000071300
  -0.0000027100   -0.0000172400   -0.0000014700
  -0.0009739000    0.0002140600   -0.0002641000
   0.0000812800   -0.0000695000   -0.0000791900
   0.0000005000    0.0000140200    0.0000034000
   0.0000936200   -0.0000799500    0.0000407800
  -0.0012713300    0.0028485500   -0.0018510500
  -0.0000048800   -0.0000242200   -0.0000036300
  -0.0000016100    0.0000186800    0.0000007100
  -0.0000014500   -0.0000085100   -0.0000145600
  -0.0000033900   -0.0000034000    0.0000017500
   0.0012265600    0.0010182200    0.0012992600
   0.0013981300   -0.0015560800   -0.0014040600
  -0.0000074400    0.0000035400   -0.0000003100
  -0.0000047800   -0.0000167000    0.0000045600
  -0.0000236400    0.0000316000    0.0000217800
  -0.0000029500    0.0000168300   -0.0000066500
  -0.0000070300    0.0000508100   -0.0000014600
  -0.0000020700    0.0000178100   -0.0000140000
  -0.0000071000   -0.0000147200    0.0000150400
   0.0009423500   -0.0041972600   -0.0007403600
   0.0000327200   -0.0000201300   -0.0000027800
  -0.0001575600   -0.0000764400   -0.0001018300
   0.0008346000   -0.0032677900    0.0008067400
  -0.0001908000   -0.0000392600    0.0000215900
   0.0000492100   -0.0000107100    0.0000097000
   0.0000241900   -0.0000188400    0.0000199300
   0.0000035400    0.0000044400   -0.0000130800
   0.0000028300    0.0000117700   -0.0000005900
   0.0070583500   -0.0003213200    0.0014086500
   0.0085888000    0.0000965900   -0.0016561900
   0.0000463900   -0.0000056200    0.0000039800
   0.0000265800   -0.0000178400    0.0000078700
  -0.0000374300   -0.0000141800   -0.0000060000
   0.0000215500    0.0000162900   -0.0000091700
  -0.0000829400    0.0000249500   -0.0000031800
   0.0000233100   -0.0000126900    0.0000156300
   0.0000294800    0.0000099700   -0.0000120700
  -0.0025152700   -0.0001125100   -0.0002090000
   0.0000507000   -0.0001630000    0.0000703500
   0.0000451000    0.0001263000   -0.0000631400
  -0.0000779100   -0.0002644300   -0.0000388200
  -0.0000874700    0.0002622900    0.0000431400
   0.0000140500    0.0000005200    0.0000006600
  -0.0001006200    0.0000910900    0.0000143000
   0.0000132700   -0.0000001900    0.0000016400
  -0.0001222200   -0.0000770800   -0.0000195700
   0.0010277800    0.0039144300    0.0008265600
  -0.0002110200    0.0000733500    0.0000744300
   0.0000261600    0.0000202800    0.0000046500
  -0.0001446700    0.0000564800   -0.0000517700
   0.0014262300    0.0039003800   -0.0008177800
   0.0000327700    0.0000120400   -0.0000067100
   0.0000076000   -0.0000076500    0.0000006100
  -0.0000024500   -0.0000025000    0.0000100800
   0.0000162400    0.0000219200   -0.0000167500

37   
 -0.0100000000000000   0.0000000000000000   0.0000000000000000
  -0.0123322900   -0.0000144300    0.0003594700
   0.0000911700   -0.0000505400    0.0001490400
   0.0001065300    0.0000412600   -0.0001294100
  -0.0001991500   -0.0007630300   -0.0000706700
  -0.0002276100    0.0006726000   -0.0000951500
   0.0000486600   -0.0000031000    0.0000043300
   0.0000187600    0.0000145900    0.0000207600
   0.0000288900    0.0000014900    0.0000030500
   0.0000010000   -0.0000073200   -0.0000115100
  -0.0361327600    0.0138378200   -0.0279852000
  -0.0004874000   -0.0003388700    0.0004103700
  -0.0000029300    0.0000316600   -0.0000022600
  -0.0000221200   -0.0000013700    0.0000059700
  -0.0000816100   -0.0000572900    0.0000838800
   0.0000035300    0.0000274000   -0.0000156200
  -0.0007164700    0.0008216300    0.0004312300
   0.0000389800   -0.0000078100   -0.0000224500
   0.0001151800    0.0001278200   -0.0000659200
  -0.0009927900   -0.0027314700   -0.0019200100
  -0.0012120600    0.0025000100    0.0018655000
   0.0000329400    0.0000030400   -0.0000007600
   0.0000515700   -0.0000162800    0.0000397800
   0.0035545900    0.0000008100    0.0003068100
   0.0000452200    0.0000109900   -0.0000540400
   0.0000285200   -0.0000062700   -0.0000137300
   0.0000191600   -0.0000035700   -0.0000237400
   0.0000187600    0.0000105900    0.0000267200
  -0.0005273700    0.0004130900   -0.0007551000
  -0.0369255100   -0.0146419700    0.0287863200
  -0.0000878700   -0.0000450700    0.0000192000
  -0.0000069100   -0.0000176000    0.0000239200
  -0.0000283000    0.0000985200   -0.0000865000
  -0.0000457000   -0.0000485300   -0.0000072600
  -0.0005858600   -0.0008075000   -0.0006145700
   0.0000942600   -0.0000614900    0.0001089700
   0.0000189600    0.0000024300    0.0000249900
   0.1017809600    0.0013500100   -0.0012884300
   0.0000005800    0.0000484200    0.0000201800
   0.0000011800   -0.0000625100    0.0000291500
  -0.0000148800    0.0000280200   -0.0000779200
  -0.0000299500   -0.0000424700    0.0001091100
  -0.0000104700   -0.0000003900   -0.0000014800
  -0.0000146500   -0.0000737500   -0.0000751600
  -0.0000104400   -0.0000006900    0.0000021900
  -0.0000298800    0.0000678000    0.0000903900
   0.0008913900    0.0001382800   -0.0004296400
  -0.0000034100    0.0000208800    0.0000032300
  -0.0000419700   -0.0000567800   -0.0000460600
   0.0009051700    0.0020231800   -0.0018149400
  -0.0000434000   -0.0000557800    0.0000340400
  -0.0000029600   -0.0000170400   -0.0000043200
   0.0000061300    0.0000056900   -0.0000032800
   0.0000027100   -0.0000204100   -0.0000070100
   0.0000029100    0.0000178600    0.0000013100
   0.0009876100   -0.0002166000    0.0002785100
  -0.0000795700    0.0000680200    0.0000742900
  -0.0000001800   -0.0000142200   -0.0000034400
  -0.0000906100    0.0000807300   -0.0000459200
   0.0012456600   -0.0027904900    0.0018314900
   0.0000043700    0.0000235200    0.0000034100
   0.0000014800   -0.0000182900   -0.0000008800
   0.0000015400    0.0000081700    0.0000146500
   0.0000033800    0.0000033100   -0.0000019700
  -0.0012242000   -0.0010015100   -0.0013035500
  -0.0013999400    0.0015687400    0.0013987600
   0.0000073400   -0.0000032400    0.0000001500
   0.0000048200    0.0000170100   -0.0000046500
   0.0000231600   -0.0000350400   -0.0000267600
   0.0000029100   -0.0000165900    0.0000065900
   0.0000069300   -0.0000508900    0.0000007600
   0.0000019300   -0.0000174200    0.0000138100
   0.0000072700    0.0000151000   -0.0000151500
  -0.0009619200    0.0041764300    0.0007486600
  -0.0000324400    0.0000195900    0.0000029400
   0.0001586400    0.0000780300    0.0001040900
  -0.0008275400    0.0032989700   -0.0008157600
   0.0001860000    0.0000391600   -0.0000231400
  -0.0000499900    0.0000106600   -0.0000100900
  -0.0000240800    0.0000191400   -0.0000200600
  -0.0000035900   -0.0000044700    0.0000130000
  -0.0000030400   -0.0000116600    0.0000007500
  -0.0072416100    0.0003226800   -0.0014422000
  -0.0083882300   -0.0001004800    0.0016246300
  -0.0000465400    0.0000049500   -0.0000038400
  -0.0000267600    0.0000183200   -0.0000082000
   0.0000377300    0.0000166000    0.0000046300
  -0.0000214500   -0.0000159500    0.0000088700
   0.0000824100   -0.0000224200    0.0000044900
  -0.0000232900    0.0000127000   -0.0000159200
  -0.0000294400   -0.0000099200    0.0000117300
   0.0025187200    0.0001129400    0.0002781700
  -0.0000522100    0.0001621800   -0.0000686500
  -0.0000436500   -0.0001269000    0.0000646700
   0.0000791900    0.0002656200    0.0000394800
   0.0000866400   -0.0002616700   -0.0000430800
  -0.0000141400   -0.0000002700   -0.0000008900
   0.0000991800   -0.0000911000   -0.0000138000
  -0.0000133000   -0.0000000300   -0.0000019400
   0.0001239500    0.0000773500    0.0000201300
  -0.0010108200   -0.0039331100   -0.0008187800
   0.0002098100   -0.0000721900   -0.0000728700
  -0.0000264600   -0.0000207900   -0.0000044000
   0.0001479500   -0.0000569500    0.0000505400
  -0.0014307900   -0.0038670300    0.0008160000
  -0.0000323100   -0.0000119200    0.0000064700
  -0.0000074200    0.0000077100   -0.0000003200
   0.0000024100    0.0000026700   -0.0000099300
  -0.0000165000   -0.0000216800    0.0000167500

37   
  0.0000000000000000   0.0000000000000000   0.0100000000000000
  -0.0000811100    0.0310672600    0.0434665800
   0.0000863700   -0.0000498800   -0.0000680600
  -0.0000897100   -0.0000628100   -0.0000266100
  -0.0001781800    0.0002998600    0.0005213300
   0.0002482200    0.0003500200    0.0005868000
   0.0000021700   -0.0000022200   -0.0000018400
  -0.0000313000   -0.0000518700   -0.0000260000
  -0.0000064900    0.0000191400    0.0000009000
   0.0000175100   -0.0000468000   -0.0000071400
   0.0268539300   -0.0156220100    0.0434665500
   0.0004272800    0.0000396900    0.0005868000
  -0.0000317400    0.0000385900   -0.0000071600
  -0.0000605700   -0.0000011300   -0.0000260100
   0.0000000500    0.0000997600   -0.0000680600
  -0.0000008500    0.0000029700   -0.0000018100
   0.0001704000   -0.0003043400    0.0005213300
   0.0000133600   -0.0000152100    0.0000008900
  -0.0000993000   -0.0000462200   -0.0000265900
   0.0008535300    0.0004924100    0.0020916100
  -0.0012189700    0.0005120300    0.0025858300
   0.0000058000   -0.0000055000    0.0000018800
   0.0000411900   -0.0000190000    0.0000162400
  -0.0001669300   -0.0013116000    0.0025858400
  -0.0000239900   -0.0000138600   -0.0000239500
   0.0000041900    0.0000451700    0.0000162600
   0.0000061200    0.0000035100   -0.0000046700
  -0.0000018200    0.0000077700    0.0000019100
  -0.0004085500    0.0000201700    0.0005894800
  -0.0294812500   -0.0170077600    0.0437011300
   0.0000220800    0.0000550000   -0.0000346200
   0.0000044600    0.0000025900   -0.0000006800
   0.0000423700    0.0000886500   -0.0000489700
   0.0000587000   -0.0000083500   -0.0000346200
  -0.0001870300   -0.0003637800    0.0005894700
   0.0000979600   -0.0000076600   -0.0000489900
  -0.0000110900   -0.0000063800   -0.0000036600
   0.0022213400    0.0012815500   -0.1348161100
  -0.0000318000   -0.0000867200   -0.0001794800
  -0.0000192500   -0.0001141700   -0.0001799600
   0.0000765200    0.0000441900   -0.0001801300
  -0.0000909700    0.0000158600   -0.0001794400
  -0.0000021000   -0.0000012100    0.0000026700
   0.0000765600    0.0000441300   -0.0001801300
   0.0000014200    0.0000008000    0.0000027300
  -0.0001085100    0.0000405100   -0.0001799500
  -0.0018094700    0.0005407200    0.0002703000
  -0.0000041900    0.0000040300    0.0000145800
   0.0000331100    0.0000190800   -0.0002948900
  -0.0004377000   -0.0018370900    0.0002702900
  -0.0000432800   -0.0000249500   -0.0002922800
   0.0000030700   -0.0000098900    0.0000147300
  -0.0000031400   -0.0000018100    0.0000172600
   0.0000013400   -0.0000055900    0.0000145900
  -0.0000070100    0.0000075900    0.0000147400
   0.0021148300    0.0006600400    0.0002352100
   0.0000206100   -0.0000145300   -0.0003395800
   0.0000050600   -0.0000032800    0.0000020400
   0.0001063800   -0.0000014400   -0.0002500600
   0.0007448900   -0.0027132200    0.0003728300
  -0.0000019400   -0.0000119000    0.0000217900
   0.0000076800    0.0000089600    0.0000151000
   0.0000000200   -0.0000067200    0.0000093600
   0.0000036600   -0.0000014100    0.0000126900
   0.0016300400    0.0015003700    0.0002352100
  -0.0019759300    0.0020030300    0.0003728300
   0.0000006200    0.0000038900    0.0000127200
   0.0000116000    0.0000021500    0.0000150900
  -0.0000022600    0.0000250900   -0.0003396100
  -0.0000112600    0.0000042900    0.0000218100
   0.0000520000    0.0000928100   -0.0002500700
  -0.0000058300    0.0000033700    0.0000093100
  -0.0000002800    0.0000060300    0.0000020700
   0.0002854800   -0.0008015000   -0.0034831500
  -0.0000047000   -0.0000010400   -0.0000297400
   0.0000194900    0.0000112200    0.0000873200
  -0.0005509500    0.0006483700   -0.0034831400
  -0.0001352000   -0.0000780000    0.0000162100
  -0.0000034500   -0.0000057500   -0.0000256200
   0.0000168400    0.0000097200    0.0000117800
  -0.0000032900   -0.0000035100   -0.0000297500
  -0.0000066900   -0.0000001400   -0.0000256200
  -0.0008571900    0.0003449600   -0.0035712300
   0.0009154400    0.0002220400   -0.0031565600
  -0.0000045800   -0.0000195800    0.0000079700
   0.0000021200    0.0000026200   -0.0000211100
   0.0000007900   -0.0000216800    0.0000533900
  -0.0000060900   -0.0000060800   -0.0000117100
  -0.0000105300    0.0001011500    0.0000198900
   0.0000011000    0.0000065400   -0.0000222500
   0.0000004300    0.0000070100   -0.0000285500
   0.0003309200    0.0001908900    0.0150111800
  -0.0000051500   -0.0000147400    0.0000305500
   0.0000040500   -0.0000359600    0.0000394100
   0.0000183800    0.0000272100    0.0000505700
  -0.0000153400    0.0000029000    0.0000305400
  -0.0000013600   -0.0000007800    0.0000019600
   0.0000327800    0.0000022900    0.0000505800
   0.0000010100    0.0000005500   -0.0000019000
  -0.0000291200    0.0000215400    0.0000394100
  -0.0001304500   -0.0009147400   -0.0035712000
  -0.0000183700    0.0000115200    0.0000533500
   0.0000062700   -0.0000031600   -0.0000285100
   0.0000823100   -0.0000597400    0.0000198800
   0.0006504700    0.0006813400   -0.0031565400
  -0.0000083200   -0.0000022400   -0.0000116800
   0.0000033400    0.0000005200   -0.0000211100
   0.0000062400   -0.0000023000   -0.0000222800
  -0.0000192800    0.0000058400    0.0000080000

37   
  0.0000000000000000   0.0000000000000000  -0.0100000000000000
   0.0000893500   -0.0321960100   -0.0444566400
  -0.0000866300    0.0000540700    0.0000673400
   0.0000899600    0.0000663900    0.0000261000
   0.0001743400   -0.0002717300   -0.0005356300
  -0.0002452600   -0.0003195100   -0.0005992400
  -0.0000019400    0.0000014300    0.0000009500
   0.0000313100    0.0000521300    0.0000231600
   0.0000066300   -0.0000193700   -0.0000016000
  -0.0000172100    0.0000470900    0.0000044200
  -0.0278269500    0.0161942200   -0.0444566300
  -0.0003993800   -0.0000523700   -0.0005992300
   0.0000321400   -0.0000384700    0.0000044300
   0.0000607900    0.0000010000    0.0000231600
   0.0000034400   -0.0001020500    0.0000673400
   0.0000002600   -0.0000023900    0.0000009700
  -0.0001479600    0.0002869500   -0.0005356300
  -0.0000134400    0.0000154500   -0.0000016000
   0.0001024900    0.0000446300    0.0000261100
  -0.0008235900   -0.0004751200   -0.0020900600
   0.0011872900   -0.0004966500   -0.0025885100
  -0.0000058800    0.0000057700   -0.0000027700
  -0.0000423300    0.0000195900   -0.0000209900
   0.0001644400    0.0012764600   -0.0025885000
   0.0000246800    0.0000142600    0.0000196300
  -0.0000042400   -0.0000464500   -0.0000209900
  -0.0000065500   -0.0000037900    0.0000038900
   0.0000020400   -0.0000079800   -0.0000027500
   0.0003830900   -0.0000306100   -0.0005995300
   0.0305649100    0.0176329000   -0.0447169200
  -0.0000229700   -0.0000547900    0.0000321900
  -0.0000039000   -0.0000022500   -0.0000000800
  -0.0000461900   -0.0000909300    0.0000499000
  -0.0000589100    0.0000075400    0.0000321700
   0.0001652600    0.0003469600   -0.0005995200
  -0.0001018500    0.0000055100    0.0000498900
   0.0000110100    0.0000063600    0.0000030300
  -0.0022961300   -0.0013247100    0.1379559300
   0.0000284600    0.0000866700    0.0001836400
   0.0000231700    0.0001145600    0.0001831400
  -0.0000748200   -0.0000473000    0.0001839400
   0.0000892700   -0.0000187200    0.0001836200
   0.0000021200    0.0000012300   -0.0000024000
  -0.0000783900   -0.0000410800    0.0001839500
  -0.0000014600   -0.0000008300   -0.0000023400
   0.0001107500   -0.0000372700    0.0001831200
   0.0017950700   -0.0005392700   -0.0002681800
   0.0000042700   -0.0000040700   -0.0000149900
  -0.0000389200   -0.0000224400    0.0002918100
   0.0004317400    0.0018239300   -0.0002681700
   0.0000439500    0.0000253600    0.0002944100
  -0.0000034000    0.0000101700   -0.0000148300
   0.0000032100    0.0000018500   -0.0000173600
  -0.0000014100    0.0000057500   -0.0000150100
   0.0000071100   -0.0000080200   -0.0000148300
  -0.0021071700   -0.0006608700   -0.0002360200
  -0.0000156800    0.0000115000    0.0003392600
  -0.0000050500    0.0000032200   -0.0000023600
  -0.0001078300    0.0000022700    0.0002541000
  -0.0007368500    0.0027033300   -0.0003755100
   0.0000023100    0.0000122100   -0.0000218100
  -0.0000077300   -0.0000093700   -0.0000149200
   0.0000000500    0.0000068200   -0.0000096700
  -0.0000038900    0.0000015700   -0.0000127800
  -0.0016269100   -0.0014933200   -0.0002360100
   0.0019713800   -0.0019911300   -0.0003754900
  -0.0000006000   -0.0000041500   -0.0000127800
  -0.0000119700   -0.0000019900   -0.0000149100
   0.0000020800   -0.0000193500    0.0003392700
   0.0000117300   -0.0000041000   -0.0000218200
  -0.0000520200   -0.0000945000    0.0002540800
   0.0000059400   -0.0000033700   -0.0000096900
   0.0000002500   -0.0000059800   -0.0000023500
  -0.0003051800    0.0008264700    0.0035255800
   0.0000042800    0.0000011200    0.0000297500
  -0.0000185400   -0.0000106900   -0.0000832000
   0.0005626900   -0.0006779100    0.0035255800
   0.0001325800    0.0000764800   -0.0000136500
   0.0000038000    0.0000059600    0.0000267900
  -0.0000170600   -0.0000098500   -0.0000107900
   0.0000031000    0.0000031500    0.0000297700
   0.0000070600    0.0000003100    0.0000268000
   0.0008835000   -0.0003443200    0.0036127700
  -0.0009585400   -0.0002146400    0.0031881300
   0.0000045600    0.0000197500   -0.0000072500
  -0.0000020700   -0.0000028800    0.0000221200
  -0.0000008800    0.0000207600   -0.0000492000
   0.0000060200    0.0000057800    0.0000125800
   0.0000094600   -0.0000983600   -0.0000181000
  -0.0000013500   -0.0000061700    0.0000220000
  -0.0000000700   -0.0000066700    0.0000284100
  -0.0003365600   -0.0001942800   -0.0153156100
   0.0000054300    0.0000150600   -0.0000315600
  -0.0000042200    0.0000365200   -0.0000401000
  -0.0000187300   -0.0000279100   -0.0000520200
   0.0000157600   -0.0000028400   -0.0000315800
   0.0000013200    0.0000007600   -0.0000021300
  -0.0000335200   -0.0000022300   -0.0000520400
  -0.0000010200   -0.0000005900    0.0000017800
   0.0000295100   -0.0000219400   -0.0000401000
   0.0001441900    0.0009371900    0.0036127800
   0.0000175400   -0.0000111600   -0.0000492200
  -0.0000058000    0.0000032900    0.0000284100
  -0.0000804000    0.0000574200   -0.0000181200
  -0.0006656400   -0.0007223500    0.0031881300
   0.0000080300    0.0000023200    0.0000125700
  -0.0000035400   -0.0000003600    0.0000221300
  -0.0000060200    0.0000019200    0.0000219900
   0.0000193900   -0.0000059300   -0.0000072700

55   
  0.0100000000000000   0.0000000000000000   0.0000000000000000
   0.0418175900    0.0153327400    0.0298536000
   0.0000333400    0.0000406100    0.0000136200
   0.0009244700   -0.0003549600   -0.0004404100
   0.0001068000   -0.0000492100   -0.0001318200
   0.0000118400    0.0000224200   -0.0000026500
  -0.0000012300    0.0000189200    0.0000140000
  -0.0001450000    0.0001510800    0.0000039000
  -0.0000287500   -0.0000081400    0.0000223600
   0.0005764300    0.0008134000   -0.0001397500
  -0.0040139600    0.0000484000   -0.0003497300
  -0.0000736300   -0.0000383600   -0.0000045400
  -0.0000806400    0.0000259100    0.0000185200
  -0.0000186300    0.0000189500   -0.0000262400
  -0.0000148400   -0.0000092000    0.0000232600
  -0.0000548700   -0.0000010900    0.0000100000
   0.0007008300   -0.0030028900    0.0016115800
  -0.0000373300    0.0000052200    0.0000000200
   0.0009087400    0.0028288500   -0.0015566100
   0.0434522200   -0.0165224100   -0.0307590900
   0.0008885900    0.0003943100    0.0007679100
   0.0001028900   -0.0000475700   -0.0000381000
   0.0000255900   -0.0000596300    0.0000114300
   0.0000564700    0.0000890500    0.0001175000
   0.0000040100   -0.0000140700   -0.0000243900
   0.0004552500   -0.0008119000    0.0002735300
  -0.0000116800    0.0000080100   -0.0000224600
  -0.0001092300   -0.0000980800   -0.0000509200
  -0.0000561900    0.0006079200   -0.0001257300
  -0.0000983300   -0.0007059000    0.0003099400
  -0.0000238400    0.0000003400   -0.0000060000
  -0.0000058700   -0.0000251500    0.0000043000
  -0.0000095600   -0.0000016000   -0.0000028500
  -0.0000256700    0.0000273500   -0.0000121300
   0.0151245900    0.0001733300   -0.0006902600
  -0.0000301300    0.0000058300    0.0001904300
  -0.0000223300   -0.0000083400   -0.0002217100
  -0.0009927200    0.0023176200    0.0021280800
   0.0000002600   -0.0000196600    0.0000052200
   0.0000822700   -0.0000273100    0.0000197700
  -0.0000015100   -0.0000190500    0.0000075700
  -0.0000033400    0.0000011200    0.0000039300
  -0.0000015300    0.0000176000    0.0000001500
   0.0000930200   -0.0000068600    0.0001100400
  -0.0000043900    0.0000175600   -0.0000022300
  -0.0012538300   -0.0000262000    0.0007348200
   0.0072428500    0.0003789900    0.0008754100
   0.0000464100    0.0000039700    0.0000044000
   0.0083871400   -0.0002007000   -0.0009345600
  -0.0000824300    0.0000207000    0.0000104400
   0.0000294800    0.0000191700   -0.0000001400
   0.0000232400   -0.0000172800   -0.0000011700
   0.0000266400   -0.0000189100   -0.0000018900
   0.0000214300    0.0000183400    0.0000062000
  -0.0000370500   -0.0000261900   -0.0000020700
  -0.1159254600    0.0016129900    0.0019644900
  -0.0000669000   -0.0000337100   -0.0000227200
  -0.0000632900    0.0000155100   -0.0000425400
   0.0000335300   -0.0000262300   -0.0000549400
   0.0000081400    0.0000020100    0.0000184000
   0.0000066600   -0.0000006700    0.0000020300
   0.0000334200    0.0000124300   -0.0000298200
   0.0000066400   -0.0000000300   -0.0000022500
   0.0000078600   -0.0000344000    0.0000102100
   0.0013078200   -0.0028412600   -0.0001432800
  -0.0001985500   -0.0001244500   -0.0000339600
   0.0000275100   -0.0000117300    0.0000035100
   0.0000136100   -0.0000117800   -0.0000188800
   0.0000042500    0.0000018300    0.0000058700
   0.0000109300   -0.0000090200    0.0000066900
   0.0012818800   -0.0034463200    0.0008713300
   0.0000259700   -0.0000179000   -0.0000045600
  -0.0002218400   -0.0001068700    0.0000843400
   0.0015103400   -0.0008057300    0.0013760500
  -0.0000051300   -0.0000043100    0.0000006200
   0.0017468600    0.0014940100   -0.0015807100
   0.0000404900   -0.0000514300    0.0000336500
  -0.0000011500    0.0000302300    0.0000000600
   0.0000048500   -0.0000263500   -0.0000047600
  -0.0000018700    0.0000180300    0.0000199900
   0.0000025300   -0.0000210400   -0.0000200100
   0.0000300100   -0.0000523000    0.0000093300
  -0.0013622500   -0.0033226300   -0.0022933200
   0.0001466800    0.0000578000   -0.0000140100
  -0.0000022200    0.0000230600   -0.0000019800
   0.0000006900    0.0000022500    0.0000013700
  -0.0000002400    0.0000094100   -0.0000139600
  -0.0000002200   -0.0000162800   -0.0000016300
  -0.0013862500   -0.0000221000   -0.0005116400
  -0.0000024900   -0.0000140300    0.0000060700
   0.0001465600    0.0000337900   -0.0001713800
   0.0007102900    0.0023407300    0.0000861100
   0.0000394400    0.0000108200   -0.0000007600
  -0.0002639500    0.0001160000    0.0000029700
   0.0000117600   -0.0000047400   -0.0000079600
   0.0000189400    0.0000051000    0.0000194500
   0.0000057700    0.0000048400   -0.0000045000
  -0.0001635900    0.0001051000   -0.0001052000
   0.0000289700    0.0000163100    0.0000068700
   0.0012775900    0.0036691700   -0.0007308000
  -0.0025483000    0.0001173600   -0.0003247800
   0.0000544500   -0.0001486500   -0.0000418200
   0.0000656500    0.0001857100    0.0000477900
  -0.0000743900   -0.0002722700    0.0000374000
  -0.0000695100    0.0002648900   -0.0000347000
   0.0000075800   -0.0000010900    0.0000016600
  -0.0000956900    0.0000644300    0.0000439000
   0.0000050300    0.0000002700    0.0000012500
  -0.0000732400   -0.0000738300   -0.0000490200

55   
 -0.0100000000000000   0.0000000000000000   0.0000000000000000
  -0.0408808500   -0.0148461800   -0.0288202000
  -0.0000318300   -0.0000380800   -0.0000129800
  -0.0009740400    0.0003682800    0.0004491000
  -0.0001045800    0.0000509800    0.0001309500
  -0.0000097700   -0.0000226600    0.0000016200
   0.0000012600   -0.0000194200   -0.0000143100
   0.0001444300   -0.0001499800   -0.0000031700
   0.0000286900    0.0000081900   -0.0000225900
  -0.0005871100   -0.0008185800    0.0001478400
   0.0040070300   -0.0000108300    0.0003364500
   0.0000722400    0.0000379900    0.0000023200
   0.0000809900   -0.0000259800   -0.0000203500
   0.0000188300   -0.0000185200    0.0000257600
   0.0000146400    0.0000095800   -0.0000236900
   0.0000545700    0.0000002500   -0.0000098900
  -0.0006598100    0.0029539900   -0.0016018000
   0.0000373600   -0.0000047900   -0.0000005900
  -0.0009527800   -0.0028725700    0.0015611600
  -0.0444503600    0.0170905200    0.0319227200
  -0.0008432200   -0.0003809600   -0.0007566700
  -0.0001053700    0.0000503100    0.0000393900
  -0.0000274700    0.0000600600   -0.0000122400
  -0.0000591600   -0.0000886500   -0.0001173200
  -0.0000039900    0.0000139500    0.0000240300
  -0.0004445800    0.0008057000   -0.0002640800
   0.0000115600   -0.0000081900    0.0000223700
   0.0001102100    0.0000989600    0.0000520900
   0.0000507000   -0.0006124800    0.0001293900
   0.0001007700    0.0007014000   -0.0003080800
   0.0000237800   -0.0000003000    0.0000055300
   0.0000060800    0.0000246200   -0.0000042100
   0.0000095700    0.0000017500    0.0000025900
   0.0000254900   -0.0000279100    0.0000122900
  -0.0151112400    0.0000048200    0.0006116100
   0.0000286800   -0.0000080400   -0.0001876200
   0.0000232300    0.0000059600    0.0002251000
   0.0009687900   -0.0022541400   -0.0020943600
  -0.0000005600    0.0000188700   -0.0000049600
  -0.0000785900    0.0000261900   -0.0000166000
   0.0000015600    0.0000184600   -0.0000076600
   0.0000031600   -0.0000011600   -0.0000036400
   0.0000013900   -0.0000169900    0.0000000900
  -0.0000911700    0.0000061300   -0.0001041200
   0.0000048500   -0.0000178700    0.0000020900
   0.0012626200    0.0000252000   -0.0007465600
  -0.0070576200   -0.0003797200   -0.0008657600
  -0.0000462900   -0.0000048600   -0.0000047300
  -0.0085903800    0.0001956500    0.0009396200
   0.0000822400   -0.0000191300   -0.0000095000
  -0.0000294300   -0.0000184300    0.0000003400
  -0.0000232300    0.0000177800    0.0000013900
  -0.0000266300    0.0000187700    0.0000023300
  -0.0000216100   -0.0000185400   -0.0000058500
   0.0000374500    0.0000281400   -0.0000003700
   0.1160142800   -0.0029896500   -0.0041487400
   0.0000637400    0.0000330900    0.0000260000
   0.0000673100   -0.0000159900    0.0000461800
  -0.0000336600    0.0000285400    0.0000566500
  -0.0000076200    0.0000006800   -0.0000169700
  -0.0000066700    0.0000007900   -0.0000019000
  -0.0000337500   -0.0000117100    0.0000298100
  -0.0000066700   -0.0000002000    0.0000020600
  -0.0000079200    0.0000351000   -0.0000104900
  -0.0013061500    0.0028646900    0.0001411400
   0.0001944600    0.0001216500    0.0000356900
  -0.0000279500    0.0000119900   -0.0000032800
  -0.0000134300    0.0000119500    0.0000191200
  -0.0000042600   -0.0000015900   -0.0000059500
  -0.0000109600    0.0000090500   -0.0000069100
  -0.0012955200    0.0034320900   -0.0008732200
  -0.0000256300    0.0000173200    0.0000043900
   0.0002234600    0.0001089800   -0.0000856600
  -0.0015132800    0.0008278700   -0.0013661400
   0.0000052300    0.0000044600   -0.0000003700
  -0.0017448700   -0.0014786700    0.0015944500
  -0.0000400300    0.0000483300   -0.0000279700
   0.0000008400   -0.0000295500    0.0000000400
  -0.0000046300    0.0000268700    0.0000047600
   0.0000016400   -0.0000176900   -0.0000198500
  -0.0000023600    0.0000214900    0.0000201700
  -0.0000299600    0.0000534900   -0.0000081500
   0.0013936900    0.0034032900    0.0023239200
  -0.0001494100   -0.0000590000    0.0000188100
   0.0000025000   -0.0000239600    0.0000021300
  -0.0000006500   -0.0000023800   -0.0000011700
   0.0000002400   -0.0000097800    0.0000140100
   0.0000002400    0.0000166800    0.0000018800
   0.0013693200    0.0000207100    0.0004937100
   0.0000021900    0.0000138300   -0.0000060400
  -0.0001495400   -0.0000346900    0.0001783200
  -0.0007143500   -0.0023176800   -0.0000825800
  -0.0000387800   -0.0000107200    0.0000011300
   0.0002702700   -0.0001186400   -0.0000010000
  -0.0000117800    0.0000047300    0.0000081500
  -0.0000192100   -0.0000049300   -0.0000190900
  -0.0000057300   -0.0000047300    0.0000044200
   0.0001620600   -0.0001026000    0.0001032300
  -0.0000294500   -0.0000169900   -0.0000069800
  -0.0012609300   -0.0036837100    0.0007270300
   0.0025448300   -0.0001198900    0.0002384600
  -0.0000552800    0.0001473500    0.0000411400
  -0.0000652000   -0.0001874300   -0.0000485300
   0.0000751000    0.0002733200   -0.0000366300
   0.0000681300   -0.0002635000    0.0000349700
  -0.0000076100    0.0000012000   -0.0000013400
   0.0000940300   -0.0000643600   -0.0000444400
  -0.0000050600   -0.0000003700   -0.0000010100
   0.0000742800    0.0000733900    0.0000483400

55   
 -0.0049970730385006   0.0086619432604866   0.0000000000000000
  -0.0085974900    0.0132299400    0.0000541200
  -0.0000046200   -0.0000147000   -0.0000180800
   0.0003541100    0.0003013600    0.0002073900
   0.0000259200   -0.0001177800    0.0001507000
   0.0000216300    0.0000116300    0.0000121300
   0.0000131100   -0.0000278100    0.0000069100
   0.0000698100   -0.0000072800   -0.0001013100
   0.0000162500   -0.0000115900    0.0000025400
  -0.0004568300   -0.0002167500   -0.0001288100
   0.0018907200    0.0018438900    0.0018623400
   0.0000298400   -0.0000353200   -0.0000022400
   0.0000491200   -0.0000768000   -0.0000158700
   0.0000133700   -0.0000245400   -0.0000012200
   0.0000080400   -0.0000064100   -0.0000234900
   0.0000150000   -0.0000918800    0.0000233900
  -0.0026779700   -0.0007744600   -0.0016744300
   0.0000241900   -0.0000240100    0.0000222200
   0.0019489300   -0.0036394700    0.0002564000
  -0.0361609500    0.0297526400    0.0314844500
  -0.0013388200   -0.0001394200   -0.0003558600
  -0.0000880600    0.0000172600   -0.0000014100
  -0.0000522200    0.0000787600    0.0000095300
  -0.0000591400   -0.0001202900    0.0000680600
  -0.0000155700   -0.0000065100    0.0000277900
  -0.0000313600    0.0005312100   -0.0005069000
   0.0000082700   -0.0000084000    0.0000239200
   0.0000951900    0.0001479000   -0.0001228400
  -0.0005535500    0.0002877000    0.0003500700
   0.0006196400    0.0009945700    0.0001718500
   0.0000130600    0.0000093000   -0.0000142000
  -0.0000327600    0.0000679100    0.0000049900
   0.0000055100   -0.0000113100   -0.0000182500
   0.0000588000    0.0000513000    0.0000002000
  -0.0071016400    0.0448076000   -0.0289409500
   0.0001170400   -0.0000255600   -0.0000725000
  -0.0001190200    0.0000161000    0.0001455300
   0.0006803400   -0.0006992400   -0.0004898900
   0.0000116800    0.0000037400   -0.0000052300
  -0.0000989100    0.0000081100   -0.0000186300
   0.0000170000    0.0000043300    0.0000041200
  -0.0000012400   -0.0000067800   -0.0000030600
  -0.0000063900   -0.0000147400   -0.0000058000
  -0.0001140700    0.0000119200   -0.0000522800
  -0.0000181300   -0.0000077200   -0.0000094100
   0.0030365100    0.0005878500   -0.0026955700
  -0.0038477900   -0.0011003400   -0.0007392600
  -0.0000278000    0.0000033100    0.0000147300
  -0.0041712000   -0.0006700400    0.0002775800
   0.0000615500   -0.0001781400   -0.0000921100
  -0.0000061300   -0.0000017500   -0.0000059700
  -0.0000228200    0.0000144800   -0.0000048200
  -0.0000288200    0.0000289100   -0.0000014400
   0.0000032000    0.0000048800    0.0000019900
   0.0000047600   -0.0001955600    0.0000191700
   0.0605661400   -0.0986306200   -0.0019038700
   0.0000455100    0.0000453100    0.0000539300
   0.0000028900    0.0000203600    0.0000846300
  -0.0000063700    0.0000280600    0.0000481700
  -0.0000344600   -0.0000083700    0.0000027200
  -0.0000033200    0.0000022100   -0.0000015600
  -0.0000405300    0.0000089500   -0.0000068900
  -0.0000038800    0.0000018600    0.0000003300
  -0.0000043200    0.0000088400   -0.0000536400
  -0.0038635500    0.0058947700    0.0011931200
  -0.0000380200   -0.0000000100   -0.0000052300
  -0.0000220400    0.0000134100    0.0000018200
  -0.0000093900    0.0000252300   -0.0000003900
   0.0000016200    0.0000270100   -0.0000151100
  -0.0000039000    0.0000345000   -0.0000066000
  -0.0032246300    0.0059963300   -0.0011950700
  -0.0000187300    0.0000260900    0.0000086700
  -0.0000117800    0.0000159500   -0.0000515300
   0.0006913100   -0.0012470600    0.0004563200
   0.0000027500    0.0000024100   -0.0000000300
  -0.0026211300   -0.0027491800    0.0022021600
  -0.0000090800    0.0001345600    0.0000569600
  -0.0000134800   -0.0000196300    0.0000010200
   0.0000156400    0.0000121800    0.0000016600
  -0.0000178300   -0.0000064400   -0.0000134600
   0.0000069300    0.0000076300    0.0000121500
   0.0000028500    0.0001210100   -0.0000137700
   0.0006639300    0.0025319700    0.0018010600
  -0.0000448400   -0.0000042000   -0.0000092800
  -0.0000109900   -0.0000147700   -0.0000001300
   0.0000015900   -0.0000062100   -0.0000014900
  -0.0000142600   -0.0000137600    0.0000162800
   0.0000082600   -0.0000005800   -0.0000022200
  -0.0022312200    0.0008599900   -0.0019505100
   0.0000212700    0.0000040600   -0.0000180900
  -0.0000222700    0.0000084800    0.0000366300
   0.0026630100    0.0023698200    0.0009231500
  -0.0000074000   -0.0000015800    0.0000044000
   0.0002580100   -0.0001274100   -0.0000088100
  -0.0000099500    0.0000378400   -0.0000001900
  -0.0000053300    0.0000185000   -0.0000183200
  -0.0000099300    0.0000286300   -0.0000024300
   0.0002028900   -0.0001028900    0.0000486300
  -0.0000109000    0.0000116800    0.0000006500
   0.0020793100    0.0026521100   -0.0006386600
   0.0013945000   -0.0023955400   -0.0000999000
   0.0001217900   -0.0000388500   -0.0000208300
  -0.0001819900   -0.0002001400   -0.0000645000
   0.0001223900    0.0001599900   -0.0000180400
  -0.0000466400   -0.0001219200    0.0000289600
  -0.0000053100    0.0000056300   -0.0000022300
  -0.0001515200   -0.0000304200    0.0000098400
  -0.0000027000    0.0000071500   -0.0000001000
   0.0002498300    0.0000350900    0.0000492700

55   
  0.0049970730385006  -0.0086619432604866   0.0000000000000000
   0.0084650200   -0.0133079500   -0.0001099300
   0.0000057400    0.0000147100    0.0000182900
  -0.0003584800   -0.0002874900   -0.0002011900
  -0.0000234800    0.0001172900   -0.0001491300
  -0.0000211200   -0.0000108200   -0.0000118600
  -0.0000132000    0.0000278000   -0.0000072100
  -0.0000692600    0.0000085400    0.0001027600
  -0.0000163300    0.0000114300   -0.0000028500
   0.0004655600    0.0002094600    0.0001291500
  -0.0018807000   -0.0017925800   -0.0018587300
  -0.0000288800    0.0000358600    0.0000021300
  -0.0000482500    0.0000768300    0.0000141100
  -0.0000137100    0.0000243000    0.0000007700
  -0.0000084400    0.0000064100    0.0000230300
  -0.0000149300    0.0000932600   -0.0000249800
   0.0027346600    0.0007556100    0.0016812400
  -0.0000243000    0.0000237200   -0.0000227300
  -0.0019792000    0.0036197200   -0.0002720700
   0.0351920200   -0.0291725200   -0.0303322700
   0.0013514300    0.0001341300    0.0003669000
   0.0000869000   -0.0000158800    0.0000011100
   0.0000493100   -0.0000776600   -0.0000094000
   0.0000588900    0.0001195000   -0.0000665300
   0.0000156500    0.0000065300   -0.0000281500
   0.0000415800   -0.0005658500    0.0005061700
  -0.0000079800    0.0000087300   -0.0000238700
  -0.0000974000   -0.0001458200    0.0001235700
   0.0005253600   -0.0002615100   -0.0003516200
  -0.0006192900   -0.0009807800   -0.0001641300
  -0.0000130400   -0.0000093300    0.0000139100
   0.0000323000   -0.0000706300   -0.0000048100
  -0.0000052300    0.0000113900    0.0000181900
  -0.0000582900   -0.0000527300   -0.0000007600
   0.0071117000   -0.0459362800    0.0300771700
  -0.0001181000    0.0000254200    0.0000740100
   0.0001197300   -0.0000191200   -0.0001455900
  -0.0006727200    0.0006892900    0.0004754500
  -0.0000123600   -0.0000039200    0.0000055500
   0.0001006500   -0.0000135300    0.0000220800
  -0.0000165600   -0.0000045400   -0.0000041900
   0.0000012300    0.0000068900    0.0000032800
   0.0000066900    0.0000152100    0.0000059500
   0.0001172100   -0.0000119700    0.0000579100
   0.0000186100    0.0000078200    0.0000091700
  -0.0031057000   -0.0006030200    0.0027372800
   0.0038550000    0.0011212500    0.0007278000
   0.0000276800   -0.0000035900   -0.0000147300
   0.0041409000    0.0006466400   -0.0002806800
  -0.0000616900    0.0001759000    0.0000907700
   0.0000059900    0.0000018300    0.0000057400
   0.0000225300   -0.0000143000    0.0000050200
   0.0000293500   -0.0000289300    0.0000012300
  -0.0000033700   -0.0000050800   -0.0000022800
  -0.0000058100    0.0001994400   -0.0000183700
  -0.0593225300    0.0993484600   -0.0004252500
  -0.0000471900   -0.0000453400   -0.0000541100
  -0.0000046700   -0.0000211600   -0.0000824600
   0.0000064700   -0.0000287500   -0.0000435700
   0.0000336200    0.0000074100   -0.0000029200
   0.0000031700   -0.0000022700    0.0000017000
   0.0000406300   -0.0000084200    0.0000109700
   0.0000040500   -0.0000018000   -0.0000004600
   0.0000024200   -0.0000107400    0.0000558500
   0.0037725800   -0.0057390900   -0.0011619000
   0.0000360700   -0.0000017500    0.0000038100
   0.0000216700   -0.0000134000   -0.0000015700
   0.0000099000   -0.0000249300    0.0000006900
  -0.0000016300   -0.0000269300    0.0000153800
   0.0000037200   -0.0000349600    0.0000068000
   0.0033154900   -0.0061562400    0.0012262500
   0.0000186200   -0.0000262100   -0.0000082700
   0.0000099700   -0.0000160400    0.0000528200
  -0.0006988800    0.0012609100   -0.0004719400
  -0.0000027200   -0.0000024000    0.0000001800
   0.0025680700    0.0026853100   -0.0021715700
   0.0000095600   -0.0001325200   -0.0000514000
   0.0000130200    0.0000192900   -0.0000007200
  -0.0000149600   -0.0000119300   -0.0000013700
   0.0000179400    0.0000069600    0.0000134700
  -0.0000066600   -0.0000073400   -0.0000122000
  -0.0000060100   -0.0001179000    0.0000186400
  -0.0006759100   -0.0025363600   -0.0017898900
   0.0000438000    0.0000038100    0.0000098700
   0.0000107800    0.0000144200    0.0000000500
  -0.0000017200    0.0000061800    0.0000016600
   0.0000140400    0.0000133900   -0.0000161300
  -0.0000086000    0.0000005000    0.0000022200
   0.0022172700   -0.0008690800    0.0019617400
  -0.0000217600   -0.0000041600    0.0000180400
   0.0000245200   -0.0000076400   -0.0000308900
  -0.0026413900   -0.0023696200   -0.0009263500
   0.0000073200    0.0000014400   -0.0000043400
  -0.0002531700    0.0001230400    0.0000101400
   0.0000101300   -0.0000372800    0.0000001400
   0.0000050800   -0.0000184300    0.0000185800
   0.0000102700   -0.0000288700    0.0000026300
  -0.0002066500    0.0001031700   -0.0000500200
   0.0000106300   -0.0000117700   -0.0000005600
  -0.0021078900   -0.0026612400    0.0006441200
  -0.0013968400    0.0023958900    0.0000243400
  -0.0001225600    0.0000402500    0.0000200500
   0.0001810500    0.0001980600    0.0000641100
  -0.0001204500   -0.0001591800    0.0000179300
   0.0000477200    0.0001212600   -0.0000294900
   0.0000052100   -0.0000056600    0.0000024500
   0.0001527600    0.0000320000   -0.0000097900
   0.0000027300   -0.0000070800    0.0000003100
  -0.0002519400   -0.0000343300   -0.0000494100

55   
  0.0000000000000000   0.0000000000000000   0.0100000000000000
   0.0283502100    0.0161696000    0.0451644900
  -0.0000251200   -0.0000602700    0.0000110900
   0.0001967400   -0.0002308700    0.0007576100
  -0.0000253900   -0.0000845900   -0.0000540600
  -0.0000810600   -0.0000117800    0.0000066200
   0.0000219100    0.0000088000    0.0000028500
  -0.0000825400    0.0000319700   -0.0000309700
   0.0000126900    0.0000143200    0.0000011700
  -0.0000542400   -0.0002356300    0.0008549200
  -0.0001113700    0.0010497400    0.0022053800
   0.0000496900    0.0000065900    0.0001132500
  -0.0000279500   -0.0000176200    0.0000565000
  -0.0000031600   -0.0000014200    0.0000168200
   0.0000031100   -0.0000026900    0.0000097300
   0.0000004400   -0.0000435500    0.0000797300
   0.0004117100   -0.0004943400    0.0021653600
   0.0000021600    0.0000149600    0.0000105600
  -0.0008088500   -0.0005392800    0.0026893600
  -0.0320468700    0.0181918900    0.0463074600
  -0.0002288900   -0.0001464000    0.0007561700
   0.0000200300   -0.0000659600   -0.0000233600
   0.0000834700   -0.0000132200   -0.0000061500
   0.0000594800   -0.0000796200   -0.0000504300
  -0.0000173200    0.0000077800    0.0000055100
  -0.0000031600   -0.0001228000    0.0009285300
  -0.0000106800    0.0000024600   -0.0000060000
   0.0001055000   -0.0000025000   -0.0000771100
   0.0000055100    0.0000680600    0.0009146200
   0.0000448100    0.0000119800    0.0008342800
  -0.0000002900   -0.0000120900    0.0000004800
   0.0000202400    0.0000701000    0.0000032900
  -0.0000058300   -0.0000182600   -0.0000065100
  -0.0000371700    0.0000717400   -0.0000149000
  -0.0003807900   -0.0360887100    0.0464985800
  -0.0000546600    0.0001104000   -0.0000866400
   0.0000482800    0.0001020400   -0.0001106600
  -0.0002697200    0.0016497400    0.0002371600
   0.0000036000    0.0000155100    0.0000024200
  -0.0000764300    0.0000732400   -0.0003399600
   0.0000007400    0.0000049400    0.0000154100
   0.0000018200   -0.0000013100    0.0000131500
  -0.0000145600   -0.0000078200    0.0000097800
   0.0000460700   -0.0000280200   -0.0002501400
  -0.0000034900   -0.0000056000    0.0000222700
  -0.0018298200   -0.0005504500    0.0003758300
  -0.0014354200   -0.0001253200   -0.0036101100
  -0.0000039100    0.0000216900    0.0000074400
   0.0016573000   -0.0000004300   -0.0031840800
   0.0000039200    0.0000559400    0.0000168300
   0.0000119900   -0.0000122600   -0.0000286400
  -0.0000158400   -0.0000026000   -0.0000222500
  -0.0000081500    0.0000043100   -0.0000213100
   0.0000091100    0.0000026500   -0.0000117600
   0.0000060500   -0.0000859500    0.0000519900
   0.0031177700    0.0009333800   -0.1471720500
  -0.0000471400    0.0000705400   -0.0002737100
  -0.0000219100    0.0000478700   -0.0002742400
  -0.0000285700   -0.0000287400   -0.0003141200
   0.0000092200   -0.0000584900   -0.0003180900
  -0.0000021400   -0.0000007700    0.0000065800
  -0.0000561700    0.0000222700   -0.0003140800
   0.0000019900   -0.0000006700    0.0000065300
   0.0000180300    0.0000150700   -0.0003183700
   0.0010344900   -0.0007723900   -0.0033630300
   0.0000306400    0.0000776600    0.0000196500
  -0.0000091400    0.0000122500   -0.0000239100
  -0.0000196100   -0.0000106400    0.0000029300
   0.0000049600    0.0000007200   -0.0000233900
   0.0000041100   -0.0000073900   -0.0000217000
  -0.0003450500    0.0012081300   -0.0037535200
  -0.0000001600    0.0000078700   -0.0000211800
  -0.0000389100   -0.0000172500    0.0000171600
   0.0015888600   -0.0011405900    0.0002632200
  -0.0000016200    0.0000052600    0.0000099200
  -0.0019007800   -0.0015651100    0.0004201100
  -0.0000018800   -0.0000076300   -0.0003240100
   0.0000221000   -0.0000029000    0.0000026000
  -0.0000218900   -0.0000040900    0.0000127000
  -0.0000022800   -0.0000036200    0.0000086700
  -0.0000033600   -0.0000036900    0.0000142900
   0.0000594900   -0.0001090800   -0.0003510600
   0.0004996000    0.0025392500    0.0003647500
   0.0001751600    0.0000633000   -0.0003219800
  -0.0000062600    0.0000175100    0.0000109300
  -0.0000011600    0.0000012300    0.0000087400
   0.0000017000    0.0000036500    0.0000075000
   0.0000140100   -0.0000108100    0.0000073300
   0.0023012000   -0.0007381300    0.0003642800
   0.0000019700    0.0000013000    0.0000111800
   0.0000141300    0.0000190000   -0.0003198300
  -0.0008631100   -0.0005720000   -0.0037626000
  -0.0000020800    0.0000179700   -0.0000390000
  -0.0000643300    0.0001124200    0.0000088300
  -0.0000029600    0.0000016900   -0.0000331400
   0.0000219500   -0.0000135200    0.0000035800
  -0.0000105200   -0.0000085500   -0.0000254900
   0.0000397600   -0.0000025500    0.0000475900
   0.0000007300    0.0000050000   -0.0000237000
   0.0006182200    0.0011119600   -0.0036620200
   0.0003470800    0.0001290600    0.0200390400
  -0.0000008000    0.0000561100    0.0000481100
   0.0000058200    0.0000364300    0.0000373500
  -0.0000184300   -0.0000319200    0.0000008200
   0.0000153600   -0.0000656200    0.0000377600
  -0.0000009100   -0.0000008000   -0.0000031100
  -0.0000539300   -0.0000195600    0.0000175500
   0.0000008800   -0.0000022300   -0.0000030800
   0.0000620100    0.0000127800    0.0000490800

55   
  0.0000000000000000   0.0000000000000000  -0.0100000000000000
  -0.0274206100   -0.0156184200   -0.0443706700
   0.0000244500    0.0000598600   -0.0000078000
  -0.0002413200    0.0002241300   -0.0007491400
   0.0000224300    0.0000830400    0.0000546800
   0.0000799900    0.0000109200   -0.0000037500
  -0.0000210600   -0.0000080900   -0.0000021900
   0.0000792600   -0.0000326100    0.0000320400
  -0.0000127900   -0.0000144200   -0.0000000200
   0.0000302300    0.0001985800   -0.0008461400
   0.0001136700   -0.0010843200   -0.0021969700
  -0.0000493500   -0.0000066500   -0.0001085500
   0.0000277100    0.0000174200   -0.0000523400
   0.0000029800    0.0000012900   -0.0000158000
  -0.0000026800    0.0000024700   -0.0000087500
  -0.0000006400    0.0000432000   -0.0000761100
  -0.0004416200    0.0005182200   -0.0021620100
  -0.0000020500   -0.0000146800   -0.0000095600
   0.0008402300    0.0005618700   -0.0026824500
   0.0309615000   -0.0175622000   -0.0454537500
   0.0002689200    0.0001430400   -0.0007485600
  -0.0000188100    0.0000656400    0.0000263500
  -0.0000824700    0.0000116200    0.0000085300
  -0.0000557900    0.0000781000    0.0000494700
   0.0000165800   -0.0000073500   -0.0000048400
   0.0000249600    0.0000859700   -0.0009231000
   0.0000108700   -0.0000026500    0.0000070100
  -0.0001014000    0.0000006700    0.0000767200
  -0.0000252300   -0.0000292200   -0.0009113500
  -0.0000251400    0.0000236000   -0.0008288000
   0.0000001400    0.0000113800    0.0000002900
  -0.0000211800   -0.0000687200   -0.0000012600
   0.0000056000    0.0000184100    0.0000073700
   0.0000378100   -0.0000703800    0.0000170600
   0.0003703900    0.0348462800   -0.0456431900
   0.0000555700   -0.0001066900    0.0000863000
  -0.0000492600   -0.0000974400    0.0001105100
   0.0002731600   -0.0016704000   -0.0002344300
  -0.0000032200   -0.0000152700   -0.0000024000
   0.0000768500   -0.0000714800    0.0003386000
  -0.0000006500   -0.0000047500   -0.0000150200
  -0.0000018600    0.0000013900   -0.0000129900
   0.0000145300    0.0000074200   -0.0000096300
  -0.0000404700    0.0000246500    0.0002536800
   0.0000035900    0.0000054600   -0.0000217700
   0.0018521300    0.0005577600   -0.0003728200
   0.0014145700    0.0001270800    0.0035736900
   0.0000039600   -0.0000214600   -0.0000080000
  -0.0016223400    0.0000093700    0.0031604400
  -0.0000036800   -0.0000578400   -0.0000215600
  -0.0000118500    0.0000119600    0.0000277400
   0.0000158000    0.0000022200    0.0000214700
   0.0000078700   -0.0000038400    0.0000213400
  -0.0000089100   -0.0000021400    0.0000119300
  -0.0000045800    0.0000902300   -0.0000510800
  -0.0029934600   -0.0008867800    0.1443567900
   0.0000416700   -0.0000711800    0.0002688700
   0.0000268600   -0.0000487500    0.0002683100
   0.0000309300    0.0000264000    0.0003092400
  -0.0000115200    0.0000558900    0.0003133900
   0.0000021000    0.0000007400   -0.0000066900
   0.0000553500   -0.0000192300    0.0003092700
  -0.0000019600    0.0000006900   -0.0000067100
  -0.0000173700   -0.0000119700    0.0003131000
  -0.0010340600    0.0007519800    0.0033371900
  -0.0000351300   -0.0000806800   -0.0000191400
   0.0000093900   -0.0000122200    0.0000231800
   0.0000194800    0.0000105700   -0.0000035000
  -0.0000053400   -0.0000012300    0.0000236800
  -0.0000040000    0.0000075700    0.0000209900
   0.0003296900   -0.0011971100    0.0037226500
  -0.0000004800   -0.0000077100    0.0000215100
   0.0000396400    0.0000177000   -0.0000216300
  -0.0015969100    0.0011509900   -0.0002580000
   0.0000015600   -0.0000053300   -0.0000098500
   0.0019108700    0.0015825500   -0.0004131200
   0.0000019600    0.0000124200    0.0003243100
  -0.0000215900    0.0000030000   -0.0000028500
   0.0000214200    0.0000041800   -0.0000127300
   0.0000023500    0.0000036600   -0.0000085000
   0.0000031800    0.0000037500   -0.0000140600
  -0.0000591400    0.0001097300    0.0003469700
  -0.0005059100   -0.0025571700   -0.0003576500
  -0.0001744700   -0.0000605000    0.0003181400
   0.0000058600   -0.0000172600   -0.0000110800
   0.0000013800   -0.0000010600   -0.0000085600
  -0.0000018000   -0.0000035400   -0.0000072600
  -0.0000139900    0.0000104100   -0.0000074200
  -0.0023156500    0.0007437400   -0.0003581400
  -0.0000021800   -0.0000013600   -0.0000108000
  -0.0000187500   -0.0000221500    0.0003203100
   0.0008659500    0.0005605200    0.0037264200
   0.0000017900   -0.0000177700    0.0000380000
   0.0000703900   -0.0001144800   -0.0000088100
   0.0000033100   -0.0000021000    0.0000331200
  -0.0000217200    0.0000134400   -0.0000044500
   0.0000102300    0.0000087500    0.0000246800
  -0.0000404500    0.0000033900   -0.0000523400
  -0.0000001900   -0.0000049700    0.0000238600
  -0.0005956500   -0.0010985900    0.0036300300
  -0.0003401900   -0.0001241300   -0.0196275800
   0.0000004000   -0.0000570700   -0.0000468900
  -0.0000054700   -0.0000375000   -0.0000355300
   0.0000195600    0.0000315900    0.0000011400
  -0.0000168900    0.0000643100   -0.0000351500
   0.0000009100    0.0000007400    0.0000031700
   0.0000539800    0.0000200900   -0.0000155900
  -0.0000008400    0.0000022700    0.0000031700
  -0.0000618600   -0.0000114500   -0.0000459300

73   
  0.0100000000000000   0.0000000000000000   0.0000000000000000
   0.0430614300   -0.0157419700    0.0303906500
   0.0006540900    0.0002512500   -0.0002754900
   0.0000274600   -0.0000146900   -0.0000023700
   0.0000448900   -0.0000156300   -0.0000113400
   0.0001584900    0.0001109100   -0.0000992600
  -0.0000009900   -0.0000228200    0.0000182800
   0.0006690400   -0.0011632400   -0.0003717500
  -0.0000520700    0.0000138500    0.0000238100
  -0.0001157900   -0.0001716200    0.0000238100
   0.0001366800    0.0005213900    0.0001379000
   0.0001452800   -0.0003870100    0.0000769400
  -0.0000421700   -0.0000020000    0.0000043600
  -0.0000258500   -0.0000087700   -0.0000273700
  -0.0000290800    0.0000092200   -0.0000013100
   0.0000040500    0.0000191200    0.0000131700
   0.0159025300   -0.0007014500   -0.0002010800
  -0.0000429500    0.0001400300   -0.0001093600
  -0.0001045500   -0.0001256500    0.0001371300
   0.0005428200   -0.0003730500    0.0004351500
   0.0465653900    0.0180112400   -0.0322553200
   0.0000998000    0.0000250300    0.0000060800
   0.0000042800    0.0000160900   -0.0000138100
   0.0000894800   -0.0000914100    0.0001141900
   0.0000325700    0.0000767300    0.0000180100
   0.0004859100    0.0009767800    0.0003671700
  -0.0001000500    0.0000676100   -0.0000866000
  -0.0000282600   -0.0000061600   -0.0000188800
  -0.0000813800    0.0000031000   -0.0000199500
  -0.0045756800   -0.0000282500   -0.0000656700
  -0.0000936300   -0.0000192300    0.0000488200
  -0.0000506700   -0.0000023100    0.0000079700
  -0.0000261900    0.0000014200    0.0000236600
  -0.0000141100    0.0000011000   -0.0000254500
   0.0005221700    0.0029010300    0.0020975400
   0.0009150100   -0.0030045800   -0.0019677200
  -0.0000245700   -0.0000041900    0.0000006200
   0.0009550700   -0.0033350700    0.0002958200
  -0.0001608600   -0.0000778000    0.0000185700
   0.0000324000   -0.0000122600   -0.0000046100
   0.0000239700   -0.0000189000    0.0000169100
   0.0000030100    0.0000164300   -0.0000068500
   0.0000034900   -0.0000029200   -0.0000031100
   0.0008226400   -0.0041247200   -0.0005505800
   0.0000498800   -0.0000155200   -0.0000035100
  -0.0001873400   -0.0000384100   -0.0001330900
  -0.0025162300   -0.0001149300   -0.0003114900
   0.0000444900   -0.0001750100   -0.0000043500
   0.0000516400    0.0001807900    0.0000048300
  -0.0000986500   -0.0002520900   -0.0000331600
  -0.0001239100    0.0002237900    0.0000291000
   0.0000132600   -0.0000000100   -0.0000011300
  -0.0000793900    0.0000787700   -0.0000181500
   0.0000140400    0.0000003500    0.0000012300
  -0.0000859300   -0.0000826900    0.0000158300
   0.0015102100    0.0016808100    0.0015883600
   0.0017471000   -0.0019820800   -0.0019116200
  -0.0000052400    0.0000002600   -0.0000017700
  -0.0000016200   -0.0000214600   -0.0000022800
   0.0000299600    0.0000219500    0.0000565800
   0.0000024000    0.0000094400   -0.0000033000
   0.0000401700    0.0000126100   -0.0000024600
   0.0000047400    0.0000206300   -0.0000216300
  -0.0000009100   -0.0000157000    0.0000217300
   0.0000896500   -0.0000767500   -0.0000117400
  -0.0015035100    0.0033980000   -0.0023334100
  -0.0000074100   -0.0000159000   -0.0000049300
  -0.0000002100    0.0000172400   -0.0000044800
  -0.0000025800   -0.0000224400   -0.0000144000
  -0.0000029900   -0.0000057300    0.0000036600
  -0.0006803700    0.0004538400   -0.0001840700
   0.0000755600   -0.0000801200   -0.0000683700
   0.0000020000    0.0000281300    0.0000083600
  -0.1175793900   -0.0007334400    0.0034713900
   0.0000164800   -0.0000345700   -0.0000560500
   0.0000173400    0.0000313100    0.0000123200
   0.0000109200    0.0000050800    0.0000851700
   0.0000214900    0.0000305600   -0.0000979400
   0.0000097500   -0.0000022800    0.0000004200
   0.0000107000    0.0000885000    0.0000626700
   0.0000097600   -0.0000025600   -0.0000017800
   0.0000217800   -0.0000355700   -0.0000279400
  -0.0001597300    0.0001416500   -0.0000408900
   0.0012669400    0.0031640500   -0.0006071600
   0.0000294200    0.0000043900   -0.0000005300
   0.0000118600   -0.0000047600    0.0000032100
   0.0000057300   -0.0000081600    0.0000104300
   0.0000190100    0.0000051200   -0.0000219200
   0.0007170800    0.0034644400    0.0008662400
  -0.0002681700    0.0001427500    0.0000680100
   0.0000389800    0.0000139100    0.0000019800
  -0.0010677900   -0.0026822700    0.0016420700
   0.0000715500    0.0000134700   -0.0000230200
   0.0000155300    0.0000149400    0.0000018900
  -0.0000011100   -0.0000013000   -0.0000049700
  -0.0000052200    0.0000271100    0.0000117400
  -0.0000051800   -0.0000227900   -0.0000013500
  -0.0010880400   -0.0002003100    0.0002869900
   0.0000154300   -0.0000353600   -0.0000161200
   0.0000726100    0.0000125200    0.0000089000
   0.0056711500   -0.0005808200    0.0009095000
   0.0072595200    0.0002689900   -0.0012743600
   0.0000269600   -0.0000001000    0.0000006200
   0.0000291600   -0.0000146100   -0.0000002100
  -0.0000129000   -0.0000291500   -0.0000649300
   0.0000339400    0.0000141200   -0.0000046100
   0.0000217200   -0.0000013900   -0.0000166500
   0.0000269200   -0.0000073600    0.0000124700
   0.0000239300    0.0000195200   -0.0000146500

73   
 -0.0100000000000000   0.0000000000000000   0.0000000000000000
  -0.0440389800    0.0162590100   -0.0314631300
  -0.0006178700   -0.0002437100    0.0002774200
  -0.0000296200    0.0000168000    0.0000027500
  -0.0000467300    0.0000157900    0.0000119100
  -0.0001619800   -0.0001086200    0.0000993100
   0.0000011400    0.0000224500   -0.0000180200
  -0.0006559100    0.0011563400    0.0003610400
   0.0000521200   -0.0000138900   -0.0000238200
   0.0001162500    0.0001725900   -0.0000250300
  -0.0001471100   -0.0005256400   -0.0001424000
  -0.0001354200    0.0003814000   -0.0000791000
   0.0000422700    0.0000019500   -0.0000041100
   0.0000264700    0.0000073200    0.0000270500
   0.0000291800   -0.0000088700    0.0000014800
  -0.0000044400   -0.0000205200   -0.0000135900
  -0.0159149600    0.0008709700    0.0002575900
   0.0000430100   -0.0001411000    0.0001083500
   0.0001059500    0.0001240200   -0.0001378700
  -0.0005749700    0.0003832500   -0.0004350900
  -0.0455170700   -0.0174068800    0.0310647400
  -0.0000967600   -0.0000230400   -0.0000061700
  -0.0000041900   -0.0000160800    0.0000140900
  -0.0000857400    0.0000924000   -0.0001146500
  -0.0000310000   -0.0000758100   -0.0000174000
  -0.0004993300   -0.0009834000   -0.0003771900
   0.0000992800   -0.0000667500    0.0000851200
   0.0000284600    0.0000060800    0.0000188700
   0.0000823100   -0.0000035400    0.0000213800
   0.0045851200    0.0000680100    0.0000722700
   0.0000928200    0.0000189500   -0.0000477400
   0.0000508700    0.0000012800   -0.0000084300
   0.0000263900   -0.0000011500   -0.0000233600
   0.0000140200   -0.0000008600    0.0000258200
  -0.0005555700   -0.0029425500   -0.0021089800
  -0.0008738500    0.0029651300    0.0019578200
   0.0000246400    0.0000042400   -0.0000004000
  -0.0009493600    0.0033720800   -0.0002948300
   0.0001553400    0.0000770900   -0.0000194100
  -0.0000328800    0.0000122700    0.0000044300
  -0.0000237600    0.0000192000   -0.0000169400
  -0.0000027900   -0.0000163700    0.0000069300
  -0.0000036000    0.0000030600    0.0000033500
  -0.0008391900    0.0041089900    0.0005630700
  -0.0000494700    0.0000150700    0.0000037800
   0.0001893400    0.0000404000    0.0001347900
   0.0025176100    0.0001106500    0.0003562500
  -0.0000446200    0.0001730700    0.0000038200
  -0.0000516600   -0.0001830100   -0.0000054900
   0.0001008300    0.0002533600    0.0000332700
   0.0001220000   -0.0002232100   -0.0000295300
  -0.0000132900    0.0000001600    0.0000009500
   0.0000774500   -0.0000787300    0.0000188900
  -0.0000140600   -0.0000004600   -0.0000014000
   0.0000878800    0.0000822800   -0.0000151000
  -0.0015134100   -0.0016684900   -0.0015975100
  -0.0017447200    0.0019936100    0.0019003300
   0.0000051500   -0.0000001300    0.0000014800
   0.0000019100    0.0000218100    0.0000023900
  -0.0000300000   -0.0000228700   -0.0000619700
  -0.0000024500   -0.0000091200    0.0000033800
  -0.0000403500   -0.0000123800    0.0000014400
  -0.0000047700   -0.0000202200    0.0000217500
   0.0000011100    0.0000160000   -0.0000218900
  -0.0000860800    0.0000780100    0.0000076200
   0.0014725500   -0.0033153700    0.0023002400
   0.0000072100    0.0000153400    0.0000048900
   0.0000001100   -0.0000166800    0.0000042200
   0.0000026000    0.0000222900    0.0000145100
   0.0000029200    0.0000055800   -0.0000038900
   0.0006946500   -0.0004560700    0.0002047800
  -0.0000739500    0.0000774700    0.0000618500
  -0.0000017900   -0.0000283000   -0.0000083300
   0.1174655800   -0.0007385100   -0.0011468900
  -0.0000177700    0.0000340600    0.0000503800
  -0.0000169500   -0.0000318600   -0.0000180100
  -0.0000114300   -0.0000031500   -0.0000878900
  -0.0000210600   -0.0000285900    0.0000952300
  -0.0000097800    0.0000025800   -0.0000005200
  -0.0000116500   -0.0000868500   -0.0000619800
  -0.0000096900    0.0000022700    0.0000018600
  -0.0000207900    0.0000371400    0.0000282500
   0.0001659300   -0.0001433400    0.0000393600
  -0.0012717800   -0.0031345300    0.0006070300
  -0.0000290600   -0.0000044800    0.0000004300
  -0.0000117200    0.0000048400   -0.0000030500
  -0.0000057600    0.0000084700   -0.0000102900
  -0.0000191400   -0.0000049200    0.0000217700
  -0.0007072700   -0.0034811400   -0.0008630000
   0.0002660800   -0.0001392700   -0.0000667900
  -0.0000392200   -0.0000142800   -0.0000018400
   0.0010987900    0.0027554900   -0.0016651900
  -0.0000746300   -0.0000128200    0.0000191000
  -0.0000154000   -0.0000156300   -0.0000020200
   0.0000013200    0.0000012600    0.0000047600
   0.0000052600   -0.0000274000   -0.0000116500
   0.0000053200    0.0000235300    0.0000011300
   0.0010783000    0.0002000900   -0.0002721500
  -0.0000155400    0.0000349600    0.0000161400
  -0.0000735500   -0.0000138500   -0.0000147900
  -0.0058303800    0.0005874500   -0.0009369700
  -0.0070693900   -0.0002667600    0.0012474100
  -0.0000269200   -0.0000004700   -0.0000008900
  -0.0000293000    0.0000150400   -0.0000000200
   0.0000123000    0.0000305300    0.0000640600
  -0.0000336300   -0.0000138900    0.0000044800
  -0.0000216300    0.0000042700    0.0000183800
  -0.0000268000    0.0000074100   -0.0000128700
  -0.0000238800   -0.0000195800    0.0000143700

73   
  0.0000000000000000   0.0000000000000000   0.0100000000000000
   0.0287822800   -0.0170911700    0.0451076700
  -0.0003772800   -0.0000843300    0.0008051700
  -0.0000912100    0.0000449600    0.0000108800
  -0.0000745500    0.0000146900   -0.0000043000
  -0.0000409900    0.0001329600   -0.0000125000
   0.0000206500   -0.0000151200    0.0000128500
  -0.0001009900   -0.0000340200    0.0006455700
   0.0000119100   -0.0000103700    0.0000006800
  -0.0001160900   -0.0000173800    0.0000214500
  -0.0000799900   -0.0000703700    0.0006455600
  -0.0002618600   -0.0002843800    0.0008051700
  -0.0000027600    0.0000254500    0.0000128500
  -0.0000246100   -0.0000718900   -0.0000043000
  -0.0000030200    0.0000155000    0.0000006700
  -0.0000067600   -0.0001014900    0.0000108900
  -0.0003876600    0.0334720200    0.0451076500
   0.0000946200   -0.0001020400   -0.0000124900
  -0.0000731700   -0.0000918100    0.0000214600
   0.0002061100   -0.0000883600    0.0007492700
  -0.0317417800   -0.0183118300    0.0463570500
   0.0000797200    0.0000459900   -0.0000159900
  -0.0000098100   -0.0000056600    0.0000124000
   0.0001000900    0.0001331000   -0.0000502300
   0.0000797400    0.0000459800   -0.0000159700
   0.0000267000    0.0002226800    0.0007492900
   0.0001653600    0.0000200500   -0.0000502500
  -0.0000103800   -0.0000059800   -0.0000065400
   0.0000405600   -0.0000437500    0.0000585300
  -0.0001788500   -0.0011057100    0.0024285200
  -0.0000531900   -0.0000306600    0.0000386100
  -0.0000175700    0.0000570000    0.0000585200
   0.0000206100    0.0000118900   -0.0000014600
  -0.0000084300    0.0000057000    0.0000039200
   0.0010429600    0.0006016600    0.0019582000
  -0.0010468000    0.0003986300    0.0024285100
   0.0000006900   -0.0000101600    0.0000039300
  -0.0007414500    0.0013582600   -0.0034874800
  -0.0001044600   -0.0000602600    0.0000851100
  -0.0000026700   -0.0000132700   -0.0000291800
   0.0000198900    0.0000114800    0.0000115400
  -0.0000008400    0.0000115600   -0.0000259400
  -0.0000128400    0.0000043400   -0.0000291900
   0.0008046600   -0.0013218100   -0.0034874800
   0.0000095800   -0.0000065200   -0.0000259500
   0.0000237300    0.0000137100    0.0000172700
   0.0002401500    0.0001385600    0.0150037900
   0.0000634600   -0.0000140900    0.0000382200
  -0.0000688100   -0.0000097700    0.0000296500
  -0.0000135600    0.0000531100    0.0000499200
   0.0000195700    0.0000620100    0.0000382100
  -0.0000017800   -0.0000010300   -0.0000017700
   0.0000391700   -0.0000383100    0.0000499400
  -0.0000008000   -0.0000004400    0.0000020800
  -0.0000428900   -0.0000547000    0.0000296600
   0.0013792200    0.0013357100    0.0002567500
  -0.0015964100    0.0016192900    0.0004123800
   0.0000004600    0.0000000000    0.0000096900
   0.0000196700   -0.0000039700    0.0000085600
   0.0000087900   -0.0000109500   -0.0003493100
  -0.0000199200    0.0000025600    0.0000140100
   0.0000298200    0.0000802800   -0.0003226100
  -0.0000048200   -0.0000009100    0.0000124700
  -0.0000000400    0.0000010800    0.0000024800
   0.0000844200   -0.0000143900   -0.0003226100
   0.0006026400   -0.0021925800    0.0004124000
  -0.0000077500   -0.0000185100    0.0000140200
   0.0000064100    0.0000190000    0.0000085400
  -0.0000032100   -0.0000037300    0.0000124500
   0.0000002400    0.0000004000    0.0000097200
   0.0018467300    0.0005253400    0.0002567400
  -0.0000050600    0.0000130900   -0.0003493400
   0.0000009100   -0.0000005600    0.0000025100
   0.0022582100    0.0013028700   -0.1392159400
   0.0000136400   -0.0000415400   -0.0003767700
  -0.0000516100   -0.0000809300   -0.0003770800
   0.0000637300    0.0000615800   -0.0003316200
  -0.0000291100    0.0000326000   -0.0003767500
  -0.0000018000   -0.0000010500   -0.0000005400
   0.0000851900    0.0000243400   -0.0003316300
   0.0000004300    0.0000002600   -0.0000005400
  -0.0000958600   -0.0000042200   -0.0003770400
   0.0001060000    0.0000014700    0.0000500100
   0.0007295800    0.0011509000   -0.0036322700
  -0.0000070800   -0.0000047000   -0.0000235700
   0.0000079100    0.0000049000   -0.0000328300
   0.0000045700    0.0000052400   -0.0000252800
  -0.0000193000    0.0000101100    0.0000042000
  -0.0000808200   -0.0011168800   -0.0037286800
  -0.0000030100    0.0000101700    0.0000106900
   0.0000012100   -0.0000046100   -0.0000385600
  -0.0002854400   -0.0017593500    0.0003267500
  -0.0000127300   -0.0000073600   -0.0003625600
   0.0000158300   -0.0000226200    0.0000120000
   0.0000048400    0.0000027900    0.0000077600
   0.0000010800   -0.0000030100    0.0000119100
  -0.0000116700    0.0000250400    0.0000120000
  -0.0016659400    0.0006336000    0.0003267500
  -0.0000020700    0.0000024300    0.0000119100
   0.0000189500    0.0000109400   -0.0003645000
  -0.0010074900    0.0004890700   -0.0037286600
   0.0013616500    0.0000554700   -0.0036323300
  -0.0000009400   -0.0000218100    0.0000042100
   0.0000082000    0.0000043800   -0.0000328500
   0.0000072900   -0.0000077200    0.0000106700
  -0.0000076400   -0.0000037800   -0.0000235600
   0.0000543600    0.0000910300    0.0000500100
   0.0000068400    0.0000013300   -0.0000252900
  -0.0000034000    0.0000033500   -0.0000385400

73   
  0.0000000000000000   0.0000000000000000  -0.0100000000000000
  -0.0297394300    0.0176384500   -0.0458601400
   0.0004261000    0.0000806300   -0.0008107800
   0.0000938600   -0.0000447800   -0.0000134300
   0.0000755600   -0.0000162400    0.0000011000
   0.0000450500   -0.0001366500    0.0000111600
  -0.0000215500    0.0000156900   -0.0000136300
   0.0001287100   -0.0000031200   -0.0006534800
  -0.0000119600    0.0000105900   -0.0000009900
   0.0001201100    0.0000153700   -0.0000221500
   0.0000617600    0.0001129900   -0.0006535100
   0.0002831000    0.0003285100   -0.0008107700
   0.0000027900   -0.0000265100   -0.0000136100
   0.0000237800    0.0000735500    0.0000011000
   0.0000032200   -0.0000156800   -0.0000009900
   0.0000082100    0.0001036600   -0.0000134200
   0.0003822200   -0.0345745800   -0.0458601700
  -0.0000957400    0.0001074400    0.0000111600
   0.0000734300    0.0000962700   -0.0000221400
  -0.0002517600    0.0000868100   -0.0007514500
   0.0328350700    0.0189425200   -0.0471686600
  -0.0000825400   -0.0000454900    0.0000140000
   0.0000104000    0.0000059900   -0.0000133000
  -0.0001049100   -0.0001356200    0.0000501500
  -0.0000807000   -0.0000487000    0.0000140200
  -0.0000508700   -0.0002614000   -0.0007514500
  -0.0001699400   -0.0000229700    0.0000501500
   0.0000104800    0.0000060300    0.0000061500
  -0.0000412000    0.0000445500   -0.0000621900
   0.0001724800    0.0010721300   -0.0024252900
   0.0000541400    0.0000312500   -0.0000414700
   0.0000179400   -0.0000579700   -0.0000621800
  -0.0000210800   -0.0000121300    0.0000006500
   0.0000088300   -0.0000059300   -0.0000047300
  -0.0010180700   -0.0005873500   -0.0019581800
   0.0010144500   -0.0003873500   -0.0024252900
  -0.0000007200    0.0000106300   -0.0000047200
   0.0007471600   -0.0013761500    0.0035212600
   0.0001013700    0.0000584800   -0.0000856600
   0.0000029600    0.0000135900    0.0000299600
  -0.0000201200   -0.0000116000   -0.0000109800
   0.0000004900   -0.0000119800    0.0000260800
   0.0000132500   -0.0000042200    0.0000299700
  -0.0008172900    0.0013356900    0.0035212700
  -0.0000101100    0.0000063800    0.0000261000
  -0.0000209700   -0.0000120700   -0.0000127200
  -0.0002470400   -0.0001424500   -0.0153256600
  -0.0000644800    0.0000139500   -0.0000418800
   0.0000703500    0.0000094100   -0.0000330300
   0.0000145600   -0.0000536800   -0.0000532000
  -0.0000202300   -0.0000627700   -0.0000418800
   0.0000018300    0.0000010400    0.0000015500
  -0.0000391700    0.0000394800   -0.0000532200
   0.0000007000    0.0000004400   -0.0000023700
   0.0000433900    0.0000561800   -0.0000330200
  -0.0013626000   -0.0013179900   -0.0002645000
   0.0015785100   -0.0015977700   -0.0004208800
  -0.0000004700   -0.0000002900   -0.0000100800
  -0.0000201200    0.0000042300   -0.0000086600
  -0.0000086700    0.0000164100    0.0003486900
   0.0000203500   -0.0000023200   -0.0000143600
  -0.0000317700   -0.0000801800    0.0003257300
   0.0000047800    0.0000011700   -0.0000129400
  -0.0000000400   -0.0000009000   -0.0000029800
  -0.0000852800    0.0000126400    0.0003257400
  -0.0005929800    0.0021663000   -0.0004208900
   0.0000082000    0.0000187800   -0.0000143300
  -0.0000064300   -0.0000195500   -0.0000086600
   0.0000034000    0.0000035400   -0.0000129700
  -0.0000004700   -0.0000002600   -0.0000100800
  -0.0018230800   -0.0005198400   -0.0002645300
   0.0000098200   -0.0000157300    0.0003486800
  -0.0000007800    0.0000004300   -0.0000029600
  -0.0023572800   -0.0013600000    0.1417364600
  -0.0000165500    0.0000408700    0.0003833300
   0.0000549200    0.0000806500    0.0003830100
  -0.0000609200   -0.0000663100    0.0003386400
   0.0000270400   -0.0000347300    0.0003832700
   0.0000018600    0.0000010500    0.0000007700
  -0.0000878600   -0.0000195500    0.0003386600
  -0.0000005500   -0.0000003000    0.0000007500
   0.0000973100    0.0000071700    0.0003829700
  -0.0001022800   -0.0000048300   -0.0000497400
  -0.0007279000   -0.0011704600    0.0036600800
   0.0000068600    0.0000047700    0.0000242500
  -0.0000081000   -0.0000046900    0.0000336800
  -0.0000042500   -0.0000056800    0.0000251700
   0.0000193500   -0.0000101800   -0.0000036100
   0.0000877300    0.0011152700    0.0037605700
   0.0000009900   -0.0000093300   -0.0000066400
  -0.0000005500    0.0000045000    0.0000386300
   0.0002739500    0.0017371200   -0.0003347500
   0.0000109500    0.0000063100    0.0003660300
  -0.0000163300    0.0000231100   -0.0000122900
  -0.0000047900   -0.0000027800   -0.0000079500
  -0.0000012900    0.0000029400   -0.0000123400
   0.0000118300   -0.0000256800   -0.0000122900
   0.0016409700   -0.0006324100   -0.0003347800
   0.0000019400   -0.0000026200   -0.0000123600
  -0.0000231000   -0.0000133000    0.0003640200
   0.0010096000   -0.0004822800    0.0037605400
  -0.0013777500   -0.0000442300    0.0036600800
   0.0000008900    0.0000218700   -0.0000035900
  -0.0000081000   -0.0000046500    0.0000336700
  -0.0000075500    0.0000055600   -0.0000066600
   0.0000075500    0.0000035500    0.0000242700
  -0.0000553900   -0.0000861400   -0.0000497300
  -0.0000070400   -0.0000008400    0.0000251300
   0.0000036000   -0.0000027500    0.0000386500
