108  
36   

1    
  0.0100000000000000   0.0000000000000000   0.0000000000000000
  -0.2202158600    0.0001914500    0.0001573300
   0.0012494300    0.0002591100    0.0000168300
   0.0012123900    0.0000251400    0.0000028600
  -0.0002982100   -0.0005559700   -0.0000692900
   0.0000379700    0.0008478500    0.0000993300
   0.0000672900    0.0000114900    0.0000021500
  -0.0002936400   -0.0008886600    0.0000190500
   0.0000672200    0.0000061800   -0.0000038400
   0.0000321300    0.0009244400    0.0000500200
   0.0005125000    0.0007900900   -0.0000787200
   0.0000626700    0.0000664400   -0.0000048600
   0.0042092700   -0.0094450900    0.0007204700
   0.0041764200    0.0132859200    0.0006962500
   0.0000766200   -0.0000371600    0.0000001000
   0.0006390100    0.0008970400   -0.0000270900
  -0.0000377000   -0.0000353500   -0.0000286700
   0.0000668400    0.0001800900    0.0000128800
  -0.0000174600   -0.0000277600   -0.0000129600
   0.0106261400   -0.0107266300    0.0002761100
   0.0002914700   -0.0000501800   -0.0000005200
   0.0025854600    0.0096276400   -0.0002654300
   0.0017950100   -0.0001784700   -0.0000034400
   0.0000184300    0.0000987300    0.0000171100
  -0.0000051800   -0.0001068700   -0.0000115600
   0.0000174100   -0.0000110900   -0.0000085000
  -0.0000042200    0.0000485500    0.0000138100
   0.0017967500   -0.0000821100   -0.0000088100
   0.0036739300    0.0070448300   -0.0007643700
   0.0000391200   -0.0000198800   -0.0000032500
   0.0002956300   -0.0008271700    0.0000497900
   0.0036464000   -0.0098725900   -0.0007572600
   0.0002302700   -0.0007114200    0.0000245800
  -0.0000028200    0.0000366500    0.0000006800
   0.0000130500   -0.0000894200   -0.0000052800
   0.0000337500    0.0000533500    0.0000221900
  -0.0000361000   -0.0000564100    0.0000187000
   0.0001521100   -0.0003883700    0.0001948900
  -0.0000441100   -0.0000023700   -0.0000036400
   0.0001683100    0.0007688800   -0.0003585400
   0.0120696600    0.0002181000   -0.0009462800
  -0.0000887800   -0.0001879800    0.0000652600
  -0.0001173200    0.0001411300   -0.0000772200
   0.0000267600    0.0000210300    0.0000210400
  -0.0000327000   -0.0000498500   -0.0000505000
  -0.0000271200   -0.0000076900   -0.0000037900
   0.0003946300    0.0009490900   -0.0001603500
  -0.0000012200    0.0000057400    0.0000345300
   0.0365563800    0.0136479800   -0.0268987900
   0.0006196900   -0.0005642700   -0.0001764800
  -0.0000566200   -0.0000094400   -0.0000157500
  -0.0001361700    0.0000612500    0.0001341300
  -0.0000041600    0.0000252900   -0.0000008800
   0.0000122200    0.0000244500    0.0000602200
   0.0000767900    0.0000291200    0.0000428300
  -0.0000641200    0.0000364400    0.0000196000
  -0.0000667300   -0.0000277300   -0.0000168600
  -0.0034237800    0.0002165300   -0.0002788200
   0.0005780800    0.0024061100    0.0007683400
  -0.0000542200    0.0000052000    0.0000064700
   0.0010904400   -0.0026124700   -0.0008235900
  -0.0000182200   -0.0000025100   -0.0000193900
  -0.0000246600   -0.0000322700   -0.0000010800
  -0.0000273500    0.0000188900    0.0000181800
   0.0004219400    0.0007683800    0.0000970000
   0.0000114100   -0.0000086700   -0.0000476700
   0.0368411100    0.0145627400    0.0275206100
   0.0006321500   -0.0005141400    0.0001921500
  -0.0000635100   -0.0000253800    0.0000129500
  -0.0001085400    0.0000656100   -0.0000985000
   0.0000023100    0.0000300600    0.0000045200
   0.0000369900    0.0000420100   -0.0000599400
   0.0000900900   -0.0000238400   -0.0000306200
   0.0419222400   -0.0150771100   -0.0283911000
   0.0000559600   -0.0000164100    0.0000271600
   0.0007738600   -0.0009296800   -0.0000717800
   0.0005342000    0.0000930200    0.0000555100
  -0.0001426100   -0.0000344800    0.0000911800
  -0.0000349400    0.0000121700   -0.0000162600
   0.0000351200   -0.0000322700    0.0000685500
   0.0000002600   -0.0000227200   -0.0000200400
   0.0000632500   -0.0000126700    0.0000198700
  -0.0000714200    0.0000213100   -0.0000331200
  -0.0000958700   -0.0000231900    0.0000303100
  -0.0042074600    0.0001365600    0.0001818400
   0.0002229400    0.0026887600   -0.0004460700
  -0.0000611800    0.0000029900   -0.0000070100
   0.0008444900   -0.0028567200    0.0004619600
  -0.0000328000    0.0000065400    0.0000209300
  -0.0000292300   -0.0000199000   -0.0000023700
  -0.0000287900    0.0000092700   -0.0000182500
   0.0414532800   -0.0138927200    0.0276227900
   0.0000391100   -0.0000225000   -0.0000172200
   0.0007723700   -0.0011239500    0.0001600700
   0.0005736100    0.0002409000   -0.0000466500
  -0.0001572300   -0.0000205900   -0.0001088300
  -0.0000340300   -0.0000006500    0.0000204800
   0.0000100200   -0.0000167100   -0.0000820300
  -0.0000029100   -0.0000233400    0.0000182200
   0.0000448000   -0.0000852500   -0.0000381600
   0.0000227100   -0.0005607200    0.0002896400
  -0.0000422500    0.0000009900    0.0000045200
  -0.0000142800    0.0008479100   -0.0001095700
   0.0158741500    0.0005189200    0.0010218800
  -0.0000961500   -0.0002193900   -0.0000903400
  -0.0001233700    0.0001664300    0.0000945600
   0.0000128100   -0.0000134500   -0.0000051700
  -0.0000350900    0.0000023400    0.0000418900
  -0.0000287300   -0.0000034800    0.0000022400

1    
 -0.0100000000000000   0.0000000000000000   0.0000000000000000
   0.2198181900    0.0014174300   -0.0000726900
  -0.0012082100   -0.0002482300   -0.0000178100
  -0.0012451700   -0.0000179900   -0.0000038300
   0.0003004700    0.0005704500    0.0000696800
  -0.0000337800   -0.0008311800   -0.0000980000
  -0.0000674900   -0.0000115900   -0.0000018400
   0.0003050400    0.0008777800   -0.0000165200
  -0.0000675600   -0.0000063300    0.0000038800
  -0.0000396200   -0.0009368800   -0.0000466400
  -0.0005089500   -0.0007714600    0.0000809000
  -0.0000631000   -0.0000665400    0.0000053000
  -0.0043502600    0.0093763900   -0.0007216800
  -0.0041725500   -0.0131975500   -0.0006968900
  -0.0000784100    0.0000387500   -0.0000001500
  -0.0006308800   -0.0009244500    0.0000246100
   0.0000373700    0.0000375800    0.0000283500
  -0.0000658800   -0.0001786000   -0.0000123100
   0.0000145100    0.0000273200    0.0000134800
  -0.0100172400    0.0104368500   -0.0002782900
  -0.0002925200    0.0000504000    0.0000003600
  -0.0030740000   -0.0098720000    0.0002593300
  -0.0018022400    0.0001853700    0.0000073000
  -0.0000174100   -0.0000965500   -0.0000167600
   0.0000021600    0.0001089800    0.0000115300
  -0.0000183900    0.0000106600    0.0000082200
   0.0000031600   -0.0000501300   -0.0000143200
  -0.0018009100    0.0001188400    0.0000086200
  -0.0035202000   -0.0071431600    0.0007625100
  -0.0000391400    0.0000201100    0.0000032300
  -0.0002918200    0.0008461900   -0.0000467700
  -0.0036293600    0.0099840000    0.0007551200
  -0.0002394600    0.0006939200   -0.0000265000
   0.0000021800   -0.0000354000   -0.0000007500
  -0.0000145400    0.0000903200    0.0000058800
  -0.0000349800   -0.0000532200   -0.0000220800
   0.0000371900    0.0000557400   -0.0000184900
  -0.0001543700    0.0003935200   -0.0001926300
   0.0000435500    0.0000023500    0.0000034800
  -0.0001676600   -0.0007577400    0.0003558600
  -0.0120977900    0.0000534200    0.0007441700
   0.0000887100    0.0001854800   -0.0000653000
   0.0001151000   -0.0001431100    0.0000768200
  -0.0000274100   -0.0000207300   -0.0000214100
   0.0000316400    0.0000494600    0.0000497000
   0.0000267200    0.0000078500    0.0000038500
  -0.0003863800   -0.0009477300    0.0001692900
   0.0000002900   -0.0000067100   -0.0000349700
  -0.0372971600   -0.0140682800    0.0278172800
  -0.0006237400    0.0005621400    0.0001516400
   0.0000562900    0.0000098100    0.0000156900
   0.0001371100   -0.0000586400   -0.0001333400
   0.0000037500   -0.0000252500    0.0000008800
  -0.0000130800   -0.0000242700   -0.0000605600
  -0.0000748600   -0.0000305900   -0.0000425100
   0.0000645800   -0.0000369100   -0.0000176600
   0.0000655700    0.0000269500    0.0000183600
   0.0034257900   -0.0001936700    0.0002888300
  -0.0005991500   -0.0023815100   -0.0007403000
   0.0000540100   -0.0000055300   -0.0000067800
  -0.0010660000    0.0026305900    0.0008399800
   0.0000182700    0.0000050900    0.0000222400
   0.0000240600    0.0000323900    0.0000010200
   0.0000271900   -0.0000189100   -0.0000181700
  -0.0004139000   -0.0007658600   -0.0001048900
  -0.0000127300    0.0000076300    0.0000481900
  -0.0375861900   -0.0149886500   -0.0284579400
  -0.0006392100    0.0005076600   -0.0001708100
   0.0000630100    0.0000257200   -0.0000127900
   0.0001086000   -0.0000637400    0.0000983800
  -0.0000027500   -0.0000300300   -0.0000043200
  -0.0000381500   -0.0000416800    0.0000597800
  -0.0000890700    0.0000228600    0.0000305500
  -0.0409917800    0.0145372500    0.0273682500
  -0.0000554700    0.0000150900   -0.0000264100
  -0.0007862000    0.0009347800    0.0000649400
  -0.0005339000   -0.0000947500   -0.0000338000
   0.0001416800    0.0000356300   -0.0000908400
   0.0000346300   -0.0000119200    0.0000163100
  -0.0000351500    0.0000323500   -0.0000683500
  -0.0000007700    0.0000229200    0.0000202100
  -0.0000642500    0.0000109600   -0.0000188600
   0.0000719700   -0.0000220600    0.0000313300
   0.0000945800    0.0000221900   -0.0000318200
   0.0042093200   -0.0001078400   -0.0001845600
  -0.0002419900   -0.0026589000    0.0004231300
   0.0000610000   -0.0000035500    0.0000078400
  -0.0008210000    0.0028824000   -0.0004705700
   0.0000328500   -0.0000029600   -0.0000246400
   0.0000287300    0.0000199700    0.0000026400
   0.0000285300   -0.0000092600    0.0000184200
  -0.0405532700    0.0133775500   -0.0266491600
  -0.0000390700    0.0000213900    0.0000164700
  -0.0007852600    0.0011266700   -0.0001515600
  -0.0005738600   -0.0002399800    0.0000234500
   0.0001555800    0.0000219100    0.0001088600
   0.0000335300    0.0000009800   -0.0000203900
  -0.0000104200    0.0000166500    0.0000815500
   0.0000024500    0.0000235900   -0.0000182500
  -0.0000470400    0.0000828800    0.0000367300
  -0.0000248800    0.0005600300   -0.0002950500
   0.0000417400   -0.0000009500   -0.0000041700
   0.0000128100   -0.0008443200    0.0001088400
  -0.0159118400   -0.0002295500   -0.0008461800
   0.0000962200    0.0002163000    0.0000909200
   0.0001205300   -0.0001691000   -0.0000936600
  -0.0000138500    0.0000137100    0.0000048500
   0.0000347600   -0.0000026300   -0.0000419500
   0.0000282500    0.0000033800   -0.0000020900

1    
 -0.0049981448375870   0.0086613248514591   0.0000000000000000
   0.1086352800   -0.1902986700   -0.0014696600
  -0.0005878400   -0.0006166700    0.0000404200
  -0.0003979600   -0.0005028500    0.0000263600
  -0.0006270600    0.0008625000    0.0000418900
   0.0007925800    0.0003054600   -0.0000639200
  -0.0000279900    0.0000589100    0.0000031600
  -0.0003334400    0.0009930900   -0.0000609400
  -0.0000234500    0.0000616100   -0.0000049400
   0.0007050900    0.0002492700   -0.0000533100
   0.0002664200    0.0008962900    0.0000857600
  -0.0000206500   -0.0000593100   -0.0000073400
   0.0071631100    0.0090236600   -0.0003260600
  -0.0089103900   -0.0000149900   -0.0006100800
   0.0000179000   -0.0000188700   -0.0000054200
   0.0003374500    0.0007618500    0.0000063700
   0.0000405800    0.0000940400    0.0000304300
   0.0000663700    0.0001163000   -0.0000009800
  -0.0000887300    0.0000730500    0.0000172100
   0.0040842700    0.0069961900   -0.0001095100
  -0.0001032100   -0.0000276300   -0.0000195100
  -0.0098988900   -0.0015966300    0.0000977300
  -0.0008198600    0.0002498600   -0.0000054200
   0.0000010500   -0.0000217200   -0.0000014500
  -0.0000418000    0.0001106800    0.0000180900
  -0.0000935000    0.0000331800   -0.0000131400
   0.0000942500    0.0000332200   -0.0000294700
  -0.0007386000    0.0002213300   -0.0001118100
  -0.0118302800    0.0026504800    0.0004969800
   0.0000111400    0.0000292900   -0.0000184600
  -0.0009518600    0.0016225600    0.0000454000
   0.0054013300    0.0085297700   -0.0001996800
  -0.0008281900    0.0012369700   -0.0000007200
  -0.0000396200   -0.0000535600   -0.0000083900
  -0.0001049600    0.0001514400    0.0000114400
  -0.0000147400    0.0000050000    0.0000075900
   0.0000513800    0.0000010700    0.0000020100
   0.0004433000    0.0006785600   -0.0003292900
   0.0000192300    0.0000139800   -0.0000031400
  -0.0006870200    0.0003476500   -0.0001919300
  -0.0058705600    0.0373544500   -0.0269129200
   0.0000025700    0.0000781800    0.0000051100
   0.0000501000   -0.0000845200    0.0000674100
  -0.0000188400    0.0000029000    0.0000292100
   0.0000256000    0.0000516800    0.0000575300
   0.0000121700   -0.0000356100   -0.0000124700
  -0.0005634600   -0.0001333900    0.0001009400
   0.0000160500    0.0000090900    0.0000185700
  -0.0060768300    0.0108604800   -0.0003127800
   0.0003566700    0.0003575900    0.0000306700
   0.0000137200   -0.0000365400   -0.0000012800
   0.0001709600   -0.0000228700   -0.0001096200
   0.0000304500   -0.0000522900   -0.0000007100
  -0.0000069300   -0.0000304400   -0.0000188500
  -0.0000459300   -0.0002041700    0.0000996700
   0.0000453400   -0.0000466300   -0.0000340700
   0.0000194300   -0.0000178100   -0.0000026400
   0.0015932400    0.0019306400   -0.0005127800
   0.0017294500   -0.0030180600    0.0000315400
   0.0000205500   -0.0000045800   -0.0000052300
  -0.0025295600   -0.0002388200    0.0006241600
   0.0000111400   -0.0000649900    0.0000281400
  -0.0000047400   -0.0000354000    0.0000029200
   0.0000306400   -0.0000593000   -0.0000055900
  -0.0005155600   -0.0000134600   -0.0000017300
   0.0000165200    0.0000206800   -0.0000147200
  -0.0061978400    0.0104760700    0.0005524800
   0.0005032800    0.0006228100    0.0002367500
   0.0000085100   -0.0000305100   -0.0000020800
   0.0001800100    0.0000011500    0.0000848000
   0.0000225100   -0.0000492100    0.0000048000
  -0.0000382100   -0.0000584700    0.0000318800
  -0.0001113500   -0.0001513000   -0.0000849400
  -0.0328299300    0.0281515300    0.0270897600
  -0.0000614800    0.0000057900   -0.0000729400
  -0.0001868600    0.0006333900   -0.0000048700
  -0.0010682600    0.0002859800    0.0001468500
  -0.0000783200    0.0000705100   -0.0000299700
   0.0000232700   -0.0000279400    0.0000093600
  -0.0000227600    0.0000404400   -0.0000395700
  -0.0000197800   -0.0000108800    0.0000217900
   0.0000647400   -0.0001464500   -0.0000719000
   0.0000697500   -0.0000556800    0.0000335300
   0.0000175900   -0.0000506900   -0.0000256300
   0.0020576900    0.0016794900    0.0006288200
   0.0021660800   -0.0038798400   -0.0001207200
   0.0000224100   -0.0000120700    0.0000171600
  -0.0027487200   -0.0008730900   -0.0003846000
   0.0000235000   -0.0000946300   -0.0000682700
  -0.0000040700   -0.0000289500   -0.0000010400
   0.0000312400   -0.0000369400    0.0000033000
  -0.0325867200    0.0272840500   -0.0261811200
  -0.0000533600    0.0000110900    0.0000720600
  -0.0000883400    0.0007234100    0.0000567100
  -0.0009495000   -0.0000020400    0.0002083800
  -0.0000527100    0.0000445400    0.0000314600
   0.0000231700   -0.0000239000   -0.0000206700
  -0.0000139400    0.0000323400    0.0000596600
  -0.0000213800   -0.0000163100   -0.0000155600
   0.0000016300   -0.0001284900    0.0000995100
   0.0003750200    0.0008606200   -0.0004353200
   0.0000190100    0.0000069200    0.0000221400
  -0.0005528900    0.0003779500   -0.0000288700
  -0.0074805300    0.0445452100    0.0280464500
  -0.0000380000    0.0001164300   -0.0000530700
   0.0001071400   -0.0000787000   -0.0001110900
  -0.0000095700    0.0000212900   -0.0000764100
   0.0000160700    0.0000470500   -0.0000798300
   0.0000090400   -0.0000451400    0.0000141300

1    
  0.0049981448375870  -0.0086613248514591   0.0000000000000000
  -0.1102477300    0.1896253600    0.0013488600
   0.0006029800    0.0006163000   -0.0000405700
   0.0003907700    0.0004980900   -0.0000258500
   0.0006038900   -0.0008397300   -0.0000400000
  -0.0007836700   -0.0002936200    0.0000661200
   0.0000285700   -0.0000584900   -0.0000029300
   0.0003432400   -0.0010290700    0.0000653500
   0.0000240200   -0.0000610800    0.0000048300
  -0.0007132300   -0.0002586600    0.0000555600
  -0.0002806600   -0.0009081400   -0.0000844800
   0.0000197400    0.0000580900    0.0000077700
  -0.0072202900   -0.0090782000    0.0003196900
   0.0088973200    0.0001810500    0.0006133400
  -0.0000187200    0.0000203300    0.0000054700
  -0.0003175800   -0.0007617000   -0.0000081100
  -0.0000408300   -0.0000938100   -0.0000301200
  -0.0000663900   -0.0001187300    0.0000017500
   0.0000859400   -0.0000728100   -0.0000169300
  -0.0039306700   -0.0070885300    0.0001026500
   0.0001013400    0.0000289600    0.0000193900
   0.0098144500    0.0015674700   -0.0001083100
   0.0008040600   -0.0002576000    0.0000070800
   0.0000000100    0.0000205100    0.0000016500
   0.0000395800   -0.0001122600   -0.0000177500
   0.0000933800   -0.0000330700    0.0000133700
  -0.0000968300   -0.0000330500    0.0000292100
   0.0007442100   -0.0002048000    0.0001090800
   0.0123359400   -0.0030183900   -0.0005065000
  -0.0000105100   -0.0000290100    0.0000183800
   0.0009462700   -0.0016223600   -0.0000409500
  -0.0054420600   -0.0079795800    0.0002214000
   0.0008006000   -0.0012517900   -0.0000014100
   0.0000351700    0.0000546000    0.0000083600
   0.0001043200   -0.0001516900   -0.0000115100
   0.0000159200   -0.0000048300   -0.0000071000
  -0.0000531000   -0.0000044600   -0.0000013900
  -0.0004427100   -0.0006865000    0.0003202300
  -0.0000195800   -0.0000140500    0.0000031500
   0.0006875600   -0.0003389600    0.0002072400
   0.0058660000   -0.0365436600    0.0260173000
  -0.0000019300   -0.0000787300   -0.0000049900
  -0.0000517100    0.0000840000   -0.0000671400
   0.0000186100   -0.0000015200   -0.0000289100
  -0.0000263100   -0.0000513400   -0.0000578800
  -0.0000123800    0.0000356700    0.0000124500
   0.0005597100    0.0001301100   -0.0001036400
  -0.0000157000   -0.0000091200   -0.0000185300
   0.0058595500   -0.0109823300    0.0004894100
  -0.0003631800   -0.0003573200   -0.0000300400
  -0.0000140000    0.0000365500    0.0000011100
  -0.0001691500    0.0000266700    0.0001115000
  -0.0000305100    0.0000523400    0.0000010100
   0.0000066800    0.0000308100    0.0000188300
   0.0000493700    0.0002039200   -0.0000971400
  -0.0000441900    0.0000465300    0.0000362000
  -0.0000217100    0.0000162600    0.0000064200
  -0.0016163100   -0.0019238800    0.0005350100
  -0.0017463900    0.0030107400   -0.0000203300
  -0.0000206500    0.0000044000    0.0000050300
   0.0025237200    0.0002161000   -0.0006033900
  -0.0000104600    0.0000663700   -0.0000261600
   0.0000043500    0.0000355400   -0.0000031700
  -0.0000301500    0.0000595400    0.0000054300
   0.0005113800    0.0000111400    0.0000026300
  -0.0000164900   -0.0000209500    0.0000145300
   0.0059488200   -0.0105926600   -0.0007414600
  -0.0005112300   -0.0006294600   -0.0002386400
  -0.0000088300    0.0000304000    0.0000021300
  -0.0001785400    0.0000015700   -0.0000865900
  -0.0000226100    0.0000492000   -0.0000050500
   0.0000385800    0.0000597800   -0.0000322900
   0.0001150700    0.0001518000    0.0000837900
   0.0337613600   -0.0287064800   -0.0281071400
   0.0000615200   -0.0000064100    0.0000732000
   0.0001904100   -0.0006355800    0.0000253900
   0.0010588700   -0.0002813400   -0.0001575800
   0.0000785200   -0.0000692200    0.0000306100
  -0.0000235400    0.0000278500   -0.0000095300
   0.0000240600   -0.0000410900    0.0000402100
   0.0000193100    0.0000108000   -0.0000217900
  -0.0000660400    0.0001458500    0.0000721900
  -0.0000682900    0.0000557600   -0.0000356700
  -0.0000208000    0.0000490200    0.0000217900
  -0.0020921100   -0.0016845700   -0.0006479000
  -0.0021853700    0.0038647500    0.0001145400
  -0.0000224400    0.0000120000   -0.0000170900
   0.0027378000    0.0008422000    0.0003734400
  -0.0000228100    0.0000959400    0.0000660500
   0.0000037700    0.0000289400    0.0000011700
  -0.0000305900    0.0000372200   -0.0000027300
   0.0334966900   -0.0278140100    0.0271914700
   0.0000531600   -0.0000114900   -0.0000724300
   0.0000885700   -0.0007262900   -0.0000792800
   0.0009408200    0.0000121100   -0.0001964700
   0.0000528000   -0.0000425600   -0.0000322700
  -0.0000235500    0.0000238100    0.0000206100
   0.0000146500   -0.0000330100   -0.0000617400
   0.0000210900    0.0000161200    0.0000154600
  -0.0000035000    0.0001264400   -0.0000998600
  -0.0003689200   -0.0008737100    0.0004486800
  -0.0000193900   -0.0000070200   -0.0000222200
   0.0005526700   -0.0003753900    0.0000002700
   0.0074548200   -0.0434131200   -0.0270177500
   0.0000391700   -0.0001172800    0.0000528000
  -0.0001099600    0.0000778200    0.0001106800
   0.0000095500   -0.0000201700    0.0000745700
  -0.0000168300   -0.0000467500    0.0000791300
  -0.0000095100    0.0000447000   -0.0000142200

1    
 -0.0000038899402938   0.0000000000000000   0.0099999992434182
   0.0002362500   -0.0015471700   -0.2494715900
   0.0000002300    0.0000296300    0.0004847400
   0.0000208300    0.0000538500    0.0004849700
   0.0000235500   -0.0000630900    0.0003528800
   0.0000457900   -0.0000375300    0.0005755600
  -0.0000039900   -0.0000079000   -0.0000665900
  -0.0000671900    0.0000116700    0.0003532800
   0.0000017600    0.0000045100   -0.0000665900
   0.0000995900   -0.0000149400    0.0005766300
   0.0001234600   -0.0000564400    0.0000162100
  -0.0000323400   -0.0000016900   -0.0000157400
   0.0002768000   -0.0008671900   -0.0052638100
   0.0007425300   -0.0002379500   -0.0041747100
  -0.0000196800   -0.0000007100   -0.0000020300
  -0.0000965200    0.0000109600    0.0000113500
   0.0000023700    0.0000258800   -0.0000203600
   0.0000209100   -0.0000242200   -0.0000537300
   0.0000406000    0.0000104000    0.0000020700
   0.0003287800    0.0000085400   -0.0039458500
  -0.0000009200    0.0000231800   -0.0000693700
  -0.0003581300    0.0000676200   -0.0061853000
  -0.0000122000    0.0001321800    0.0001174300
  -0.0000076500    0.0000195400   -0.0000202600
   0.0000130700    0.0000257300    0.0000006100
   0.0000169900   -0.0000077500   -0.0000201600
  -0.0000123800   -0.0000137900    0.0000006600
  -0.0000064700    0.0000088800    0.0001179300
  -0.0002518000   -0.0010634400   -0.0062771000
   0.0000412700   -0.0000064000    0.0000392800
  -0.0000704600   -0.0000395300    0.0005227500
  -0.0011176100   -0.0000892700   -0.0071019700
   0.0000962400    0.0000400600    0.0003529200
   0.0000141700   -0.0000081600    0.0000049400
  -0.0000106800   -0.0000233300   -0.0000435400
  -0.0000094300    0.0000105500    0.0000555700
  -0.0000389600    0.0000034900   -0.0000107500
  -0.0000515000    0.0004538600    0.0007113100
  -0.0000004000   -0.0000246000   -0.0000001200
   0.0001785000    0.0006375700    0.0003865600
  -0.0002790800   -0.0307817100    0.0416561700
  -0.0001346800    0.0000134900   -0.0000633700
   0.0001262100    0.0000069700   -0.0000238600
   0.0000170200    0.0000090000   -0.0000127300
  -0.0000283700   -0.0000228200   -0.0000191400
  -0.0000040300   -0.0000336800    0.0000023000
   0.0003910500    0.0003003000    0.0005768400
   0.0000104500    0.0000100100    0.0000018500
  -0.0278515300   -0.0161386700    0.0438300100
   0.0004456100    0.0000932000    0.0005261100
  -0.0000219600   -0.0000141800    0.0000014800
  -0.0000880800    0.0001121500   -0.0000376200
  -0.0000081200   -0.0000097300    0.0000096900
   0.0000044000    0.0000037200    0.0000026100
   0.0000574900   -0.0001438900   -0.0000573800
  -0.0000398800    0.0000335600    0.0000359400
   0.0000509200    0.0000222800   -0.0000024000
  -0.0001223000   -0.0015695700    0.0023144700
   0.0015214600    0.0009404000    0.0017898500
   0.0000017100   -0.0000321700    0.0000095100
  -0.0013043600    0.0006815000    0.0024450800
   0.0000151600   -0.0000329100    0.0000221000
  -0.0000339800    0.0000204400    0.0000144100
   0.0000231700    0.0000125200    0.0000042600
  -0.0005286000   -0.0003048600    0.0006091700
   0.0000044100   -0.0000234500   -0.0000152100
   0.0282302300    0.0161619500    0.0423280400
  -0.0006672800   -0.0003896400    0.0003476300
   0.0000282000    0.0000174800    0.0000041700
   0.0000764400   -0.0001137100   -0.0000034900
   0.0000202600    0.0000071700    0.0000115700
  -0.0000048200    0.0000253100   -0.0000042500
  -0.0000578400    0.0001039900   -0.0000106000
  -0.0289779800    0.0161869000    0.0425011600
  -0.0000306100   -0.0000193500    0.0000005600
   0.0004622700    0.0000573400    0.0008233300
   0.0002456800   -0.0003042000    0.0008400100
  -0.0000374600   -0.0001686800   -0.0000603800
  -0.0000241600    0.0000115800    0.0000030000
   0.0000129800    0.0000188900    0.0000149600
  -0.0000272200    0.0000125000    0.0000035500
   0.0001067800    0.0000904000   -0.0000182500
   0.0000035800   -0.0000140100    0.0000856900
  -0.0000336800   -0.0000124500    0.0000317900
   0.0001389300    0.0018964900    0.0022549200
  -0.0018498000   -0.0008064600    0.0016894400
   0.0000001600    0.0000262000    0.0000156300
   0.0016834400   -0.0005468200    0.0023757300
  -0.0000186200    0.0000137700    0.0000829600
   0.0000291500   -0.0000168800    0.0000199800
  -0.0000218100   -0.0000113700    0.0000071000
   0.0285804200   -0.0161108500    0.0433881200
   0.0000070100    0.0000078600    0.0000117000
  -0.0003366200   -0.0000744500    0.0008045000
  -0.0000977400    0.0000702400    0.0009282100
   0.0000428700    0.0001537400   -0.0000724400
   0.0000198400   -0.0000126000   -0.0000009900
  -0.0000110700    0.0000036100    0.0000190400
   0.0000118000   -0.0000107800   -0.0000003700
  -0.0001256500   -0.0001243100   -0.0000650700
  -0.0000006800   -0.0002008300    0.0008748900
   0.0000000300    0.0000130200    0.0000129300
  -0.0001418600   -0.0002499800    0.0006922400
   0.0003801900    0.0337944000    0.0441082100
   0.0001339100   -0.0000398300   -0.0000467500
  -0.0001324400   -0.0000476700   -0.0000132100
  -0.0000040500   -0.0000206200    0.0000211300
   0.0000060400    0.0000021900    0.0000159000
   0.0000017300    0.0000255900   -0.0000004800

1    
  0.0000038899402938   0.0000000000000000  -0.0099999992434182
  -0.0001744400    0.0015614800    0.2495637000
  -0.0000054000   -0.0000342000   -0.0004850900
  -0.0000128000   -0.0000595600   -0.0004848400
  -0.0000122100    0.0000618200   -0.0003517900
  -0.0000507500    0.0000331600   -0.0005737500
   0.0000038600    0.0000079400    0.0000667500
   0.0000716100   -0.0000033300   -0.0003513200
  -0.0000021300   -0.0000047300    0.0000667400
  -0.0000976600    0.0000221200   -0.0005727300
  -0.0001254800    0.0000538900   -0.0000152800
   0.0000320000   -0.0000003400    0.0000159300
  -0.0002703500    0.0007152500    0.0052623100
  -0.0006319400    0.0002689900    0.0041985700
   0.0000196200    0.0000025300    0.0000024000
   0.0000976400   -0.0000117400   -0.0000117700
  -0.0000018400   -0.0000259700    0.0000202500
  -0.0000201300    0.0000233500    0.0000541600
  -0.0000412700   -0.0000116400   -0.0000024000
  -0.0002174100    0.0000744100    0.0039464300
   0.0000002500   -0.0000223500    0.0000695500
   0.0001690700    0.0000100900    0.0061863400
   0.0000067200   -0.0001330300   -0.0001187700
   0.0000092000   -0.0000206400    0.0000199100
  -0.0000152700   -0.0000258300   -0.0000013800
  -0.0000167500    0.0000081700    0.0000200000
   0.0000105400    0.0000142900   -0.0000012900
   0.0000057500   -0.0000118600   -0.0001184100
   0.0002660500    0.0008760500    0.0062805800
  -0.0000424300    0.0000054800   -0.0000393200
   0.0000716300    0.0000441900   -0.0005197200
   0.0009507700    0.0002252900    0.0071291300
  -0.0000898500   -0.0000354800   -0.0003537200
  -0.0000139500    0.0000106100   -0.0000048800
   0.0000099100    0.0000231000    0.0000439600
   0.0000085200   -0.0000113500   -0.0000553600
   0.0000410500   -0.0000039600    0.0000106000
   0.0000465600   -0.0004397900   -0.0007210400
   0.0000004100    0.0000250400    0.0000003100
  -0.0001707400   -0.0006155100   -0.0004034000
   0.0002632500    0.0318295300   -0.0426429600
   0.0001330100   -0.0000110200    0.0000626900
  -0.0001244800   -0.0000041100    0.0000236100
  -0.0000169300   -0.0000105300    0.0000127700
   0.0000275600    0.0000215600    0.0000189200
   0.0000040300    0.0000337800   -0.0000021800
  -0.0004038000   -0.0003044600   -0.0005648800
  -0.0000088100   -0.0000091600   -0.0000022800
   0.0269417400    0.0156200200   -0.0428642100
  -0.0004526700   -0.0001005400   -0.0005151900
   0.0000218800    0.0000140700   -0.0000014500
   0.0000861000   -0.0001149700    0.0000375000
   0.0000078700    0.0000096800   -0.0000094500
  -0.0000031800   -0.0000029300   -0.0000027700
  -0.0000604200    0.0001436100    0.0000575000
   0.0000411700   -0.0000343800   -0.0000345600
  -0.0000522000   -0.0000230000    0.0000035200
   0.0001253500    0.0015483700   -0.0023069200
  -0.0014994800   -0.0009295200   -0.0017871300
  -0.0000015800    0.0000318700   -0.0000094100
   0.0012923200   -0.0006719000   -0.0024466800
  -0.0000150500    0.0000345700   -0.0000206200
   0.0000337600   -0.0000201100   -0.0000143700
  -0.0000229000   -0.0000123400   -0.0000038800
   0.0005194900    0.0003013600   -0.0006184000
  -0.0000030100    0.0000241800    0.0000156300
  -0.0291391500   -0.0166631000   -0.0432620400
   0.0006520700    0.0003767100   -0.0003647400
  -0.0000282500   -0.0000176100   -0.0000040500
  -0.0000791700    0.0001111400    0.0000028700
  -0.0000206000   -0.0000073500   -0.0000114500
   0.0000058700   -0.0000237700    0.0000045800
   0.0000541200   -0.0001043000    0.0000100000
   0.0299239000   -0.0167317500   -0.0433876300
   0.0000291600    0.0000197700   -0.0000002800
  -0.0004457300   -0.0000603000   -0.0008349900
  -0.0002325700    0.0002899400   -0.0008518400
   0.0000387900    0.0001662000    0.0000596500
   0.0000243600   -0.0000117500   -0.0000028600
  -0.0000144100   -0.0000175900   -0.0000147200
   0.0000275000   -0.0000126900   -0.0000031500
  -0.0001033600   -0.0000896100    0.0000178600
  -0.0000017100    0.0000129000   -0.0000867200
   0.0000316600    0.0000111300   -0.0000330900
  -0.0001339000   -0.0019022800   -0.0022528500
   0.0018620700    0.0008135500   -0.0016923000
   0.0000000300   -0.0000265900   -0.0000156800
  -0.0016825000    0.0005528300   -0.0023752900
   0.0000185600   -0.0000118700   -0.0000839800
  -0.0000293700    0.0000169800   -0.0000198300
   0.0000221000    0.0000113400   -0.0000072600
  -0.0276662000    0.0155586200   -0.0425104700
  -0.0000087800   -0.0000071900   -0.0000119400
   0.0003575200    0.0000698400   -0.0007907800
   0.0001032100   -0.0000797100   -0.0009222800
  -0.0000423900   -0.0001566800    0.0000729400
  -0.0000197100    0.0000125100    0.0000010000
   0.0000095500   -0.0000030700   -0.0000189700
  -0.0000115700    0.0000107500    0.0000002000
   0.0001278200    0.0001250500    0.0000650500
  -0.0000033500    0.0002103300   -0.0008696300
   0.0000000000   -0.0000126700   -0.0000129200
   0.0001465500    0.0002660100   -0.0006796300
  -0.0004076000   -0.0327363000   -0.0432922500
  -0.0001358200    0.0000419100    0.0000474200
   0.0001341100    0.0000498400    0.0000130600
   0.0000035200    0.0000187900   -0.0000214400
  -0.0000059600   -0.0000040100   -0.0000163000
  -0.0000017500   -0.0000254100    0.0000006600

10   
 -0.0049981448375870   0.0086613248514591   0.0000000000000000
   0.0004341100    0.0009905400   -0.0001096700
  -0.0102857500   -0.0009581200   -0.0008202700
   0.0000260900   -0.0000311200    0.0000153700
  -0.0000137500    0.0000631600    0.0000212100
  -0.0000162200    0.0001142000   -0.0000111500
   0.0001222200    0.0001485400   -0.0000305200
   0.0093431500    0.0104279100   -0.0005560700
   0.0004648400    0.0008383000    0.0000588900
  -0.0000721500   -0.0000723200    0.0000082100
   0.1091036900   -0.1914001700   -0.0012667100
  -0.0007770700   -0.0005795600   -0.0000312800
  -0.0005060600   -0.0004175700    0.0000233300
  -0.0007180400    0.0012518300   -0.0000062100
   0.0007692100    0.0005559100   -0.0000275200
  -0.0000276800    0.0000555600    0.0000031500
  -0.0005587900    0.0012971400    0.0000088300
  -0.0000277900    0.0000555200   -0.0000060600
   0.0006201100    0.0004639400   -0.0000502000
   0.0059769400    0.0100206400    0.0005523400
  -0.0009469200    0.0015901900   -0.0000138300
  -0.0000896700   -0.0000194300    0.0000166100
  -0.0001882300    0.0002646500    0.0000100800
   0.0000325400    0.0000042900   -0.0000296500
   0.0000499500    0.0000870900   -0.0000234200
  -0.0132994300    0.0024001400   -0.0001394900
  -0.0000056100   -0.0000052200    0.0000111700
  -0.0011125100    0.0015870600    0.0000378300
  -0.0120914800   -0.0020872200    0.0004063000
   0.0053309800    0.0071635700   -0.0001395200
  -0.0001015200   -0.0000062800    0.0000069900
   0.0000211300   -0.0000332400    0.0000092700
  -0.0009775500   -0.0002174500    0.0000710800
  -0.0000263800   -0.0000775300   -0.0000192300
  -0.0007488200   -0.0002062400   -0.0000057700
  -0.0000415600    0.0000475400    0.0000308600
   0.0000385400    0.0000749400   -0.0000431300
  -0.0064500200    0.0104761500    0.0003541100
  -0.0004280600   -0.0000621000   -0.0000956000
   0.0000149300    0.0000248200   -0.0000205700
   0.0001871100   -0.0000467800    0.0000449700
   0.0006228400    0.0005793400    0.0004263300
   0.0000138000   -0.0000261000    0.0000004300
  -0.0001095400   -0.0001466000   -0.0000360700
   0.0000214100   -0.0000410100    0.0000039300
  -0.0000307400   -0.0000515200    0.0000499300
  -0.0066821200    0.0400853300    0.0288486800
  -0.0000241700    0.0000977300   -0.0000351700
   0.0001154900   -0.0001329900   -0.0000938000
   0.0000109600   -0.0000078900   -0.0000196800
   0.0000234000    0.0000306900   -0.0000612800
   0.0000237400   -0.0000641200    0.0000184700
   0.0004250500    0.0011438900    0.0004306400
   0.0000263600    0.0000107900    0.0000048900
  -0.0006954400    0.0003182400    0.0001297500
  -0.0285704200    0.0241684100   -0.0268159800
  -0.0000279100    0.0000077100    0.0000528800
   0.0000256400    0.0006973800   -0.0001808600
  -0.0012791600    0.0001832100   -0.0005917300
  -0.0000853300   -0.0000218800    0.0000149600
   0.0000215400   -0.0000347400   -0.0000237600
  -0.0000001600   -0.0000056800    0.0000018900
  -0.0000180200   -0.0000160700   -0.0000030400
   0.0000725900   -0.0001241200    0.0000478200
  -0.0057347300    0.0404114500   -0.0286522500
  -0.0000687300    0.0000402300    0.0000292900
   0.0001308600   -0.0000636300    0.0000977900
  -0.0000139200    0.0000046500    0.0000545900
   0.0000185600    0.0000513400    0.0000522400
   0.0000081700   -0.0000658600   -0.0000233200
   0.0004671700    0.0007658200   -0.0000756600
   0.0000317200    0.0000150600    0.0000001100
  -0.0007315400    0.0003239500   -0.0001154400
  -0.0027060500   -0.0008708800   -0.0003817400
   0.0020301500   -0.0033414500   -0.0001697800
   0.0000224100   -0.0000274300    0.0000107900
   0.0000353500   -0.0000468900    0.0000023800
   0.0000224900   -0.0000748200   -0.0000399000
  -0.0000014600   -0.0000244100    0.0000022900
   0.0019800400    0.0014523700    0.0003920500
   0.0000512900   -0.0000454600    0.0000225300
   0.0000056200   -0.0000284500   -0.0000300000
  -0.0351146100    0.0297437400    0.0286074800
  -0.0000409000    0.0000076000   -0.0000691800
  -0.0001734400    0.0004610200   -0.0000793500
  -0.0012550800    0.0002844400   -0.0001512100
  -0.0000438400    0.0000880500   -0.0000222200
   0.0000389900   -0.0000350800    0.0000223500
  -0.0000409800    0.0000234800   -0.0000479300
  -0.0000185400   -0.0000132300    0.0000234900
   0.0000266400   -0.0001538100   -0.0000916500
  -0.0025217300   -0.0009414500    0.0007956600
   0.0022545600   -0.0034806600    0.0001295900
   0.0000200000   -0.0000152900   -0.0000139000
   0.0000163800   -0.0000349600   -0.0000040200
   0.0000171500   -0.0000981800    0.0000092000
  -0.0000049100   -0.0000355300    0.0000103800
   0.0021075200    0.0013904700   -0.0004793500
   0.0000743600   -0.0000469400   -0.0000401600
   0.0000249600   -0.0000214600    0.0000075200
  -0.0078346800    0.0140386700   -0.0002721700
  -0.0007325900   -0.0003126000   -0.0000407900
   0.0000087300    0.0000026200    0.0000151500
   0.0002024800    0.0000592500   -0.0000435300
   0.0006514800    0.0004341500    0.0001335800
   0.0000094400   -0.0000225400   -0.0000078100
  -0.0001583800   -0.0001706700    0.0000455000
   0.0000213100   -0.0000343300    0.0000008100
   0.0000140200   -0.0000255700   -0.0000273200

10   
  0.0049981448375870  -0.0086613248514591   0.0000000000000000
  -0.0004078000   -0.0009843200    0.0001100600
   0.0102944800    0.0011140100    0.0008312700
  -0.0000262600    0.0000325200   -0.0000161200
   0.0000117700   -0.0000632400   -0.0000215600
   0.0000156300   -0.0001143600    0.0000107100
  -0.0001221300   -0.0001511200    0.0000311000
  -0.0094219600   -0.0104790700    0.0005626900
  -0.0004782400   -0.0008516700   -0.0000581800
   0.0000710100    0.0000704500   -0.0000085300
  -0.1106025900    0.1908731500    0.0014721100
   0.0007918500    0.0005748600    0.0000317100
   0.0004931800    0.0004081700   -0.0000238600
   0.0006936900   -0.0012225300    0.0000008400
  -0.0007636300   -0.0005441200    0.0000302500
   0.0000283300   -0.0000557300   -0.0000030300
   0.0005718400   -0.0013395000   -0.0000124200
   0.0000282300   -0.0000557400    0.0000061400
  -0.0006315600   -0.0004738300    0.0000512200
  -0.0060478800   -0.0094444800   -0.0005494400
   0.0009158900   -0.0016054100    0.0000157300
   0.0000879100    0.0000189300   -0.0000160400
   0.0001884400   -0.0002645200   -0.0000104900
  -0.0000310400   -0.0000048700    0.0000302900
  -0.0000510100   -0.0000899300    0.0000235000
   0.0138162600   -0.0027760400    0.0001186500
   0.0000058200    0.0000059100   -0.0000113400
   0.0010995400   -0.0015912200   -0.0000387200
   0.0120082000    0.0020240100   -0.0003996000
  -0.0051806200   -0.0072274100    0.0001376400
   0.0001000100    0.0000070100   -0.0000070800
  -0.0000214900    0.0000316900   -0.0000095500
   0.0009629900    0.0002061000   -0.0000698700
   0.0000280300    0.0000764400    0.0000191900
   0.0007625000    0.0002220100    0.0000055900
   0.0000417600   -0.0000485200   -0.0000312900
  -0.0000398000   -0.0000739800    0.0000434000
   0.0062273300   -0.0105809000   -0.0005503800
   0.0004243800    0.0000584400    0.0000953400
  -0.0000150700   -0.0000250400    0.0000201400
  -0.0001860000    0.0000494000   -0.0000460200
  -0.0006319600   -0.0005856800   -0.0004287700
  -0.0000135800    0.0000257900   -0.0000004200
   0.0001130600    0.0001469000    0.0000360200
  -0.0000209600    0.0000409400   -0.0000040800
   0.0000312200    0.0000522700   -0.0000507000
   0.0066818700   -0.0392345400   -0.0279366900
   0.0000271200   -0.0000982000    0.0000350700
  -0.0001156900    0.0001304000    0.0000940000
  -0.0000094500    0.0000084900    0.0000202700
  -0.0000234400   -0.0000303300    0.0000609200
  -0.0000237000    0.0000637700   -0.0000184300
  -0.0004229600   -0.0011488900   -0.0004214500
  -0.0000258400   -0.0000111300   -0.0000048400
   0.0006961100   -0.0003103600   -0.0001530700
   0.0292759500   -0.0245784000    0.0277026500
   0.0000285800   -0.0000081100   -0.0000529300
  -0.0000215500   -0.0007004400    0.0001615900
   0.0012760700   -0.0001772800    0.0006001100
   0.0000869700    0.0000237400   -0.0000154800
  -0.0000211900    0.0000343400    0.0000237200
   0.0000017200    0.0000060800   -0.0000013800
   0.0000184000    0.0000159600    0.0000030000
  -0.0000735300    0.0001246800   -0.0000478400
   0.0057464400   -0.0395619400    0.0276969700
   0.0000714400   -0.0000410400   -0.0000292200
  -0.0001327900    0.0000624800   -0.0000982800
   0.0000147200   -0.0000038100   -0.0000535800
  -0.0000190300   -0.0000511000   -0.0000524900
  -0.0000080600    0.0000656000    0.0000234000
  -0.0004620700   -0.0007740000    0.0000682100
  -0.0000312000   -0.0000151500    0.0000000100
   0.0007321700   -0.0003142400    0.0001374500
   0.0027008800    0.0008430600    0.0003688300
  -0.0020504000    0.0033226600    0.0001660800
  -0.0000220300    0.0000270100   -0.0000105400
  -0.0000345100    0.0000467100   -0.0000017300
  -0.0000219600    0.0000760200    0.0000382900
   0.0000017100    0.0000242300   -0.0000020700
  -0.0020079300   -0.0014498500   -0.0004153800
  -0.0000494200    0.0000446000   -0.0000244500
  -0.0000081400    0.0000264500    0.0000257300
   0.0360942900   -0.0303092900   -0.0296553800
   0.0000411600   -0.0000084500    0.0000696800
   0.0001775700   -0.0004617900    0.0001080700
   0.0012473700   -0.0002732200    0.0001444400
   0.0000454900   -0.0000865500    0.0000230700
  -0.0000389400    0.0000346900   -0.0000223200
   0.0000428100   -0.0000234600    0.0000491700
   0.0000187700    0.0000131100   -0.0000232800
  -0.0000275600    0.0001531500    0.0000916300
   0.0025091400    0.0009093900   -0.0007815600
  -0.0022770900    0.0034670000   -0.0001250200
  -0.0000196700    0.0000150000    0.0000138500
  -0.0000157000    0.0000348800    0.0000034300
  -0.0000163000    0.0000993500   -0.0000078000
   0.0000052600    0.0000354000   -0.0000104100
  -0.0021424400   -0.0013845000    0.0005008900
  -0.0000727900    0.0000463100    0.0000420400
  -0.0000272800    0.0000189300   -0.0000040700
   0.0075779000   -0.0141753600    0.0004600000
   0.0007277900    0.0003141600    0.0000377200
  -0.0000081400   -0.0000027700   -0.0000156900
  -0.0002006900   -0.0000558800    0.0000437500
  -0.0006540200   -0.0004366700   -0.0001339700
  -0.0000090800    0.0000223700    0.0000079500
   0.0001617300    0.0001714300   -0.0000452600
  -0.0000209800    0.0000342900   -0.0000005900
  -0.0000136200    0.0000252900    0.0000271800

10   
 -0.0000038899402938   0.0000000000000000   0.0099999992434182
  -0.0000812900    0.0000526600    0.0000157400
   0.0007936100    0.0000818600   -0.0052651200
  -0.0000044000   -0.0000111300   -0.0000159600
  -0.0000291900    0.0000179200   -0.0000199500
  -0.0000125700    0.0000125000    0.0000021900
   0.0000130900    0.0000055100   -0.0000538000
   0.0007064300   -0.0003677100   -0.0041738100
  -0.0000261100   -0.0000052800    0.0000128800
   0.0000002100   -0.0000064200   -0.0000021800
   0.0028205900   -0.0000068200   -0.2485733200
   0.0000031300    0.0000280300    0.0004067800
   0.0000116600   -0.0000354700    0.0004055800
   0.0000434600    0.0000326000    0.0005583000
   0.0000368000   -0.0000387500    0.0005620300
   0.0000121700   -0.0000000400   -0.0000638800
   0.0000317000    0.0000189700    0.0005589800
  -0.0000062100    0.0000001400   -0.0000638800
   0.0000331500   -0.0000109400    0.0005613700
   0.0006452800    0.0000041300   -0.0052606400
  -0.0000788200   -0.0000512500    0.0000157100
  -0.0000056900    0.0000126900   -0.0000156600
   0.0000119300   -0.0000057200   -0.0000540800
  -0.0000135600   -0.0000119200    0.0000022400
  -0.0000279600   -0.0000190200   -0.0000206500
   0.0006830400    0.0002351200   -0.0041994600
  -0.0000001200    0.0000060900   -0.0000022200
  -0.0000262500    0.0000085200    0.0000102500
   0.0002708400    0.0002322300   -0.0061796500
   0.0004341500   -0.0001434400   -0.0062050500
   0.0000259200    0.0000005200   -0.0000233800
  -0.0000082600   -0.0000379000   -0.0000137200
  -0.0000012700   -0.0000022000    0.0004210100
  -0.0000068000    0.0000369700   -0.0000142500
   0.0000295600   -0.0000039700    0.0002414800
   0.0000095600   -0.0000349400    0.0000553200
   0.0000095200    0.0000364400    0.0000552500
   0.0265381100    0.0157134300    0.0415515100
  -0.0003307500   -0.0001524300    0.0006748400
   0.0000060700   -0.0000107000   -0.0000121900
   0.0000631600   -0.0001418600   -0.0000379500
  -0.0004077000   -0.0005377700    0.0004489800
   0.0000250600    0.0000137700    0.0000007700
  -0.0000999000    0.0001076200   -0.0000478700
   0.0000190500    0.0000061900   -0.0000033700
   0.0000023100    0.0000340000   -0.0000184300
   0.0001746900    0.0334314300    0.0430284400
   0.0001604300   -0.0000003300   -0.0000114500
  -0.0001266700   -0.0000093500    0.0000035800
  -0.0000218500    0.0000064500   -0.0000015000
   0.0000142200   -0.0000005400   -0.0000111600
   0.0000002300    0.0000288200    0.0000028000
   0.0000691100   -0.0007351000    0.0004073400
   0.0000074000    0.0000179300    0.0000080400
   0.0000277500   -0.0005034700    0.0005966900
   0.0274755600   -0.0162423800    0.0425630500
   0.0000047900    0.0000112400   -0.0000119800
  -0.0003159200    0.0001509100    0.0006845900
  -0.0003905200    0.0005172000    0.0004659100
   0.0000645400    0.0001391200   -0.0000376500
   0.0000252500   -0.0000139200    0.0000007000
   0.0000013800   -0.0000326800   -0.0000181900
   0.0000192600   -0.0000065200   -0.0000035000
  -0.0000967300   -0.0001073000   -0.0000472900
   0.0001596800   -0.0323733100    0.0420761300
  -0.0001287300    0.0000130900    0.0000030400
   0.0001613600    0.0000038700   -0.0000121500
   0.0000143300   -0.0000009000   -0.0000110400
  -0.0000228600   -0.0000085000   -0.0000012900
   0.0000002700   -0.0000287200    0.0000028600
   0.0000250400    0.0005124100    0.0005872900
   0.0000074600   -0.0000178200    0.0000080100
   0.0000741300    0.0007575200    0.0003894700
   0.0012751200   -0.0011024500    0.0022122700
  -0.0014575600   -0.0009311700    0.0022944100
   0.0000003800    0.0000304400    0.0000074800
  -0.0000282800   -0.0000173200    0.0000188100
   0.0000003400    0.0000184700    0.0000518200
   0.0000288200   -0.0000164400    0.0000159100
  -0.0002530500    0.0018948400    0.0017379900
  -0.0000073100    0.0000168900    0.0000923500
  -0.0000079900    0.0000102200    0.0001055200
  -0.0294182600    0.0175932700    0.0430627600
  -0.0000112600   -0.0000204700    0.0000190000
   0.0003595600   -0.0000615400    0.0007672700
   0.0001680900   -0.0003741900    0.0007528100
  -0.0000138400   -0.0001429900    0.0000104600
  -0.0000228500    0.0000126800   -0.0000000100
   0.0000009800    0.0000296500    0.0000056700
  -0.0000169200    0.0000120300    0.0000106800
   0.0001336600    0.0000990100   -0.0000288600
  -0.0014663900    0.0009322000    0.0022894400
   0.0012875900    0.0011042000    0.0022191900
   0.0000002100   -0.0000308100    0.0000076000
   0.0000289900    0.0000164600    0.0000158000
   0.0000002900   -0.0000163600    0.0000530900
  -0.0000287400    0.0000172700    0.0000189200
  -0.0002516400   -0.0019121500    0.0017392400
  -0.0000063600   -0.0000111000    0.0001066600
  -0.0000091600   -0.0000180300    0.0000936100
  -0.0303476000   -0.0181317800    0.0438781900
   0.0003416800    0.0000572900    0.0007784300
  -0.0000094800    0.0000213600    0.0000186100
  -0.0000150200    0.0001395100    0.0000111200
   0.0001571200    0.0003627800    0.0007642300
  -0.0000231900   -0.0000128800   -0.0000000200
   0.0001305500   -0.0000991200   -0.0000277500
  -0.0000171500   -0.0000122800    0.0000104700
   0.0000023600   -0.0000289000    0.0000054100

28   
 -0.0049981448375870   0.0086613248514591   0.0000000000000000
   0.0043113600    0.0126314200   -0.0007111000
  -0.0008852000    0.0016589300   -0.0000016100
  -0.0000373600    0.0000023100   -0.0000259800
  -0.0000844700    0.0001632200   -0.0000148900
  -0.0000297100   -0.0000450200    0.0000232400
   0.0000292100    0.0000296200    0.0000139600
  -0.0101854600   -0.0010421600    0.0003896900
   0.0000334000   -0.0000140800   -0.0000147700
  -0.0007280500    0.0012923600   -0.0000132200
   0.0046888600    0.0075117900   -0.0000094400
  -0.0001013700   -0.0000064600   -0.0000129100
  -0.0114446700   -0.0024434200   -0.0003463700
  -0.0007619500   -0.0002193100   -0.0000157900
  -0.0000235500    0.0000366600    0.0000261700
   0.0000212900    0.0000831700   -0.0000355800
  -0.0000413800   -0.0000691900   -0.0000286300
   0.0000349900   -0.0000417400    0.0000362200
  -0.0009634600   -0.0002038500    0.0000012400
  -0.0079432200    0.0005409400    0.0009626400
  -0.0000026100    0.0000376200   -0.0000157200
   0.0005873900    0.0007417900    0.0000722800
   0.0000671000   -0.0000061300    0.0000169300
   0.0000711200    0.0000496900    0.0000250500
  -0.0000639200    0.0000327900   -0.0000045100
   0.0004844200    0.0004882400   -0.0000794700
  -0.0000311300   -0.0000593600    0.0000009800
   0.0067415100    0.0074470200    0.0006522200
   0.1125776900   -0.1978132600    0.0014915300
  -0.0006711800   -0.0005229400    0.0000561700
  -0.0002230200   -0.0002575200   -0.0000499100
  -0.0006874100    0.0004907200    0.0000698300
   0.0007670500    0.0002373300   -0.0000831300
  -0.0000108600    0.0000203800   -0.0000021400
  -0.0001655100    0.0007538900   -0.0000412200
  -0.0000107100    0.0000204700    0.0000037500
   0.0002534100   -0.0000640800    0.0000417300
  -0.0298261700    0.0242224600    0.0281952300
  -0.0000634400   -0.0000087300   -0.0000639800
   0.0001931900    0.0006782600    0.0002201100
  -0.0009658300   -0.0001496800    0.0003912800
  -0.0000535300   -0.0000209100   -0.0000486300
   0.0000079300   -0.0000162000    0.0000138000
  -0.0000500400    0.0000549700   -0.0000149400
  -0.0000164800   -0.0000014600   -0.0000032000
   0.0000812600   -0.0000500900   -0.0000961600
   0.0018875400   -0.0032999900   -0.0000238800
   0.0000263400   -0.0000195100   -0.0000039800
  -0.0028388000   -0.0006222000    0.0006385600
   0.0000106600   -0.0000224200    0.0000446600
   0.0000003000   -0.0000202500    0.0000081500
   0.0000315300   -0.0000486000    0.0000060400
   0.0000294600   -0.0000217100   -0.0000296200
   0.0000089500   -0.0000294400    0.0000027300
   0.0017084100    0.0022999900   -0.0006713000
  -0.0004985400   -0.0002320500    0.0001451000
  -0.0000130600   -0.0000281300    0.0000455100
  -0.0061532600    0.0096409300    0.0006307200
   0.0004840000    0.0003337600   -0.0002818700
   0.0000133900   -0.0000126400    0.0000027600
   0.0001365400   -0.0000140300   -0.0000447800
   0.0000115500   -0.0000208000    0.0000010300
   0.0000197700    0.0000103700   -0.0000391000
  -0.0000592600   -0.0000824100    0.0000636300
   0.0019967800   -0.0034273600    0.0001157300
   0.0000290600   -0.0000101000    0.0000112200
  -0.0027104500   -0.0007379200   -0.0010062000
   0.0000149200   -0.0000415300   -0.0000305000
  -0.0000045600   -0.0000266500   -0.0000207100
   0.0000163000   -0.0000385900    0.0000010400
   0.0000437900   -0.0000403100    0.0000506900
   0.0000217600   -0.0000175100    0.0000140300
   0.0019248200    0.0022508900    0.0007466800
  -0.0083947000    0.0458019600   -0.0311288500
   0.0000115600    0.0000584300    0.0000830000
   0.0000292600   -0.0001357700    0.0001378800
  -0.0000271100    0.0001097900    0.0000256600
   0.0000390300    0.0000437100    0.0000894900
   0.0000056200   -0.0000139700   -0.0000105200
   0.0005611100    0.0011129700   -0.0002337800
   0.0000155100    0.0000112200   -0.0000133100
  -0.0005131600    0.0002848000   -0.0000691200
  -0.0007744000   -0.0004946200    0.0000724900
  -0.0000192600   -0.0000381200   -0.0000313300
  -0.0076018100    0.0131240900   -0.0005706200
   0.0005815200    0.0002602500   -0.0003073800
   0.0000059500   -0.0000057000    0.0000004100
   0.0001285500    0.0000801300    0.0000581600
   0.0000105500   -0.0000220100   -0.0000026900
   0.0000558500    0.0000226300    0.0000190000
  -0.0001057000   -0.0000784500   -0.0000585000
  -0.0068877700    0.0464131200    0.0312632400
  -0.0000422100   -0.0000002200   -0.0000794300
   0.0000358700   -0.0000695700   -0.0001251600
  -0.0000288200    0.0001001600   -0.0000562900
   0.0000355700    0.0000814400   -0.0000653000
   0.0000028100   -0.0000191100    0.0000138700
   0.0005757000    0.0007794800   -0.0000974800
   0.0000144200    0.0000109000    0.0000113000
  -0.0005068400    0.0002860000   -0.0000357800
  -0.0371901900    0.0298224500   -0.0308165500
  -0.0000873500    0.0000094300    0.0000750700
   0.0000624700    0.0005404900   -0.0000661700
  -0.0009912500   -0.0000170800    0.0002996000
  -0.0000026700    0.0000675600    0.0000973600
   0.0000230200   -0.0000166300   -0.0000078600
  -0.0000755000    0.0000677100    0.0000714500
  -0.0000118000   -0.0000050300   -0.0000158900
   0.0000487000   -0.0000646600    0.0001269700

28   
  0.0049981448375870  -0.0086613248514591   0.0000000000000000
  -0.0043790100   -0.0119971700    0.0007065700
   0.0008578700   -0.0016759500    0.0000006100
   0.0000363600   -0.0000007400    0.0000262200
   0.0000853500   -0.0001631800    0.0000151200
   0.0000308600    0.0000450900   -0.0000230900
  -0.0000288200   -0.0000310500   -0.0000141900
   0.0106526200    0.0007313000   -0.0003633200
  -0.0000313500    0.0000139700    0.0000153500
   0.0007239900   -0.0012980900    0.0000149800
  -0.0045469400   -0.0076152600    0.0000138000
   0.0001004100    0.0000070600    0.0000130500
   0.0113786300    0.0024047000    0.0003397500
   0.0007495600    0.0002096500    0.0000143900
   0.0000247600   -0.0000386900   -0.0000261000
  -0.0000219600   -0.0000855100    0.0000357900
   0.0000416300    0.0000688400    0.0000288800
  -0.0000362700    0.0000401200   -0.0000361400
   0.0009772000    0.0002203100    0.0000008000
   0.0079411900   -0.0003459700   -0.0009696800
   0.0000016800   -0.0000355800    0.0000158100
  -0.0005686200   -0.0007407600   -0.0000717600
  -0.0000669300    0.0000057500   -0.0000166400
  -0.0000707800   -0.0000509100   -0.0000255000
   0.0000622300   -0.0000324400    0.0000052300
  -0.0004984100   -0.0004933900    0.0000786400
   0.0000290900    0.0000576700   -0.0000010600
  -0.0068203500   -0.0074893900   -0.0006593400
  -0.1142219100    0.1966534900   -0.0017630000
   0.0006881800    0.0005218700   -0.0000573400
   0.0002083600    0.0002515900    0.0000501600
   0.0006626800   -0.0004644900   -0.0000644200
  -0.0007610500   -0.0002218000    0.0000804400
   0.0000113400   -0.0000201800    0.0000021300
   0.0001749200   -0.0007841200    0.0000437400
   0.0000115200   -0.0000201200   -0.0000038100
  -0.0002651000    0.0000594900   -0.0000412000
   0.0305702500   -0.0246372300   -0.0291710800
   0.0000640200    0.0000082000    0.0000638400
  -0.0001893600   -0.0006808000   -0.0002011300
   0.0009580600    0.0001553100   -0.0004000800
   0.0000540300    0.0000223600    0.0000483300
  -0.0000075900    0.0000161500   -0.0000137900
   0.0000516300   -0.0000552100    0.0000150800
   0.0000166800    0.0000014500    0.0000032400
  -0.0000822400    0.0000501500    0.0000964200
  -0.0019061800    0.0032860400    0.0000348400
  -0.0000258800    0.0000189700    0.0000038100
   0.0028318500    0.0005942900   -0.0006123000
  -0.0000101600    0.0000232100   -0.0000428700
  -0.0000002300    0.0000206100   -0.0000083300
  -0.0000304600    0.0000492400   -0.0000063700
  -0.0000283600    0.0000217400    0.0000311900
  -0.0000106800    0.0000283900   -0.0000002400
  -0.0017365100   -0.0022928600    0.0006942600
   0.0004974500    0.0002291600   -0.0001461400
   0.0000134400    0.0000277400   -0.0000447000
   0.0059416500   -0.0097701000   -0.0004390900
  -0.0004851800   -0.0003351000    0.0002780200
  -0.0000131000    0.0000126000   -0.0000029700
  -0.0001359700    0.0000163400    0.0000466700
  -0.0000110500    0.0000209100   -0.0000007000
  -0.0000193700   -0.0000098300    0.0000395600
   0.0000621000    0.0000815600   -0.0000622900
  -0.0020202400    0.0034169200   -0.0001279900
  -0.0000287000    0.0000096300   -0.0000111800
   0.0026942000    0.0007053600    0.0009792300
  -0.0000142000    0.0000423500    0.0000288600
   0.0000046700    0.0000270900    0.0000207000
  -0.0000153000    0.0000392000   -0.0000006600
  -0.0000428800    0.0000403700   -0.0000522900
  -0.0000232200    0.0000164900   -0.0000159600
  -0.0019581900   -0.0022372200   -0.0007673500
   0.0084116900   -0.0446759400    0.0300151000
  -0.0000091200   -0.0000588000   -0.0000822600
  -0.0000297000    0.0001341900   -0.0001369000
   0.0000279100   -0.0001082300   -0.0000252600
  -0.0000389300   -0.0000432000   -0.0000888800
  -0.0000053600    0.0000137700    0.0000103400
  -0.0005614100   -0.0011262700    0.0002232600
  -0.0000153500   -0.0000115300    0.0000133700
   0.0005134300   -0.0002820900    0.0000896700
   0.0007735000    0.0004968800   -0.0000689600
   0.0000201300    0.0000385000    0.0000314300
   0.0073547500   -0.0133002900    0.0003889700
  -0.0005777100   -0.0002609600    0.0003133500
  -0.0000053500    0.0000058300   -0.0000003100
  -0.0001273700   -0.0000774000   -0.0000594400
  -0.0000101300    0.0000221500    0.0000025000
  -0.0000554700   -0.0000232100   -0.0000190300
   0.0001084600    0.0000775300    0.0000566100
   0.0069203700   -0.0452822800   -0.0301045300
   0.0000443000    0.0000000100    0.0000788100
  -0.0000378200    0.0000690300    0.0001240400
   0.0000292700   -0.0000986100    0.0000546200
  -0.0000356400   -0.0000810200    0.0000651700
  -0.0000026200    0.0000189800   -0.0000138700
  -0.0005740400   -0.0007936400    0.0001065200
  -0.0000142400   -0.0000110000   -0.0000114400
   0.0005063700   -0.0002841500    0.0000131500
   0.0382640300   -0.0304337100    0.0320046800
   0.0000877800   -0.0000102000   -0.0000754400
  -0.0000585400   -0.0005411300    0.0000373600
   0.0009797900    0.0000270900   -0.0002887500
   0.0000033000   -0.0000662500   -0.0000975000
  -0.0000231700    0.0000165700    0.0000077600
   0.0000772500   -0.0000685200   -0.0000729800
   0.0000118900    0.0000050200    0.0000156200
  -0.0000501500    0.0000633100   -0.0001281200

28   
 -0.0000038899402938   0.0000000000000000   0.0099999992434182
  -0.0008393300    0.0002093800   -0.0062785200
   0.0000492000    0.0000782900    0.0005210400
  -0.0000028600   -0.0000222500    0.0000392200
  -0.0000059300    0.0000096800   -0.0000436200
   0.0000182500    0.0000130900   -0.0000107800
   0.0000228400    0.0000212100    0.0000555600
  -0.0007280800   -0.0007896400   -0.0071047800
   0.0000011500   -0.0000101900    0.0000050500
   0.0000265900    0.0000147900    0.0003550900
  -0.0001874800    0.0003476400   -0.0061831100
  -0.0000141400    0.0000005200   -0.0000233700
  -0.0003459900   -0.0002856200   -0.0062018500
   0.0000109000   -0.0000005000    0.0002412800
   0.0000128000   -0.0000436100    0.0000555600
   0.0000116200    0.0000422300    0.0000547600
   0.0000103200    0.0000166700   -0.0000140800
   0.0000093400   -0.0000163600   -0.0000141400
  -0.0001417000    0.0000008700    0.0004209400
  -0.0006908300   -0.0000767400   -0.0062793600
  -0.0000037000    0.0000240700    0.0000391600
   0.0000470600   -0.0000777600    0.0005214800
   0.0000189300   -0.0000122100   -0.0000108400
  -0.0000053300   -0.0000104000   -0.0000437900
   0.0000214800   -0.0000210200    0.0000551400
   0.0000243000   -0.0000160500    0.0003511500
   0.0000003900    0.0000085300    0.0000045100
  -0.0007872000    0.0005757800   -0.0071256500
  -0.0031655900    0.0000191900   -0.2509653300
  -0.0000101900   -0.0000644600    0.0007188600
  -0.0000037600    0.0000589800    0.0007209100
   0.0000050100   -0.0000486600    0.0006501300
  -0.0000030700    0.0000478700    0.0006476400
  -0.0000076000   -0.0000000200   -0.0000699300
   0.0000165600    0.0000912100    0.0006494100
   0.0000042800    0.0000000400   -0.0000699300
   0.0000127300   -0.0000814000    0.0006484400
  -0.0270295400    0.0155851100    0.0422684700
  -0.0000154100   -0.0000070400   -0.0000208100
   0.0005338700   -0.0001534800    0.0006213500
   0.0004327200   -0.0004689800    0.0007105700
  -0.0001398400   -0.0001904800   -0.0001089400
  -0.0000281500    0.0000110000   -0.0000086200
   0.0000117900    0.0000117200   -0.0000218100
  -0.0000214100    0.0000072500   -0.0000019400
   0.0000955400    0.0001947100   -0.0000947000
   0.0019530600    0.0010450300    0.0021036600
   0.0000017700   -0.0000402200    0.0000045200
  -0.0018195800    0.0012713100    0.0020655200
  -0.0000029600   -0.0000657700    0.0000068000
  -0.0000272400    0.0000182300    0.0000007500
   0.0000268100    0.0000153100    0.0000046800
  -0.0000512600    0.0000321200   -0.0000081900
   0.0000521600    0.0000361400    0.0000161100
   0.0002811500   -0.0021745000    0.0022354400
   0.0005231400    0.0001522800    0.0006321400
  -0.0000143600    0.0000076100   -0.0000209100
  -0.0279775100   -0.0161416400    0.0432646300
   0.0004239100    0.0004593100    0.0007217500
  -0.0000281300   -0.0000109700   -0.0000087900
  -0.0001406700    0.0001887200   -0.0001091700
  -0.0000216000   -0.0000074000   -0.0000020000
   0.0000129700   -0.0000109300   -0.0000221400
   0.0000930400   -0.0001948600   -0.0000949700
  -0.0018022500   -0.0012619000    0.0020616900
   0.0000015600    0.0000397700    0.0000046000
   0.0019397700   -0.0010348700    0.0021084100
  -0.0000030700    0.0000671400    0.0000058300
   0.0000262400   -0.0000149800    0.0000044900
  -0.0000269500   -0.0000178500    0.0000008900
   0.0000530200   -0.0000366900    0.0000155400
  -0.0000527400   -0.0000327800   -0.0000091800
   0.0002837300    0.0021601000    0.0022395300
  -0.0002331500   -0.0336561500    0.0433887400
  -0.0002495800    0.0000222500   -0.0000994200
   0.0002033100    0.0000224000   -0.0000902600
   0.0000216400   -0.0000013500   -0.0000048000
  -0.0000174000   -0.0000012200   -0.0000087100
  -0.0000043300   -0.0000245700   -0.0000081900
  -0.0002467400    0.0005069300    0.0008332000
  -0.0000084400   -0.0000255700    0.0000026800
   0.0002627300    0.0003648800    0.0009326600
  -0.0005284900   -0.0000853400    0.0007055000
   0.0000126800   -0.0000234800   -0.0000079800
   0.0301438400    0.0175948300    0.0443062400
  -0.0002714900   -0.0004116700    0.0008770900
   0.0000229700    0.0000122000   -0.0000109600
   0.0000853600   -0.0001741500   -0.0000674100
   0.0000158800    0.0000150100    0.0000169200
  -0.0000253800    0.0000107000   -0.0000130300
  -0.0001205300    0.0001703700   -0.0000609600
  -0.0002509700    0.0347873900    0.0442725800
   0.0002013100   -0.0000201100   -0.0000902500
  -0.0002487100   -0.0000207100   -0.0000995300
  -0.0000177100    0.0000000000   -0.0000089500
   0.0000212800   -0.0000003900   -0.0000053200
  -0.0000043200    0.0000245400   -0.0000083100
   0.0002585600   -0.0003600300    0.0009386000
  -0.0000084000    0.0000257900    0.0000024600
  -0.0002430900   -0.0004907600    0.0008466400
   0.0310973300   -0.0181775100    0.0451254300
   0.0000113200    0.0000241100   -0.0000087100
  -0.0005162800    0.0000812300    0.0007174500
  -0.0002679400    0.0004064400    0.0008814700
   0.0000862800    0.0001718400   -0.0000674600
   0.0000229600   -0.0000122000   -0.0000109300
  -0.0000267800   -0.0000103700   -0.0000136600
   0.0000162200   -0.0000152100    0.0000168200
  -0.0001184700   -0.0001707900   -0.0000610400

37   
  0.0100000000000000   0.0000000000000000   0.0000000000000000
   0.0001476600    0.0005965700   -0.0000484100
   0.0001741100   -0.0006998000    0.0001756500
  -0.0000438700   -0.0000030100   -0.0000005600
   0.0000275300   -0.0000063500    0.0000171800
  -0.0000267500   -0.0000012200   -0.0000042100
  -0.0000324100    0.0000108100   -0.0000277200
   0.0120927800    0.0002677000   -0.0003002600
  -0.0001168800   -0.0000089400    0.0001261200
  -0.0000879900   -0.0000489900   -0.0001328600
   0.0356223700    0.0132272400    0.0274723700
   0.0000143500    0.0000257400    0.0000055500
   0.0003858200   -0.0002548100   -0.0003231700
   0.0000396000   -0.0001057600   -0.0000989200
   0.0000326900   -0.0000176700    0.0000017700
  -0.0000026400    0.0000226200    0.0000189500
  -0.0001002300    0.0001580100    0.0000642100
  -0.0000346900   -0.0000044200    0.0000248500
   0.0006450200    0.0010936200   -0.0003929200
  -0.0034291000    0.0001403600   -0.0001333200
  -0.0000648900   -0.0000149300   -0.0000414500
  -0.0000662800    0.0000141800    0.0000505900
  -0.0000241900    0.0000193900   -0.0000342100
  -0.0000273100   -0.0000191400    0.0000228400
  -0.0000184900   -0.0000027400    0.0000152700
   0.0006046000   -0.0023633300    0.0015148200
  -0.0000538900    0.0000077500    0.0000014400
   0.0010580100    0.0022807900   -0.0012964600
   0.0358943300   -0.0137211000   -0.0269978300
   0.0003226500    0.0004041200    0.0005299600
   0.0000761300   -0.0000280800   -0.0000148500
   0.0000308900   -0.0000406300    0.0000119500
  -0.0000219200    0.0000825300    0.0000943400
   0.0000052600   -0.0000160500   -0.0000216400
   0.0004825200   -0.0008397400    0.0004333500
  -0.0000207000   -0.0000034400   -0.0000280200
  -0.0000816500   -0.0001093900   -0.0001394600
  -0.0980838200   -0.0010601100    0.0003945000
   0.0000032300   -0.0000303100    0.0000002700
   0.0000033200    0.0000284600   -0.0000271800
   0.0000265400   -0.0000124500   -0.0000840600
   0.0000109000    0.0000204400    0.0000604900
   0.0000085800    0.0000031600   -0.0000003800
   0.0000265700    0.0000372400   -0.0000576200
   0.0000085300    0.0000027700   -0.0000008900
   0.0000108700   -0.0000899900    0.0000939500
  -0.0006615900    0.0021552200    0.0018414700
   0.0000088700   -0.0000156700    0.0000070300
   0.0000552700   -0.0000435400   -0.0000264100
   0.0000065300   -0.0000242000    0.0000079400
  -0.0000046300    0.0000099000    0.0000015800
  -0.0000069000    0.0000173000    0.0000003700
   0.0000492000   -0.0000622600    0.0000018100
   0.0000054700    0.0000155100   -0.0000052000
  -0.0010563300    0.0000508600    0.0004481400
   0.0009912400   -0.0007788700    0.0015091700
   0.0000050100   -0.0000023800   -0.0000005200
   0.0011763600    0.0012162000   -0.0016271800
  -0.0000579800   -0.0000703400    0.0000168300
  -0.0000034000    0.0000183700    0.0000004900
   0.0000018400   -0.0000080800   -0.0000093000
  -0.0000035000    0.0000159900    0.0000105000
   0.0000020200   -0.0000155800   -0.0000073000
  -0.0000581900   -0.0000362500   -0.0000191900
   0.0012100200    0.0040449700    0.0005813300
   0.0000474300    0.0000162200    0.0000058200
  -0.0001625200    0.0000213800    0.0000161900
   0.0000065400   -0.0000027100   -0.0000023200
   0.0000275000    0.0000345900    0.0000153000
  -0.0000087300   -0.0000079900   -0.0000043600
  -0.0000869000    0.0000234800   -0.0000745500
   0.0000430800    0.0000181200    0.0000011400
   0.0011779300    0.0044385000   -0.0005527900
   0.0013246200   -0.0036262300   -0.0006455000
  -0.0001862000   -0.0000976100   -0.0000243900
   0.0000370100   -0.0000120800   -0.0000044300
   0.0000160300   -0.0000169800   -0.0000162400
   0.0000029000    0.0000008100    0.0000040900
   0.0000066700    0.0000147700    0.0000009500
   0.0010059600   -0.0035855600    0.0008365100
   0.0000341200   -0.0000141900   -0.0000026500
  -0.0002024400   -0.0001082200    0.0000457400
   0.0066386000    0.0003434400    0.0012383900
   0.0000461700   -0.0000002300    0.0000019900
   0.0077775500   -0.0000027100   -0.0016075600
   0.0000057500    0.0000451900   -0.0000601300
   0.0000325600    0.0000254200    0.0000109600
   0.0000268600   -0.0000229900   -0.0000110300
   0.0000409000   -0.0000177300   -0.0000109000
   0.0000365900    0.0000084900    0.0000122900
  -0.0000584800   -0.0000099300   -0.0000168500
  -0.0010740300   -0.0029652900   -0.0020852800
   0.0001166600    0.0001322700    0.0000345300
  -0.0000078300    0.0000189200   -0.0000059100
  -0.0000050600   -0.0000015000   -0.0000013600
   0.0000016300    0.0000127000   -0.0000133600
   0.0000017400   -0.0000141700   -0.0000013900
  -0.0009156000   -0.0002843300   -0.0002902300
  -0.0000037300   -0.0000079800    0.0000019000
   0.0001000300    0.0001323200   -0.0001002800
  -0.0027188000    0.0001031500   -0.0003607700
   0.0000479200   -0.0001421800   -0.0000165000
   0.0000492400    0.0001375400    0.0000340400
  -0.0000783400   -0.0002163300    0.0000499400
  -0.0000678300    0.0002198900   -0.0000482600
   0.0000140600    0.0000002700    0.0000008300
  -0.0000898900    0.0000986100   -0.0000252900
   0.0000156400   -0.0000006800    0.0000023500
  -0.0000917900   -0.0001166800    0.0000137800

37   
 -0.0100000000000000   0.0000000000000000   0.0000000000000000
  -0.0001590300   -0.0006034400    0.0000494300
  -0.0001620400    0.0006936300   -0.0001737000
   0.0000439100    0.0000027200    0.0000002800
  -0.0000267100    0.0000054800   -0.0000168200
   0.0000269200    0.0000015200    0.0000038400
   0.0000319000   -0.0000119100    0.0000281600
  -0.0120772600   -0.0001258800    0.0002328700
   0.0001152800    0.0000076900   -0.0001244400
   0.0000892400    0.0000481900    0.0001347600
  -0.0349254300   -0.0128474200   -0.0265659800
  -0.0000126400   -0.0000241700   -0.0000055900
  -0.0004204300    0.0002646400    0.0003237200
  -0.0000376900    0.0001069300    0.0000977200
  -0.0000314700    0.0000170700   -0.0000022500
   0.0000029400   -0.0000229600   -0.0000191900
   0.0000999000   -0.0001568600   -0.0000633400
   0.0000345500    0.0000042600   -0.0000250400
  -0.0006562800   -0.0011055400    0.0004051400
   0.0034211500   -0.0001067200    0.0001169700
   0.0000643000    0.0000140700    0.0000393900
   0.0000665500   -0.0000147200   -0.0000522100
   0.0000243100   -0.0000190800    0.0000335600
   0.0000271500    0.0000192900   -0.0000232300
   0.0000186400    0.0000011100   -0.0000149300
  -0.0005727500    0.0023294800   -0.0015069600
   0.0000538600   -0.0000071500   -0.0000018200
  -0.0010988200   -0.0023095500    0.0012990400
  -0.0366211500    0.0141622800    0.0279791900
  -0.0002911800   -0.0003919300   -0.0005276100
  -0.0000781300    0.0000302300    0.0000151200
  -0.0000319900    0.0000406500   -0.0000126000
   0.0000198000   -0.0000816600   -0.0000941700
  -0.0000052800    0.0000161600    0.0000212600
  -0.0004727800    0.0008300800   -0.0004239800
   0.0000207500    0.0000031100    0.0000278600
   0.0000827500    0.0001100100    0.0001410500
   0.0981317000   -0.0000401800   -0.0022870800
  -0.0000029100    0.0000293600    0.0000021500
  -0.0000028300   -0.0000294500    0.0000295700
  -0.0000268100    0.0000150800    0.0000850900
  -0.0000103100   -0.0000174600   -0.0000596400
  -0.0000084700   -0.0000028800    0.0000003400
  -0.0000267800   -0.0000359000    0.0000569800
  -0.0000084900   -0.0000030600    0.0000006300
  -0.0000103500    0.0000919300   -0.0000953300
   0.0006428200   -0.0021077600   -0.0018174400
  -0.0000089800    0.0000153000   -0.0000068300
  -0.0000507300    0.0000437100    0.0000302600
  -0.0000061200    0.0000235600   -0.0000079700
   0.0000046400   -0.0000097800   -0.0000014300
   0.0000067100   -0.0000164100   -0.0000002300
  -0.0000477000    0.0000612400    0.0000021700
  -0.0000047800   -0.0000159700    0.0000051700
   0.0010659500   -0.0000499000   -0.0004561800
  -0.0009948700    0.0007928900   -0.0015038200
  -0.0000047500    0.0000024800    0.0000005900
  -0.0011731700   -0.0012060900    0.0016341600
   0.0000586800    0.0000657600   -0.0000128800
   0.0000035000   -0.0000179200   -0.0000005100
  -0.0000018600    0.0000084700    0.0000092900
   0.0000034100   -0.0000156200   -0.0000104600
  -0.0000016900    0.0000160600    0.0000072100
   0.0000584400    0.0000372100    0.0000207800
  -0.0012169600   -0.0040024900   -0.0005782000
  -0.0000467600   -0.0000160700   -0.0000055200
   0.0001664100   -0.0000207500   -0.0000154400
  -0.0000064400    0.0000027200    0.0000022600
  -0.0000275400   -0.0000342700   -0.0000153300
   0.0000090900    0.0000082900    0.0000041100
   0.0000863600   -0.0000229000    0.0000729300
  -0.0000432800   -0.0000187500   -0.0000014300
  -0.0011594300   -0.0044579900    0.0005399300
  -0.0013188000    0.0036579100    0.0006502500
   0.0001818700    0.0000968700    0.0000259500
  -0.0000373100    0.0000122200    0.0000046000
  -0.0000157200    0.0000170900    0.0000163300
  -0.0000028100   -0.0000005300   -0.0000042300
  -0.0000067700   -0.0000146800   -0.0000011100
  -0.0010181600    0.0035681900   -0.0008402400
  -0.0000337000    0.0000137000    0.0000023600
   0.0002039200    0.0001099200   -0.0000467100
  -0.0064689500   -0.0003404200   -0.0012037800
  -0.0000459200   -0.0000005100   -0.0000019800
  -0.0079693900   -0.0000014900    0.0016434900
  -0.0000053100   -0.0000429700    0.0000617500
  -0.0000322300   -0.0000249000   -0.0000105400
  -0.0000268800    0.0000233900    0.0000113300
  -0.0000407800    0.0000177000    0.0000112100
  -0.0000365100   -0.0000084500   -0.0000119000
   0.0000586300    0.0000130000    0.0000158900
   0.0010996100    0.0030223400    0.0021069900
  -0.0001203900   -0.0001311600   -0.0000297800
   0.0000081900   -0.0000194200    0.0000059900
   0.0000051600    0.0000014100    0.0000014000
  -0.0000016600   -0.0000131000    0.0000130700
  -0.0000014800    0.0000147300    0.0000015000
   0.0008985100    0.0002854700    0.0002733300
   0.0000034600    0.0000077600   -0.0000020700
  -0.0001017900   -0.0001350200    0.0001058100
   0.0027154600   -0.0000996600    0.0002918800
  -0.0000487600    0.0001405400    0.0000158700
  -0.0000479900   -0.0001389500   -0.0000348900
   0.0000795900    0.0002171800   -0.0000498900
   0.0000662800   -0.0002187200    0.0000472900
  -0.0000139600   -0.0000000900   -0.0000007200
   0.0000884600   -0.0000985900    0.0000249200
  -0.0000155700    0.0000006000   -0.0000021500
   0.0000932100    0.0001166000   -0.0000145200

37   
 -0.0049981448375870   0.0086613248514591   0.0000000000000000
  -0.0004287100    0.0002003400    0.0004132200
   0.0005791800    0.0010803500    0.0004622700
   0.0000200900    0.0000144800   -0.0000213900
   0.0000042400    0.0000144900   -0.0000002200
   0.0000067300   -0.0000383700   -0.0000271300
  -0.0000263600    0.0000205500   -0.0000055900
  -0.0059552700    0.0364941900   -0.0265309000
   0.0001807000   -0.0000088400   -0.0000574100
  -0.0001174500    0.0000082900    0.0000771600
  -0.0056957400    0.0108976600    0.0003041600
  -0.0000209400    0.0000037800   -0.0000120700
   0.0004561400    0.0004556500    0.0000303400
   0.0000005800   -0.0000825600    0.0001431200
   0.0000241500   -0.0000198600    0.0000280500
   0.0000232500   -0.0000398800   -0.0000042500
   0.0000720500   -0.0001128700   -0.0001527300
   0.0000099000   -0.0000280200   -0.0000007300
  -0.0006685800   -0.0001723700   -0.0002562100
   0.0015368100    0.0019931400    0.0014170200
   0.0000010700   -0.0000209200   -0.0000090400
   0.0000571100   -0.0000381000   -0.0000459700
   0.0000398900   -0.0000611200   -0.0000009300
  -0.0000027000   -0.0000401200   -0.0000225100
   0.0000128000   -0.0000665200    0.0000206000
  -0.0023455900   -0.0006525900   -0.0015608300
   0.0000222900   -0.0000056200    0.0000267200
   0.0017153500   -0.0026904700    0.0000537000
  -0.0312581900    0.0242484600    0.0279732300
  -0.0009353400    0.0000238600   -0.0003921800
  -0.0000555900   -0.0000029300    0.0000009900
  -0.0000560700    0.0000535300    0.0000039100
  -0.0000171500   -0.0001071300    0.0001221300
  -0.0000194100   -0.0000029700    0.0000168400
   0.0001858000    0.0004907400   -0.0006134900
   0.0000135200   -0.0000124600    0.0000232600
   0.0000457000    0.0000376500   -0.0000942800
   0.0490793200   -0.0856976600   -0.0026300500
   0.0000229900    0.0000302900    0.0000496100
  -0.0000286500    0.0000004900    0.0000868600
   0.0000189400    0.0000172200    0.0000211100
  -0.0000846900   -0.0000426300   -0.0000968600
  -0.0000018100    0.0000090400    0.0000007100
  -0.0000248400   -0.0000076700    0.0000015100
  -0.0000015100    0.0000092600    0.0000008100
   0.0000098700    0.0000120300   -0.0000707400
   0.0006872700   -0.0010433000   -0.0004826700
   0.0000206600    0.0000050700    0.0000005200
  -0.0001028900    0.0000048600    0.0000189900
   0.0000116200    0.0000226000    0.0000066900
   0.0000071000    0.0000028400   -0.0000011400
  -0.0000162900    0.0000095300   -0.0000092000
  -0.0001007300    0.0000476500   -0.0000335800
  -0.0000101500   -0.0000041200   -0.0000058400
   0.0021847200    0.0004367100   -0.0016662600
   0.0001815100   -0.0009376800    0.0003433300
  -0.0000002600   -0.0000054400    0.0000031800
  -0.0016527800   -0.0021081400    0.0021672100
   0.0000616900    0.0001505500    0.0000651200
  -0.0000121300   -0.0000028300    0.0000028600
   0.0000130600    0.0000023900    0.0000097600
  -0.0000139100   -0.0000012200    0.0000013100
   0.0000064200    0.0000064100    0.0000106500
   0.0000865200    0.0001349100    0.0000313900
   0.0032589300    0.0033203600    0.0005160100
  -0.0000014800   -0.0000050700    0.0000035000
   0.0000939700   -0.0001171400   -0.0000209000
  -0.0000046900    0.0000491400    0.0000014000
   0.0000187100    0.0000431900   -0.0000132200
  -0.0000078800    0.0000486300   -0.0000041200
   0.0000487600   -0.0000969200    0.0000710900
  -0.0000036600   -0.0000026900    0.0000026700
   0.0029090100    0.0029774700   -0.0005852500
  -0.0039726100    0.0069437400    0.0014162000
   0.0000330600   -0.0000530900    0.0000059000
  -0.0000323600    0.0000171500    0.0000084800
  -0.0000243300    0.0000404300   -0.0000021700
  -0.0000096800    0.0000330400   -0.0000125000
   0.0000039800    0.0000369200   -0.0000052800
  -0.0029625800    0.0057250000   -0.0010890400
  -0.0000332900    0.0000162100    0.0000155500
   0.0000558100   -0.0000190300    0.0000582400
  -0.0036587700   -0.0008694300   -0.0008583900
  -0.0000228300    0.0000085600    0.0000167300
  -0.0037729100   -0.0006957300    0.0008233700
   0.0000032500   -0.0002102100   -0.0000309700
   0.0000081600    0.0000129100   -0.0000005000
  -0.0000299600    0.0000285900    0.0000082000
  -0.0000332800    0.0000229900   -0.0000009800
  -0.0000010200    0.0000032900   -0.0000039400
   0.0000009900   -0.0001932000    0.0000289800
   0.0004905700    0.0019446200    0.0016741100
  -0.0000043300   -0.0000149300    0.0000034700
  -0.0000091800   -0.0000051200    0.0000083700
   0.0000000400    0.0000011500    0.0000029600
  -0.0000131500   -0.0000110600    0.0000151300
   0.0000200800    0.0000077800   -0.0000019200
  -0.0016237300    0.0005090500   -0.0013964100
   0.0000149500   -0.0000010900   -0.0000120900
  -0.0000076900   -0.0000524100   -0.0000599500
   0.0014331700   -0.0022059800    0.0002670200
   0.0001192800   -0.0000317700    0.0000000100
  -0.0001692900   -0.0001748400   -0.0000464800
   0.0000999600    0.0001036100   -0.0000472800
  -0.0000353900   -0.0001131200    0.0000002700
  -0.0000063500    0.0000115000    0.0000017700
  -0.0001515100   -0.0000189700    0.0000526600
  -0.0000077300    0.0000115700   -0.0000022300
   0.0002417200    0.0000903200    0.0000574200

37   
  0.0049981448375870  -0.0086613248514591   0.0000000000000000
   0.0004019800   -0.0001743100   -0.0004098400
  -0.0005749000   -0.0010656000   -0.0004492600
  -0.0000196200   -0.0000142400    0.0000210600
  -0.0000046600   -0.0000167100    0.0000002100
  -0.0000065500    0.0000386200    0.0000268900
   0.0000276700   -0.0000214300    0.0000053400
   0.0059808200   -0.0372885900    0.0274301800
  -0.0001813900    0.0000086600    0.0000580900
   0.0001174800   -0.0000111700   -0.0000777900
   0.0055733200   -0.0109747700   -0.0003728000
   0.0000221800   -0.0000039600    0.0000123400
  -0.0004565800   -0.0004425800   -0.0000304800
   0.0000003800    0.0000821700   -0.0001411900
  -0.0000234800    0.0000208100   -0.0000278300
  -0.0000229000    0.0000400300    0.0000038600
  -0.0000718900    0.0001152400    0.0001544300
  -0.0000100300    0.0000279000    0.0000004800
   0.0006791500    0.0001641800    0.0002591300
  -0.0015318200   -0.0019434600   -0.0014081100
  -0.0000001200    0.0000215300    0.0000092700
  -0.0000567300    0.0000382300    0.0000444800
  -0.0000403100    0.0000609600    0.0000003300
   0.0000025000    0.0000402200    0.0000221100
  -0.0000124100    0.0000671600   -0.0000225400
   0.0023898100    0.0006378800    0.0015708300
  -0.0000223500    0.0000053300   -0.0000272100
  -0.0017484000    0.0026794500   -0.0000733600
   0.0305039900   -0.0238229300   -0.0269738700
   0.0009485100   -0.0000276800    0.0004019900
   0.0000552500    0.0000039400   -0.0000014100
   0.0000533300   -0.0000526500   -0.0000035700
   0.0000174100    0.0001064300   -0.0001209700
   0.0000195000    0.0000030300   -0.0000172200
  -0.0001806800   -0.0005265100    0.0006191700
  -0.0000132700    0.0000125600   -0.0000234600
  -0.0000474600   -0.0000357200    0.0000939200
  -0.0481084400    0.0861724400    0.0007268900
  -0.0000241700   -0.0000307100   -0.0000502500
   0.0000260600   -0.0000017600   -0.0000857800
  -0.0000177200   -0.0000173500   -0.0000189600
   0.0000834800    0.0000414500    0.0000957500
   0.0000016600   -0.0000092000   -0.0000006800
   0.0000257000    0.0000080800    0.0000007600
   0.0000017600   -0.0000090600   -0.0000011000
  -0.0000123300   -0.0000137500    0.0000716000
  -0.0006815800    0.0010349000    0.0004736600
  -0.0000212700   -0.0000053200   -0.0000003300
   0.0001041800   -0.0000088100   -0.0000156600
  -0.0000108400   -0.0000229100   -0.0000065900
  -0.0000071500   -0.0000028600    0.0000012200
   0.0000166000   -0.0000090500    0.0000094800
   0.0001026900   -0.0000480700    0.0000372600
   0.0000107200    0.0000042300    0.0000057500
  -0.0022334000   -0.0004437700    0.0016873100
  -0.0001871300    0.0009499900   -0.0003566800
   0.0000004100    0.0000054600   -0.0000031000
   0.0016197500    0.0020677900   -0.0021419600
  -0.0000602500   -0.0001473900   -0.0000609800
   0.0000117900    0.0000024800   -0.0000026600
  -0.0000124400   -0.0000025700   -0.0000096400
   0.0000140300    0.0000017400   -0.0000013500
  -0.0000060400   -0.0000060800   -0.0000108800
  -0.0000896600   -0.0001317300   -0.0000278000
  -0.0032294200   -0.0033259400   -0.0005297100
   0.0000015000    0.0000049600   -0.0000036700
  -0.0000925900    0.0001139900    0.0000216600
   0.0000050900   -0.0000486300   -0.0000017900
  -0.0000190000   -0.0000432400    0.0000131500
   0.0000080700   -0.0000492600    0.0000044000
  -0.0000491400    0.0000975900   -0.0000728200
   0.0000037700    0.0000026900   -0.0000026700
  -0.0029490500   -0.0029919400    0.0005906200
   0.0038809200   -0.0067761400   -0.0013856600
  -0.0000357500    0.0000515700   -0.0000074000
   0.0000319700   -0.0000172100   -0.0000083200
   0.0000250000   -0.0000402200    0.0000021000
   0.0000097000   -0.0000330100    0.0000129400
  -0.0000042500   -0.0000373700    0.0000055000
   0.0030454000   -0.0058692300    0.0011205800
   0.0000334800   -0.0000162600   -0.0000153100
  -0.0000574100    0.0000175300   -0.0000566800
   0.0036706600    0.0008904300    0.0008541400
   0.0000229100   -0.0000088100   -0.0000167000
   0.0037491500    0.0006748000   -0.0008165200
  -0.0000038800    0.0002083200    0.0000296500
  -0.0000082600   -0.0000128200    0.0000004200
   0.0000297400   -0.0000283400   -0.0000079900
   0.0000340000   -0.0000230000    0.0000007900
   0.0000010500   -0.0000033900    0.0000039200
  -0.0000023000    0.0001972800   -0.0000274400
  -0.0004999100   -0.0019548900   -0.0016691300
   0.0000038700    0.0000141800   -0.0000030900
   0.0000089600    0.0000049500   -0.0000084200
  -0.0000001100   -0.0000013700   -0.0000029800
   0.0000129200    0.0000107200   -0.0000152000
  -0.0000203500   -0.0000079600    0.0000019100
   0.0016099100   -0.0005130200    0.0014004200
  -0.0000151500    0.0000011000    0.0000122300
   0.0000109300    0.0000540600    0.0000657700
  -0.0014359200    0.0022061800   -0.0003376500
  -0.0001197000    0.0000327600   -0.0000002100
   0.0001689500    0.0001737100    0.0000464700
  -0.0000981400   -0.0001043900    0.0000463200
   0.0000357800    0.0001121600   -0.0000009000
   0.0000062100   -0.0000116400   -0.0000016600
   0.0001518000    0.0000207300   -0.0000537900
   0.0000079200   -0.0000115000    0.0000024500
  -0.0002434600   -0.0000903100   -0.0000581900

37   
 -0.0000038899402938   0.0000000000000000   0.0099999992434182
   0.0001902300   -0.0002490100    0.0007227000
  -0.0003532000   -0.0004206500    0.0004034300
  -0.0000036500   -0.0000060800    0.0000002500
   0.0000211700    0.0000458300   -0.0000113800
  -0.0000039300   -0.0000163300    0.0000028100
  -0.0000504900    0.0000374800   -0.0000172600
  -0.0008467700   -0.0315852000    0.0426110400
  -0.0000773700    0.0000349400   -0.0000240700
   0.0000658800    0.0000455500   -0.0000627500
   0.0272799200    0.0162659400    0.0425270800
  -0.0000325200   -0.0000423000   -0.0000108200
   0.0002520700    0.0000398900    0.0006857200
  -0.0000128800   -0.0000497800   -0.0000473700
  -0.0000519300    0.0000284700   -0.0000166600
  -0.0000007000    0.0000041700   -0.0000029800
  -0.0000618800    0.0000166400   -0.0000379600
   0.0000231000    0.0000138300    0.0000013000
   0.0001562400    0.0005800500    0.0004651100
  -0.0002801900    0.0007475000    0.0023137400
   0.0000191500    0.0000301500    0.0000373600
  -0.0000178100    0.0000156400   -0.0000015400
  -0.0000011600   -0.0000029700    0.0000150100
   0.0000182800   -0.0000040500    0.0000045300
  -0.0000207100   -0.0000198300    0.0000232800
   0.0007358400   -0.0004543300    0.0017915000
   0.0000067500    0.0000022900    0.0000100000
  -0.0008132600   -0.0002221100    0.0024502500
  -0.0297724200    0.0165634600    0.0432555900
  -0.0003421900    0.0000347500    0.0006312600
   0.0000189100   -0.0000629200   -0.0000196600
   0.0000543800    0.0000139100   -0.0000207600
   0.0000351000   -0.0000930100   -0.0000955300
   0.0000021700   -0.0000022700   -0.0000014400
  -0.0001058900    0.0003808400    0.0007206200
  -0.0000164600    0.0000061100   -0.0000081000
   0.0000959600   -0.0000028700   -0.0001094000
   0.0014050400   -0.0011959100   -0.1349697700
  -0.0000300600    0.0000832600   -0.0001980200
   0.0000003900    0.0000569900   -0.0001983500
  -0.0000564200   -0.0000337500   -0.0001909000
   0.0000931800   -0.0000298300   -0.0001336600
  -0.0000008100    0.0000007100    0.0000080500
  -0.0000853500   -0.0000241700   -0.0001905100
  -0.0000003800    0.0000005900    0.0000079700
   0.0000613900   -0.0000741500   -0.0001338400
  -0.0003036900    0.0017835700    0.0004292000
   0.0000034700    0.0000119300    0.0000118300
  -0.0000377400    0.0000346700   -0.0002651400
  -0.0000035400    0.0000031100    0.0000106100
  -0.0000007000   -0.0000018200    0.0000138500
  -0.0000033500   -0.0000113700    0.0000152900
  -0.0000185000   -0.0000146100   -0.0002601600
  -0.0000097700   -0.0000007400    0.0000135200
  -0.0017295400   -0.0006441000    0.0001984700
   0.0015029400   -0.0012692800    0.0004304400
  -0.0000005800   -0.0000033300    0.0000170200
  -0.0016267100   -0.0015409600    0.0003141600
  -0.0000200200   -0.0000192000   -0.0002630600
   0.0000106500   -0.0000075300    0.0000087400
  -0.0000075100   -0.0000081300    0.0000176800
   0.0000006600   -0.0000034900    0.0000090300
  -0.0000093600   -0.0000057700    0.0000178300
   0.0000156900   -0.0000822200   -0.0002656100
  -0.0003992600   -0.0008323800   -0.0031259700
  -0.0000053900    0.0000073900   -0.0000223900
  -0.0001105100    0.0000617800    0.0000233300
  -0.0000000300   -0.0000022500   -0.0000234500
   0.0000106200   -0.0000095600    0.0000034400
  -0.0000076800   -0.0000031200   -0.0000216500
   0.0000334600   -0.0000165800    0.0000651300
   0.0000007700    0.0000014200   -0.0000219800
   0.0005129000    0.0007913500   -0.0030176500
   0.0006746200   -0.0007076200   -0.0033138700
   0.0001279700    0.0000230600    0.0000070900
  -0.0000059200    0.0000029800   -0.0000115500
  -0.0000180300   -0.0000082500    0.0000059200
   0.0000054100    0.0000010700   -0.0000204000
   0.0000061800   -0.0000059200   -0.0000207800
   0.0001176700    0.0009876200   -0.0033822500
   0.0000069800    0.0000019100   -0.0000301100
  -0.0000102700   -0.0000236700    0.0000530200
  -0.0006645800   -0.0005354000   -0.0034193800
  -0.0000028200    0.0000201400    0.0000080700
   0.0008598100   -0.0001653800   -0.0032591500
   0.0000246900    0.0000054200    0.0000703800
   0.0000067900   -0.0000029100   -0.0000251300
  -0.0000077000    0.0000046900   -0.0000143000
   0.0000047500   -0.0000076700   -0.0000320800
  -0.0000002400   -0.0000053800   -0.0000195500
   0.0000477700   -0.0001246300   -0.0000098800
   0.0006856800    0.0027755400    0.0005265300
   0.0000899000    0.0000435600   -0.0002189400
   0.0000018200    0.0000140300    0.0000169000
   0.0000036600    0.0000001600    0.0000127500
   0.0000014200    0.0000050000    0.0000112000
   0.0000092300   -0.0000094300    0.0000120600
   0.0023498100   -0.0008292800    0.0003851000
   0.0000009200    0.0000036900    0.0000013300
   0.0000256800    0.0000062800   -0.0003056300
   0.0003664600   -0.0001464700    0.0163369100
  -0.0000043200    0.0000573200    0.0000246600
  -0.0000143600    0.0000404500    0.0000254200
  -0.0000351500   -0.0000129300   -0.0000069600
   0.0000594200   -0.0000168600    0.0000593300
  -0.0000006600   -0.0000000100    0.0000006800
  -0.0000274500   -0.0000242300   -0.0000140000
  -0.0000010200    0.0000010300   -0.0000048400
   0.0000219300   -0.0000441300    0.0000531200

37   
  0.0000038899402938   0.0000000000000000  -0.0099999992434182
  -0.0001966700    0.0002771300   -0.0007096800
   0.0003611200    0.0004512800   -0.0003860900
   0.0000034900    0.0000051600    0.0000003300
  -0.0000211500   -0.0000453500    0.0000139300
   0.0000038000    0.0000164300   -0.0000022700
   0.0000497500   -0.0000374900    0.0000207000
   0.0008532300    0.0305008400   -0.0416867800
   0.0000768200   -0.0000316300    0.0000236500
  -0.0000647900   -0.0000415300    0.0000631500
  -0.0263268900   -0.0157185900   -0.0415862400
   0.0000322600    0.0000421500    0.0000133200
  -0.0002805700   -0.0000474900   -0.0006739700
   0.0000107100    0.0000472100    0.0000478700
   0.0000517500   -0.0000277900    0.0000199100
   0.0000013500   -0.0000037900    0.0000036300
   0.0000597300   -0.0000181000    0.0000378600
  -0.0000232200   -0.0000137400   -0.0000007500
  -0.0001797800   -0.0006001700   -0.0004501300
   0.0002847900   -0.0007901200   -0.0023079400
  -0.0000183200   -0.0000296800   -0.0000321700
   0.0000175300   -0.0000153100    0.0000054700
   0.0000009100    0.0000028300   -0.0000140200
  -0.0000180800    0.0000040900   -0.0000037200
   0.0000208700    0.0000190200   -0.0000183300
  -0.0007715400    0.0004737700   -0.0017853600
  -0.0000065900   -0.0000020000   -0.0000091000
   0.0008512900    0.0002369900   -0.0024423200
   0.0287135500   -0.0159462400   -0.0422753600
   0.0003699100   -0.0000400000   -0.0006214800
  -0.0000183900    0.0000629000    0.0000217900
  -0.0000540800   -0.0000144100    0.0000227700
  -0.0000316800    0.0000911500    0.0000941500
  -0.0000026100    0.0000024300    0.0000020800
   0.0001257200   -0.0003993200   -0.0007113200
   0.0000165000   -0.0000062500    0.0000086500
  -0.0000927800    0.0000000700    0.0001084700
  -0.0013504900    0.0011334500    0.1319435800
   0.0000266500   -0.0000833300    0.0001948600
   0.0000023600   -0.0000572200    0.0001945400
   0.0000582200    0.0000314700    0.0001868900
  -0.0000961000    0.0000251500    0.0001299800
   0.0000007100   -0.0000006800   -0.0000083100
   0.0000837300    0.0000272600    0.0001872900
   0.0000003400   -0.0000006300   -0.0000083900
  -0.0000587100    0.0000787900    0.0001298200
   0.0003091600   -0.0017920500   -0.0004306100
  -0.0000033200   -0.0000115800   -0.0000121500
   0.0000376600   -0.0000346600    0.0002622100
   0.0000035600   -0.0000029000   -0.0000104400
   0.0000006900    0.0000017400   -0.0000140300
   0.0000030800    0.0000109600   -0.0000154700
   0.0000239600    0.0000113500    0.0002628500
   0.0000095400    0.0000005400   -0.0000134000
   0.0017430500    0.0006429900   -0.0001993900
  -0.0015090700    0.0012770100   -0.0004313800
   0.0000005700    0.0000031700   -0.0000169800
   0.0016352700    0.0015528500   -0.0003139700
   0.0000198900    0.0000260500    0.0002661200
  -0.0000104100    0.0000076400   -0.0000090700
   0.0000070500    0.0000083400   -0.0000177500
  -0.0000004500    0.0000034200   -0.0000087800
   0.0000092600    0.0000057800   -0.0000175900
  -0.0000140800    0.0000803700    0.0002635300
   0.0003815300    0.0007925500    0.0030852700
   0.0000050300   -0.0000068900    0.0000212900
   0.0001129700   -0.0000630300   -0.0000254500
   0.0000001700    0.0000017700    0.0000233300
  -0.0000104200    0.0000093700   -0.0000044300
   0.0000072700    0.0000033800    0.0000204500
  -0.0000342600    0.0000170700   -0.0000702900
  -0.0000004800   -0.0000015600    0.0000219200
  -0.0004871800   -0.0007552400    0.0029790400
  -0.0006624600    0.0006720200    0.0032817300
  -0.0001308700   -0.0000258700   -0.0000090800
   0.0000061700   -0.0000029400    0.0000107900
   0.0000177800    0.0000080700   -0.0000066200
  -0.0000055600   -0.0000016400    0.0000209400
  -0.0000059900    0.0000061100    0.0000197700
  -0.0001295200   -0.0009711000    0.0033449400
  -0.0000075200   -0.0000019900    0.0000302700
   0.0000107500    0.0000237100   -0.0000576900
   0.0006432800    0.0005394700    0.0033794100
   0.0000028700   -0.0000198600   -0.0000089600
  -0.0008212400    0.0001744100    0.0032257700
  -0.0000242100   -0.0000052000   -0.0000750800
  -0.0000068600    0.0000026900    0.0000241500
   0.0000077600   -0.0000050100    0.0000134100
  -0.0000050600    0.0000081200    0.0000323100
   0.0000005800    0.0000056900    0.0000198900
  -0.0000467800    0.0001288400    0.0000074500
  -0.0006930100   -0.0027829800   -0.0005238100
  -0.0000879200   -0.0000446700    0.0002141700
  -0.0000022300   -0.0000138700   -0.0000172600
  -0.0000035200   -0.0000000700   -0.0000128600
  -0.0000014900   -0.0000050600   -0.0000111800
  -0.0000091800    0.0000089900   -0.0000125800
  -0.0023581100    0.0008250800   -0.0003830400
  -0.0000007800   -0.0000038900   -0.0000013700
  -0.0000310100   -0.0000091700    0.0003060100
  -0.0003604600    0.0001424800   -0.0160117000
   0.0000041800   -0.0000567400   -0.0000239100
   0.0000140300   -0.0000402900   -0.0000243900
   0.0000345800    0.0000131300    0.0000070000
  -0.0000592100    0.0000171100   -0.0000591000
   0.0000005500    0.0000000200   -0.0000008000
   0.0000270800    0.0000240900    0.0000136900
   0.0000009600   -0.0000010300    0.0000046500
  -0.0000222400    0.0000442400   -0.0000526500

46   
  0.0100000000000000   0.0000000000000000   0.0000000000000000
   0.0003738400   -0.0004168300    0.0003956700
   0.0373018200    0.0146291300   -0.0278510600
   0.0000001300    0.0000189500    0.0000096100
  -0.0000038900    0.0000326700   -0.0000077600
   0.0000775400   -0.0000104500    0.0000594500
   0.0000132400   -0.0000006700    0.0000040300
   0.0006154900    0.0007702200    0.0004445500
  -0.0001367400    0.0001178400   -0.0000876000
  -0.0000561800   -0.0000164600   -0.0000216300
   0.0124311300   -0.0004655600    0.0002051000
  -0.0000455400    0.0001069800   -0.0001283100
  -0.0001054000   -0.0000914500    0.0001600700
   0.0003020900    0.0006641100    0.0000698500
   0.0002358900   -0.0006743000    0.0000269000
  -0.0000575000   -0.0000033100    0.0000076000
  -0.0000287800   -0.0000057100   -0.0000225800
  -0.0000315600    0.0000091300    0.0000003200
  -0.0000091600    0.0000209900    0.0000140900
   0.0368398900   -0.0142551100    0.0282248000
   0.0004341600    0.0003567600   -0.0005266000
   0.0000108900   -0.0000249500    0.0000039100
   0.0000369000    0.0000226200   -0.0000050100
   0.0000881500    0.0000798700   -0.0000558900
   0.0000025200   -0.0000278100    0.0000204800
   0.0006420000   -0.0009575000   -0.0006668300
  -0.0000629300    0.0000263400    0.0000280400
  -0.0001080700   -0.0001440900    0.0000772700
   0.0007896800    0.0026384600    0.0019391300
   0.0008447800   -0.0028153700   -0.0018195900
  -0.0000548700   -0.0000015400    0.0000018200
  -0.0000515900    0.0000036600   -0.0000511900
  -0.0036648100   -0.0001084200    0.0002870900
  -0.0000537100   -0.0000193400    0.0000530200
  -0.0000253500   -0.0000029100   -0.0000034300
  -0.0000261700    0.0000205300    0.0000266500
  -0.0000159000   -0.0000088700   -0.0000269300
  -0.0006472600    0.0004133100   -0.0003001000
   0.0000537200   -0.0000903000   -0.0000400400
   0.0000090300    0.0000292000    0.0000033500
   0.0000501300   -0.0000891900   -0.0000226300
  -0.0010713400    0.0019623500   -0.0017479600
   0.0000049000   -0.0000093000   -0.0000097000
   0.0000062100    0.0000169300   -0.0000036900
  -0.0000067900   -0.0000231100   -0.0000031500
  -0.0000047600    0.0000055100   -0.0000008200
  -0.1001704000    0.0022353000    0.0002846300
   0.0000076700   -0.0000474500   -0.0000035800
   0.0000079800    0.0000316400    0.0000360400
   0.0000175300   -0.0000452100    0.0001048200
   0.0000023500    0.0000333400   -0.0000868600
   0.0000165600   -0.0000045100   -0.0000015700
   0.0000170100    0.0000970900    0.0001298900
   0.0000165600   -0.0000046900    0.0000012200
   0.0000023400   -0.0000474200   -0.0000636000
   0.0012035000   -0.0044555800   -0.0003826400
   0.0000472400   -0.0000257200   -0.0000049500
  -0.0001639300   -0.0000125700   -0.0001109800
   0.0011720000   -0.0040356100    0.0005005100
  -0.0000883100   -0.0000061900    0.0000335400
   0.0000428600   -0.0000204600    0.0000006400
   0.0000275900   -0.0000375100    0.0000106700
  -0.0000088200    0.0000142500   -0.0000074200
   0.0000064100    0.0000019600    0.0000001700
  -0.0024283200    0.0000030100   -0.0000332500
   0.0000496600   -0.0001385300    0.0000285800
   0.0000768400    0.0001831600   -0.0000292000
  -0.0000721300   -0.0002519300   -0.0000312000
  -0.0000910400    0.0002186700    0.0000160900
   0.0000216600   -0.0000005900   -0.0000028500
  -0.0000911400    0.0000625400    0.0000042100
   0.0000215900   -0.0000003900    0.0000017300
  -0.0000718700   -0.0000820300   -0.0000048800
   0.0011711200    0.0015496800    0.0013135200
   0.0012321700   -0.0012586500   -0.0014993400
   0.0000048800   -0.0000038300   -0.0000038000
   0.0000076000   -0.0000305900    0.0000052300
  -0.0000284600   -0.0000057400    0.0000192400
   0.0000064500    0.0000151400   -0.0000068200
   0.0000099300   -0.0000427700   -0.0000040400
   0.0000040600    0.0000099300   -0.0000174200
   0.0000007200   -0.0000085800    0.0000152300
  -0.0010888400   -0.0002915900    0.0002105200
   0.0000170700   -0.0000275100   -0.0000089500
   0.0000771100    0.0000391500    0.0000092300
  -0.0011015400   -0.0022639900    0.0012287000
   0.0000993000    0.0000494500   -0.0000250600
   0.0000199500    0.0000128400    0.0000085400
   0.0000022900   -0.0000019900   -0.0000087400
  -0.0000070400    0.0000139000    0.0000109900
   0.0000012700   -0.0000249800    0.0000007100
   0.0066827100   -0.0003567900    0.0011067300
   0.0068376700    0.0002621800   -0.0012214000
   0.0000532500    0.0000068200   -0.0000036100
   0.0000320900   -0.0000215500    0.0000024500
  -0.0000603700   -0.0000191400   -0.0000601600
   0.0000406200    0.0000191500   -0.0000056000
  -0.0000587900   -0.0000394700   -0.0000042600
   0.0000345300   -0.0000100900    0.0000126700
   0.0000247900    0.0000238800   -0.0000204800
   0.0010167100    0.0038245700    0.0006510800
  -0.0001965200    0.0001340700    0.0000746500
   0.0000405300    0.0000214300    0.0000043900
  -0.0001465000    0.0000648300   -0.0000338600
   0.0007166500    0.0030138000   -0.0007905400
   0.0000531100    0.0000110100   -0.0000056900
   0.0000106100   -0.0000150500   -0.0000009900
  -0.0000010700   -0.0000087400    0.0000179100
   0.0000247800    0.0000116700   -0.0000210200

46   
 -0.0100000000000000   0.0000000000000000   0.0000000000000000
  -0.0004073800    0.0004294700   -0.0004000500
  -0.0365513700   -0.0142087800    0.0269120800
   0.0000017900   -0.0000171300   -0.0000093400
   0.0000039400   -0.0000332100    0.0000081100
  -0.0000745500    0.0000119200   -0.0000585100
  -0.0000121200    0.0000004900   -0.0000032700
  -0.0006280200   -0.0007781600   -0.0004546200
   0.0001360800   -0.0001172700    0.0000866100
   0.0000561800    0.0000165300    0.0000218500
  -0.0124303200    0.0006213300   -0.0001389900
   0.0000450400   -0.0001073500    0.0001269100
   0.0001065300    0.0000903300   -0.0001615500
  -0.0003144000   -0.0006706600   -0.0000736300
  -0.0002271100    0.0006657800   -0.0000262300
   0.0000574000    0.0000028900   -0.0000072200
   0.0000288800    0.0000041900    0.0000221800
   0.0000315900   -0.0000089200   -0.0000001300
   0.0000087000   -0.0000225000   -0.0000144600
  -0.0375871700    0.0146715500   -0.0291721300
  -0.0004018500   -0.0003469100    0.0005218200
  -0.0000131600    0.0000270000   -0.0000037500
  -0.0000382800   -0.0000227700    0.0000053300
  -0.0000914800   -0.0000780500    0.0000560700
  -0.0000025800    0.0000272900   -0.0000201800
  -0.0006294300    0.0009470500    0.0006524900
   0.0000630100   -0.0000264400   -0.0000279500
   0.0001085600    0.0001446500   -0.0000781500
  -0.0008223800   -0.0026720700   -0.0019541600
  -0.0008100700    0.0027777800    0.0018012300
   0.0000547200    0.0000016000   -0.0000014600
   0.0000514400   -0.0000036200    0.0000526200
   0.0036665400    0.0001445100   -0.0002749400
   0.0000530100    0.0000192300   -0.0000518600
   0.0000252000    0.0000019100    0.0000026400
   0.0000262100   -0.0000204500   -0.0000263400
   0.0000157700    0.0000089200    0.0000273100
   0.0006569900   -0.0004144900    0.0003132200
  -0.0000522500    0.0000876300    0.0000354500
  -0.0000088100   -0.0000295100   -0.0000033800
  -0.0000468700    0.0000897400    0.0000197100
   0.0010511000   -0.0019138700    0.0017259800
  -0.0000053900    0.0000088900    0.0000096300
  -0.0000064400   -0.0000162600    0.0000035100
   0.0000068100    0.0000227500    0.0000032500
   0.0000045500   -0.0000056400    0.0000005900
   0.1001659100   -0.0033446600    0.0016299300
  -0.0000079600    0.0000458700    0.0000006300
  -0.0000076900   -0.0000329300   -0.0000393600
  -0.0000175000    0.0000475700   -0.0001061000
  -0.0000019600   -0.0000303700    0.0000856000
  -0.0000166200    0.0000048700    0.0000016400
  -0.0000180000   -0.0000950600   -0.0001284600
  -0.0000166000    0.0000042400   -0.0000009300
  -0.0000019800    0.0000488800    0.0000648400
  -0.0012232400    0.0044359100    0.0003974400
  -0.0000469800    0.0000251900    0.0000055100
   0.0001649100    0.0000130000    0.0001127400
  -0.0011654900    0.0040766200   -0.0005007600
   0.0000849800    0.0000068900   -0.0000342200
  -0.0000434800    0.0000208300   -0.0000007000
  -0.0000274700    0.0000377200   -0.0000104500
   0.0000090100   -0.0000144700    0.0000075600
  -0.0000066100   -0.0000018500    0.0000003200
   0.0024266700   -0.0000066900    0.0000768500
  -0.0000507200    0.0001371100   -0.0000282700
  -0.0000761600   -0.0001848700    0.0000295900
   0.0000730400    0.0002524900    0.0000309600
   0.0000893200   -0.0002183500   -0.0000163900
  -0.0000216600    0.0000008500    0.0000027000
   0.0000892000   -0.0000621900   -0.0000037800
  -0.0000217400    0.0000000700   -0.0000019500
   0.0000732900    0.0000819200    0.0000052100
  -0.0011698600   -0.0015400000   -0.0013176800
  -0.0012344900    0.0012715600    0.0014947300
  -0.0000050200    0.0000040000    0.0000036800
  -0.0000077300    0.0000307900   -0.0000051000
   0.0000288400    0.0000032300   -0.0000244500
  -0.0000064700   -0.0000149000    0.0000068300
  -0.0000102100    0.0000427100    0.0000031600
  -0.0000041700   -0.0000096800    0.0000174700
  -0.0000006000    0.0000087200   -0.0000152400
   0.0010778900    0.0002911500   -0.0001968400
  -0.0000173500    0.0000271200    0.0000089000
  -0.0000781200   -0.0000406200   -0.0000133000
   0.0011287700    0.0023172000   -0.0012385700
  -0.0001012300   -0.0000488300    0.0000213600
  -0.0000196500   -0.0000133900   -0.0000087700
  -0.0000022400    0.0000018500    0.0000085900
   0.0000069700   -0.0000142200   -0.0000109200
  -0.0000012200    0.0000255700   -0.0000008900
  -0.0068521700    0.0003574000   -0.0011336900
  -0.0066618600   -0.0002605000    0.0011939800
  -0.0000533100   -0.0000075500    0.0000036100
  -0.0000323400    0.0000219200   -0.0000026500
   0.0000593700    0.0000210300    0.0000589300
  -0.0000404300   -0.0000188200    0.0000055100
   0.0000593200    0.0000427500    0.0000060100
  -0.0000345900    0.0000100000   -0.0000130200
  -0.0000248100   -0.0000241100    0.0000201800
  -0.0010014700   -0.0038422900   -0.0006446100
   0.0001950100   -0.0001314800   -0.0000728300
  -0.0000409700   -0.0000219300   -0.0000040500
   0.0001520900   -0.0000651100    0.0000321800
  -0.0007238300   -0.0029826400    0.0007813400
  -0.0000526300   -0.0000111700    0.0000054900
  -0.0000105400    0.0000151400    0.0000011000
   0.0000009700    0.0000086300   -0.0000179100
  -0.0000250100   -0.0000115000    0.0000210200

46   
 -0.0049981448375870   0.0086613248514591   0.0000000000000000
   0.0006292100    0.0005586300    0.0000625100
  -0.0065225300    0.0105986500   -0.0000268700
   0.0000063500    0.0000032600    0.0000033900
   0.0000240700   -0.0000559500   -0.0000041000
  -0.0000111500   -0.0001839000   -0.0001548900
   0.0000151300   -0.0000176000    0.0000009200
  -0.0007935200   -0.0003109100   -0.0001408600
   0.0001202800   -0.0000528300    0.0001409100
   0.0000195300   -0.0000331200   -0.0000011400
  -0.0059236900    0.0396568000    0.0279304000
   0.0001714200   -0.0000987900    0.0000538800
  -0.0000866300    0.0000614500   -0.0000818700
  -0.0008896600    0.0004142300   -0.0006916500
   0.0002790600    0.0008836200   -0.0004585000
   0.0000325200    0.0000145900    0.0000118600
   0.0000654100    0.0000223400    0.0000175800
   0.0000141200   -0.0000691700    0.0000247300
  -0.0000180600    0.0000056600   -0.0000064500
  -0.0317730500    0.0253683200   -0.0290378800
  -0.0008677600    0.0001922600    0.0005188700
   0.0000006200    0.0000305600    0.0000189800
  -0.0000566400   -0.0000494200   -0.0000190100
  -0.0000246900   -0.0002030300   -0.0000623600
  -0.0000271300   -0.0000202600   -0.0000162800
   0.0001288600    0.0008242800    0.0006536900
   0.0000535700   -0.0000563000   -0.0000289400
  -0.0000036900    0.0001052000    0.0000585000
   0.0018115000   -0.0033421900   -0.0000660100
  -0.0028262700   -0.0006216100    0.0019910600
   0.0000353800   -0.0000136900   -0.0000353100
   0.0000295000   -0.0000215800    0.0000547800
   0.0017937600    0.0023594600   -0.0020254700
   0.0000171200   -0.0000248900    0.0000048400
  -0.0000042900   -0.0000311700   -0.0000551500
   0.0000320300   -0.0000479000    0.0000001400
  -0.0000081600   -0.0000249500    0.0000293400
   0.0021450000   -0.0001829900    0.0016923900
  -0.0000634100    0.0000290600    0.0000466300
  -0.0000177200   -0.0000171400    0.0000084900
  -0.0000767300    0.0000608800   -0.0000025400
   0.0005764700   -0.0005059600    0.0003155500
   0.0000107600    0.0000081200    0.0000042700
  -0.0000237300    0.0000028700    0.0000044000
   0.0000181800    0.0000290900   -0.0000080100
   0.0000108700    0.0000050600   -0.0000012900
   0.0529619400   -0.0898205600    0.0006975700
   0.0000234700    0.0000450900   -0.0000833200
  -0.0000453500    0.0000051600   -0.0001067900
   0.0000761000    0.0000192300    0.0000195100
  -0.0000431900   -0.0000007900    0.0000739000
  -0.0000123300    0.0000211900   -0.0000001600
  -0.0000488000   -0.0000494300   -0.0000352100
  -0.0000121900    0.0000212600   -0.0000002900
   0.0000254600    0.0000389300    0.0000969600
  -0.0040378400    0.0074670300    0.0008966400
  -0.0000374600    0.0000157400   -0.0000037000
   0.0000630900   -0.0000990200    0.0000013100
  -0.0044866000    0.0073268600   -0.0009233000
   0.0000222800   -0.0000831100   -0.0000012900
  -0.0000377400    0.0000167500   -0.0000017200
  -0.0000432000    0.0000793200    0.0000031800
   0.0000117100    0.0000377100    0.0000062900
  -0.0000011000    0.0000463700    0.0000017800
   0.0012105000   -0.0021983400    0.0000449000
   0.0000936700   -0.0000574800    0.0000017400
  -0.0001976500   -0.0001995300    0.0000013500
   0.0001078700    0.0001280900    0.0000531100
  -0.0000086300   -0.0001089900   -0.0000085700
  -0.0000107600    0.0000226200    0.0000029000
  -0.0001442400   -0.0000294100   -0.0000339600
  -0.0000100700    0.0000225900   -0.0000017100
   0.0002541500    0.0000440300    0.0000116700
  -0.0011270800   -0.0023000400   -0.0014574800
   0.0002262900   -0.0008640900   -0.0001470800
  -0.0000053200   -0.0000035100    0.0000075200
   0.0000130700    0.0000244100   -0.0000064700
  -0.0000168900    0.0000892600   -0.0000884300
  -0.0000209800   -0.0000078300   -0.0000015700
  -0.0000431500    0.0001673400    0.0000380100
  -0.0000292300   -0.0000009600    0.0000079400
   0.0000195500   -0.0000004400   -0.0000106500
  -0.0015064000    0.0005600900    0.0012199900
   0.0000038400    0.0000151700    0.0000226600
  -0.0000232700   -0.0000170400   -0.0000097500
   0.0004399400    0.0016622900   -0.0010837200
  -0.0000316500    0.0000051500   -0.0000162000
  -0.0000379200   -0.0000033000   -0.0000080500
  -0.0000074900    0.0000007400    0.0000004300
  -0.0000082500    0.0000070500   -0.0000196500
   0.0000195200    0.0000255400    0.0000051700
  -0.0030131200   -0.0007338400   -0.0004683800
  -0.0037243500   -0.0010884900    0.0005678600
  -0.0000312900    0.0000041100   -0.0000181100
  -0.0000412200    0.0000386400   -0.0000028800
   0.0000669000   -0.0002302200    0.0001562600
  -0.0000067700    0.0000178000    0.0000005600
   0.0000399300   -0.0001322200   -0.0000235700
  -0.0000409200    0.0000145200    0.0000066200
   0.0000086700    0.0000001100    0.0000205200
   0.0020336400    0.0022254600    0.0005830500
   0.0001702500   -0.0001287500   -0.0001304400
  -0.0000039000   -0.0000040700   -0.0000218500
   0.0001036700   -0.0001082800    0.0000235100
   0.0028918000    0.0026609900   -0.0006029200
  -0.0000122400    0.0000062300   -0.0000006500
  -0.0000154400    0.0000578700    0.0000072500
   0.0000090800    0.0000481700   -0.0000050800
   0.0000054700    0.0000318400    0.0000193400

46   
  0.0049981448375870  -0.0086613248514591   0.0000000000000000
  -0.0006234200   -0.0005492300   -0.0000644500
   0.0063880000   -0.0106846600    0.0000990400
  -0.0000049600   -0.0000033500   -0.0000034900
  -0.0000236100    0.0000562400    0.0000047500
   0.0000130700    0.0001828900    0.0001529800
  -0.0000142200    0.0000186400   -0.0000010500
   0.0008040200    0.0003110800    0.0001409600
  -0.0001199600    0.0000538900   -0.0001428700
  -0.0000200300    0.0000326700    0.0000014200
   0.0059335500   -0.0405323400   -0.0288915200
  -0.0001724500    0.0000989900   -0.0000542500
   0.0000864800   -0.0000647700    0.0000827200
   0.0008524400   -0.0003840600    0.0006739400
  -0.0002791000   -0.0008701500    0.0004480000
  -0.0000320500   -0.0000145800   -0.0000115600
  -0.0000665500   -0.0000254100   -0.0000182100
  -0.0000143800    0.0000690800   -0.0000245000
   0.0000186700   -0.0000070800    0.0000072100
   0.0310208700   -0.0249262200    0.0280899000
   0.0008784800   -0.0001986400   -0.0005298300
  -0.0000016300   -0.0000291100   -0.0000182600
   0.0000532500    0.0000497300    0.0000184600
   0.0000246400    0.0002019800    0.0000619200
   0.0000274900    0.0000204400    0.0000166100
  -0.0001207900   -0.0008700300   -0.0006704300
  -0.0000535500    0.0000560500    0.0000291600
   0.0000000400   -0.0001037100   -0.0000585300
  -0.0018392700    0.0033265600    0.0000768400
   0.0028775400    0.0006131800   -0.0020105900
  -0.0000355500    0.0000133700    0.0000356500
  -0.0000300900    0.0000210300   -0.0000531800
  -0.0017798600   -0.0023084300    0.0020095800
  -0.0000165500    0.0000252200   -0.0000056800
   0.0000036700    0.0000312200    0.0000566900
  -0.0000322800    0.0000478400    0.0000003200
   0.0000078800    0.0000250500   -0.0000290600
  -0.0021992600    0.0001784300   -0.0017129100
   0.0000651200   -0.0000299100   -0.0000511600
   0.0000180700    0.0000173100   -0.0000083700
   0.0000787000   -0.0000625800   -0.0000011600
  -0.0005715300    0.0005004600   -0.0003056500
  -0.0000113700   -0.0000083500   -0.0000043600
   0.0000239900   -0.0000022300   -0.0000043100
  -0.0000178300   -0.0000292500    0.0000081100
  -0.0000108700   -0.0000049400    0.0000010700
  -0.0520021900    0.0903935700    0.0012097200
  -0.0000246800   -0.0000453000    0.0000841100
   0.0000432700   -0.0000063400    0.0001058200
  -0.0000727800   -0.0000207700   -0.0000208400
   0.0000423700   -0.0000001100   -0.0000731100
   0.0000119900   -0.0000214500    0.0000001100
   0.0000490700    0.0000529500    0.0000339400
   0.0000125000   -0.0000211600    0.0000005300
  -0.0000275500   -0.0000403600   -0.0000980000
   0.0041463400   -0.0076477500   -0.0008982600
   0.0000376300   -0.0000157800    0.0000034300
  -0.0000647800    0.0000981700   -0.0000023200
   0.0043880000   -0.0071446600    0.0009200100
  -0.0000241500    0.0000817200    0.0000034100
   0.0000372400   -0.0000168600    0.0000016100
   0.0000439500   -0.0000789800   -0.0000026500
  -0.0000113700   -0.0000377500   -0.0000067200
   0.0000007000   -0.0000467700   -0.0000018200
  -0.0012076800    0.0022013200    0.0000013000
  -0.0000949300    0.0000586900   -0.0000013500
   0.0001975400    0.0001985200   -0.0000020700
  -0.0001067300   -0.0001289800   -0.0000520500
   0.0000092400    0.0001074000    0.0000092100
   0.0000104700   -0.0000228700   -0.0000030200
   0.0001441000    0.0000309100    0.0000347400
   0.0000103400   -0.0000224100    0.0000015700
  -0.0002552900   -0.0000428500   -0.0000121800
   0.0010947500    0.0022456100    0.0014456500
  -0.0002304300    0.0008732800    0.0001609000
   0.0000054400    0.0000033900   -0.0000075200
  -0.0000122600   -0.0000245600    0.0000064800
   0.0000172000   -0.0000878800    0.0000831900
   0.0000205500    0.0000074100    0.0000015300
   0.0000434800   -0.0001661500   -0.0000419700
   0.0000293000    0.0000011500   -0.0000077700
  -0.0000192400    0.0000004800    0.0000108100
   0.0014908200   -0.0005660900   -0.0012253600
  -0.0000041300   -0.0000152800   -0.0000227200
   0.0000258600    0.0000177300    0.0000047400
  -0.0004499700   -0.0016704200    0.0010785900
   0.0000318700   -0.0000051100    0.0000154000
   0.0000376800    0.0000030600    0.0000081900
   0.0000072000   -0.0000009700   -0.0000006900
   0.0000081500   -0.0000073300    0.0000196200
  -0.0000198800   -0.0000257400   -0.0000051000
   0.0029896700    0.0007153600    0.0004659200
   0.0037344500    0.0011133300   -0.0005593900
   0.0000311100   -0.0000044900    0.0000179400
   0.0000405200   -0.0000382300    0.0000026000
  -0.0000670600    0.0002289000   -0.0001543600
   0.0000066500   -0.0000179000   -0.0000002600
  -0.0000409900    0.0001361300    0.0000221400
   0.0000416400   -0.0000146000   -0.0000063800
  -0.0000085200   -0.0000001500   -0.0000204300
  -0.0020606600   -0.0022349700   -0.0005858000
  -0.0001717900    0.0001288300    0.0001325500
   0.0000040200    0.0000041500    0.0000217600
  -0.0001005200    0.0001052700   -0.0000250200
  -0.0028655600   -0.0026640900    0.0006108500
   0.0000120900   -0.0000064600    0.0000007400
   0.0000155400   -0.0000586600   -0.0000076600
  -0.0000086900   -0.0000475700    0.0000052000
  -0.0000057400   -0.0000318600   -0.0000193900

46   
 -0.0000038899402938   0.0000000000000000   0.0099999992434182
  -0.0001801100    0.0000180000    0.0005659800
  -0.0268879500   -0.0159790400    0.0428924700
   0.0000339800    0.0000414300    0.0000008700
  -0.0000006700   -0.0000013700    0.0000092900
   0.0000406800    0.0001371300   -0.0000578900
   0.0000600000    0.0000123800    0.0000015000
  -0.0001752200   -0.0000717300    0.0005152900
   0.0001318100   -0.0000513400   -0.0000376900
  -0.0000154200   -0.0000102800    0.0000014500
  -0.0002281500    0.0320967000    0.0421015300
   0.0000641200   -0.0000690400    0.0000030600
  -0.0000629800   -0.0000748300   -0.0000120000
  -0.0003031800    0.0003356300    0.0003930500
  -0.0000653700    0.0001379500    0.0005867500
  -0.0000049800    0.0000023800    0.0000077900
  -0.0000325600   -0.0000413300   -0.0000031100
   0.0000049600    0.0000239500    0.0000028200
   0.0000073600   -0.0000657600   -0.0000123800
   0.0274898400   -0.0166215200    0.0423483300
   0.0001152700   -0.0000598700    0.0006083400
  -0.0000472100    0.0000444300   -0.0000167400
  -0.0000595500   -0.0000028200   -0.0000060900
  -0.0000288200    0.0001131500   -0.0000105800
   0.0000038600   -0.0000079700    0.0000112900
   0.0001936300   -0.0003910600    0.0003502100
   0.0000126300   -0.0000048100    0.0000041700
  -0.0000962700   -0.0000429000   -0.0000031900
   0.0010367900    0.0005643200    0.0021057200
  -0.0007647100    0.0003004000    0.0020665200
  -0.0000073000   -0.0000084500    0.0000042700
   0.0000150500   -0.0000259800   -0.0000111900
  -0.0000744200   -0.0008483600    0.0022387700
  -0.0000523100   -0.0000286100    0.0000135400
  -0.0000140000    0.0000419800    0.0000037000
   0.0000143400    0.0000154000    0.0000042600
  -0.0000087600    0.0000041500    0.0000005300
   0.0018395400    0.0005041900    0.0004307500
  -0.0000253000    0.0000020000   -0.0002650900
   0.0000069000    0.0000044900    0.0000117900
  -0.0000009200   -0.0000413900   -0.0002608900
   0.0004564400   -0.0016846800    0.0001999100
  -0.0000050000   -0.0000095900    0.0000133900
   0.0000079400    0.0000120800    0.0000105200
   0.0000002900   -0.0000106700    0.0000152100
   0.0000014600   -0.0000004800    0.0000138900
  -0.0006307200   -0.0006737900   -0.1285080800
   0.0000360800   -0.0001010400   -0.0002241900
  -0.0000005400   -0.0000978300   -0.0002241600
   0.0001303000    0.0000320800   -0.0001620200
  -0.0000649700    0.0000742000   -0.0002355400
   0.0000011000    0.0000001700    0.0000014400
   0.0001038800    0.0000865100   -0.0001621000
  -0.0000016500   -0.0000010300    0.0000014900
  -0.0000854700    0.0000365100   -0.0002354800
   0.0005690800   -0.0009214900   -0.0030877900
   0.0000054200   -0.0000075100   -0.0000217800
   0.0000167300    0.0000158500    0.0000264800
  -0.0005383800    0.0009788200   -0.0029822000
  -0.0000745400   -0.0000411200    0.0000682400
   0.0000015400   -0.0000036600   -0.0000215400
   0.0000152100    0.0000063300    0.0000042200
  -0.0000043000    0.0000071500   -0.0000210700
  -0.0000021000   -0.0000003900   -0.0000229800
  -0.0000549600    0.0000066800    0.0124266000
   0.0000284900   -0.0000178400    0.0000061900
  -0.0000291700    0.0000151000   -0.0000096200
  -0.0000050100   -0.0000106200    0.0000371400
   0.0000041400    0.0000371300    0.0000426400
   0.0000019100    0.0000008700    0.0000010200
   0.0000163400    0.0000006100    0.0000431000
  -0.0000028000   -0.0000018200    0.0000010200
  -0.0000307300   -0.0000426400    0.0000366400
   0.0016719200    0.0016646900    0.0003592000
  -0.0015558100    0.0015599000    0.0003371800
   0.0000020700    0.0000025400    0.0000078500
   0.0000143600   -0.0000038300    0.0000147700
   0.0000167600   -0.0000133200   -0.0003213700
  -0.0000141500    0.0000009400    0.0000133700
  -0.0000452600    0.0000410900   -0.0002269400
  -0.0000019500    0.0000053700    0.0000043400
   0.0000040600    0.0000018700    0.0000042500
  -0.0020617100    0.0006238000    0.0004638600
  -0.0000056000   -0.0000030800    0.0000021000
  -0.0000093900   -0.0000350500   -0.0003304600
  -0.0004915400   -0.0020736100    0.0002588000
  -0.0000404200   -0.0000133200   -0.0002460700
   0.0000129400   -0.0000103700    0.0000182600
   0.0000014100   -0.0000015000    0.0000067800
  -0.0000031400   -0.0000074200    0.0000057700
  -0.0000081500    0.0000149400    0.0000153500
  -0.0008858500    0.0003979300   -0.0032825900
   0.0009524800    0.0001891000   -0.0037002100
   0.0000041200   -0.0000201100    0.0000059800
   0.0000065500    0.0000016900   -0.0000245200
   0.0000069000   -0.0000106900    0.0000397400
   0.0000003000    0.0000037400   -0.0000258200
   0.0000479400    0.0001340500    0.0000468600
   0.0000031900    0.0000030300   -0.0000305000
  -0.0000017800    0.0000049400   -0.0000352200
  -0.0001044400   -0.0008101300   -0.0033254500
   0.0000089400    0.0000133800    0.0000646700
   0.0000068400   -0.0000016600   -0.0000372500
   0.0001369000   -0.0000183800    0.0000283500
   0.0005358800    0.0007138100   -0.0036464800
   0.0000013900   -0.0000035700   -0.0000288400
   0.0000051900    0.0000034900   -0.0000292100
   0.0000041100   -0.0000020800   -0.0000294400
  -0.0000156100    0.0000123800    0.0000051600

46   
  0.0000038899402938   0.0000000000000000  -0.0099999992434182
   0.0001493000   -0.0000282500   -0.0005751600
   0.0278555900    0.0165323500   -0.0438005600
  -0.0000352000   -0.0000411100   -0.0000032100
   0.0000010300    0.0000017400   -0.0000100700
  -0.0000445600   -0.0001393600    0.0000572900
  -0.0000604200   -0.0000136100   -0.0000039200
   0.0001529000    0.0000475900   -0.0005253800
  -0.0001358700    0.0000498000    0.0000375000
   0.0000156600    0.0000104900   -0.0000019000
   0.0002178600   -0.0332129500   -0.0430013900
  -0.0000653900    0.0000733300   -0.0000035000
   0.0000628800    0.0000788600    0.0000120300
   0.0002960700   -0.0003010800   -0.0004033500
   0.0000740900   -0.0001081800   -0.0005969400
   0.0000047600   -0.0000031400   -0.0000084700
   0.0000319500    0.0000417400   -0.0000002300
  -0.0000049100   -0.0000240100   -0.0000032400
  -0.0000066500    0.0000668100    0.0000098500
  -0.0284582800    0.0171638600   -0.0432399200
  -0.0000855500    0.0000517500   -0.0006195600
   0.0000484900   -0.0000444700    0.0000141700
   0.0000600000    0.0000022300    0.0000028200
   0.0000325600   -0.0001170500    0.0000102100
  -0.0000046900    0.0000083900   -0.0000119900
  -0.0001682900    0.0003659000   -0.0003627200
  -0.0000126400    0.0000048400   -0.0000045600
   0.0001007700    0.0000412200    0.0000035100
  -0.0010073900   -0.0005457600   -0.0021061800
   0.0007313100   -0.0002831900   -0.0020620800
   0.0000073500    0.0000089200   -0.0000050000
  -0.0000159400    0.0000266100    0.0000070900
   0.0000711700    0.0008140300   -0.0022364900
   0.0000537200    0.0000291700   -0.0000169800
   0.0000142400   -0.0000431200   -0.0000078700
  -0.0000145900   -0.0000156700   -0.0000049700
   0.0000092600   -0.0000044500   -0.0000012200
  -0.0018195400   -0.0005024200   -0.0004307100
   0.0000312800   -0.0000052700    0.0002622800
  -0.0000069900   -0.0000045600   -0.0000121600
  -0.0000004400    0.0000405800    0.0002621700
  -0.0004488400    0.0016664100   -0.0001996500
   0.0000053800    0.0000099200   -0.0000134600
  -0.0000080600   -0.0000124500   -0.0000104700
  -0.0000002300    0.0000106200   -0.0000155100
  -0.0000015900    0.0000005600   -0.0000139600
   0.0006382000    0.0006986400    0.1312968100
  -0.0000391900    0.0001008900    0.0002289200
   0.0000037000    0.0000978800    0.0002289800
  -0.0001280100   -0.0000371300    0.0001669700
   0.0000634800   -0.0000767300    0.0002400700
  -0.0000010100   -0.0000001300   -0.0000010800
  -0.0001069800   -0.0000817200    0.0001668900
   0.0000015900    0.0000010600   -0.0000010200
   0.0000869500   -0.0000338100    0.0002401600
  -0.0005892200    0.0009513000    0.0031229500
  -0.0000058400    0.0000074300    0.0000220100
  -0.0000149700   -0.0000149500   -0.0000222400
   0.0005550500   -0.0010119700    0.0030155200
   0.0000727500    0.0000398700   -0.0000669600
  -0.0000011900    0.0000040200    0.0000225400
  -0.0000153900   -0.0000064000   -0.0000034700
   0.0000042000   -0.0000075300    0.0000211400
   0.0000024300    0.0000005900    0.0000239500
   0.0000533300   -0.0000065400   -0.0126806000
  -0.0000284000    0.0000184700   -0.0000077000
   0.0000296500   -0.0000147200    0.0000081100
   0.0000050300    0.0000108200   -0.0000386500
  -0.0000039800   -0.0000374400   -0.0000450700
  -0.0000017500   -0.0000008000   -0.0000011100
  -0.0000163300   -0.0000011300   -0.0000446300
   0.0000027500    0.0000018100   -0.0000011200
   0.0000313400    0.0000428600   -0.0000391500
  -0.0016647800   -0.0016464300   -0.0003624600
   0.0015482600   -0.0015454100   -0.0003385200
  -0.0000020900   -0.0000027500   -0.0000078500
  -0.0000148600    0.0000039500   -0.0000146200
  -0.0000167300    0.0000193500    0.0003206200
   0.0000145600   -0.0000007600   -0.0000132700
   0.0000433600   -0.0000411500    0.0002305000
   0.0000018900   -0.0000052800   -0.0000046400
  -0.0000041900   -0.0000018600   -0.0000043600
   0.0020472800   -0.0006261200   -0.0004655600
   0.0000056100    0.0000030600   -0.0000023400
   0.0000046200    0.0000324400    0.0003303700
   0.0004800100    0.0020600400   -0.0002618400
   0.0000402200    0.0000135100    0.0002498300
  -0.0000132400    0.0000108600   -0.0000182200
  -0.0000012300    0.0000016700   -0.0000066700
   0.0000030600    0.0000075000   -0.0000058800
   0.0000084000   -0.0000153700   -0.0000151800
   0.0009059600   -0.0003938400    0.0033163800
  -0.0009720000   -0.0001866200    0.0037392200
  -0.0000041100    0.0000203100   -0.0000052200
  -0.0000064100   -0.0000020700    0.0000255300
  -0.0000069200    0.0000091700   -0.0000358300
  -0.0000003200   -0.0000041100    0.0000268200
  -0.0000475900   -0.0001305200   -0.0000446900
  -0.0000034900   -0.0000026600    0.0000304200
   0.0000019000   -0.0000044200    0.0000352200
   0.0001206500    0.0008248200    0.0033613500
  -0.0000097600   -0.0000131200   -0.0000606600
  -0.0000063900    0.0000015900    0.0000373600
  -0.0001334600    0.0000166900   -0.0000255900
  -0.0005425000   -0.0007346400    0.0036858400
  -0.0000017800    0.0000038200    0.0000299500
  -0.0000054400   -0.0000031700    0.0000303400
  -0.0000040300    0.0000017500    0.0000294800
   0.0000157800   -0.0000124100   -0.0000041400

73   
  0.0100000000000000   0.0000000000000000   0.0000000000000000
   0.0409866900   -0.0142673800   -0.0289069800
   0.0008012500    0.0002369800    0.0004556700
   0.0000547700   -0.0000375900   -0.0000295800
   0.0000341800   -0.0000066200    0.0000132100
   0.0000626600    0.0001130900    0.0001049400
   0.0000004500   -0.0000225700   -0.0000275800
   0.0005390600   -0.0009237900    0.0002441900
  -0.0000347600    0.0000069800   -0.0000244000
  -0.0001414000   -0.0001718700   -0.0000375400
   0.0004566800   -0.0028918500    0.0012839300
  -0.0000419300    0.0000016300    0.0000000200
   0.0004590300    0.0026098100   -0.0014605800
  -0.0041196300   -0.0000528400   -0.0002608800
  -0.0000809500   -0.0000388700   -0.0000080600
  -0.0000761600    0.0000136800   -0.0000092500
  -0.0000297300    0.0000233700   -0.0000288500
  -0.0000143700   -0.0000099300    0.0000286000
  -0.0000388500    0.0000026100    0.0000002900
   0.0414631100    0.0147332300    0.0286487600
   0.0000399800    0.0000402500    0.0000081200
   0.0007567100   -0.0003410400   -0.0003456200
   0.0000467700   -0.0000285200   -0.0001274000
   0.0000111300    0.0000106200   -0.0000109500
  -0.0000027000    0.0000257900    0.0000114300
  -0.0001569900    0.0001519700    0.0000430700
  -0.0000338400   -0.0000073900    0.0000196300
   0.0005682900    0.0007571200   -0.0000967100
   0.0153189600   -0.0007815800   -0.0002708200
   0.0000135900    0.0000412400    0.0002036500
  -0.0000466800   -0.0000164400   -0.0002475800
  -0.0000578800    0.0006146800   -0.0002433600
  -0.0000597900   -0.0006308100    0.0002603300
  -0.0000298500    0.0000006600   -0.0000086800
  -0.0000078500   -0.0000367000    0.0000215100
  -0.0000081200    0.0000017100   -0.0000046000
  -0.0000098500    0.0000389900   -0.0000174700
   0.0013135500   -0.0037772000    0.0006660000
   0.0000372300   -0.0000159300   -0.0000063200
  -0.0001836000   -0.0000659200    0.0001284800
   0.0010131200   -0.0028683600    0.0001223300
  -0.0002057900   -0.0000526800   -0.0000101800
   0.0000335500   -0.0000187400    0.0000072900
   0.0000160000   -0.0000192200   -0.0000179700
   0.0000065200    0.0000087900    0.0000059200
   0.0000026200   -0.0000094600    0.0000052600
   0.0011677000   -0.0005977500    0.0016741100
   0.0000048000   -0.0000033800    0.0000021400
   0.0012353100    0.0009821000   -0.0015460400
   0.0000103200   -0.0000468000   -0.0000420800
   0.0000004900    0.0000231000    0.0000040800
   0.0000042200   -0.0000311200   -0.0000019700
   0.0000075000    0.0000192900    0.0000145000
   0.0000065500   -0.0000200900   -0.0000143500
  -0.0000286100   -0.0000354100    0.0000176300
   0.0001197100   -0.0000643600    0.0000916100
  -0.0000078300    0.0000149300    0.0000019200
  -0.0010809000    0.0000558700    0.0006812100
  -0.0009191500    0.0024237900    0.0023714900
  -0.0000037800   -0.0000156400    0.0000007700
   0.0001029700   -0.0000484800    0.0000301300
   0.0000017000   -0.0000246800    0.0000091000
  -0.0000054600    0.0000028600    0.0000036400
   0.0000014700    0.0000143800    0.0000014800
   0.0068395300    0.0004125700    0.0009723500
   0.0000532300    0.0000047900    0.0000039400
   0.0066805900   -0.0004393800   -0.0008867300
  -0.0000593100   -0.0000121100    0.0000483600
   0.0000342800    0.0000280900    0.0000033900
   0.0000246400   -0.0000239200   -0.0000017200
   0.0000402400   -0.0000157600    0.0000005300
   0.0000318700    0.0000284000    0.0000065700
  -0.0000595700   -0.0000417300    0.0000053000
  -0.1092747800    0.0018735100   -0.0000466700
  -0.0000702900   -0.0000229500    0.0000183800
  -0.0000675500   -0.0000031100   -0.0000564000
   0.0000168600    0.0000132400   -0.0000516500
  -0.0000032000   -0.0000061900    0.0000181800
   0.0000091100   -0.0000029900    0.0000024500
   0.0000168100    0.0000261900   -0.0000410400
   0.0000091300   -0.0000026600   -0.0000003500
  -0.0000033200   -0.0000183400   -0.0000030100
  -0.0001844200    0.0001831900   -0.0001024500
   0.0000337200    0.0000155500    0.0000062600
   0.0012967200    0.0034426200   -0.0007859300
   0.0007083000    0.0021433000   -0.0000167300
   0.0000425700    0.0000091700    0.0000022600
  -0.0002781100    0.0001293000    0.0000247100
   0.0000177000   -0.0000021400   -0.0000103400
   0.0000174300    0.0000024300    0.0000223200
   0.0000074000   -0.0000022100   -0.0000023500
  -0.0028184500   -0.0000050000    0.0000086800
   0.0000592000   -0.0001507000   -0.0000025200
   0.0000842500    0.0001955500    0.0000193900
  -0.0000669900   -0.0002640900    0.0000444700
  -0.0000804800    0.0002325000   -0.0000351700
   0.0000099200   -0.0000012100    0.0000027300
  -0.0000804300    0.0000683300    0.0000388600
   0.0000099100    0.0000017800   -0.0000005400
  -0.0000670500   -0.0000858700   -0.0000470000
  -0.0016074200    0.0001634000   -0.0005348700
   0.0000003300   -0.0000190400    0.0000079400
   0.0001722600    0.0000264900   -0.0001163700
  -0.0009106500   -0.0029046200   -0.0019024700
   0.0001383500    0.0000215400    0.0000113000
   0.0000056800    0.0000190000    0.0000009000
   0.0000002400   -0.0000019000    0.0000021700
   0.0000006900    0.0000154700   -0.0000095100
  -0.0000011500   -0.0000190200    0.0000018200

73   
 -0.0100000000000000   0.0000000000000000   0.0000000000000000
  -0.0419278800    0.0147680600    0.0299631600
  -0.0007590700   -0.0002277100   -0.0004530200
  -0.0000566400    0.0000401700    0.0000301000
  -0.0000362300    0.0000067500   -0.0000142700
  -0.0000647800   -0.0001113700   -0.0001052700
  -0.0000004600    0.0000219800    0.0000271100
  -0.0005289500    0.0009155600   -0.0002345900
   0.0000348500   -0.0000069500    0.0000241700
   0.0001428800    0.0001733500    0.0000387500
  -0.0004195500    0.0028456900   -0.0012789200
   0.0000419000   -0.0000011500   -0.0000006200
  -0.0004921800   -0.0026501500    0.0014630700
   0.0041211300    0.0000983700    0.0002469800
   0.0000797200    0.0000381200    0.0000063300
   0.0000765500   -0.0000143100    0.0000071800
   0.0000297400   -0.0000229000    0.0000281200
   0.0000142700    0.0000104900   -0.0000292700
   0.0000387600   -0.0000037600   -0.0000003500
  -0.0405436700   -0.0142396900   -0.0276299400
  -0.0000382100   -0.0000377000   -0.0000077200
  -0.0008012000    0.0003535800    0.0003479500
  -0.0000449800    0.0000302700    0.0001260400
  -0.0000094400   -0.0000105300    0.0000096600
   0.0000028200   -0.0000263700   -0.0000118900
   0.0001558300   -0.0001504900   -0.0000420000
   0.0000337500    0.0000075600   -0.0000199300
  -0.0005791300   -0.0007630300    0.0001038000
  -0.0153150800    0.0009491800    0.0002016000
  -0.0000138800   -0.0000427200   -0.0002008800
   0.0000477300    0.0000140900    0.0002506900
   0.0000514100   -0.0006184300    0.0002465600
   0.0000633100    0.0006256700   -0.0002608600
   0.0000296900   -0.0000006000    0.0000081600
   0.0000081500    0.0000361900   -0.0000214500
   0.0000081800   -0.0000015700    0.0000040900
   0.0000097500   -0.0000396100    0.0000176800
  -0.0013290900    0.0037637400   -0.0006722000
  -0.0000369100    0.0000153500    0.0000057800
   0.0001847400    0.0000674700   -0.0001302200
  -0.0010107000    0.0028997700   -0.0001252700
   0.0002009100    0.0000514600    0.0000110600
  -0.0000340700    0.0000190900   -0.0000071700
  -0.0000158000    0.0000193800    0.0000179500
  -0.0000066000   -0.0000086700   -0.0000061600
  -0.0000027600    0.0000094500   -0.0000056300
  -0.0011731800    0.0006161800   -0.0016635700
  -0.0000048100    0.0000033000   -0.0000020300
  -0.0012311600   -0.0009684900    0.0015570500
  -0.0000098300    0.0000415800    0.0000464800
  -0.0000007300   -0.0000224800   -0.0000041700
  -0.0000039700    0.0000317200    0.0000018400
  -0.0000077600   -0.0000188500   -0.0000146800
  -0.0000063600    0.0000204200    0.0000143500
   0.0000286300    0.0000369700   -0.0000158700
  -0.0001173500    0.0000629400   -0.0000862900
   0.0000083500   -0.0000152400   -0.0000022300
   0.0010923500   -0.0000545000   -0.0006966200
   0.0008950300   -0.0023568900   -0.0023360800
   0.0000034900    0.0000150600   -0.0000008500
  -0.0000989200    0.0000464800   -0.0000268000
  -0.0000014300    0.0000239000   -0.0000093300
   0.0000052700   -0.0000029700   -0.0000035800
  -0.0000016900   -0.0000137700   -0.0000014100
  -0.0066596400   -0.0004102700   -0.0009579500
  -0.0000532000   -0.0000058300   -0.0000042500
  -0.0068539900    0.0004396800    0.0009003100
   0.0000585200    0.0000131500   -0.0000470700
  -0.0000342900   -0.0000274300   -0.0000033300
  -0.0000244300    0.0000245700    0.0000019700
  -0.0000402700    0.0000155600   -0.0000001400
  -0.0000320500   -0.0000288900   -0.0000063000
   0.0000599900    0.0000437900   -0.0000083900
   0.1092919000   -0.0032001400   -0.0019919600
   0.0000676500    0.0000224800   -0.0000142500
   0.0000703900    0.0000032700    0.0000612100
  -0.0000170300   -0.0000113700    0.0000536200
   0.0000035300    0.0000087900   -0.0000166100
  -0.0000091300    0.0000031400   -0.0000024900
  -0.0000171100   -0.0000252200    0.0000405200
  -0.0000091000    0.0000022300   -0.0000001300
   0.0000034000    0.0000192000    0.0000024300
   0.0001829200   -0.0001793900    0.0001004900
  -0.0000341300   -0.0000160400   -0.0000066300
  -0.0012861700   -0.0034554900    0.0007854900
  -0.0007115900   -0.0021204600    0.0000220900
  -0.0000420100   -0.0000091100   -0.0000021200
   0.0002858200   -0.0001319700   -0.0000229200
  -0.0000176400    0.0000022800    0.0000103000
  -0.0000177300   -0.0000023500   -0.0000220700
  -0.0000072700    0.0000022500    0.0000022200
   0.0028164300    0.0000031100   -0.0000923800
  -0.0000596900    0.0001485300    0.0000024100
  -0.0000842900   -0.0001981700   -0.0000198000
   0.0000683900    0.0002650400   -0.0000443800
   0.0000785300   -0.0002318800    0.0000353700
  -0.0000099600    0.0000012600   -0.0000026500
   0.0000785800   -0.0000685500   -0.0000397000
  -0.0000099600   -0.0000019900    0.0000006300
   0.0000683300    0.0000848800    0.0000461400
   0.0015918200   -0.0001608300    0.0005185800
  -0.0000007400    0.0000186700   -0.0000080500
  -0.0001752000   -0.0000268400    0.0001223100
   0.0009419800    0.0029801300    0.0019252400
  -0.0001409600   -0.0000237300   -0.0000068900
  -0.0000055300   -0.0000198000   -0.0000008000
  -0.0000001100    0.0000018100   -0.0000022200
  -0.0000008600   -0.0000160400    0.0000094200
   0.0000011700    0.0000195300   -0.0000017600

73   
 -0.0049981448375870   0.0086613248514591   0.0000000000000000
  -0.0340010800    0.0285753400    0.0294929100
  -0.0011923600    0.0000496000   -0.0001720100
  -0.0000419300    0.0000187700   -0.0000024700
  -0.0000470400    0.0000283500    0.0000091800
  -0.0000423200   -0.0002087500    0.0000258600
  -0.0000197900   -0.0000110000    0.0000243300
  -0.0001789500    0.0007678400   -0.0003741900
   0.0000278800   -0.0000253900    0.0000221300
   0.0000391000    0.0001391800   -0.0001260300
  -0.0024599800   -0.0007416200   -0.0015943000
   0.0000313200   -0.0000221100    0.0000261000
   0.0018329700   -0.0034567800   -0.0000838500
   0.0020112900    0.0014815000    0.0017791800
   0.0000239300   -0.0000177300    0.0000126500
   0.0000600100   -0.0000398700    0.0000182200
   0.0000245600   -0.0000529900   -0.0000010600
  -0.0000022800   -0.0000247400   -0.0000290200
  -0.0000009300   -0.0000885000    0.0000142300
  -0.0087523000    0.0134649900   -0.0003705300
   0.0000000800   -0.0000191300   -0.0000105300
   0.0005851200    0.0003406500    0.0002369100
   0.0000512700   -0.0001551600    0.0001722700
   0.0000096100    0.0000194300    0.0000022900
   0.0000218300   -0.0000409900    0.0000032000
   0.0000971100   -0.0000422000   -0.0001546000
   0.0000175200   -0.0000205900    0.0000007900
  -0.0004910300   -0.0002697200   -0.0000153000
  -0.0071266300    0.0453968400   -0.0289428900
   0.0001094200   -0.0000882300   -0.0000820000
  -0.0000868700    0.0000007900    0.0001432100
  -0.0007129400    0.0004093900    0.0005578900
   0.0004665900    0.0008550300    0.0001878100
   0.0000145600    0.0000107700   -0.0000182700
  -0.0000203800    0.0001117800   -0.0000106700
  -0.0000003700   -0.0000172300   -0.0000192400
   0.0000536700    0.0000511200    0.0000078800
  -0.0037641400    0.0068393100   -0.0009288500
  -0.0000289200    0.0000186700    0.0000057300
   0.0000068900   -0.0000676400   -0.0000430000
  -0.0036462200    0.0055254400    0.0007920400
   0.0000061000   -0.0000473200   -0.0000165400
  -0.0000292000    0.0000184200   -0.0000018500
  -0.0000223600    0.0000416600    0.0000018100
   0.0000096400    0.0000400600   -0.0000080500
  -0.0000008100    0.0000376600   -0.0000015600
   0.0007509900   -0.0011928900    0.0005951600
  -0.0000057500   -0.0000041200    0.0000013100
  -0.0017339700   -0.0020150500    0.0021356200
  -0.0000420600    0.0001685900    0.0000599300
  -0.0000080400   -0.0000164100   -0.0000004300
   0.0000068600    0.0000196300    0.0000055900
  -0.0000303200   -0.0000000700   -0.0000107200
   0.0000100500    0.0000102600    0.0000078100
   0.0000097400    0.0001065000   -0.0000207300
  -0.0001717800    0.0000825800   -0.0000802700
  -0.0000122900   -0.0000029700   -0.0000132500
   0.0031000800    0.0004185600   -0.0027314100
   0.0007040800   -0.0008314500   -0.0004676500
   0.0000083900    0.0000025500   -0.0000035700
  -0.0001648900    0.0000353300   -0.0000189800
   0.0000119800    0.0000126500    0.0000032800
   0.0000040400   -0.0000010300   -0.0000018800
  -0.0000118200   -0.0000112200   -0.0000050700
  -0.0035949400   -0.0011648000   -0.0006506700
  -0.0000328600    0.0000051500    0.0000154900
  -0.0030880200   -0.0006939500    0.0001040500
   0.0000649700   -0.0001494800   -0.0001394400
  -0.0000084700   -0.0000045300   -0.0000041800
  -0.0000332700    0.0000242300   -0.0000030100
  -0.0000362300    0.0000350000   -0.0000036800
   0.0000029600    0.0000130700   -0.0000048800
   0.0000467100   -0.0002159700    0.0000054600
   0.0573989800   -0.0978969600    0.0009392400
   0.0000313200    0.0000310700    0.0000358600
   0.0000139300    0.0000209800    0.0000769700
   0.0000142900   -0.0000143800    0.0000127000
  -0.0000148200    0.0000165900   -0.0000074500
  -0.0000067400    0.0000077100   -0.0000007000
   0.0000015200   -0.0000186100   -0.0000473800
  -0.0000070500    0.0000074200   -0.0000018000
  -0.0000057400    0.0000219900   -0.0000773400
   0.0002303700   -0.0001527000    0.0000877600
  -0.0000072200    0.0000081700    0.0000051800
   0.0017803600    0.0025055200   -0.0003659200
   0.0022788100    0.0021304700    0.0008352800
  -0.0000073600    0.0000084200    0.0000029700
   0.0002487300   -0.0001159900   -0.0000339300
  -0.0000063900    0.0000445500    0.0000053100
   0.0000011400    0.0000215300   -0.0000193700
  -0.0000096800    0.0000338900   -0.0000030600
   0.0014127600   -0.0028200700   -0.0004615100
   0.0000995900   -0.0000326500   -0.0000572800
  -0.0002131100   -0.0001990600   -0.0000511700
   0.0001086600    0.0001479900   -0.0000276700
  -0.0000190300   -0.0001111000    0.0000491200
  -0.0000066500    0.0000105500   -0.0000012000
  -0.0001609500   -0.0000280400    0.0000209600
  -0.0000037900    0.0000090600    0.0000020700
   0.0002621600    0.0000586600    0.0000380100
  -0.0021272700    0.0008610800   -0.0018222800
   0.0000171300    0.0000151600   -0.0000204900
   0.0000061200    0.0000390400    0.0000673500
   0.0001359500    0.0019580200    0.0015170000
  -0.0000008600    0.0000323900   -0.0000087200
  -0.0000210900   -0.0000161500   -0.0000047600
  -0.0000001200    0.0000000400   -0.0000023500
  -0.0000137600   -0.0000090200    0.0000192400
   0.0000121000    0.0000094200   -0.0000042900

73   
  0.0049981448375870  -0.0086613248514591   0.0000000000000000
   0.0330901100   -0.0279945700   -0.0284335100
   0.0012022600   -0.0000553300    0.0001808700
   0.0000411900   -0.0000167300    0.0000015700
   0.0000443100   -0.0000276400   -0.0000087200
   0.0000419800    0.0002075300   -0.0000250400
   0.0000202500    0.0000111800   -0.0000248400
   0.0001926200   -0.0008130200    0.0003798400
  -0.0000277200    0.0000252200   -0.0000224300
  -0.0000421400   -0.0001380900    0.0001258600
   0.0025129500    0.0007215000    0.0015994800
  -0.0000315200    0.0000217500   -0.0000266600
  -0.0018623100    0.0034298600    0.0000671400
  -0.0019973500   -0.0014327700   -0.0017713300
  -0.0000231800    0.0000179200   -0.0000129900
  -0.0000593500    0.0000394200   -0.0000202800
  -0.0000249400    0.0000526600    0.0000003800
   0.0000018700    0.0000245300    0.0000283800
   0.0000007300    0.0000890100   -0.0000156800
   0.0086197000   -0.0135276000    0.0003192000
   0.0000009500    0.0000189800    0.0000103900
  -0.0005860200   -0.0003314000   -0.0002354500
  -0.0000486600    0.0001543600   -0.0001704700
  -0.0000093500   -0.0000184200   -0.0000023100
  -0.0000216700    0.0000409300   -0.0000038200
  -0.0000962300    0.0000431100    0.0001567000
  -0.0000177800    0.0000203400   -0.0000012500
   0.0004987700    0.0002642200    0.0000145100
   0.0071261200   -0.0465550300    0.0301029800
  -0.0001103900    0.0000885800    0.0000832300
   0.0000875100   -0.0000040900   -0.0001430200
   0.0006789600   -0.0003794900   -0.0005507100
  -0.0004667200   -0.0008432300   -0.0001799200
  -0.0000145100   -0.0000108700    0.0000177300
   0.0000197100   -0.0001154000    0.0000116200
   0.0000004200    0.0000172600    0.0000190000
  -0.0000529900   -0.0000528000   -0.0000087200
   0.0038666300   -0.0070088600    0.0009377800
   0.0000290700   -0.0000187800   -0.0000054700
  -0.0000084200    0.0000673400    0.0000438600
   0.0035620200   -0.0053758700   -0.0007789800
  -0.0000079100    0.0000461200    0.0000138700
   0.0000286600   -0.0000186400    0.0000019500
   0.0000229600   -0.0000412400   -0.0000021100
  -0.0000094500   -0.0000398800    0.0000082900
   0.0000005500   -0.0000381400    0.0000014600
  -0.0007551400    0.0012010000   -0.0006054400
   0.0000058300    0.0000038700   -0.0000012000
   0.0016906100    0.0019623300   -0.0021043500
   0.0000420200   -0.0001664600   -0.0000554500
   0.0000075400    0.0000159400    0.0000005200
  -0.0000060700   -0.0000196200   -0.0000054700
   0.0000304500    0.0000007700    0.0000105800
  -0.0000095500   -0.0000098600   -0.0000080300
  -0.0000111200   -0.0001024500    0.0000242600
   0.0001748800   -0.0000835800    0.0000850500
   0.0000128400    0.0000031200    0.0000129600
  -0.0031722300   -0.0004333700    0.0027699500
  -0.0006959900    0.0008206000    0.0004518800
  -0.0000088500   -0.0000027500    0.0000037200
   0.0001675600   -0.0000392600    0.0000228900
  -0.0000114800   -0.0000129600   -0.0000034900
  -0.0000039600    0.0000011300    0.0000018600
   0.0000121700    0.0000118500    0.0000050000
   0.0036036400    0.0011873800    0.0006394600
   0.0000327400   -0.0000055600   -0.0000155100
   0.0030574500    0.0006732800   -0.0001036300
  -0.0000651700    0.0001478000    0.0001373900
   0.0000083300    0.0000044400    0.0000039900
   0.0000328400   -0.0000239600    0.0000031900
   0.0000369500   -0.0000350100    0.0000034000
  -0.0000028300   -0.0000131500    0.0000047600
  -0.0000478700    0.0002210400   -0.0000049800
  -0.0562366700    0.0986682800   -0.0031552100
  -0.0000322600   -0.0000312900   -0.0000362500
  -0.0000158900   -0.0000218500   -0.0000746700
  -0.0000131500    0.0000123100   -0.0000090200
   0.0000143400   -0.0000174400    0.0000073500
   0.0000066200   -0.0000078200    0.0000007200
  -0.0000027100    0.0000215000    0.0000510600
   0.0000073500   -0.0000074400    0.0000013100
   0.0000038600   -0.0000232900    0.0000794400
  -0.0002338000    0.0001528700   -0.0000894600
   0.0000070800   -0.0000081600   -0.0000054200
  -0.0018051100   -0.0025178500    0.0003683900
  -0.0022603900   -0.0021308000   -0.0008386000
   0.0000073200   -0.0000085300   -0.0000031400
  -0.0002431200    0.0001127000    0.0000351700
   0.0000068300   -0.0000439900   -0.0000053800
  -0.0000013400   -0.0000214400    0.0000195800
   0.0000097700   -0.0000343000    0.0000031200
  -0.0014107500    0.0028187300    0.0003863600
  -0.0001002000    0.0000337600    0.0000564700
   0.0002121100    0.0001967400    0.0000506500
  -0.0001069500   -0.0001480100    0.0000271500
   0.0000200300    0.0001100900   -0.0000498300
   0.0000065300   -0.0000106800    0.0000013300
   0.0001617500    0.0000295400   -0.0000215600
   0.0000039700   -0.0000090200   -0.0000019200
  -0.0002638400   -0.0000582500   -0.0000377100
   0.0021119600   -0.0008679400    0.0018332100
  -0.0000175900   -0.0000153200    0.0000204700
  -0.0000033600   -0.0000371800   -0.0000611500
  -0.0001511200   -0.0019681900   -0.0015092100
  -0.0000004100   -0.0000328400    0.0000091400
   0.0000207900    0.0000155900    0.0000046000
  -0.0000000300   -0.0000000200    0.0000023000
   0.0000136100    0.0000086400   -0.0000191900
  -0.0000125200   -0.0000095300    0.0000042200

73   
 -0.0000038899402938   0.0000000000000000   0.0099999992434182
  -0.0283719000    0.0160522300    0.0433320600
  -0.0000482600   -0.0000577000    0.0008353700
   0.0000273000   -0.0000692300    0.0000022200
   0.0000688300   -0.0000070400    0.0000164600
   0.0000203900   -0.0000735700   -0.0000180100
  -0.0000207700    0.0000137400    0.0000036400
   0.0000564400    0.0001837300    0.0008506000
  -0.0000162900    0.0000014000    0.0000030700
   0.0000930100    0.0000170400   -0.0000598400
   0.0002296900   -0.0002769700    0.0022163500
   0.0000032700    0.0000143300    0.0000080000
  -0.0006049600   -0.0005406500    0.0022956500
   0.0000868000    0.0004969300    0.0017412300
   0.0000694400    0.0000077500    0.0001079900
  -0.0000293900    0.0000103400    0.0000952100
  -0.0000125100   -0.0000048900    0.0000194000
   0.0000017000    0.0000033500    0.0000163600
   0.0000307500   -0.0000276200    0.0000541600
   0.0275765000    0.0154135500    0.0433258600
  -0.0000173000   -0.0000738900    0.0000133400
   0.0001343000   -0.0001700300    0.0008028300
  -0.0000388700   -0.0000941000   -0.0000650000
  -0.0000822800   -0.0000235000    0.0000202000
   0.0000186400    0.0000076300    0.0000000400
  -0.0001106200    0.0000254700   -0.0000723400
   0.0000205000    0.0000120000   -0.0000008100
  -0.0000469300   -0.0002327900    0.0009287700
  -0.0001242600   -0.0359823800    0.0442407700
  -0.0000587100    0.0001271700   -0.0000907600
   0.0000417400    0.0001219800   -0.0000998800
   0.0002432400   -0.0000999600    0.0008432800
   0.0001930500    0.0000304900    0.0009388400
   0.0000018900   -0.0000145400    0.0000029700
   0.0000395000    0.0000530500   -0.0000036000
  -0.0000034800   -0.0000138300   -0.0000080400
  -0.0000333900    0.0000843600   -0.0000076700
  -0.0006572800    0.0012543100   -0.0033121700
  -0.0000047800    0.0000072100   -0.0000111900
  -0.0000244100   -0.0000060900    0.0000054600
   0.0008395700   -0.0007962200   -0.0033803600
   0.0000440600    0.0000922300    0.0000553600
  -0.0000024000    0.0000165300   -0.0000308500
  -0.0000163700   -0.0000118200    0.0000063300
   0.0000008600   -0.0000058400   -0.0000204400
   0.0000043100   -0.0000121700   -0.0000212300
   0.0013085900   -0.0009102700    0.0003621400
  -0.0000037400    0.0000065900    0.0000080500
  -0.0014902300   -0.0010337300    0.0003396000
  -0.0000035100    0.0000474900   -0.0002267900
   0.0000154800   -0.0000035800    0.0000042900
  -0.0000177300   -0.0000009600    0.0000044800
   0.0000052600   -0.0000044100    0.0000148400
  -0.0000070000   -0.0000056600    0.0000134400
   0.0000212100   -0.0000861600   -0.0003221200
   0.0000352000   -0.0000239400   -0.0002145000
  -0.0000058900   -0.0000063400    0.0000172500
  -0.0020840700   -0.0007168500    0.0005261100
  -0.0002811600    0.0017673700    0.0003845300
   0.0000021100    0.0000131000    0.0000013000
  -0.0001037700    0.0001326800   -0.0003067400
  -0.0000013600    0.0000031400    0.0000125100
  -0.0000014400   -0.0000025500    0.0000130300
  -0.0000132500   -0.0000100800    0.0000112100
  -0.0012187500    0.0000475800   -0.0037413600
  -0.0000036300    0.0000231000    0.0000055700
   0.0011264100   -0.0001032000   -0.0033161300
  -0.0000052300    0.0000284800    0.0000429800
   0.0000129300   -0.0000151800   -0.0000310000
  -0.0000203700   -0.0000121400   -0.0000358800
  -0.0000057400    0.0000029700   -0.0000263900
   0.0000025900    0.0000019800   -0.0000252100
  -0.0000592100   -0.0001422400    0.0000375000
   0.0010363200    0.0029828600   -0.1408593100
  -0.0000613000    0.0000532000   -0.0002782000
   0.0000187400    0.0000506200   -0.0002783300
  -0.0000392500   -0.0000824300   -0.0002730500
  -0.0000038000   -0.0000932000   -0.0003062200
  -0.0000000400   -0.0000019100    0.0000099800
  -0.0000533300   -0.0000158200   -0.0002733700
   0.0000025000    0.0000005800    0.0000099000
   0.0000176500    0.0000029000   -0.0003065200
   0.0000264800   -0.0000033700    0.0000407600
  -0.0000039900    0.0000030700   -0.0000243100
   0.0002539900    0.0009047700   -0.0033463500
  -0.0007133200   -0.0002960000   -0.0038851100
  -0.0000027300    0.0000135400   -0.0000369200
  -0.0001013600    0.0000652700    0.0000016000
  -0.0000049600    0.0000017000   -0.0000333400
   0.0000200900   -0.0000152800    0.0000013500
  -0.0000074900   -0.0000137100   -0.0000272000
   0.0000508000    0.0004645000    0.0201885100
  -0.0000029700    0.0000669000    0.0000453400
   0.0000202400    0.0000469100    0.0000316600
  -0.0000460700   -0.0000167600    0.0000064100
   0.0000388300   -0.0000478600    0.0000116300
  -0.0000005800   -0.0000019600   -0.0000043700
  -0.0000350400   -0.0000365700    0.0000111300
   0.0000026800   -0.0000001000   -0.0000043300
   0.0000445000    0.0000067400    0.0000074600
   0.0024558200   -0.0009393300    0.0006100000
   0.0000035600   -0.0000010300    0.0000101700
   0.0000123900    0.0000172500   -0.0002978300
   0.0002279200    0.0023146500    0.0004119700
   0.0001108300    0.0001184200   -0.0003193800
  -0.0000085300    0.0000158600    0.0000021700
  -0.0000027500   -0.0000005400    0.0000084000
   0.0000061900   -0.0000004100    0.0000015500
   0.0000136400   -0.0000126500    0.0000118300

73   
  0.0000038899402938   0.0000000000000000  -0.0099999992434182
   0.0274163800   -0.0155079600   -0.0425558500
   0.0000887900    0.0000563100   -0.0008224100
  -0.0000261800    0.0000686200    0.0000012400
  -0.0000679300    0.0000061200   -0.0000132900
  -0.0000182200    0.0000706000    0.0000182600
   0.0000196300   -0.0000133700   -0.0000030300
  -0.0000324600   -0.0002197400   -0.0008410300
   0.0000164300   -0.0000016100   -0.0000026900
  -0.0000889200   -0.0000181200    0.0000602400
  -0.0002659400    0.0003009000   -0.0022142400
  -0.0000032000   -0.0000139500   -0.0000070300
   0.0006367300    0.0005654500   -0.0022888000
  -0.0000892200   -0.0005351800   -0.0017362600
  -0.0000686300   -0.0000075400   -0.0001040800
   0.0000290900   -0.0000100600   -0.0000905800
   0.0000122900    0.0000047500   -0.0000183100
  -0.0000013900   -0.0000034800   -0.0000152500
  -0.0000305200    0.0000272800   -0.0000506000
  -0.0266602700   -0.0148763300   -0.0425698900
   0.0000165100    0.0000735300   -0.0000102500
  -0.0001762600    0.0001664500   -0.0007927000
   0.0000361300    0.0000928000    0.0000652200
   0.0000813500    0.0000222300   -0.0000178100
  -0.0000178000   -0.0000072100    0.0000006600
   0.0001068900   -0.0000264900    0.0000732600
  -0.0000204100   -0.0000121500    0.0000013000
   0.0000238000    0.0001948900   -0.0009215700
   0.0001114600    0.0347361300   -0.0434184400
   0.0000580200   -0.0001228700    0.0000899900
  -0.0000424700   -0.0001173700    0.0000987500
  -0.0002625200    0.0001355800   -0.0008369200
  -0.0001704200    0.0000034100   -0.0009323300
  -0.0000020100    0.0000139200   -0.0000022800
  -0.0000402300   -0.0000518200    0.0000062400
   0.0000034300    0.0000141700    0.0000084600
   0.0000342300   -0.0000826900    0.0000098200
   0.0006391400   -0.0012351000    0.0032848800
   0.0000042100   -0.0000071300    0.0000114600
   0.0000257900    0.0000074400   -0.0000101900
  -0.0008361600    0.0007843200    0.0033466400
  -0.0000485400   -0.0000939000   -0.0000550600
   0.0000026500   -0.0000162700    0.0000298400
   0.0000162100    0.0000118100   -0.0000068000
  -0.0000012600    0.0000053400    0.0000204200
  -0.0000039700    0.0000123700    0.0000204700
  -0.0013211100    0.0009223100   -0.0003595400
   0.0000036900   -0.0000065600   -0.0000080800
   0.0015041600    0.0010503200   -0.0003363000
   0.0000037200   -0.0000407300    0.0002305200
  -0.0000149900    0.0000036600   -0.0000043000
   0.0000172100    0.0000010500   -0.0000044700
  -0.0000051400    0.0000044700   -0.0000144900
   0.0000066800    0.0000056400   -0.0000132200
  -0.0000225200    0.0000864700    0.0003197700
  -0.0000288200    0.0000205700    0.0002187500
   0.0000058700    0.0000062100   -0.0000168300
   0.0021068300    0.0007236000   -0.0005222700
   0.0002818700   -0.0017847300   -0.0003817400
  -0.0000017500   -0.0000129200   -0.0000013600
   0.0001021900   -0.0001314700    0.0003050200
   0.0000015000   -0.0000030500   -0.0000120800
   0.0000013000    0.0000026700   -0.0000129400
   0.0000132300    0.0000096300   -0.0000110700
   0.0012008900   -0.0000442100    0.0036998600
   0.0000036600   -0.0000227700   -0.0000063400
  -0.0011078400    0.0001104300    0.0032814200
   0.0000049800   -0.0000303300   -0.0000482200
  -0.0000127200    0.0000146200    0.0000300500
   0.0000202400    0.0000115900    0.0000347700
   0.0000054400   -0.0000024800    0.0000263900
  -0.0000025100   -0.0000013700    0.0000250300
   0.0000598800    0.0001475100   -0.0000377700
  -0.0009937000   -0.0028645700    0.1382128500
   0.0000563200   -0.0000538800    0.0002728400
  -0.0000138100   -0.0000513000    0.0002726200
   0.0000422700    0.0000783900    0.0002682600
   0.0000016200    0.0000909500    0.0003018300
   0.0000000900    0.0000018500   -0.0000101000
   0.0000518500    0.0000200800    0.0002679600
  -0.0000024900   -0.0000005400   -0.0000102000
  -0.0000172000   -0.0000000900    0.0003015700
  -0.0000268900    0.0000039600   -0.0000452700
   0.0000046100   -0.0000029900    0.0000244600
  -0.0002351200   -0.0008970900    0.0033186300
   0.0007182800    0.0002920800    0.0038477600
   0.0000024600   -0.0000133700    0.0000359200
   0.0001079200   -0.0000670400   -0.0000020500
   0.0000052100   -0.0000023100    0.0000334100
  -0.0000198300    0.0000152600   -0.0000020700
   0.0000072600    0.0000140100    0.0000263100
  -0.0000524700   -0.0004560200   -0.0197798800
   0.0000020400   -0.0000673500   -0.0000435000
  -0.0000188300   -0.0000478900   -0.0000296800
   0.0000470400    0.0000166700   -0.0000058800
  -0.0000396700    0.0000466200   -0.0000097100
   0.0000006600    0.0000019600    0.0000043400
   0.0000355000    0.0000369200   -0.0000102000
  -0.0000026700    0.0000001100    0.0000043900
  -0.0000443300   -0.0000053600   -0.0000049300
  -0.0024716500    0.0009405300   -0.0006029700
  -0.0000036200    0.0000010300   -0.0000099100
  -0.0000175700   -0.0000204100    0.0002985800
  -0.0002335300   -0.0023263100   -0.0004056600
  -0.0001111900   -0.0001160100    0.0003147800
   0.0000081100   -0.0000155700   -0.0000025400
   0.0000029500    0.0000006800   -0.0000084400
  -0.0000062700    0.0000005800   -0.0000016200
  -0.0000135200    0.0000122300   -0.0000118100

82   
  0.0100000000000000   0.0000000000000000   0.0000000000000000
  -0.0000711600    0.0000380800    0.0000017800
  -0.0042038000   -0.0000115000    0.0001289900
  -0.0000954600   -0.0000327900   -0.0000333000
  -0.0000327200    0.0000074100   -0.0000187300
  -0.0000283900    0.0000193300   -0.0000221900
  -0.0000289600   -0.0000210400    0.0000289400
   0.0002150900    0.0026254700   -0.0018507300
   0.0008571000   -0.0027060600    0.0016840000
  -0.0000610100   -0.0000091200   -0.0000002300
   0.0428257500   -0.0158391500   -0.0293284000
   0.0009285700    0.0003258900    0.0003536000
   0.0000320200   -0.0000272600   -0.0000102900
   0.0000272300   -0.0000321300    0.0000012100
   0.0001319800    0.0001088300    0.0001319200
  -0.0000023400   -0.0000232100   -0.0000172700
   0.0006047800   -0.0011019900    0.0001671400
  -0.0000480400    0.0000172400   -0.0000231600
  -0.0001563700   -0.0001415800   -0.0000141500
  -0.0000166200    0.0006440400   -0.0001435100
   0.0000267400   -0.0004458100    0.0000023400
  -0.0000419500    0.0000020800   -0.0000003200
  -0.0000345300    0.0000005700    0.0000059200
  -0.0000284800    0.0000059600    0.0000015300
   0.0000130900    0.0000027800   -0.0000038400
   0.0158817300   -0.0004713800    0.0003755900
  -0.0000965900    0.0000992900    0.0001355900
  -0.0001213700   -0.0000557300   -0.0001327700
   0.0006940700   -0.0004748200   -0.0005189700
   0.0457562100    0.0177775700    0.0312306500
   0.0001088900    0.0000404600    0.0000122600
   0.0000014000    0.0000127200    0.0000156900
   0.0000594000   -0.0000895900   -0.0001191500
   0.0000220200    0.0000766500   -0.0000266400
   0.0004009100    0.0009010800   -0.0002659200
  -0.0001254800    0.0000761000    0.0000863600
  -0.0000286600   -0.0000101600    0.0000228700
   0.0064664000   -0.0004492300   -0.0006471800
   0.0079723800    0.0001989000    0.0008471600
   0.0000459900   -0.0000002000   -0.0000029600
   0.0000405200   -0.0000150400    0.0000048800
  -0.0000585600   -0.0000313300    0.0000475400
   0.0000364600    0.0000201400   -0.0000004400
   0.0000056000    0.0000085200    0.0000232400
   0.0000266700   -0.0000190600   -0.0000075700
   0.0000321400    0.0000280700    0.0000069100
  -0.0010701400   -0.0023237600   -0.0020399500
   0.0000761600    0.0000162400   -0.0000054500
   0.0000172800    0.0000142400   -0.0000055400
   0.0000021900   -0.0000072100    0.0000013800
   0.0000012100    0.0000232100   -0.0000084000
  -0.0000069400   -0.0000131000   -0.0000030800
  -0.0011188100   -0.0001293500   -0.0004910900
   0.0000196300   -0.0000324000    0.0000129400
   0.0000995400    0.0000207100   -0.0000377900
  -0.0027160400   -0.0000904900    0.0003392300
   0.0000481100   -0.0001667300   -0.0000040700
   0.0000488300    0.0001662200   -0.0000137600
  -0.0000913300   -0.0002260700    0.0000223000
  -0.0000897900    0.0002270200   -0.0000269100
   0.0000154600    0.0000001400   -0.0000009400
  -0.0000677700    0.0000798500    0.0000587500
   0.0000139100   -0.0000009200   -0.0000005800
  -0.0000781600   -0.0000687500   -0.0000351300
   0.0010112700   -0.0029290900   -0.0001135100
  -0.0001985000   -0.0000855000    0.0000096000
   0.0000404600   -0.0000187600    0.0000066600
   0.0000250900   -0.0000207100   -0.0000157500
   0.0000105400    0.0000118000    0.0000052900
  -0.0000011300   -0.0000094800    0.0000039700
   0.0007132600   -0.0037483700    0.0005336000
   0.0000530100   -0.0000167000    0.0000014300
  -0.0001487000   -0.0000312000    0.0001342300
  -0.0001809200    0.0001603600    0.0000273000
   0.0012905400    0.0028282100    0.0002447900
   0.0000341400    0.0000113800   -0.0000043000
   0.0000177300    0.0000026500   -0.0000052000
   0.0000073500   -0.0000069200   -0.0000075000
   0.0000175100    0.0000116400    0.0000199900
   0.0007144700    0.0030226700   -0.0007178200
  -0.0002829300    0.0001225900   -0.0001054800
   0.0000422000    0.0000156600   -0.0000026900
  -0.1177006700   -0.0010481900   -0.0029234000
  -0.0000128500   -0.0000182800    0.0000576400
  -0.0000100700    0.0000147800    0.0000064700
   0.0000164000    0.0000098900   -0.0000617800
   0.0000366300    0.0000112600    0.0000774500
   0.0000113900   -0.0000015200    0.0000001800
   0.0000163400    0.0000445300   -0.0000241000
   0.0000114300   -0.0000023200    0.0000027100
   0.0000369300   -0.0000123600    0.0000122500
   0.0001749100   -0.0001056200    0.0000171100
  -0.0016166400    0.0034112800    0.0024787400
   0.0000004700   -0.0000207400    0.0000034900
   0.0000008100    0.0000156500    0.0000062600
  -0.0000011400   -0.0000136800    0.0000134300
   0.0000001500   -0.0000001400   -0.0000028900
  -0.0009179500    0.0003684700    0.0002200000
   0.0001406000   -0.0000814900    0.0001145100
   0.0000057700    0.0000208800   -0.0000084600
   0.0016694800    0.0012292100   -0.0015820500
   0.0018137600   -0.0017523500    0.0017155300
  -0.0000012000    0.0000028800    0.0000017600
   0.0000039600   -0.0000254100    0.0000053000
   0.0000467700    0.0000521700   -0.0000551700
   0.0000112000    0.0000169600    0.0000055700
   0.0000470700    0.0000476700    0.0000167100
   0.0000111800    0.0000142800    0.0000186700
   0.0000039300   -0.0000158300   -0.0000207900

82   
 -0.0100000000000000   0.0000000000000000   0.0000000000000000
   0.0000722200   -0.0000385600   -0.0000034500
   0.0042130800    0.0000543400   -0.0001404600
   0.0000949800    0.0000328400    0.0000321700
   0.0000329600   -0.0000081700    0.0000185500
   0.0000289800   -0.0000190300    0.0000217900
   0.0000290400    0.0000215500   -0.0000295200
  -0.0002498400   -0.0026668700    0.0018607100
  -0.0008086800    0.0026676400   -0.0016822000
   0.0000613000    0.0000096300   -0.0000002600
  -0.0438264600    0.0163711700    0.0304048100
  -0.0008840700   -0.0003147400   -0.0003483600
  -0.0000334900    0.0000297400    0.0000104700
  -0.0000293400    0.0000321800   -0.0000021400
  -0.0001342800   -0.0001072200   -0.0001323400
   0.0000024900    0.0000226700    0.0000168300
  -0.0005929500    0.0010962000   -0.0001585200
   0.0000482300   -0.0000171500    0.0000229700
   0.0001573100    0.0001427800    0.0000148600
   0.0000105600   -0.0006481400    0.0001449200
  -0.0000207700    0.0004407900   -0.0000001300
   0.0000421700   -0.0000020900   -0.0000003000
   0.0000353000   -0.0000019000   -0.0000060300
   0.0000285300   -0.0000055400   -0.0000019200
  -0.0000135800   -0.0000037500    0.0000037800
  -0.0159066200    0.0006255300   -0.0004253500
   0.0000959300   -0.0001008800   -0.0001340500
   0.0001226400    0.0000541100    0.0001339500
  -0.0007340900    0.0004885100    0.0005258400
  -0.0446858000   -0.0171471200   -0.0300469500
  -0.0001060400   -0.0000379600   -0.0000117700
  -0.0000013800   -0.0000127800   -0.0000162700
  -0.0000558700    0.0000909100    0.0001199000
  -0.0000198400   -0.0000759600    0.0000256500
  -0.0004113000   -0.0009059000    0.0002735400
   0.0001243600   -0.0000751400   -0.0000850600
   0.0000288800    0.0000101200   -0.0000229900
  -0.0066408400    0.0004502400    0.0006560900
  -0.0077741800   -0.0002028600   -0.0008404600
  -0.0000459800   -0.0000005300    0.0000027000
  -0.0000406000    0.0000156100   -0.0000049400
   0.0000583000    0.0000324800   -0.0000469400
  -0.0000360800   -0.0000197300    0.0000003800
  -0.0000056400   -0.0000060800   -0.0000256000
  -0.0000264800    0.0000188900    0.0000078600
  -0.0000321000   -0.0000283400   -0.0000066800
   0.0010967100    0.0023873500    0.0020702700
  -0.0000790800   -0.0000167000    0.0000086200
  -0.0000170000   -0.0000149000    0.0000056100
  -0.0000017900    0.0000072100   -0.0000011800
  -0.0000011100   -0.0000237600    0.0000082300
   0.0000071800    0.0000138800    0.0000032300
   0.0011112200    0.0001297700    0.0004814000
  -0.0000198300    0.0000320000   -0.0000131000
  -0.0001009300   -0.0000217200    0.0000427800
   0.0027187700    0.0000862100   -0.0003855700
  -0.0000483700    0.0001649900    0.0000046100
  -0.0000482300   -0.0001682000    0.0000145100
   0.0000938300    0.0002273300   -0.0000218400
   0.0000887000   -0.0002260900    0.0000278500
  -0.0000153700    0.0000000700    0.0000010400
   0.0000664500   -0.0000798000   -0.0000596600
  -0.0000137400    0.0000007400    0.0000006300
   0.0000799300    0.0000688100    0.0000346100
  -0.0010066500    0.0029629600    0.0001111200
   0.0001934400    0.0000838200   -0.0000088400
  -0.0000408400    0.0000189900   -0.0000065700
  -0.0000248000    0.0000209600    0.0000157200
  -0.0000102900   -0.0000119400   -0.0000053400
   0.0000012800    0.0000097000   -0.0000041600
  -0.0007265400    0.0037301000   -0.0005454100
  -0.0000525200    0.0000161200   -0.0000017600
   0.0001502300    0.0000326300   -0.0001360400
   0.0001864800   -0.0001635500   -0.0000258400
  -0.0012925800   -0.0028019900   -0.0002455000
  -0.0000336800   -0.0000112900    0.0000043900
  -0.0000175800   -0.0000025000    0.0000049900
  -0.0000073000    0.0000071000    0.0000073100
  -0.0000176200   -0.0000115200   -0.0000198700
  -0.0007051700   -0.0030373800    0.0007136300
   0.0002809800   -0.0001198200    0.0001041400
  -0.0000423700   -0.0000161900    0.0000025400
   0.1175896000   -0.0004371600    0.0006460000
   0.0000098300    0.0000177500   -0.0000530700
   0.0000126100   -0.0000150800   -0.0000020900
  -0.0000166100   -0.0000080300    0.0000642600
  -0.0000362700   -0.0000093400   -0.0000751300
  -0.0000112800    0.0000017600   -0.0000001800
  -0.0000166900   -0.0000433700    0.0000237500
  -0.0000112200    0.0000020700   -0.0000030200
  -0.0000359800    0.0000133600   -0.0000123000
  -0.0001725100    0.0001057800   -0.0000129600
   0.0015829400   -0.0033300900   -0.0024479300
  -0.0000006000    0.0000199800   -0.0000036700
  -0.0000007200   -0.0000150800   -0.0000061400
   0.0000012000    0.0000133600   -0.0000137200
  -0.0000001800   -0.0000000900    0.0000029100
   0.0009344300   -0.0003689700   -0.0002405200
  -0.0001386600    0.0000791500   -0.0001076200
  -0.0000054300   -0.0000210400    0.0000082200
  -0.0016710400   -0.0012120100    0.0015915700
  -0.0018129600    0.0017637400   -0.0017036200
   0.0000011300   -0.0000027100   -0.0000016100
  -0.0000035900    0.0000259700   -0.0000055200
  -0.0000474900   -0.0000538800    0.0000607000
  -0.0000112200   -0.0000165800   -0.0000058300
  -0.0000471900   -0.0000466200   -0.0000160400
  -0.0000112300   -0.0000138700   -0.0000188600
  -0.0000036400    0.0000161500    0.0000208300

82   
 -0.0049981448375870   0.0086613248514591   0.0000000000000000
   0.0000549900   -0.0000639600   -0.0000138500
   0.0022207900    0.0017854300    0.0015800100
   0.0000283400   -0.0000443900    0.0000061000
   0.0000205000   -0.0000960500    0.0000196900
   0.0000221600   -0.0000421600    0.0000008900
  -0.0000031900   -0.0000284000   -0.0000296100
   0.0021783700   -0.0038721500    0.0002225000
  -0.0028707300   -0.0009546700   -0.0013178100
   0.0000331900   -0.0000058700    0.0000225900
  -0.0359274900    0.0304095500    0.0309321900
  -0.0011182200   -0.0000892600   -0.0002224300
  -0.0000216800    0.0000204500   -0.0000134900
  -0.0000580200    0.0000152200    0.0000245300
  -0.0000822400   -0.0002175200    0.0000202100
  -0.0000168200   -0.0000122400    0.0000188300
  -0.0001574500    0.0008864900   -0.0003993900
   0.0000347800   -0.0000373700    0.0000225200
   0.0000514800    0.0001439200   -0.0001153300
  -0.0007411900    0.0004921800    0.0002958900
   0.0004731400    0.0008145800    0.0001811200
   0.0000204800    0.0000065800   -0.0000113700
   0.0000147700    0.0000461700   -0.0000057900
   0.0000172200   -0.0000495700   -0.0000231000
   0.0000053700    0.0000113600    0.0000182600
  -0.0082548700    0.0438826200   -0.0284921100
   0.0002358100   -0.0000418900   -0.0000314300
  -0.0000844600    0.0000315900    0.0001086000
   0.0005423900    0.0002663000    0.0001909300
  -0.0080227500    0.0129054100    0.0001509200
  -0.0000115700   -0.0000336000   -0.0000265500
   0.0000140100   -0.0000198100    0.0000048100
  -0.0000155400   -0.0000254000    0.0002087100
   0.0000291100    0.0000078900    0.0000222900
  -0.0004450100   -0.0003309000   -0.0002191400
   0.0000528700    0.0000357600   -0.0001914600
   0.0000048900   -0.0000060000   -0.0000010600
  -0.0029918800   -0.0004933700   -0.0001426700
  -0.0039334000   -0.0007768500   -0.0005724300
  -0.0000228900    0.0000086700    0.0000187300
  -0.0000358800    0.0000217900   -0.0000092300
   0.0000187900   -0.0001862000   -0.0001341900
  -0.0000107900   -0.0000025100   -0.0000046900
   0.0000347000   -0.0001886600   -0.0000068900
  -0.0000330700    0.0000261900    0.0000078600
   0.0000057700    0.0000112200   -0.0000059200
   0.0002838100    0.0015903500    0.0015738000
  -0.0000046000   -0.0000059800   -0.0000248400
  -0.0000324000   -0.0000060400   -0.0000000700
  -0.0000026500    0.0000033700   -0.0000019500
  -0.0000225900    0.0000010500    0.0000171200
   0.0000154700    0.0000209100   -0.0000050500
  -0.0014331600    0.0005840900   -0.0015423800
   0.0000013500    0.0000194800   -0.0000158900
  -0.0000061300    0.0000199700    0.0000104100
   0.0012719500   -0.0021104100   -0.0000832600
   0.0000980000   -0.0000192600   -0.0000475800
  -0.0001436700   -0.0001898800   -0.0000277700
   0.0001486400    0.0001460700    0.0000277600
  -0.0000402200   -0.0000843400    0.0000342000
  -0.0000071700    0.0000110800   -0.0000004000
  -0.0001553500   -0.0000422500   -0.0000145300
  -0.0000069500    0.0000120100    0.0000002600
   0.0002265700    0.0000307500    0.0000291300
  -0.0038702500    0.0056943300    0.0007680300
  -0.0000180700   -0.0000207300   -0.0000174600
  -0.0000393000    0.0000157500   -0.0000017900
  -0.0000220500    0.0000483200   -0.0000029100
   0.0000081200    0.0000447600   -0.0000053000
   0.0000079800    0.0000479600   -0.0000002800
  -0.0029134200    0.0059525600   -0.0008918900
  -0.0000358000    0.0000199600    0.0000026100
   0.0000178400   -0.0000580900   -0.0000518200
   0.0002519400   -0.0001458200   -0.0000152300
   0.0023497600    0.0028267100    0.0006584600
  -0.0000033000    0.0000102500    0.0000048000
  -0.0000106600    0.0000415500    0.0000043700
  -0.0000054600    0.0000367900   -0.0000083800
  -0.0000067800    0.0000169400   -0.0000230100
   0.0014811300    0.0016780100    0.0001045900
   0.0002521300   -0.0001098000    0.0001090200
  -0.0000132700    0.0000049700    0.0000129800
   0.0591496000   -0.0966621200   -0.0024320100
   0.0000180500    0.0000334900    0.0000373200
  -0.0000104900    0.0000167800    0.0000391500
   0.0000305100   -0.0000471800    0.0000540000
  -0.0000296500   -0.0000024200   -0.0000011500
  -0.0000076300    0.0000076900   -0.0000017300
  -0.0000008600   -0.0000622400   -0.0000258600
  -0.0000068700    0.0000080700   -0.0000005800
  -0.0000100400    0.0000087600   -0.0000099800
  -0.0001087900    0.0001036500   -0.0000221000
   0.0006615600   -0.0007462700   -0.0004270400
   0.0000157700    0.0000158300   -0.0000010000
  -0.0000137600   -0.0000084300   -0.0000028400
   0.0000175000    0.0000064900    0.0000037100
   0.0000016200   -0.0000007800    0.0000019300
   0.0029703800    0.0003041500   -0.0021105000
  -0.0000881600    0.0000834800   -0.0001533700
  -0.0000193600   -0.0000165600   -0.0000096600
  -0.0019164300   -0.0024728900    0.0018974400
   0.0006118900   -0.0010958200    0.0003680800
  -0.0000017100    0.0000002000   -0.0000047600
   0.0000122900    0.0000177000    0.0000014800
  -0.0000649000    0.0001052100    0.0001056600
  -0.0000180400   -0.0000078500    0.0000008300
  -0.0000691600    0.0001083600    0.0000234100
  -0.0000200500   -0.0000061100   -0.0000061900
   0.0000205600    0.0000128700    0.0000118100

82   
  0.0049981448375870  -0.0086613248514591   0.0000000000000000
  -0.0000541000    0.0000640000    0.0000120900
  -0.0021975500   -0.0017339400   -0.0015751500
  -0.0000273600    0.0000450500   -0.0000061400
  -0.0000204300    0.0000974100   -0.0000211900
  -0.0000224700    0.0000418600   -0.0000014200
   0.0000025600    0.0000280800    0.0000289400
  -0.0022210700    0.0038448100   -0.0002313400
   0.0029330900    0.0009430800    0.0013188900
  -0.0000334600    0.0000054200   -0.0000231000
   0.0349728400   -0.0298220700   -0.0298557400
   0.0011302100    0.0000829800    0.0002319300
   0.0000204600   -0.0000187000    0.0000124200
   0.0000549800   -0.0000147800   -0.0000244500
   0.0000814000    0.0002152300   -0.0000192800
   0.0000173800    0.0000125100   -0.0000192500
   0.0001699600   -0.0009265400    0.0004016300
  -0.0000348700    0.0000372600   -0.0000226800
  -0.0000537100   -0.0001428700    0.0001148700
   0.0007109900   -0.0004615700   -0.0002946300
  -0.0004739700   -0.0008027000   -0.0001740100
  -0.0000200000   -0.0000062400    0.0000109000
  -0.0000160000   -0.0000490600    0.0000056100
  -0.0000173400    0.0000494200    0.0000228700
  -0.0000047100   -0.0000133600   -0.0000196600
   0.0082782000   -0.0449963100    0.0295338800
  -0.0002379300    0.0000421200    0.0000324400
   0.0000840100   -0.0000346200   -0.0001089700
  -0.0005403400   -0.0002605800   -0.0001875100
   0.0078674800   -0.0129833600   -0.0002171800
   0.0000125500    0.0000338100    0.0000267300
  -0.0000141000    0.0000198700   -0.0000053600
   0.0000177200    0.0000261300   -0.0002062700
  -0.0000283500   -0.0000072500   -0.0000221300
   0.0004508800    0.0003337100    0.0002205100
  -0.0000515200   -0.0000344300    0.0001938800
  -0.0000050500    0.0000059600    0.0000007300
   0.0029663900    0.0004754200    0.0001367200
   0.0039370800    0.0007954600    0.0005653100
   0.0000228900   -0.0000088900   -0.0000187500
   0.0000353800   -0.0000215000    0.0000093400
  -0.0000197200    0.0001843400    0.0001326000
   0.0000107500    0.0000025900    0.0000044200
  -0.0000360100    0.0001936500    0.0000082600
   0.0000337800   -0.0000262300   -0.0000083000
  -0.0000057700   -0.0000112300    0.0000057500
  -0.0002943700   -0.0015989100   -0.0015627100
   0.0000038400    0.0000054100    0.0000266700
   0.0000320600    0.0000054900   -0.0000002500
   0.0000027800   -0.0000033100    0.0000021600
   0.0000224200   -0.0000013300   -0.0000172800
  -0.0000159800   -0.0000210300    0.0000047700
   0.0014196500   -0.0005885700    0.0015534600
  -0.0000016700   -0.0000194700    0.0000156100
   0.0000089100   -0.0000181600   -0.0000065700
  -0.0012686800    0.0021126600    0.0000289300
  -0.0000986400    0.0000210000    0.0000468400
   0.0001443200    0.0001877700    0.0000281800
  -0.0001460100   -0.0001444800   -0.0000266800
   0.0000414100    0.0000832200   -0.0000348200
   0.0000071300   -0.0000110700    0.0000004200
   0.0001573900    0.0000436600    0.0000153500
   0.0000071700   -0.0000118600   -0.0000003100
  -0.0002279100   -0.0000292100   -0.0000284800
   0.0037797400   -0.0055436400   -0.0007584100
   0.0000163600    0.0000194400    0.0000147700
   0.0000388400   -0.0000161500    0.0000019700
   0.0000229400   -0.0000478600    0.0000027500
  -0.0000077400   -0.0000444100    0.0000056800
  -0.0000084200   -0.0000483100    0.0000003900
   0.0030009400   -0.0061091600    0.0009043900
   0.0000360900   -0.0000198100   -0.0000022200
  -0.0000186700    0.0000584600    0.0000528600
  -0.0002456900    0.0001405400    0.0000175700
  -0.0023339800   -0.0028300600   -0.0006597400
   0.0000033400   -0.0000104700   -0.0000048400
   0.0000108500   -0.0000421700   -0.0000041900
   0.0000057200   -0.0000361500    0.0000081800
   0.0000066400   -0.0000168100    0.0000233500
  -0.0015021100   -0.0016855900   -0.0001025200
  -0.0002560300    0.0001095000   -0.0001104300
   0.0000131800   -0.0000051600   -0.0000129700
  -0.0579249900    0.0973577600    0.0003301300
  -0.0000193000   -0.0000336500   -0.0000378800
   0.0000092100   -0.0000173700   -0.0000367900
  -0.0000289900    0.0000448900   -0.0000483600
   0.0000290500    0.0000017000    0.0000007300
   0.0000075000   -0.0000077300    0.0000017400
   0.0000002500    0.0000648400    0.0000311100
   0.0000073100   -0.0000078700    0.0000003700
   0.0000085600   -0.0000102400    0.0000118700
   0.0001110400   -0.0001048500    0.0000256100
  -0.0006566200    0.0007318700    0.0004068500
  -0.0000163400   -0.0000160700    0.0000008800
   0.0000142700    0.0000088800    0.0000026000
  -0.0000171300   -0.0000066500   -0.0000042000
  -0.0000014600    0.0000010300   -0.0000019800
  -0.0030526700   -0.0003125700    0.0021380700
   0.0000906400   -0.0000845900    0.0001607700
   0.0000198000    0.0000167800    0.0000093000
   0.0018680500    0.0024050700   -0.0018743500
  -0.0006209500    0.0011057000   -0.0003835500
   0.0000019800   -0.0000002700    0.0000046800
  -0.0000116200   -0.0000173500   -0.0000015700
   0.0000639300   -0.0001030300   -0.0000996500
   0.0000175700    0.0000075100   -0.0000008800
   0.0000698700   -0.0001057500   -0.0000194100
   0.0000202500    0.0000065400    0.0000057900
  -0.0000201700   -0.0000125000   -0.0000119600

82   
 -0.0000038899402938   0.0000000000000000   0.0099999992434182
  -0.0000324600    0.0000213800    0.0000880700
   0.0001823400    0.0008228100    0.0022561400
   0.0000312400   -0.0000093600    0.0000338300
   0.0000226600   -0.0000648800    0.0000849800
  -0.0000185500   -0.0000072100    0.0000075700
  -0.0000024500   -0.0000028900    0.0000203400
  -0.0004179600   -0.0003770300    0.0016927000
   0.0004478500   -0.0001588600    0.0023761700
  -0.0000075200    0.0000156000    0.0000161300
  -0.0292512800    0.0173028300    0.0438205000
   0.0001576900   -0.0000322800    0.0007748300
   0.0000550100   -0.0000490600    0.0000202700
   0.0000766000   -0.0000131100    0.0000071100
   0.0000477600   -0.0000803500   -0.0000281100
  -0.0000245200    0.0000134500    0.0000108100
   0.0000251100   -0.0001819600    0.0007622500
  -0.0000144400    0.0000174800    0.0000000300
   0.0000680200    0.0000118000    0.0000109800
  -0.0001221100    0.0001008100    0.0006898400
   0.0003048900    0.0003637200    0.0008746800
   0.0000043900   -0.0000285400    0.0000132100
   0.0000416100    0.0000685200    0.0000175600
   0.0000022300   -0.0000176500   -0.0000005200
  -0.0000044400    0.0000910800    0.0000223300
   0.0009222300   -0.0328534600    0.0440503900
  -0.0000910300    0.0001156600   -0.0000467400
   0.0000942500    0.0000755100   -0.0000130500
  -0.0000436700    0.0000727200    0.0007137300
   0.0324132200    0.0181640800    0.0450972200
  -0.0000450800   -0.0000616400   -0.0000070700
   0.0000186100    0.0000078000    0.0000172700
  -0.0000722200   -0.0001079200   -0.0000615000
  -0.0000920700   -0.0000318100   -0.0000123300
   0.0000064200   -0.0003697300    0.0008811600
  -0.0001586700   -0.0000232800   -0.0000676700
   0.0000073900    0.0000047500   -0.0000108600
   0.0012217400   -0.0002814800   -0.0034150500
  -0.0016391400    0.0000122800   -0.0032557600
   0.0000019300    0.0000205900    0.0000084900
  -0.0000110300   -0.0000075100   -0.0000329200
  -0.0000167000    0.0000221800   -0.0000112800
   0.0000120600    0.0000022800   -0.0000202200
  -0.0000614400   -0.0000679300    0.0000727200
  -0.0000113400    0.0000031400   -0.0000139900
   0.0000108700    0.0000059400   -0.0000250400
   0.0001998800    0.0015173400    0.0004690800
   0.0000099700   -0.0000018400   -0.0003313800
  -0.0000090000    0.0000212700    0.0000022000
  -0.0000086200   -0.0000044000    0.0000068900
   0.0000007200    0.0000064100    0.0000153600
   0.0000110900   -0.0000166500    0.0000058700
   0.0012214400   -0.0005337000    0.0002645900
   0.0000085400   -0.0000045100    0.0000184100
  -0.0000256600   -0.0000331300   -0.0002466200
  -0.0003282800   -0.0001615600    0.0163473500
  -0.0000165500    0.0000088800    0.0000257800
   0.0000348500    0.0000333300    0.0000262700
   0.0000150800   -0.0000752500    0.0000548100
  -0.0000256600   -0.0000474800   -0.0000123700
   0.0000022800    0.0000014400   -0.0000044900
  -0.0000477200    0.0000277700    0.0000610700
   0.0000007700   -0.0000024300    0.0000010500
   0.0000502500    0.0000258800   -0.0000056400
   0.0006468200   -0.0010552500   -0.0033599900
   0.0000716400    0.0001078700    0.0000626400
   0.0000043900    0.0000229300   -0.0000378900
  -0.0000211600   -0.0000103300    0.0000046100
  -0.0000012900   -0.0000082000   -0.0000300000
   0.0000181700   -0.0000043300   -0.0000299300
  -0.0007916700    0.0011602600   -0.0036856000
  -0.0000058300    0.0000040700   -0.0000295900
  -0.0000323100   -0.0000082300    0.0000240700
  -0.0000993100    0.0000414200    0.0000431500
  -0.0007836400   -0.0008863500   -0.0033447700
   0.0000062600    0.0000097100   -0.0000246400
  -0.0000103700    0.0000003200   -0.0000337100
  -0.0000020500   -0.0000051700   -0.0000265900
   0.0000222400   -0.0000098100    0.0000014400
  -0.0000179700    0.0009509000   -0.0038826100
   0.0000232600   -0.0000260100   -0.0000003700
   0.0000025400    0.0000047200   -0.0000363400
  -0.0017863600   -0.0026719600   -0.1383351800
   0.0000021600    0.0000459200   -0.0003462400
   0.0000577300    0.0000749000   -0.0003459100
  -0.0000224100   -0.0000487200   -0.0003513700
   0.0000111300   -0.0000062900   -0.0003738100
   0.0000029400    0.0000010900    0.0000048500
  -0.0000639000    0.0000247800   -0.0003512400
   0.0000001700   -0.0000019800    0.0000048500
   0.0000765100    0.0000443000   -0.0003735600
  -0.0001192000   -0.0000054800   -0.0003001100
  -0.0005202500    0.0023995300    0.0006102500
   0.0000081200    0.0000191400    0.0000100000
  -0.0000095300   -0.0000169900    0.0000014600
   0.0000018100    0.0000038300    0.0000118400
   0.0000020400    0.0000014400    0.0000084900
  -0.0019029400   -0.0006400600    0.0004116700
   0.0000113800    0.0000036500   -0.0003167900
   0.0000008900    0.0000048800    0.0000024900
  -0.0015811500   -0.0012546000    0.0004654900
   0.0017013900   -0.0014087600    0.0004519800
   0.0000017100    0.0000043000    0.0000080800
  -0.0000210000   -0.0000016500    0.0000010600
   0.0000164800   -0.0000318000   -0.0003258100
   0.0000190100   -0.0000039700    0.0000113300
  -0.0000588600   -0.0000846000   -0.0003277500
   0.0000056800   -0.0000043000    0.0000113700
   0.0000053800   -0.0000049000    0.0000013300

82   
  0.0000038899402938   0.0000000000000000  -0.0099999992434182
   0.0000319400   -0.0000211300   -0.0000842300
  -0.0001871800   -0.0008626900   -0.0022517600
  -0.0000307400    0.0000096300   -0.0000310300
  -0.0000227100    0.0000639600   -0.0000819100
   0.0000182300    0.0000071100   -0.0000068100
   0.0000026800    0.0000027100   -0.0000194300
   0.0004513900    0.0003981700   -0.0016902600
  -0.0004837300    0.0001761900   -0.0023739600
   0.0000074500   -0.0000153100   -0.0000152500
   0.0283300500   -0.0167635100   -0.0431191300
  -0.0001083000    0.0000306000   -0.0007705400
  -0.0000529600    0.0000489400   -0.0000174300
  -0.0000751100    0.0000115900   -0.0000040700
  -0.0000445400    0.0000779900    0.0000287100
   0.0000237400   -0.0000127100   -0.0000102700
  -0.0000025100    0.0001428200   -0.0007544900
   0.0000145500   -0.0000173300    0.0000001800
  -0.0000647700   -0.0000124600   -0.0000105100
   0.0000968900   -0.0000588500   -0.0006818300
  -0.0002803300   -0.0003202000   -0.0008699100
  -0.0000041900    0.0000276900   -0.0000126000
  -0.0000422300   -0.0000666700   -0.0000147000
  -0.0000020200    0.0000176300    0.0000007400
   0.0000057000   -0.0000890300   -0.0000202700
  -0.0009330300    0.0317925000   -0.0433483900
   0.0000903100   -0.0001110700    0.0000478000
  -0.0000940600   -0.0000719800    0.0000131700
  -0.0000043000   -0.0000693700   -0.0007095800
  -0.0313519300   -0.0175311000   -0.0443333700
   0.0000429000    0.0000616400    0.0000094300
  -0.0000180900   -0.0000074900   -0.0000165700
   0.0000679300    0.0001058200    0.0000604200
   0.0000907600    0.0000296000    0.0000142200
  -0.0000256900    0.0003292500   -0.0008776000
   0.0001539300    0.0000212500    0.0000673300
  -0.0000075200   -0.0000047700    0.0000109900
  -0.0012144400    0.0002863100    0.0033826400
   0.0016172600   -0.0000049400    0.0032316100
  -0.0000019800   -0.0000203800   -0.0000090300
   0.0000110800    0.0000072800    0.0000318500
   0.0000160600   -0.0000240800    0.0000065600
  -0.0000120700   -0.0000026400    0.0000196000
   0.0000605000    0.0000724700   -0.0000722700
   0.0000110700   -0.0000026900    0.0000140700
  -0.0000106400   -0.0000053300    0.0000246600
  -0.0002085000   -0.0015423100   -0.0004623800
  -0.0000122300    0.0000020500    0.0003294000
   0.0000086700   -0.0000208700   -0.0000021700
   0.0000086200    0.0000043700   -0.0000068700
  -0.0000008400   -0.0000062800   -0.0000151000
  -0.0000108600    0.0000160900   -0.0000058100
  -0.0012462300    0.0005386700   -0.0002575800
  -0.0000086200    0.0000044200   -0.0000180900
   0.0000206200    0.0000301000    0.0002492300
   0.0003223300    0.0001600500   -0.0160028000
   0.0000160300   -0.0000097100   -0.0000229100
  -0.0000341700   -0.0000340900   -0.0000237000
  -0.0000134200    0.0000744300   -0.0000510600
   0.0000246200    0.0000467700    0.0000151400
  -0.0000022100   -0.0000014500    0.0000044600
   0.0000479200   -0.0000261300   -0.0000574600
  -0.0000007600    0.0000024400   -0.0000009500
  -0.0000497800   -0.0000247600    0.0000081400
  -0.0006478900    0.0010392400    0.0033264500
  -0.0000758500   -0.0001107400   -0.0000626000
  -0.0000039200   -0.0000225400    0.0000368600
   0.0000209700    0.0000101300   -0.0000054300
   0.0000008500    0.0000077700    0.0000297100
  -0.0000175800    0.0000044500    0.0000291200
   0.0007805200   -0.0011506000    0.0036479700
   0.0000054500   -0.0000040600    0.0000293500
   0.0000337400    0.0000096200   -0.0000294700
   0.0001034900   -0.0000458800   -0.0000429000
   0.0007884900    0.0008700100    0.0033209500
  -0.0000066400   -0.0000098400    0.0000240900
   0.0000102800    0.0000000000    0.0000329600
   0.0000025500    0.0000047300    0.0000268300
  -0.0000221100    0.0000096400   -0.0000020800
   0.0000216200   -0.0009565100    0.0038496700
  -0.0000245900    0.0000264500   -0.0000041500
  -0.0000018500   -0.0000047500    0.0000364600
   0.0016915800    0.0025775100    0.1359325400
  -0.0000062600   -0.0000465000    0.0003397500
  -0.0000528100   -0.0000755800    0.0003400300
   0.0000255100    0.0000449300    0.0003446900
  -0.0000133400    0.0000048500    0.0003678200
  -0.0000027900   -0.0000010500   -0.0000050500
   0.0000621200   -0.0000203700    0.0003448800
  -0.0000001500    0.0000019700   -0.0000050900
  -0.0000759500   -0.0000414400    0.0003680300
   0.0001197400    0.0000051200    0.0002964500
   0.0005323200   -0.0024260200   -0.0006004100
  -0.0000077100   -0.0000189100   -0.0000100900
   0.0000096000    0.0000165100   -0.0000016800
  -0.0000016100   -0.0000038800   -0.0000116900
  -0.0000021900   -0.0000013300   -0.0000083200
   0.0019237300    0.0006452900   -0.0004043100
  -0.0000065700   -0.0000064600    0.0003174700
  -0.0000006800   -0.0000049400   -0.0000022400
   0.0015935500    0.0012696100   -0.0004574300
  -0.0017160500    0.0014308300   -0.0004413200
  -0.0000017000   -0.0000045200   -0.0000080100
   0.0000206000    0.0000019100   -0.0000014100
  -0.0000162500    0.0000367700    0.0003256100
  -0.0000185300    0.0000040800   -0.0000113900
   0.0000570000    0.0000858200    0.0003237100
  -0.0000057300    0.0000045000   -0.0000113200
  -0.0000054400    0.0000050300   -0.0000012000
