108  
21   

1    
  0.0100000000000000   0.0000000000000000   0.0000000000000000
  -0.2161724500    0.0015150000   -0.0020613500
   0.0013442400    0.0003910600    0.0000103000
   0.0013043100   -0.0002909600   -0.0000192800
  -0.0000380700   -0.0003921800   -0.0000198700
   0.0000936700    0.0005689100    0.0000217400
   0.0000519900    0.0000030700    0.0000036400
  -0.0000322200   -0.0010856900   -0.0000564900
   0.0000519300    0.0000029600   -0.0000071900
   0.0000864600    0.0011097200    0.0000009500
   0.0033080600   -0.0079897700   -0.0004468500
   0.0006506700   -0.0005269800    0.0000400200
  -0.0000048100    0.0000073900    0.0000237200
   0.0000558700   -0.0000592000   -0.0000007700
  -0.0000179000    0.0000841900   -0.0000177400
  -0.0000306600   -0.0000853200   -0.0000047300
   0.0039464900    0.0080961500   -0.0007214100
  -0.0000076400   -0.0000580200    0.0000399000
   0.0006210900   -0.0005512000    0.0001195900
   0.0061453900   -0.0092392600    0.0000210000
   0.0001893300   -0.0000124200    0.0000074900
   0.0013783700    0.0088945700    0.0002652300
   0.0017329300   -0.0000342600    0.0000619100
   0.0000442900    0.0000327000   -0.0000077800
   0.0000247600   -0.0000486200    0.0000045600
  -0.0000143400    0.0000487500    0.0000082600
  -0.0000195200   -0.0000251600   -0.0000254800
   0.0016444500   -0.0000757500    0.0000090500
   0.0039908800    0.0095758000    0.0001034500
  -0.0000199600   -0.0000212500    0.0000085600
   0.0006916100    0.0006320000   -0.0001533800
  -0.0000348700   -0.0000309800   -0.0000274400
   0.0000814200    0.0000606500   -0.0000199700
  -0.0000356600    0.0000751000   -0.0000010600
   0.0006863300    0.0006490300   -0.0000019900
  -0.0000190600    0.0000848800   -0.0000170600
   0.0039272900   -0.0093498300   -0.0001752800
   0.0377831700   -0.0153682600   -0.0307687200
   0.0000724300   -0.0000117000    0.0000182800
   0.0006191100   -0.0009730200   -0.0006268300
   0.0007084300    0.0003374500   -0.0001183200
  -0.0001124700    0.0000194100    0.0000388600
  -0.0000198200    0.0000052400   -0.0000130300
   0.0000566800   -0.0000608600    0.0000467800
  -0.0000004500   -0.0000219200   -0.0000040600
   0.0000350500   -0.0000208300    0.0000393800
   0.0010211000    0.0025249600    0.0011788100
  -0.0000302700    0.0000063400    0.0000010800
   0.0012276900   -0.0026228500   -0.0009027200
  -0.0000439200   -0.0000135400   -0.0000182200
  -0.0000191500   -0.0000047700    0.0000060600
  -0.0000190200    0.0000028400    0.0000064800
  -0.0000535600    0.0000037800    0.0000167000
  -0.0000620400   -0.0000123200   -0.0000385600
  -0.0034465400   -0.0000264700   -0.0001323800
   0.0111427300    0.0004845700   -0.0005446800
  -0.0000357400   -0.0001785000    0.0000186500
  -0.0000051100    0.0001620900   -0.0000307200
   0.0000047300    0.0000076700    0.0000211000
  -0.0000149300   -0.0000057200   -0.0000237600
  -0.0000148500   -0.0000084700   -0.0000035400
   0.0001361900   -0.0006798200    0.0003943100
  -0.0000350600   -0.0000005400   -0.0000001100
   0.0001036200    0.0006551800   -0.0002553200
   0.0003310600    0.0009363600   -0.0001172000
   0.0000499200    0.0000132000    0.0000485600
   0.0383779200    0.0158369100   -0.0299945300
   0.0006437800   -0.0005097400   -0.0001327400
  -0.0000299900   -0.0000081000   -0.0000184900
  -0.0000639300    0.0000291500    0.0000627400
  -0.0000027900    0.0000177000   -0.0000060100
   0.0000462700    0.0000512000    0.0000535700
   0.0000554800    0.0000130700    0.0000371100
   0.0006858400    0.0009463500    0.0004283100
   0.0000593900    0.0000158000   -0.0000272800
   0.0388524200    0.0155857500    0.0307561800
   0.0006483300   -0.0003932400    0.0001629200
  -0.0000326800   -0.0000073300    0.0000105300
  -0.0001136000   -0.0000255500   -0.0000402700
   0.0000023300    0.0000197400    0.0000121700
   0.0000459800    0.0000614800   -0.0000517500
   0.0001018800    0.0000254600   -0.0000378300
   0.0111506800   -0.0000357100    0.0007211700
  -0.0000503500   -0.0001337600   -0.0000315500
  -0.0000889700    0.0001115800    0.0000510900
   0.0000026400   -0.0000144000   -0.0000118600
  -0.0000230900   -0.0000124800    0.0000311600
  -0.0000228200   -0.0000028600   -0.0000032600
   0.0000446200   -0.0004327000   -0.0001197700
  -0.0000373400   -0.0000012400    0.0000030900
   0.0000843700    0.0008012700    0.0003769600
   0.0006534000    0.0030110400   -0.0010858500
  -0.0000161600   -0.0000020300   -0.0000058800
   0.0008594800   -0.0028807700    0.0011702700
  -0.0000647600    0.0000159200   -0.0000009400
  -0.0000311800   -0.0000001500    0.0000060900
  -0.0000155700   -0.0000012300   -0.0000116000
  -0.0001005800    0.0000213900   -0.0000417200
  -0.0001084100   -0.0000295400    0.0000307200
  -0.0044748200    0.0000364600    0.0000592400
   0.0465473100   -0.0182461900    0.0328647100
   0.0000774700   -0.0000372500   -0.0000646600
   0.0007120900   -0.0010750900   -0.0000379100
   0.0006404600    0.0002256600   -0.0001286500
  -0.0001121100   -0.0000312200   -0.0000817300
  -0.0000290800    0.0000102000    0.0000151600
   0.0000415600   -0.0000465700   -0.0000754600
  -0.0000056300   -0.0000191000    0.0000240200
   0.0001064700    0.0000055400   -0.0000685500

1    
 -0.0100000000000000   0.0000000000000000   0.0000000000000000
   0.2159296700    0.0003799600    0.0018770800
  -0.0013013400   -0.0003848600   -0.0000080300
  -0.0013412100    0.0002963100    0.0000230300
   0.0000375400    0.0004029900    0.0000212200
  -0.0000887700   -0.0005548000   -0.0000212700
  -0.0000519400   -0.0000034800   -0.0000034900
   0.0000434100    0.0010726500    0.0000587500
  -0.0000519400   -0.0000035600    0.0000071300
  -0.0000959600   -0.0011230200   -0.0000003500
  -0.0033142300    0.0080602300    0.0004356900
  -0.0006641000    0.0005132900   -0.0000418400
   0.0000066000   -0.0000050600   -0.0000236100
  -0.0000577200    0.0000607600    0.0000012600
   0.0000170500   -0.0000830700    0.0000173700
   0.0000318300    0.0000844900    0.0000048100
  -0.0038129500   -0.0081887800    0.0007246300
   0.0000074900    0.0000585000   -0.0000393600
  -0.0006203100    0.0005665000   -0.0001186200
  -0.0056116900    0.0090305100   -0.0000014100
  -0.0001897500    0.0000113400   -0.0000075100
  -0.0018294400   -0.0090947600   -0.0002745700
  -0.0017357300    0.0000361800   -0.0000573200
  -0.0000417300   -0.0000302600    0.0000079600
  -0.0000269300    0.0000511400   -0.0000042400
   0.0000141500   -0.0000498300   -0.0000081500
   0.0000193900    0.0000236500    0.0000255300
  -0.0016452200    0.0001090600   -0.0000111700
  -0.0039870000   -0.0095297900   -0.0001161500
   0.0000177600    0.0000235000   -0.0000081600
  -0.0006794700   -0.0006506100    0.0001500800
   0.0000353900    0.0000325400    0.0000275400
  -0.0000795500   -0.0000591000    0.0000199900
   0.0000346000   -0.0000756500    0.0000012400
  -0.0006846500   -0.0006337000    0.0000037600
   0.0000186500   -0.0000846100    0.0000175900
  -0.0040522900    0.0092773800    0.0001654400
  -0.0370556800    0.0149058900    0.0297737400
  -0.0000711700    0.0000105800   -0.0000184600
  -0.0006267300    0.0009772100    0.0006160700
  -0.0007015700   -0.0003413000    0.0001328100
   0.0001119000   -0.0000175000   -0.0000377500
   0.0000201700   -0.0000053500    0.0000130800
  -0.0000559900    0.0000608700   -0.0000471300
   0.0000004300    0.0000220800    0.0000041300
  -0.0000360500    0.0000191700   -0.0000390200
  -0.0010269200   -0.0025071200   -0.0011536000
   0.0000305200   -0.0000068500   -0.0000013000
  -0.0012135600    0.0026339300    0.0009226400
   0.0000437700    0.0000166300    0.0000217800
   0.0000189200    0.0000052200   -0.0000063900
   0.0000193400   -0.0000026100   -0.0000067200
   0.0000545700   -0.0000049700   -0.0000149300
   0.0000614100    0.0000113200    0.0000402600
   0.0034496300    0.0000492800    0.0001409500
  -0.0111488000   -0.0002405600    0.0003609800
   0.0000381900    0.0001754500   -0.0000197400
   0.0000023200   -0.0001652500    0.0000298700
  -0.0000046900   -0.0000077700   -0.0000211000
   0.0000149300    0.0000062100    0.0000235400
   0.0000148200    0.0000088900    0.0000037100
  -0.0001387600    0.0006854200   -0.0003913700
   0.0000350500    0.0000004600    0.0000000200
  -0.0001033600   -0.0006489900    0.0002549100
  -0.0003166700   -0.0009375300    0.0001304000
  -0.0000507800   -0.0000140500   -0.0000494400
  -0.0391731400   -0.0163282000    0.0310394600
  -0.0006498900    0.0005094300    0.0001117100
   0.0000299000    0.0000083400    0.0000182900
   0.0000637800   -0.0000256700   -0.0000628900
   0.0000028000   -0.0000176000    0.0000058300
  -0.0000467800   -0.0000508500   -0.0000536600
  -0.0000536400   -0.0000144700   -0.0000373200
  -0.0006760000   -0.0009437300   -0.0004415900
  -0.0000604100   -0.0000169100    0.0000269900
  -0.0396653700   -0.0160749500   -0.0317904000
  -0.0006556700    0.0003888000   -0.0001440100
   0.0000325400    0.0000075500   -0.0000104600
   0.0001144200    0.0000276100    0.0000412000
  -0.0000021300   -0.0000195600   -0.0000120500
  -0.0000467300   -0.0000613000    0.0000516200
  -0.0001009800   -0.0000266400    0.0000381300
  -0.0111738100    0.0002452800   -0.0005518700
   0.0000538900    0.0001300800    0.0000329500
   0.0000856400   -0.0001146800   -0.0000487500
  -0.0000026900    0.0000148400    0.0000118100
   0.0000229400    0.0000124600   -0.0000310900
   0.0000228200    0.0000031300    0.0000029900
  -0.0000415700    0.0004338900    0.0001164100
   0.0000374200    0.0000011800   -0.0000030300
  -0.0000857300   -0.0007960800   -0.0003776900
  -0.0006614000   -0.0029842000    0.0010689200
   0.0000162600    0.0000014900    0.0000066700
  -0.0008502600    0.0029078600   -0.0011839600
   0.0000650400   -0.0000118900   -0.0000026700
   0.0000310800    0.0000004500   -0.0000057900
   0.0000156900    0.0000014400    0.0000119200
   0.0001009900   -0.0000224300    0.0000400400
   0.0001082000    0.0000282400   -0.0000321300
   0.0044720500   -0.0000083300   -0.0000628000
  -0.0454995100    0.0175995900   -0.0316824300
  -0.0000764900    0.0000362000    0.0000631100
  -0.0007281800    0.0010771500    0.0000523800
  -0.0006371000   -0.0002253800    0.0001041100
   0.0001118500    0.0000342300    0.0000806800
   0.0000291500   -0.0000098600   -0.0000151600
  -0.0000410800    0.0000468000    0.0000746700
   0.0000055800    0.0000193100   -0.0000242000
  -0.0001083700   -0.0000073900    0.0000672800

1    
  0.0000000000000000   0.0000000000000000   0.0100000000000000
  -0.0019513600    0.0011265300   -0.2557816300
  -0.0000243900    0.0000086100    0.0005734100
   0.0000140200    0.0000684500    0.0005740600
  -0.0000521700   -0.0000463400    0.0005740600
  -0.0000030400   -0.0000270400    0.0005938100
  -0.0000072100    0.0000041800   -0.0000674200
  -0.0000195700    0.0000168200    0.0005734200
   0.0000035700   -0.0000020300   -0.0000674400
   0.0000219200    0.0000161400    0.0005938200
  -0.0010106100    0.0003060300   -0.0060552500
   0.0000600600    0.0000727300    0.0000164800
  -0.0000105200   -0.0000435600   -0.0000031200
  -0.0000318100   -0.0000082000   -0.0000330600
   0.0000202000    0.0000288900    0.0000245800
   0.0000019800    0.0000200300   -0.0000175400
  -0.0005807400   -0.0008333600   -0.0049718100
   0.0000032300   -0.0000176000    0.0000136600
  -0.0001049600   -0.0000438700    0.0000519200
   0.0004313600    0.0009196200   -0.0049718100
  -0.0000087800    0.0000316300   -0.0000330500
  -0.0007703500    0.0007221800   -0.0060552600
  -0.0000145000    0.0001128500    0.0000519200
  -0.0000163300   -0.0000117100   -0.0000175500
   0.0000324700    0.0000308900   -0.0000031200
   0.0000169000    0.0000059800    0.0000136800
  -0.0000149000   -0.0000319300    0.0000245900
  -0.0000329800   -0.0000884200    0.0000164800
   0.0002346300    0.0002548100   -0.0051988100
   0.0000174700   -0.0000212700    0.0000055000
   0.0000027000   -0.0000015500   -0.0001173900
   0.0000016600    0.0000103800    0.0000055700
   0.0000206800   -0.0000119200    0.0000044400
   0.0000271600   -0.0000044900    0.0000055100
   0.0001503200   -0.0000867700   -0.0001180100
  -0.0000081700   -0.0000066300    0.0000055700
  -0.0001033600   -0.0003306400   -0.0051987900
  -0.0286435200    0.0165373500    0.0424805100
  -0.0000250100   -0.0000120300   -0.0000222700
   0.0005560800   -0.0002017500    0.0005685000
   0.0004527700   -0.0003807000    0.0005685100
  -0.0000587600   -0.0001550800   -0.0000122400
  -0.0000244200    0.0000140800   -0.0000008400
  -0.0000020900    0.0000276400   -0.0000222800
  -0.0000264900    0.0000152900   -0.0000041000
   0.0001049200    0.0001284300   -0.0000122300
   0.0014887000    0.0006746900    0.0023868300
  -0.0000004400   -0.0000299400    0.0000007200
  -0.0013301100    0.0007679300    0.0025709300
   0.0000061400   -0.0000322000    0.0000529600
  -0.0000330300    0.0000190700    0.0000004700
   0.0000257200    0.0000153700    0.0000007200
  -0.0000347200    0.0000200500    0.0000528400
   0.0000309500    0.0000107800    0.0000529500
   0.0001600500   -0.0016266000    0.0023868500
   0.0000584000   -0.0343598500    0.0434575000
  -0.0001495100    0.0000215600   -0.0000035500
   0.0001304800    0.0000393300    0.0000048500
   0.0000235000   -0.0000042300   -0.0000173300
  -0.0000210600   -0.0000232200   -0.0000163900
  -0.0000014400   -0.0000296400   -0.0000027200
  -0.0001095600    0.0006746400    0.0005474600
  -0.0000032400   -0.0000259500    0.0000057500
   0.0000316700    0.0005610000    0.0004874100
   0.0002939900    0.0002201500    0.0006431000
   0.0000089900    0.0000056700   -0.0000084400
  -0.0295645700   -0.0169513500    0.0445198500
   0.0003890600    0.0002157200    0.0005016000
  -0.0000213800   -0.0000136500   -0.0000015600
  -0.0000650600    0.0001480900   -0.0000210200
  -0.0000173000   -0.0000038600    0.0000036400
  -0.0000103100   -0.0000089500   -0.0000031700
   0.0000830100   -0.0001096800   -0.0000270000
  -0.0006390200   -0.0002424300    0.0005474700
   0.0000154100   -0.0000182400   -0.0000173300
   0.0297857000    0.0171293600    0.0434574900
  -0.0004700100   -0.0003079300    0.0004874000
   0.0000249600    0.0000160600   -0.0000027300
   0.0000311800   -0.0001326600    0.0000048400
   0.0000208500    0.0000157900    0.0000057400
   0.0000095900    0.0000298400   -0.0000163700
  -0.0000934300    0.0001186700   -0.0000035500
  -0.0001019800    0.0340793400    0.0445198500
   0.0001364700   -0.0000170500   -0.0000270000
  -0.0001607900   -0.0000177000   -0.0000210200
  -0.0000004300   -0.0000106100   -0.0000084400
   0.0000026000    0.0000134200   -0.0000031500
   0.0000011300    0.0000253400   -0.0000015700
  -0.0000436600   -0.0003646600    0.0006431100
  -0.0000053000    0.0000169200    0.0000036400
   0.0000077100   -0.0004448100    0.0005016000
  -0.0015817900   -0.0010147300    0.0022123900
   0.0000007400    0.0000270300    0.0000054500
   0.0015711200   -0.0009070900    0.0024598400
  -0.0000096600    0.0000098800    0.0000897000
   0.0000318300   -0.0000183800    0.0000085000
  -0.0000230300   -0.0000141300    0.0000054400
   0.0000115200   -0.0000066400    0.0001061000
  -0.0000134000    0.0000034100    0.0000897400
   0.0000878700    0.0018772400    0.0022123800
   0.0318967600   -0.0184156000    0.0450855400
   0.0000004000    0.0000116200    0.0000029800
  -0.0002296300    0.0000690500    0.0007533100
  -0.0001746200    0.0001643500    0.0007533100
   0.0000269400    0.0001761000    0.0000023800
   0.0000180100   -0.0000104200   -0.0000009900
  -0.0000098600   -0.0000061800    0.0000029800
   0.0000178800   -0.0000103200    0.0000083400
  -0.0001390600   -0.0001113900    0.0000023800

1    
  0.0000000000000000   0.0000000000000000  -0.0100000000000000
   0.0019858300   -0.0011463800    0.2558842900
   0.0000176800   -0.0000147000   -0.0005716600
  -0.0000045500   -0.0000754800   -0.0005709800
   0.0000630400    0.0000416100   -0.0005709800
  -0.0000043800    0.0000218700   -0.0005937600
   0.0000070900   -0.0000041000    0.0000674600
   0.0000215000   -0.0000080500   -0.0005716600
  -0.0000035700    0.0000020700    0.0000674200
  -0.0000211200   -0.0000071600   -0.0005937500
   0.0008586000   -0.0001923800    0.0060555700
  -0.0000560800   -0.0000696100   -0.0000172200
   0.0000102000    0.0000446800    0.0000028600
   0.0000307600    0.0000078800    0.0000334100
  -0.0000212200   -0.0000285200   -0.0000247700
  -0.0000010900   -0.0000205500    0.0000179600
   0.0005828200    0.0006666300    0.0049984200
  -0.0000036400    0.0000166800   -0.0000137800
   0.0001074100    0.0000485300   -0.0000498500
  -0.0002858700   -0.0008380300    0.0049984500
   0.0000085600   -0.0000305700    0.0000334200
   0.0005959100   -0.0006473400    0.0060555900
   0.0000116500   -0.0001172800   -0.0000498600
   0.0000172700    0.0000112200    0.0000179700
  -0.0000335700   -0.0000311600    0.0000028700
  -0.0000162300   -0.0000051900   -0.0000137600
   0.0000141100    0.0000326400   -0.0000247400
   0.0000322200    0.0000833400   -0.0000172200
  -0.0001061200   -0.0001954500    0.0052021100
  -0.0000171800    0.0000222000   -0.0000056900
  -0.0000030500    0.0000017800    0.0001173800
  -0.0000006500   -0.0000102600   -0.0000056200
  -0.0000192800    0.0000111500   -0.0000042400
  -0.0000278100    0.0000037800   -0.0000056900
  -0.0001531200    0.0000884300    0.0001168800
   0.0000085700    0.0000057000   -0.0000056400
   0.0001162300    0.0001896000    0.0052021100
   0.0296291400   -0.0171064000   -0.0434865300
   0.0000232400    0.0000123600    0.0000222400
  -0.0005361700    0.0001995000   -0.0005817200
  -0.0004408500    0.0003645800   -0.0005817000
   0.0000605000    0.0001518400    0.0000114000
   0.0000245800   -0.0000142100    0.0000011100
   0.0000008900   -0.0000263600    0.0000222200
   0.0000266700   -0.0000154200    0.0000044800
  -0.0001012500   -0.0001283300    0.0000114000
  -0.0014699500   -0.0006642200   -0.0023843900
   0.0000005300    0.0000295600   -0.0000007000
   0.0013134900   -0.0007583400   -0.0025649600
  -0.0000061100    0.0000335000   -0.0000518000
   0.0000327500   -0.0000188900   -0.0000006100
  -0.0000253200   -0.0000152100   -0.0000006900
   0.0000361600   -0.0000208400   -0.0000515800
  -0.0000320600   -0.0000114500   -0.0000518000
  -0.0001597600    0.0016051500   -0.0023844000
  -0.0000686000    0.0354923200   -0.0444085500
   0.0001478400   -0.0000185700    0.0000024400
  -0.0001285600   -0.0000356500   -0.0000059400
  -0.0000230200    0.0000025000    0.0000176900
   0.0000206300    0.0000219200    0.0000164800
   0.0000014800    0.0000299100    0.0000029400
   0.0001040700   -0.0006570000   -0.0005606100
   0.0000032000    0.0000263300   -0.0000054500
  -0.0000256800   -0.0005459200   -0.0004999000
  -0.0003038200   -0.0002210300   -0.0006351100
  -0.0000075600   -0.0000047300    0.0000081400
   0.0285736000    0.0164083800   -0.0435625400
  -0.0004019000   -0.0002305500   -0.0004875800
   0.0000212500    0.0000135400    0.0000014100
   0.0000633600   -0.0001507900    0.0000213700
   0.0000170900    0.0000036800   -0.0000037100
   0.0000115900    0.0000100200    0.0000029400
  -0.0000863700    0.0001101700    0.0000274100
   0.0006210200    0.0002383800   -0.0005606000
  -0.0000136800    0.0000186900    0.0000176800
  -0.0307715500   -0.0176867700   -0.0444085600
   0.0004599500    0.0002952100   -0.0004999100
  -0.0000251400   -0.0000162300    0.0000029300
  -0.0000333900    0.0001291700   -0.0000059500
  -0.0000211700   -0.0000159500   -0.0000054600
  -0.0000086600   -0.0000288400    0.0000164900
   0.0000900100   -0.0001187900    0.0000024200
   0.0000767000   -0.0329496600   -0.0435625500
  -0.0001386200    0.0000197100    0.0000274000
   0.0001622500    0.0000205300    0.0000213800
   0.0000003100    0.0000089100    0.0000081300
  -0.0000028800   -0.0000150400    0.0000029500
  -0.0000011100   -0.0000251600    0.0000014000
   0.0000395100    0.0003736600   -0.0006350900
   0.0000053200   -0.0000166200   -0.0000037100
  -0.0000012700    0.0004633300   -0.0004875900
   0.0015906000    0.0010178800   -0.0022170200
  -0.0000007700   -0.0000273000   -0.0000052800
  -0.0015730900    0.0009082300   -0.0024558700
   0.0000097400   -0.0000080100   -0.0000907000
  -0.0000322000    0.0000186100   -0.0000083400
   0.0000232600    0.0000143500   -0.0000052900
  -0.0000099700    0.0000057900   -0.0001068000
   0.0000118100   -0.0000044400   -0.0000906800
  -0.0000862400   -0.0018864200   -0.0022170300
  -0.0308894400    0.0178340200   -0.0442567900
  -0.0000020900   -0.0000104800   -0.0000036500
   0.0002427800   -0.0000714900   -0.0007427300
   0.0001832900   -0.0001745000   -0.0007427400
  -0.0000258600   -0.0001790900   -0.0000017700
  -0.0000177700    0.0000102400    0.0000008100
   0.0000080200    0.0000070100   -0.0000036500
  -0.0000177500    0.0000102300   -0.0000087100
   0.0001421300    0.0001119100   -0.0000017600

10   
  0.0100000000000000   0.0000000000000000   0.0000000000000000
   0.0033903200    0.0099508400   -0.0009306000
  -0.0000053500   -0.0000681400   -0.0000106600
   0.0006577600   -0.0006550900    0.0000582500
   0.0038868600   -0.0102600300   -0.0005773800
   0.0006141000   -0.0006889600   -0.0001058100
  -0.0000064600    0.0000542600    0.0000032100
   0.0000563000   -0.0000879500   -0.0000310800
  -0.0000312300   -0.0000107200    0.0000013900
  -0.0000166500   -0.0000234700    0.0000206000
  -0.2151912200    0.0006619800   -0.0018542200
   0.0012851900    0.0002472400   -0.0000107400
   0.0012463300   -0.0003580700   -0.0000059100
  -0.0000119000   -0.0004854600   -0.0000379900
  -0.0001520900    0.0003467600    0.0000410400
   0.0000588800   -0.0000058900    0.0000029800
  -0.0000042200   -0.0011057900    0.0000119900
   0.0000588400   -0.0000062900   -0.0000055400
  -0.0001582300    0.0010371900   -0.0000779900
   0.0006251900    0.0005713100    0.0000327000
   0.0000140300    0.0000481600    0.0000325400
   0.0033030500   -0.0088633400   -0.0000686900
   0.0033787200    0.0086294900    0.0003892500
   0.0000133600   -0.0000294300    0.0000318200
   0.0006343000    0.0005552300    0.0000169100
  -0.0000102100   -0.0000442400   -0.0000483600
   0.0000405400    0.0000919300    0.0000108600
  -0.0000111600    0.0000335900   -0.0000320400
   0.0018252500   -0.0091233400    0.0006862900
   0.0001896900    0.0000161000    0.0000085700
   0.0056161100    0.0091813200   -0.0003701500
   0.0016459600    0.0000464700    0.0000321000
  -0.0000187000    0.0000833800    0.0000144700
  -0.0000152200   -0.0000612400   -0.0000164800
   0.0000259500    0.0000235500   -0.0000330800
   0.0000429000   -0.0000427300    0.0000166900
   0.0017349300    0.0001019600    0.0000136200
   0.0000799500   -0.0006770700    0.0005514400
  -0.0000424400    0.0000016200    0.0000043400
   0.0000095900    0.0003105400   -0.0002748900
   0.0110606600    0.0001741700    0.0005644400
  -0.0001113300   -0.0001024100    0.0000575800
  -0.0000798600    0.0001194800   -0.0000472100
  -0.0000089100    0.0000129300    0.0000375600
   0.0000140400    0.0000106700   -0.0000230500
  -0.0000132600    0.0000028200   -0.0000034800
   0.0005342900    0.0011238300   -0.0006754000
   0.0000588600    0.0000184400    0.0000157100
   0.0362675100    0.0143340300   -0.0292315900
   0.0006534100   -0.0004520200   -0.0000390000
  -0.0000238800   -0.0000038700   -0.0000096300
  -0.0001027900    0.0000065400    0.0000787800
  -0.0000023700    0.0000244300   -0.0000057900
   0.0000327600    0.0000308300    0.0000608100
   0.0000113700    0.0000892800    0.0000092900
   0.0386790400   -0.0165812400   -0.0310678800
   0.0000570400   -0.0000143800    0.0000475400
   0.0002130600   -0.0009464600   -0.0000918400
   0.0006320400    0.0005288400   -0.0000375700
  -0.0000506600   -0.0000477700    0.0000843500
  -0.0000332200    0.0000150200   -0.0000111800
   0.0000534000   -0.0000355300    0.0000540900
  -0.0000006500   -0.0000204500   -0.0000101100
   0.0000430900   -0.0000140500    0.0000143000
  -0.0000941100    0.0000251100    0.0000197300
  -0.0000923800   -0.0000211100   -0.0000218900
  -0.0036664500   -0.0000107900    0.0000560300
   0.0011368700    0.0027359400    0.0014217100
  -0.0000327800    0.0000004000   -0.0000065900
   0.0009931000   -0.0028270500   -0.0013693700
  -0.0000579200   -0.0000104300    0.0000067400
  -0.0000116400   -0.0000152500   -0.0000122400
  -0.0000252000    0.0000210900    0.0000063300
  -0.0000770700    0.0000049900   -0.0000346500
  -0.0000695000    0.0000014400    0.0000060700
  -0.0034863400    0.0000415000   -0.0001230300
   0.0013036900    0.0028485400   -0.0010334400
  -0.0000531100   -0.0000084100    0.0000014900
   0.0011052400   -0.0027165600    0.0012880300
  -0.0000596900    0.0000180000   -0.0000213100
  -0.0000172700   -0.0000093000    0.0000078000
  -0.0000169300    0.0000108100    0.0000086700
   0.0388235200   -0.0154577500    0.0312697300
   0.0000461000   -0.0000263900   -0.0000240600
   0.0005633500   -0.0011014500    0.0004915900
   0.0006136500    0.0004859300    0.0000365800
  -0.0001106600    0.0000022100   -0.0000889400
  -0.0000353500    0.0000056900    0.0000066900
   0.0000223300   -0.0000311800   -0.0000650300
  -0.0000011800   -0.0000182000    0.0000121300
   0.0000800000   -0.0000936300   -0.0000118800
   0.0006362800    0.0010563700   -0.0001075900
   0.0000880700    0.0000409700   -0.0000616100
   0.0448096600    0.0178000900    0.0317033800
   0.0005823000   -0.0001934400   -0.0001936000
  -0.0000336900   -0.0000171900    0.0000076200
  -0.0001044300    0.0000569600   -0.0001199100
  -0.0000028300    0.0000203800    0.0000288000
   0.0000479800    0.0000343600   -0.0000741200
   0.0000886000   -0.0000133100   -0.0000356500
  -0.0000733900   -0.0006647400    0.0000323000
  -0.0000367200   -0.0000009400   -0.0000011800
  -0.0000669100    0.0006839700    0.0001363500
   0.0147216000   -0.0003294500   -0.0003848400
  -0.0000161100   -0.0001764400   -0.0000597900
  -0.0000507100    0.0001853000    0.0000481200
  -0.0000134000   -0.0000365500   -0.0000174500
   0.0000066500    0.0000232500    0.0000135600
  -0.0000059400    0.0000074700   -0.0000014400

10   
 -0.0100000000000000   0.0000000000000000   0.0000000000000000
  -0.0032338800   -0.0100102600    0.0009384900
   0.0000061000    0.0000680800    0.0000101200
  -0.0006569600    0.0006698700   -0.0000579000
  -0.0038707200    0.0103169500    0.0005862100
  -0.0006273800    0.0006674900    0.0001066100
   0.0000086100   -0.0000519800   -0.0000036300
  -0.0000573100    0.0000890800    0.0000314900
   0.0000312600    0.0000121500   -0.0000016700
   0.0000182700    0.0000231400   -0.0000208000
   0.2154557400    0.0011800800    0.0021017900
  -0.0012491200   -0.0002398500    0.0000060600
  -0.0012880800    0.0003666500    0.0000029500
   0.0000064000    0.0005012800    0.0000386600
   0.0001532300   -0.0003343700   -0.0000410300
  -0.0000589800    0.0000058100   -0.0000029800
   0.0000141700    0.0010927400   -0.0000096700
  -0.0000588700    0.0000054200    0.0000056500
   0.0001471700   -0.0010496800    0.0000784700
  -0.0006287200   -0.0005567100   -0.0000315600
  -0.0000144000   -0.0000481700   -0.0000330200
  -0.0034699900    0.0087842500    0.0000644400
  -0.0033921900   -0.0085466600   -0.0003821500
  -0.0000151000    0.0000317000   -0.0000319500
  -0.0006196200   -0.0005726500   -0.0000175000
   0.0000105100    0.0000452700    0.0000484900
  -0.0000395700   -0.0000909000   -0.0000108300
   0.0000095700   -0.0000343800    0.0000319100
  -0.0013826100    0.0089015000   -0.0006798900
  -0.0001894200   -0.0000170900   -0.0000087200
  -0.0061410400   -0.0094136300    0.0003469800
  -0.0016434200   -0.0000532200   -0.0000331100
   0.0000202100   -0.0000815700   -0.0000145300
   0.0000132400    0.0000630400    0.0000165900
  -0.0000257400   -0.0000253100    0.0000329600
  -0.0000430900    0.0000413700   -0.0000169000
  -0.0017341400   -0.0000663600   -0.0000125000
  -0.0000802400    0.0006822800   -0.0005490600
   0.0000423500   -0.0000017600   -0.0000044800
  -0.0000108800   -0.0003090100    0.0002796200
  -0.0110374800    0.0000531500   -0.0007479900
   0.0001144300    0.0000997300   -0.0000594500
   0.0000766200   -0.0001227900    0.0000461300
   0.0000093500   -0.0000126900   -0.0000380100
  -0.0000140600   -0.0000099900    0.0000227900
   0.0000132400   -0.0000026300    0.0000037300
  -0.0005263600   -0.0011193900    0.0006868700
  -0.0000598700   -0.0000196600   -0.0000155500
  -0.0369838700   -0.0147994800    0.0301892700
  -0.0006554000    0.0004528600    0.0000237100
   0.0000237800    0.0000036600    0.0000095300
   0.0001039300   -0.0000044100   -0.0000793000
   0.0000022700   -0.0000241500    0.0000057200
  -0.0000332700   -0.0000309400   -0.0000608100
  -0.0000097500   -0.0000911100   -0.0000092700
  -0.0379037600    0.0160877100    0.0300533500
  -0.0000559100    0.0000132900   -0.0000467600
  -0.0002260300    0.0009472000    0.0000781600
  -0.0006289400   -0.0005289900    0.0000582000
   0.0000507300    0.0000509200   -0.0000842400
   0.0000332500   -0.0000149100    0.0000115100
  -0.0000528300    0.0000358500   -0.0000541700
   0.0000007600    0.0000206600    0.0000103400
  -0.0000445600    0.0000129100   -0.0000144000
   0.0000942800   -0.0000260500   -0.0000184200
   0.0000920600    0.0000203300    0.0000235300
   0.0036690500    0.0000402900   -0.0000472200
  -0.0011475300   -0.0027103900   -0.0014001800
   0.0000326700   -0.0000010800    0.0000061300
  -0.0009827100    0.0028532700    0.0013940600
   0.0000576700    0.0000138400   -0.0000038400
   0.0000115300    0.0000154200    0.0000121300
   0.0000253300   -0.0000208400   -0.0000064400
   0.0000775000   -0.0000057400    0.0000332100
   0.0000687500   -0.0000024400   -0.0000074800
   0.0034834500   -0.0000136400    0.0001161400
  -0.0013137500   -0.0028328000    0.0010111300
   0.0000528500    0.0000076200   -0.0000011700
  -0.0011031300    0.0027388300   -0.0013166900
   0.0000598100   -0.0000148400    0.0000177200
   0.0000171100    0.0000094300   -0.0000075900
   0.0000170500   -0.0000105400   -0.0000083200
  -0.0380424100    0.0149754600   -0.0302930200
  -0.0000453300    0.0000250900    0.0000243900
  -0.0005737200    0.0011041400   -0.0004773400
  -0.0006109200   -0.0004864200   -0.0000564500
   0.0001091500    0.0000001400    0.0000884700
   0.0000352900   -0.0000056200   -0.0000069000
  -0.0000217600    0.0000311800    0.0000647700
   0.0000011300    0.0000184900   -0.0000122800
  -0.0000815000    0.0000922600    0.0000121600
  -0.0006210500   -0.0010520200    0.0000923100
  -0.0000893200   -0.0000423100    0.0000631300
  -0.0458436000   -0.0184545900   -0.0328613300
  -0.0005826100    0.0001941900    0.0002181200
   0.0000337900    0.0000173400   -0.0000074300
   0.0001050000   -0.0000541400    0.0001210400
   0.0000028900   -0.0000200800   -0.0000284100
  -0.0000485200   -0.0000342700    0.0000747300
  -0.0000872000    0.0000115200    0.0000364400
   0.0000728500    0.0006639300   -0.0000359200
   0.0000367200    0.0000008100    0.0000011600
   0.0000704400   -0.0006850900   -0.0001440600
  -0.0147131100    0.0006069300    0.0005603600
   0.0000195400    0.0001730800    0.0000602800
   0.0000477800   -0.0001885800   -0.0000473400
   0.0000129000    0.0000370800    0.0000166100
  -0.0000060900   -0.0000230300   -0.0000144000
   0.0000059800   -0.0000075600    0.0000012900

10   
  0.0000000000000000   0.0000000000000000   0.0100000000000000
  -0.0004322400   -0.0006493300   -0.0060559500
   0.0000235800    0.0000079200   -0.0000029700
   0.0000426100    0.0000113500    0.0000183200
  -0.0007859700   -0.0003962900   -0.0049740500
   0.0001202700   -0.0000002100    0.0000507100
   0.0000398700    0.0000140000    0.0000141000
  -0.0000014700   -0.0000097200   -0.0000331200
  -0.0000052200    0.0000064800   -0.0000177100
  -0.0000169300    0.0000191100    0.0000246500
  -0.0019848900   -0.0034193800   -0.2556640900
  -0.0000081800   -0.0000495300    0.0005314100
  -0.0000057200    0.0000052100    0.0005321200
   0.0000143100   -0.0000043100    0.0005338300
  -0.0000833100    0.0000016700    0.0005112100
  -0.0000055500   -0.0000097000   -0.0000657400
  -0.0000378900   -0.0000224100    0.0005345500
   0.0000029500    0.0000051900   -0.0000657400
   0.0000389900   -0.0000619400    0.0005119700
  -0.0000183700   -0.0000290800    0.0001673600
  -0.0000318200    0.0000178300    0.0000063300
  -0.0004026800   -0.0002423700   -0.0059945400
   0.0001415700   -0.0003438800   -0.0059705000
  -0.0000329600    0.0000376900    0.0000067000
  -0.0000350100   -0.0000539900    0.0001674200
   0.0000325800   -0.0000181100    0.0000063000
  -0.0000104900   -0.0000190200   -0.0000634000
   0.0000477200   -0.0000101000    0.0000059100
  -0.0001936300   -0.0006318100   -0.0060547800
  -0.0000073600   -0.0000049100   -0.0000333400
  -0.0000722500   -0.0008039200   -0.0049961600
  -0.0000087400    0.0000402500    0.0000152400
   0.0000259800   -0.0000060000    0.0000246600
  -0.0000086500    0.0000405200    0.0000133100
  -0.0000038900    0.0000252100   -0.0000030100
   0.0000075000   -0.0000006500   -0.0000177900
  -0.0000589000    0.0001021200    0.0000511700
   0.0000170400    0.0004885900    0.0005371900
  -0.0000048100   -0.0000229600   -0.0000051900
  -0.0000111100    0.0003762400    0.0007200000
  -0.0000234000   -0.0315261000    0.0425604700
  -0.0001787000   -0.0000030900   -0.0000553600
   0.0001551000   -0.0000010800   -0.0000631200
   0.0000060300   -0.0000095200   -0.0000072700
  -0.0000072900    0.0000106400   -0.0000138200
  -0.0000003500   -0.0000291900   -0.0000050900
   0.0003936700    0.0002552400    0.0005513800
  -0.0000094800    0.0000005600   -0.0000070900
  -0.0282471800   -0.0163636500    0.0435638200
   0.0003255600    0.0001702100    0.0007279900
  -0.0000252100   -0.0000149300   -0.0000052600
  -0.0000793500    0.0001305500   -0.0000627300
  -0.0000177600   -0.0000157700   -0.0000054500
   0.0000143100   -0.0000001200   -0.0000139800
   0.0000837100   -0.0001560100   -0.0000551200
  -0.0285430600    0.0164587700    0.0436042400
   0.0000015700   -0.0000045200   -0.0000073800
   0.0002954400   -0.0002755100    0.0006079800
   0.0005002800   -0.0002926100    0.0005100600
  -0.0000774100   -0.0001335900   -0.0000304300
  -0.0000270500    0.0000149200   -0.0000054100
   0.0000046600    0.0000057600   -0.0000015100
  -0.0000199700    0.0000013800    0.0000079300
   0.0000745900    0.0000909700   -0.0000322200
  -0.0000412800    0.0000214300    0.0000410900
   0.0000417200    0.0000346900    0.0000551600
   0.0000957000   -0.0017457800    0.0025202100
   0.0014214400    0.0010440400    0.0025147900
   0.0000005100   -0.0000305800    0.0000047500
  -0.0014733300    0.0011656900    0.0023578100
  -0.0000114700   -0.0000536800    0.0000386200
  -0.0000196400    0.0000128200    0.0000020700
   0.0000267200    0.0000153800    0.0000061200
   0.0000404900   -0.0000257800    0.0000398800
  -0.0000422900   -0.0000375700    0.0000374200
   0.0001934000    0.0017398300    0.0025181800
  -0.0015458700   -0.0007803300    0.0025122400
  -0.0000001800    0.0000303300    0.0000059600
   0.0017307000   -0.0006824900    0.0023536300
   0.0000091900    0.0000547300    0.0000541600
   0.0000205000   -0.0000105400    0.0000019700
  -0.0000264700   -0.0000147200    0.0000047800
   0.0294648700   -0.0170492300    0.0445363900
   0.0000010300    0.0000073500   -0.0000017700
  -0.0004851900    0.0002815300    0.0005245400
  -0.0003819800    0.0001120100    0.0006154600
   0.0000428100    0.0001067800   -0.0000316800
   0.0000265500   -0.0000160500   -0.0000055300
  -0.0000059600   -0.0000002400   -0.0000075300
   0.0000115700   -0.0000167500    0.0000079100
  -0.0000742800   -0.0001338200   -0.0000298100
  -0.0002376100   -0.0001210400    0.0007276600
   0.0000080100   -0.0000089400    0.0000037400
   0.0307625600    0.0177172900    0.0443686700
  -0.0002703400   -0.0002342100    0.0007868800
   0.0000208600    0.0000109100   -0.0000064700
   0.0000450800   -0.0001701300   -0.0000108900
   0.0000219600    0.0000094900    0.0000132700
  -0.0000226000    0.0000036700    0.0000026400
  -0.0001204400    0.0000927300   -0.0000054700
   0.0000096700   -0.0002558800    0.0007371200
  -0.0000027300    0.0000241200    0.0000130600
  -0.0000651600   -0.0003383600    0.0007970200
  -0.0000261500    0.0366327400    0.0451824700
   0.0001384000   -0.0000552100   -0.0000046600
  -0.0001680500   -0.0000439900   -0.0000099100
  -0.0000118800    0.0000006900    0.0000033000
   0.0000144900   -0.0000197400    0.0000019700
  -0.0000010100    0.0000237100   -0.0000063000

37   
  0.0100000000000000   0.0000000000000000   0.0000000000000000
   0.0370462500   -0.0149222000   -0.0286371900
   0.0006444400    0.0002988800    0.0005519000
   0.0000708400   -0.0000509000   -0.0000237500
   0.0000557000   -0.0000202400   -0.0000018200
   0.0000345900    0.0001037600    0.0001025800
  -0.0000006500   -0.0000222000   -0.0000267800
   0.0007110900   -0.0009325200    0.0004530500
  -0.0000199000    0.0000050700   -0.0000247700
  -0.0001119300   -0.0001052000   -0.0000594200
   0.0000741400    0.0008588100    0.0000227200
   0.0000145900   -0.0008280000   -0.0000123000
  -0.0000426300    0.0000010600   -0.0000051600
  -0.0000091000   -0.0000209600    0.0000057900
  -0.0000134500    0.0000024600   -0.0000006200
   0.0000138000    0.0000196400   -0.0000073100
   0.0110458600   -0.0001199700   -0.0000794300
  -0.0000792700    0.0000194800    0.0001550400
  -0.0001122500    0.0000181200   -0.0001766300
   0.0369952100    0.0150468200    0.0282533600
   0.0000602700    0.0000536000    0.0000107100
   0.0005090100   -0.0004115700   -0.0003993600
   0.0000115300   -0.0000294900   -0.0000855100
   0.0000337100    0.0000212900   -0.0000140400
  -0.0000023100    0.0000248300    0.0000173200
  -0.0001037800    0.0001068900    0.0000794300
  -0.0000237900   -0.0000032900    0.0000250000
   0.0006488800    0.0006784300   -0.0003240200
  -0.0034466800   -0.0000567700   -0.0001655200
  -0.0000621600   -0.0000255500   -0.0000325900
  -0.0000538100    0.0000040900    0.0000339800
  -0.0000191600    0.0000132300   -0.0000258100
  -0.0000190500   -0.0000049800    0.0000325700
  -0.0000440200   -0.0000021000   -0.0000059000
   0.0012397100   -0.0026461600    0.0013259100
  -0.0000306100   -0.0000036000    0.0000001800
   0.0010082000    0.0025266200   -0.0014744000
  -0.1051566200    0.0020239600    0.0001513900
   0.0000367100   -0.0000672400   -0.0000247000
   0.0000379900    0.0000443400    0.0000036600
   0.0000236000   -0.0000731400   -0.0000620600
   0.0000194800    0.0000529000    0.0000554300
   0.0000084000   -0.0000025400    0.0000025900
   0.0000233500    0.0000378300   -0.0000752500
   0.0000084500   -0.0000027400   -0.0000005400
   0.0000194100   -0.0000197100    0.0000302300
  -0.0008995900    0.0022649300    0.0021453400
  -0.0000088600   -0.0000227500    0.0000018100
   0.0001018200   -0.0000854300   -0.0000298200
  -0.0000012100   -0.0000183900    0.0000053500
  -0.0000048300    0.0000007200   -0.0000014500
  -0.0000013400    0.0000143300    0.0000019100
   0.0001004900   -0.0000860100    0.0001051700
  -0.0000083900    0.0000097100   -0.0000059300
  -0.0008846400    0.0000582300    0.0004678300
   0.0015847700   -0.0038778800   -0.0005692100
  -0.0001367100   -0.0000218100   -0.0000159600
   0.0000386900   -0.0000122100   -0.0000031100
   0.0000139600   -0.0000263900   -0.0000142100
   0.0000042700    0.0000024100    0.0000026100
  -0.0000026300    0.0000012800    0.0000027900
   0.0014462600   -0.0044505700    0.0007311700
   0.0000332100   -0.0000214000   -0.0000091100
  -0.0000992400   -0.0000294300    0.0000993500
   0.0011172600   -0.0007609200    0.0013629600
  -0.0000044700   -0.0000009000    0.0000019300
   0.0011034400    0.0008783000   -0.0013622700
  -0.0000287800    0.0000171200   -0.0000143900
  -0.0000037100    0.0000157100    0.0000049300
  -0.0000056500   -0.0000229000    0.0000008300
  -0.0000027300    0.0000181300    0.0000146600
  -0.0000039500   -0.0000239400   -0.0000170300
  -0.0000217200   -0.0000088100    0.0000276500
   0.0089514900    0.0001723900    0.0015526100
   0.0000519500    0.0000036400    0.0000018400
   0.0086873800   -0.0002811900   -0.0014064700
  -0.0000158300   -0.0000275400    0.0000532900
   0.0000220300    0.0000273300    0.0000076900
   0.0000229000   -0.0000221800   -0.0000085500
   0.0000300400   -0.0000128900   -0.0000083500
   0.0000300800    0.0000212000    0.0000117000
  -0.0000568000   -0.0000134800    0.0000012700
  -0.0008148400   -0.0022446300   -0.0019023800
   0.0000865600    0.0000310300    0.0000491900
   0.0000038100    0.0000241000   -0.0000035300
  -0.0000033200   -0.0000008300    0.0000043800
   0.0000033600    0.0000170000   -0.0000076000
  -0.0000039900   -0.0000118600   -0.0000008700
  -0.0011519700    0.0000750400   -0.0005513200
  -0.0000010900   -0.0000156300    0.0000118400
   0.0001041100    0.0000395200   -0.0000785500
   0.0011580500    0.0028631900    0.0006902500
   0.0000413100    0.0000065300    0.0000077800
  -0.0001848200    0.0000953900   -0.0000113100
   0.0000076300   -0.0000000300   -0.0000073200
   0.0000134900    0.0000112100    0.0000199400
   0.0000056000   -0.0000086000   -0.0000016500
  -0.0001537900    0.0001195200   -0.0000879000
   0.0000284500    0.0000171700    0.0000090100
   0.0012831800    0.0036442800   -0.0008502200
  -0.0023642400    0.0000230900    0.0000052900
   0.0000360400   -0.0001224700   -0.0000567500
   0.0000548100    0.0001636300    0.0000500600
  -0.0000725700   -0.0002581000    0.0000223400
  -0.0000727200    0.0002600300   -0.0000231200
   0.0000068900   -0.0000002600    0.0000002700
  -0.0001171800    0.0000905800   -0.0000099300
   0.0000084200    0.0000002500   -0.0000003200
  -0.0000941900   -0.0000886200    0.0000156900

37   
 -0.0100000000000000   0.0000000000000000   0.0000000000000000
  -0.0377932800    0.0153514100    0.0296338500
  -0.0006018900   -0.0002850000   -0.0005405400
  -0.0000727400    0.0000531200    0.0000244600
  -0.0000569300    0.0000201100    0.0000011400
  -0.0000365500   -0.0001036100   -0.0001035400
   0.0000004000    0.0000220300    0.0000262900
  -0.0006989500    0.0009229800   -0.0004406800
   0.0000199800   -0.0000052000    0.0000243400
   0.0001126600    0.0001056100    0.0000599700
  -0.0000859500   -0.0008646200   -0.0000185700
  -0.0000057200    0.0008206800    0.0000143400
   0.0000427000   -0.0000013000    0.0000044600
   0.0000094600    0.0000201200   -0.0000055700
   0.0000135400   -0.0000022700    0.0000000700
  -0.0000139600   -0.0000203100    0.0000073000
  -0.0110539700    0.0002826300   -0.0000083900
   0.0000776600   -0.0000206400   -0.0001527700
   0.0001139100   -0.0000196300    0.0001790700
  -0.0362567400   -0.0146094100   -0.0272837900
  -0.0000583100   -0.0000513600   -0.0000101300
  -0.0005520600    0.0004279400    0.0004091000
  -0.0000095200    0.0000300500    0.0000848400
  -0.0000321900   -0.0000214500    0.0000131800
   0.0000026400   -0.0000249700   -0.0000177800
   0.0001032600   -0.0001066600   -0.0000784700
   0.0000239100    0.0000031500   -0.0000254200
  -0.0006598700   -0.0006850400    0.0003329900
   0.0034490100    0.0000751600    0.0001543800
   0.0000612600    0.0000251900    0.0000303400
   0.0000542600   -0.0000044800   -0.0000366700
   0.0000192500   -0.0000130700    0.0000253200
   0.0000191300    0.0000052700   -0.0000332100
   0.0000438900    0.0000009400    0.0000064000
  -0.0012013700    0.0026102600   -0.0013175300
   0.0000306500    0.0000040300   -0.0000007500
  -0.0010394300   -0.0025609700    0.0014841500
   0.1051598700   -0.0031593000   -0.0020813500
  -0.0000379000    0.0000655500    0.0000253300
  -0.0000366000   -0.0000455500   -0.0000027500
  -0.0000237600    0.0000753400    0.0000621800
  -0.0000188600   -0.0000503200   -0.0000554300
  -0.0000083900    0.0000027000   -0.0000026300
  -0.0000239700   -0.0000363900    0.0000744500
  -0.0000084100    0.0000024900    0.0000001300
  -0.0000189700    0.0000206500   -0.0000309100
   0.0008810300   -0.0022111500   -0.0021178400
   0.0000084800    0.0000220100   -0.0000019100
  -0.0000970700    0.0000851700    0.0000342500
   0.0000013500    0.0000178600   -0.0000057800
   0.0000049300   -0.0000007400    0.0000013500
   0.0000012000   -0.0000137900   -0.0000019800
  -0.0000983800    0.0000845800   -0.0000997700
   0.0000089000   -0.0000098700    0.0000056300
   0.0008958100   -0.0000589700   -0.0004810100
  -0.0015817900    0.0039137500    0.0005649700
   0.0001339900    0.0000213600    0.0000163800
  -0.0000391400    0.0000124000    0.0000034200
  -0.0000137800    0.0000267000    0.0000141700
  -0.0000043200   -0.0000022100   -0.0000027400
   0.0000025200   -0.0000011300   -0.0000030900
  -0.0014643000    0.0044301100   -0.0007385800
  -0.0000327900    0.0000207300    0.0000087400
   0.0000991300    0.0000299200   -0.0001018300
  -0.0011202200    0.0007764700   -0.0013560000
   0.0000045200    0.0000009300   -0.0000020500
  -0.0011001300   -0.0008626700    0.0013692700
   0.0000285800   -0.0000219400    0.0000185700
   0.0000036300   -0.0000152600   -0.0000050700
   0.0000059000    0.0000233800   -0.0000010300
   0.0000025200   -0.0000175600   -0.0000148600
   0.0000042400    0.0000244100    0.0000170300
   0.0000216400    0.0000093500   -0.0000268600
  -0.0087318600   -0.0001759600   -0.0015327800
  -0.0000518500   -0.0000044500   -0.0000022800
  -0.0089034100    0.0002788900    0.0014251100
   0.0000153000    0.0000298900   -0.0000534000
  -0.0000219300   -0.0000267600   -0.0000074700
  -0.0000228400    0.0000226800    0.0000089000
  -0.0000299600    0.0000129000    0.0000086300
  -0.0000301100   -0.0000213500   -0.0000115700
   0.0000572100    0.0000157100   -0.0000030900
   0.0008338600    0.0022983800    0.0019278600
  -0.0000907900   -0.0000316800   -0.0000444500
  -0.0000034000   -0.0000249200    0.0000034700
   0.0000033600    0.0000008800   -0.0000044400
  -0.0000034500   -0.0000175600    0.0000073400
   0.0000042200    0.0000123800    0.0000007200
   0.0011430200   -0.0000764800    0.0005423500
   0.0000006200    0.0000153100   -0.0000120400
  -0.0001063500   -0.0000397100    0.0000830600
  -0.0011608800   -0.0028390200   -0.0006869000
  -0.0000406900   -0.0000064900   -0.0000075100
   0.0001895500   -0.0000973000    0.0000130400
  -0.0000074500    0.0000002900    0.0000073600
  -0.0000135700   -0.0000110000   -0.0000197400
  -0.0000053600    0.0000086900    0.0000014200
   0.0001531200   -0.0001173700    0.0000854200
  -0.0000288300   -0.0000177600   -0.0000091800
  -0.0012700400   -0.0036625100    0.0008493200
   0.0023643400   -0.0000199000   -0.0000890000
  -0.0000373700    0.0001216400    0.0000550200
  -0.0000537400   -0.0001650200   -0.0000518500
   0.0000738000    0.0002591900   -0.0000229700
   0.0000718300   -0.0002590400    0.0000228000
  -0.0000068200    0.0000003800   -0.0000003000
   0.0001155800   -0.0000906700    0.0000086600
  -0.0000084100   -0.0000003600    0.0000004100
   0.0000957100    0.0000883700   -0.0000164400

37   
  0.0000000000000000   0.0000000000000000   0.0100000000000000
  -0.0307984800    0.0177815100    0.0434751700
  -0.0006071500   -0.0002188600    0.0005799700
   0.0000185600   -0.0000437900   -0.0000209000
   0.0000472200    0.0000057900   -0.0000208900
   0.0000404700   -0.0000222600   -0.0000116500
  -0.0000044500    0.0000025700   -0.0000041300
  -0.0001140300    0.0006352000    0.0005800000
  -0.0000130500    0.0000075500   -0.0000011700
   0.0000395000   -0.0000239300   -0.0000116400
   0.0005471500   -0.0004531500    0.0005495800
  -0.0002739300   -0.0001822400    0.0007290300
   0.0000044200   -0.0000044300   -0.0000050300
   0.0000376500    0.0000401000   -0.0000057200
  -0.0000035500   -0.0000131800   -0.0000052700
  -0.0000228200    0.0000573900   -0.0000128400
   0.0006482500   -0.0345297600    0.0435521300
  -0.0000465100    0.0000660800   -0.0000622700
   0.0000578900    0.0000461500   -0.0000549200
   0.0302277900    0.0167035000    0.0435521400
  -0.0000159000   -0.0000526600   -0.0000057100
   0.0006660200   -0.0002472600    0.0005495700
  -0.0000110500   -0.0000732000   -0.0000549100
  -0.0000610800   -0.0000089200   -0.0000128200
   0.0000060600   -0.0000015800   -0.0000050100
  -0.0000804500    0.0000072200   -0.0000622500
   0.0000096700    0.0000096900   -0.0000052600
   0.0000208500    0.0003283100    0.0007290200
   0.0001355200    0.0014082400    0.0023865400
   0.0000395200   -0.0000001400    0.0000546700
  -0.0000160500    0.0000092600    0.0000549800
  -0.0000068300   -0.0000025300    0.0000012200
  -0.0000059900    0.0000034700    0.0000011300
   0.0000199000   -0.0000341600    0.0000546800
   0.0008977400   -0.0005182900    0.0025680600
  -0.0000012200    0.0000071700    0.0000012300
  -0.0011518000   -0.0008215300    0.0023865100
   0.0011366300   -0.0006561500   -0.1402103300
   0.0000007000    0.0000736700   -0.0001824400
  -0.0000225100    0.0000719600   -0.0001825400
  -0.0000736000   -0.0000164900   -0.0001825600
   0.0000297100   -0.0000476500   -0.0002079000
  -0.0000003200    0.0000001800    0.0000091900
  -0.0000634900   -0.0000374900   -0.0001824300
   0.0000026100   -0.0000015200    0.0000091100
   0.0000561200   -0.0000019200   -0.0002079000
  -0.0004722300    0.0021813100    0.0004008900
   0.0000060600    0.0000098400    0.0000102100
  -0.0001036800    0.0000598600   -0.0003236900
  -0.0000019400    0.0000011000    0.0000103700
   0.0000013700   -0.0000007800    0.0000160300
  -0.0000054900   -0.0000101500    0.0000102000
   0.0000353200   -0.0000203700   -0.0003208300
  -0.0000019200    0.0000011500    0.0000103600
  -0.0021251800   -0.0006816900    0.0004009000
   0.0006787700   -0.0008476000   -0.0028374200
   0.0000625500    0.0001034500    0.0000220500
  -0.0000101200    0.0000077400   -0.0000231100
  -0.0000149000   -0.0000065700    0.0000050700
   0.0000044900    0.0000043300   -0.0000264900
  -0.0000018700   -0.0000102900   -0.0000221900
  -0.0006453800    0.0010155200   -0.0030659200
   0.0000029700    0.0000009000   -0.0000244800
  -0.0000106900    0.0000026000    0.0000628500
   0.0014697200   -0.0012556200    0.0001823900
  -0.0000018500    0.0000030400    0.0000129600
  -0.0016464100   -0.0014095200    0.0004069600
   0.0000161800   -0.0000194000   -0.0003291900
   0.0000133500    0.0000040900    0.0000122200
  -0.0000152700    0.0000026600    0.0000107000
   0.0000020800   -0.0000074000    0.0000115900
   0.0000030300   -0.0000039100    0.0000105200
   0.0000270000   -0.0001156100   -0.0003185800
  -0.0012021500    0.0000511400   -0.0030659300
  -0.0000017600    0.0000161700    0.0000050700
   0.0010734300   -0.0001640300   -0.0028374300
  -0.0000076000    0.0000079500    0.0000628500
   0.0000079900    0.0000067700   -0.0000221900
  -0.0000117500    0.0000049000   -0.0000231200
   0.0000007100   -0.0000030300   -0.0000244900
  -0.0000014900   -0.0000060600   -0.0000265000
  -0.0000583200   -0.0001059300    0.0000220500
   0.0003974900    0.0021306000    0.0004069300
   0.0001136000    0.0000344200   -0.0003185700
  -0.0000099500    0.0000119000    0.0000107000
  -0.0000035700    0.0000000800    0.0000129600
   0.0000049000   -0.0000006600    0.0000105100
   0.0000031500   -0.0000135900    0.0000122100
   0.0018222500   -0.0006449900    0.0001823800
   0.0000074500    0.0000019100    0.0000115900
   0.0000248700   -0.0000043200   -0.0003291800
  -0.0007420100   -0.0006029600   -0.0031491000
   0.0000092600    0.0000044100   -0.0000254000
  -0.0001342300    0.0000775000   -0.0000139100
  -0.0000059200    0.0000095500   -0.0000352800
   0.0000189900   -0.0000109500    0.0000087200
   0.0000008200   -0.0000102100   -0.0000254000
   0.0000037600   -0.0000021400    0.0000789500
  -0.0000112100    0.0000003500   -0.0000352400
   0.0001511700    0.0009441000   -0.0031491000
  -0.0000194000    0.0000112100    0.0176696900
   0.0000366500    0.0000403600    0.0000543200
  -0.0000132400    0.0000419900    0.0000409900
  -0.0000430000   -0.0000095300    0.0000410300
   0.0000215200   -0.0000119100   -0.0000039400
  -0.0000002300    0.0000001300   -0.0000000700
  -0.0000166500   -0.0000519400    0.0000542900
   0.0000017400   -0.0000010200   -0.0000062500
   0.0000210600   -0.0000127100   -0.0000039100

37   
  0.0000000000000000   0.0000000000000000  -0.0100000000000000
   0.0297456000   -0.0171736300   -0.0424908500
   0.0006356200    0.0002088400   -0.0005699100
  -0.0000182100    0.0000434800    0.0000236800
  -0.0000467600   -0.0000060000    0.0000236800
  -0.0000378700    0.0000209000    0.0000117200
   0.0000036500   -0.0000021200    0.0000045700
   0.0001369600   -0.0006549200   -0.0005699300
   0.0000132600   -0.0000076400    0.0000015300
  -0.0000370000    0.0000223400    0.0000117500
  -0.0005531600    0.0004844700   -0.0005387800
   0.0002803600    0.0002099600   -0.0007187400
  -0.0000043800    0.0000036400    0.0000056600
  -0.0000378200   -0.0000398000    0.0000086800
   0.0000036300    0.0000132800    0.0000057800
   0.0000231400   -0.0000566800    0.0000150100
  -0.0006644500    0.0333264600   -0.0425711700
   0.0000468000   -0.0000624900    0.0000632700
  -0.0000590600   -0.0000427400    0.0000552700
  -0.0291937700   -0.0160877800   -0.0425711900
   0.0000155500    0.0000526500    0.0000086900
  -0.0006961300    0.0002368000   -0.0005387900
   0.0000074700    0.0000725400    0.0000552700
   0.0000606600    0.0000083000    0.0000150200
  -0.0000053400    0.0000020000    0.0000056700
   0.0000775300   -0.0000092900    0.0000632800
  -0.0000096900   -0.0000097900    0.0000057800
  -0.0000416900   -0.0003478200   -0.0007187500
  -0.0001377300   -0.0014417000   -0.0023844700
  -0.0000394300    0.0000004300   -0.0000503200
   0.0000157900   -0.0000091100   -0.0000496700
   0.0000065200    0.0000024000   -0.0000003100
   0.0000063200   -0.0000036300   -0.0000000800
  -0.0000200600    0.0000339600   -0.0000503200
  -0.0009265500    0.0005349500   -0.0025676100
   0.0000011800   -0.0000068400   -0.0000003200
   0.0011796900    0.0008401000   -0.0023844600
  -0.0010975400    0.0006335900    0.1370135600
  -0.0000056500   -0.0000734400    0.0001796900
   0.0000275400   -0.0000719300    0.0001795500
   0.0000760700    0.0000121100    0.0001795600
  -0.0000314200    0.0000450300    0.0002048400
   0.0000003700   -0.0000002400   -0.0000095000
   0.0000607700    0.0000415500    0.0001796600
  -0.0000026000    0.0000015000   -0.0000095700
  -0.0000547500    0.0000046600    0.0002048500
   0.0004768900   -0.0021930100   -0.0004026400
  -0.0000055500   -0.0000096500   -0.0000103800
   0.0001012800   -0.0000584600    0.0003213900
   0.0000020700   -0.0000010500   -0.0000102000
  -0.0000014200    0.0000008600   -0.0000161500
   0.0000056100    0.0000096600   -0.0000104100
  -0.0000287100    0.0000166100    0.0003242300
   0.0000019500   -0.0000012500   -0.0000102200
   0.0021376400    0.0006835300   -0.0004026200
  -0.0006634500    0.0008017400    0.0028107400
  -0.0000660000   -0.0001058700   -0.0000223500
   0.0000104100   -0.0000075200    0.0000220400
   0.0000147500    0.0000064400   -0.0000057400
  -0.0000047800   -0.0000048200    0.0000265300
   0.0000022100    0.0000104100    0.0000212700
   0.0006139400   -0.0009771600    0.0030363400
  -0.0000034600   -0.0000007900    0.0000246700
   0.0000119400   -0.0000017300   -0.0000669800
  -0.0014767800    0.0012644100   -0.0001837000
   0.0000018900   -0.0000031400   -0.0000131800
   0.0016524600    0.0014192100   -0.0004080800
  -0.0000158700    0.0000262600    0.0003317900
  -0.0000128400   -0.0000038600   -0.0000124200
   0.0000148900   -0.0000025000   -0.0000110600
  -0.0000019500    0.0000075000   -0.0000115500
  -0.0000032500    0.0000039000   -0.0000104500
  -0.0000284000    0.0001132600    0.0003155300
   0.0011532300   -0.0000431000    0.0030363500
   0.0000017900   -0.0000160100   -0.0000057600
  -0.0010260500    0.0001737000    0.0028107400
   0.0000074700   -0.0000094800   -0.0000670100
  -0.0000078800   -0.0000071200    0.0000212500
   0.0000117400   -0.0000052400    0.0000220500
  -0.0000010200    0.0000033900    0.0000246400
   0.0000018000    0.0000065500    0.0000265500
   0.0000587000    0.0001100400   -0.0000223700
  -0.0004028400   -0.0021406800   -0.0004080800
  -0.0001123200   -0.0000320500    0.0003155300
   0.0000096000   -0.0000116300   -0.0000110400
   0.0000036300   -0.0000000800   -0.0000132000
  -0.0000049900    0.0000008800   -0.0000104300
  -0.0000030900    0.0000130800   -0.0000124500
  -0.0018333900    0.0006467500   -0.0001836700
  -0.0000074800   -0.0000020300   -0.0000115700
  -0.0000306800    0.0000006100    0.0003317800
   0.0007348400    0.0005723000    0.0031180600
  -0.0000094400   -0.0000043400    0.0000245600
   0.0001389500   -0.0000802100    0.0000131900
   0.0000062000   -0.0000101600    0.0000356100
  -0.0000186600    0.0000108100   -0.0000093400
  -0.0000009500    0.0000103800    0.0000245700
  -0.0000052200    0.0000030500   -0.0000826600
   0.0000119100   -0.0000002900    0.0000356800
  -0.0001282100   -0.0009225300    0.0031180400
   0.0000196900   -0.0000113700   -0.0173054100
  -0.0000358800   -0.0000410900   -0.0000537900
   0.0000126700   -0.0000425900   -0.0000404100
   0.0000431800    0.0000103100   -0.0000404300
  -0.0000214700    0.0000117500    0.0000045600
   0.0000003500   -0.0000002100   -0.0000000700
   0.0000176300    0.0000515800   -0.0000538000
  -0.0000017200    0.0000009900    0.0000061200
  -0.0000209500    0.0000126800    0.0000045500

55   
  0.0100000000000000   0.0000000000000000   0.0000000000000000
   0.0111509800   -0.0003175300    0.0000227200
  -0.0000042000    0.0000368600    0.0001302100
  -0.0000365800   -0.0000545500   -0.0001479900
   0.0001305800    0.0006284600   -0.0001030500
   0.0001098100   -0.0007107700    0.0000312000
  -0.0000353900   -0.0000019000   -0.0000033200
   0.0000045900   -0.0000160400    0.0000234700
  -0.0000150900    0.0000028400   -0.0000015800
  -0.0000153600    0.0000254000   -0.0000205600
   0.0379058500   -0.0150703700   -0.0285276100
   0.0002338500    0.0002634600    0.0002911500
   0.0000553900   -0.0000103800    0.0000019000
   0.0000524900   -0.0000215200    0.0000050800
   0.0000424400    0.0000898900    0.0000727500
  -0.0000008500   -0.0000181500   -0.0000202700
   0.0006365700   -0.0010723800    0.0004990300
  -0.0000333900    0.0000066700   -0.0000272600
  -0.0000506300   -0.0001685700   -0.0000774900
   0.0010042500   -0.0028135100    0.0014699000
  -0.0000331100    0.0000017300   -0.0000007200
   0.0011237700    0.0026816900   -0.0014125200
  -0.0036681000   -0.0000184200   -0.0001012400
  -0.0000926200   -0.0000027900   -0.0000429000
  -0.0000939500   -0.0000049800    0.0000410400
  -0.0000253900    0.0000082200   -0.0000268700
  -0.0000117600   -0.0000061800    0.0000193400
  -0.0000578900    0.0000077900    0.0000117400
   0.0391719200    0.0160337600    0.0295764100
   0.0000512300    0.0000138400   -0.0000084400
   0.0003091100   -0.0002663800   -0.0002991600
   0.0000557000   -0.0000704600   -0.0000851600
   0.0000468500    0.0000277200    0.0000107600
  -0.0000029800    0.0000188000    0.0000170200
  -0.0000642100    0.0001270800    0.0000648400
  -0.0000299700   -0.0000069700    0.0000212900
   0.0006399800    0.0011172800   -0.0003900500
   0.0015765300   -0.0044536800    0.0006684700
   0.0000390600   -0.0000133300   -0.0000104400
  -0.0001349300   -0.0000590200    0.0000635400
   0.0014596000   -0.0040726500   -0.0006305200
  -0.0001013400   -0.0000770400   -0.0000106800
   0.0000327600   -0.0000111600    0.0000032500
   0.0000138600   -0.0000177700   -0.0000148100
  -0.0000025600    0.0000130400   -0.0000021000
   0.0000040500    0.0000063700    0.0000044100
   0.0011013600   -0.0011533700    0.0016535500
  -0.0000045700   -0.0000014900    0.0000018900
   0.0011186700    0.0013889000   -0.0014690700
  -0.0000214500   -0.0000338300   -0.0000255200
  -0.0000041800    0.0000132200   -0.0000032700
  -0.0000026900   -0.0000162400   -0.0000021300
  -0.0000059400    0.0000193600    0.0000149900
  -0.0000036300   -0.0000116600   -0.0000131800
  -0.0000287700   -0.0000374400   -0.0000151000
  -0.1049340400   -0.0002781400   -0.0015294600
   0.0000530800   -0.0000445900    0.0000212900
   0.0000523400    0.0000422200   -0.0000357700
   0.0000181100   -0.0000625200   -0.0000559900
   0.0000037300    0.0000784000    0.0000491000
   0.0000053800   -0.0000005300   -0.0000001200
   0.0000177100    0.0000539200   -0.0000690200
   0.0000054200   -0.0000005800   -0.0000002100
   0.0000040800   -0.0000544500    0.0000570900
   0.0000455100   -0.0000658600    0.0000394400
   0.0000007700    0.0000169800   -0.0000100800
  -0.0008045300    0.0002635500    0.0004073900
  -0.0008182500    0.0023215600    0.0018488400
   0.0000005400   -0.0000137000    0.0000077300
   0.0000472300   -0.0000474300    0.0000195000
   0.0000022700   -0.0000269300    0.0000024600
  -0.0000063800   -0.0000037200   -0.0000036100
   0.0000021400    0.0000161500    0.0000069200
  -0.0000961100    0.0000787800   -0.0000441500
   0.0000381800    0.0000134900    0.0000099300
   0.0015480900    0.0045271000   -0.0007597300
   0.0015045800    0.0040740800    0.0008043700
   0.0000378400    0.0000093600    0.0000011500
  -0.0001074700    0.0000699200    0.0000152400
   0.0000037300   -0.0000099900   -0.0000013400
   0.0000166500    0.0000164800    0.0000172400
  -0.0000011300   -0.0000091200   -0.0000059100
  -0.0020805000   -0.0000034300   -0.0000465600
   0.0000315800   -0.0001651600    0.0000001300
   0.0000512200    0.0001655600    0.0000211400
  -0.0000807300   -0.0002288600    0.0000373400
  -0.0000961900    0.0002065400   -0.0000316100
   0.0000117900    0.0000006600    0.0000020800
  -0.0000764500    0.0000935200   -0.0000238200
   0.0000109900    0.0000001200    0.0000001100
  -0.0000764800   -0.0001084100    0.0000063200
   0.0069454900    0.0003273900    0.0014389600
   0.0000318400    0.0000004300    0.0000010600
   0.0067724100   -0.0003531100   -0.0014744500
   0.0000510700    0.0000059100   -0.0000070200
   0.0000316600    0.0000214200    0.0000051100
   0.0000223400   -0.0000237700   -0.0000053900
   0.0000352100   -0.0000071500   -0.0000185400
   0.0000250700    0.0000119400    0.0000204400
   0.0000254500   -0.0000132500   -0.0000084200
  -0.0010321200   -0.0002552100   -0.0003479000
  -0.0000005800   -0.0000164500    0.0000145100
   0.0000857900    0.0000765100   -0.0000979400
  -0.0009271800   -0.0027219800   -0.0015198900
   0.0001116700    0.0000840600    0.0000231200
  -0.0000000200    0.0000166600   -0.0000059600
  -0.0000048400    0.0000048100    0.0000067200
  -0.0000016800    0.0000197900   -0.0000062500
   0.0000039300   -0.0000248400   -0.0000024900

55   
 -0.0100000000000000   0.0000000000000000   0.0000000000000000
  -0.0111424400    0.0004867700   -0.0001040500
   0.0000035800   -0.0000375000   -0.0001288400
   0.0000377600    0.0000532800    0.0001493800
  -0.0001442400   -0.0006341400    0.0001104700
  -0.0000970400    0.0007046100   -0.0000259500
   0.0000353000    0.0000018800    0.0000030800
  -0.0000044300    0.0000149900   -0.0000231100
   0.0000151100   -0.0000028000    0.0000013500
   0.0000148800   -0.0000266600    0.0000211200
  -0.0386777000    0.0155253600    0.0295124900
  -0.0002055900   -0.0002552400   -0.0002924100
  -0.0000575100    0.0000123900   -0.0000024100
  -0.0000536100    0.0000215200   -0.0000054700
  -0.0000451800   -0.0000895800   -0.0000727800
   0.0000008600    0.0000181500    0.0000198900
  -0.0006243200    0.0010616300   -0.0004877100
   0.0000331200   -0.0000067900    0.0000271200
   0.0000510400    0.0001692400    0.0000788100
  -0.0009712400    0.0027755600   -0.0014592400
   0.0000329400   -0.0000014600    0.0000003100
  -0.0011603800   -0.0027159300    0.0014187000
   0.0036668900    0.0000465000    0.0000916200
   0.0000918400    0.0000017600    0.0000414600
   0.0000944600    0.0000039600   -0.0000426600
   0.0000253100   -0.0000080200    0.0000263200
   0.0000115400    0.0000063200   -0.0000197000
   0.0000579600   -0.0000092000   -0.0000111500
  -0.0383795700   -0.0155724200   -0.0285609600
  -0.0000493700   -0.0000121000    0.0000081000
  -0.0003388600    0.0002760600    0.0002986300
  -0.0000533300    0.0000701800    0.0000841400
  -0.0000460300   -0.0000278000   -0.0000111000
   0.0000029300   -0.0000188900   -0.0000172600
   0.0000638500   -0.0001264200   -0.0000636700
   0.0000300300    0.0000069700   -0.0000214200
  -0.0006535700   -0.0011288800    0.0004009700
  -0.0015897800    0.0044326100   -0.0006738500
  -0.0000387700    0.0000129300    0.0000100400
   0.0001357100    0.0000606000   -0.0000651800
  -0.0014511000    0.0041068700    0.0006291400
   0.0000971600    0.0000770400    0.0000121000
  -0.0000332400    0.0000111400   -0.0000031200
  -0.0000138200    0.0000180100    0.0000148800
   0.0000025100   -0.0000127200    0.0000019600
  -0.0000043900   -0.0000063300   -0.0000048000
  -0.0011022000    0.0011652800   -0.0016454400
   0.0000044900    0.0000015700   -0.0000018300
  -0.0011188300   -0.0013795000    0.0014775800
   0.0000219100    0.0000309000    0.0000298900
   0.0000040100   -0.0000127300    0.0000030200
   0.0000026200    0.0000167300    0.0000019200
   0.0000056400   -0.0000188200   -0.0000151700
   0.0000038100    0.0000120700    0.0000130400
   0.0000286400    0.0000379400    0.0000169200
   0.1049166000   -0.0009293400   -0.0004887500
  -0.0000524200    0.0000435900   -0.0000182800
  -0.0000531600   -0.0000431100    0.0000388300
  -0.0000184900    0.0000648600    0.0000563200
  -0.0000034500   -0.0000758400   -0.0000488300
  -0.0000054800    0.0000008500    0.0000001400
  -0.0000188600   -0.0000519200    0.0000680700
  -0.0000055100    0.0000003500    0.0000000700
  -0.0000031100    0.0000566100   -0.0000581200
  -0.0000441900    0.0000642800   -0.0000345300
  -0.0000005700   -0.0000173000    0.0000101100
   0.0008144200   -0.0002638500   -0.0004197000
   0.0008007800   -0.0022693000   -0.0018232800
  -0.0000008000    0.0000132300   -0.0000076700
  -0.0000424800    0.0000484400   -0.0000160600
  -0.0000022100    0.0000265800   -0.0000026400
   0.0000062700    0.0000037300    0.0000036700
  -0.0000024100   -0.0000154400   -0.0000067600
   0.0000954800   -0.0000767600    0.0000423800
  -0.0000387100   -0.0000138700   -0.0000103500
  -0.0015352800   -0.0045480900    0.0007540800
  -0.0015122200   -0.0040374600   -0.0008061500
  -0.0000375000   -0.0000095100   -0.0000010000
   0.0001117000   -0.0000697900   -0.0000138800
  -0.0000038200    0.0000102700    0.0000013500
  -0.0000168100   -0.0000162300   -0.0000172100
   0.0000012600    0.0000092400    0.0000057300
   0.0020791200    0.0000047300   -0.0000085000
  -0.0000321300    0.0001629400    0.0000000200
  -0.0000510000   -0.0001675700   -0.0000211300
   0.0000817800    0.0002299000   -0.0000373400
   0.0000945300   -0.0002059200    0.0000315500
  -0.0000118800   -0.0000004500   -0.0000020500
   0.0000745600   -0.0000934500    0.0000232300
  -0.0000111200   -0.0000001300    0.0000000100
   0.0000779600    0.0001080700   -0.0000070800
  -0.0067646200   -0.0003219900   -0.0014041700
  -0.0000319000   -0.0000010600   -0.0000008800
  -0.0069519600    0.0003563900    0.0015116900
  -0.0000513200   -0.0000040200    0.0000069600
  -0.0000314900   -0.0000209500   -0.0000048800
  -0.0000226100    0.0000242100    0.0000056400
  -0.0000352800    0.0000072900    0.0000188200
  -0.0000251500   -0.0000119300   -0.0000202400
  -0.0000254400    0.0000164600    0.0000074100
   0.0010185500    0.0002560700    0.0003314900
   0.0000004200    0.0000161400   -0.0000145000
  -0.0000869900   -0.0000782300    0.0001039000
   0.0009504100    0.0027809600    0.0015380000
  -0.0001154300   -0.0000818900   -0.0000190700
   0.0000002300   -0.0000173600    0.0000062100
   0.0000047600   -0.0000048200   -0.0000066000
   0.0000015900   -0.0000200200    0.0000061000
  -0.0000039400    0.0000255400    0.0000027200

55   
 -0.0050000000000000   0.0086602540378444   0.0000000000000000
  -0.0052570700    0.0418221500   -0.0297556300
   0.0001435300   -0.0000487100   -0.0000320000
  -0.0001341500    0.0000382500    0.0000913000
  -0.0006765000    0.0004197300    0.0006375000
   0.0005135800    0.0010567900    0.0004713400
   0.0000173800    0.0000124200   -0.0000210900
   0.0000039900    0.0000702300   -0.0000142300
   0.0000000800   -0.0000376900   -0.0000251500
   0.0000027100    0.0000542000   -0.0000091900
  -0.0336932700    0.0253842700    0.0294937400
  -0.0009242700    0.0001667400   -0.0003793900
  -0.0000407400    0.0000028500   -0.0000056300
  -0.0000590000    0.0000198500    0.0000020400
  -0.0000335600   -0.0001466600    0.0000426500
  -0.0000173900   -0.0000114700    0.0000111400
   0.0001458500    0.0007167300   -0.0004880100
   0.0000293400   -0.0000236600    0.0000264000
  -0.0000183300    0.0000841000   -0.0000759600
  -0.0029289000   -0.0004361300   -0.0017308100
   0.0000170100   -0.0000098300    0.0000264100
   0.0017767900   -0.0029966300   -0.0001985900
   0.0018175800    0.0025852200    0.0015594300
   0.0000284700   -0.0000526800   -0.0000089700
   0.0000694400   -0.0000495700   -0.0000406000
   0.0000307600   -0.0000436600   -0.0000001600
  -0.0000077200   -0.0000242000   -0.0000209000
   0.0000184600   -0.0000689300    0.0000403900
  -0.0055354200    0.0096892500   -0.0001337100
  -0.0000128300   -0.0000047000   -0.0000003500
   0.0006508500    0.0004295900   -0.0000398200
  -0.0000144100   -0.0000695800    0.0001384200
   0.0000213400   -0.0000141100    0.0000027900
   0.0000168900   -0.0000337400   -0.0000056300
   0.0000560800   -0.0000679100   -0.0001606200
   0.0000079600   -0.0000220600    0.0000009700
  -0.0007597600   -0.0003464800    0.0000074400
  -0.0041110700    0.0076581400   -0.0010450100
  -0.0000300700    0.0000090400    0.0000118600
   0.0000482500   -0.0000382700    0.0000584000
  -0.0046268700    0.0076646800    0.0011834100
   0.0000226500   -0.0000046900    0.0000066600
  -0.0000350400    0.0000144800   -0.0000007900
  -0.0000296800    0.0000428400    0.0000016200
   0.0000023300    0.0000267600   -0.0000077600
  -0.0000003500    0.0000345600    0.0000017200
   0.0002016900   -0.0008297500    0.0003935500
   0.0000014500   -0.0000030000   -0.0000035700
  -0.0012430600   -0.0020539400    0.0018397500
   0.0000032900    0.0001051600    0.0001158100
  -0.0000191400   -0.0000070900    0.0000049800
   0.0000172000    0.0000087100    0.0000074100
  -0.0000172000   -0.0000055400   -0.0000097800
   0.0000154200    0.0000041500    0.0000030200
   0.0000300700    0.0001408400    0.0000294200
   0.0532653400   -0.0961564900    0.0001148400
   0.0000099300    0.0000264600    0.0000296200
  -0.0000657800   -0.0000173800    0.0000601300
   0.0000377200    0.0000758600   -0.0000217500
  -0.0000503700    0.0000012200   -0.0000731000
  -0.0000032700    0.0000103200    0.0000030800
  -0.0000641700    0.0000187500    0.0000040000
  -0.0000032900    0.0000103900   -0.0000006000
   0.0000639900    0.0000676900   -0.0000698200
  -0.0000633100    0.0000725700   -0.0000773900
  -0.0000118400   -0.0000075200   -0.0000063800
   0.0023650800    0.0001279700   -0.0016140100
   0.0006362100   -0.0008863000   -0.0004716300
   0.0000142500    0.0000076000   -0.0000043600
  -0.0000782200    0.0000632200   -0.0000030400
   0.0000127000    0.0000241000    0.0000147700
  -0.0000000700    0.0000004800    0.0000066000
  -0.0000240600    0.0000032300   -0.0000076400
   0.0000707100   -0.0000855400    0.0000930500
  -0.0000059000   -0.0000046900    0.0000035400
   0.0025669900    0.0032649300   -0.0005551400
   0.0031460300    0.0035482300    0.0006138300
   0.0000016700    0.0000052800    0.0000038300
   0.0000716700   -0.0000705800   -0.0000117200
   0.0000018600    0.0000448700   -0.0000068400
   0.0000135700    0.0000272700   -0.0000134900
  -0.0000058200    0.0000407800    0.0000002200
   0.0010333900   -0.0018049900    0.0000174700
   0.0001039900   -0.0000329800   -0.0000033500
  -0.0001798000   -0.0001913100   -0.0000124000
   0.0001050100    0.0000967700   -0.0000476700
  -0.0000144500   -0.0001192900    0.0000198200
  -0.0000050500    0.0000099300    0.0000003400
  -0.0001791600   -0.0000438800    0.0000363800
  -0.0000048800    0.0000108900   -0.0000003400
   0.0002598800    0.0000614300    0.0000155300
  -0.0038308100   -0.0006646400   -0.0007155900
  -0.0000160000    0.0000093400    0.0000209400
  -0.0030214300   -0.0004616300    0.0007402300
  -0.0000074500   -0.0002001400   -0.0000716900
  -0.0000022400    0.0000115700   -0.0000036300
  -0.0000278800    0.0000312000    0.0000021200
  -0.0000342300    0.0000171300    0.0000061500
   0.0000046400    0.0000046800   -0.0000101200
  -0.0000202300   -0.0001744200   -0.0000090700
  -0.0018755300    0.0005357200   -0.0012224000
   0.0000159900    0.0000077200   -0.0000252300
  -0.0000219500    0.0000045300   -0.0000157900
   0.0003480800    0.0018332500    0.0012118100
  -0.0000168300    0.0000419500    0.0000265400
  -0.0000185600   -0.0000066200    0.0000057500
   0.0000059200   -0.0000085400    0.0000027400
  -0.0000105900   -0.0000062700    0.0000240900
   0.0000239900    0.0000148200    0.0000006400

55   
  0.0050000000000000  -0.0086602540378444   0.0000000000000000
   0.0052590900   -0.0427712800    0.0308011100
  -0.0001440100    0.0000489800    0.0000326300
   0.0001353100   -0.0000403200   -0.0000921000
   0.0006435600   -0.0003910300   -0.0006228200
  -0.0005125200   -0.0010412500   -0.0004588000
  -0.0000171500   -0.0000122700    0.0000208000
  -0.0000048500   -0.0000730200    0.0000148300
  -0.0000000200    0.0000376800    0.0000250000
  -0.0000021200   -0.0000554500    0.0000089700
   0.0328902000   -0.0249315000   -0.0284957800
   0.0009351900   -0.0001737300    0.0003889700
   0.0000397600   -0.0000015100    0.0000050500
   0.0000560500   -0.0000192400   -0.0000016600
   0.0000336000    0.0001461900   -0.0000418500
   0.0000175100    0.0000116500   -0.0000115400
  -0.0001394600   -0.0007615300    0.0005009300
  -0.0000295800    0.0000238900   -0.0000267100
   0.0000165500   -0.0000822400    0.0000752100
   0.0029777800    0.0004246000    0.0017454800
  -0.0000172800    0.0000097500   -0.0000268700
  -0.0017974000    0.0029872300    0.0001883100
  -0.0018056700   -0.0025288000   -0.0015460600
  -0.0000279500    0.0000529800    0.0000094000
  -0.0000689300    0.0000490100    0.0000389300
  -0.0000310900    0.0000436800   -0.0000004000
   0.0000074500    0.0000243700    0.0000206100
  -0.0000184200    0.0000693700   -0.0000424800
   0.0053873300   -0.0097844800    0.0000446400
   0.0000137300    0.0000049800    0.0000004700
  -0.0006483100   -0.0004198200    0.0000435800
   0.0000161600    0.0000689300   -0.0001366500
  -0.0000207000    0.0000151900   -0.0000026400
  -0.0000168200    0.0000338200    0.0000050400
  -0.0000555800    0.0000697100    0.0001625000
  -0.0000080300    0.0000220600   -0.0000012300
   0.0007696700    0.0003403200   -0.0000017300
   0.0042210700   -0.0078433500    0.0010548500
   0.0000301600   -0.0000090500   -0.0000116000
  -0.0000496800    0.0000368600   -0.0000585900
   0.0045204300   -0.0074730700   -0.0011724300
  -0.0000251100    0.0000036700   -0.0000084000
   0.0000344700   -0.0000146100    0.0000008900
   0.0000302000   -0.0000423800   -0.0000019600
  -0.0000023300   -0.0000266700    0.0000080800
  -0.0000001300   -0.0000348700   -0.0000015500
  -0.0002044000    0.0008393600   -0.0004067000
  -0.0000014200    0.0000030400    0.0000036500
   0.0012075100    0.0020111700   -0.0018163500
  -0.0000026400   -0.0001030200   -0.0001101300
   0.0000186700    0.0000068700   -0.0000048800
  -0.0000164000   -0.0000086800   -0.0000074100
   0.0000171200    0.0000059400    0.0000096800
  -0.0000151500   -0.0000039900   -0.0000032800
  -0.0000323900   -0.0001382600   -0.0000261100
  -0.0522250600    0.0967804000   -0.0021483600
  -0.0000113100   -0.0000264400   -0.0000301500
   0.0000632900    0.0000164800   -0.0000600900
  -0.0000355700   -0.0000762600    0.0000228200
   0.0000494000   -0.0000026000    0.0000724700
   0.0000029800   -0.0000104100   -0.0000030200
   0.0000644700   -0.0000167400   -0.0000025700
   0.0000033900   -0.0000102100    0.0000003900
  -0.0000659900   -0.0000687800    0.0000700300
   0.0000645600   -0.0000737100    0.0000821100
   0.0000121200    0.0000077200    0.0000063400
  -0.0024202600   -0.0001365000    0.0016350000
  -0.0006299900    0.0008807600    0.0004623900
  -0.0000147700   -0.0000077700    0.0000045300
   0.0000793900   -0.0000659200    0.0000068200
  -0.0000124000   -0.0000241800   -0.0000146600
   0.0000000300   -0.0000004100   -0.0000064900
   0.0000245300   -0.0000025000    0.0000077900
  -0.0000711100    0.0000855300   -0.0000953900
   0.0000058200    0.0000047600   -0.0000035600
  -0.0025988200   -0.0032782300    0.0005505800
  -0.0031167500   -0.0035508600   -0.0006223300
  -0.0000018300   -0.0000053600   -0.0000041400
  -0.0000702100    0.0000687700    0.0000123100
  -0.0000015800   -0.0000441300    0.0000064400
  -0.0000139100   -0.0000272500    0.0000134600
   0.0000058900   -0.0000412700    0.0000000500
  -0.0010321000    0.0018057000   -0.0000761200
  -0.0001048000    0.0000341700    0.0000028400
   0.0001793200    0.0001903200    0.0000130800
  -0.0001036800   -0.0000973400    0.0000470200
   0.0000149400    0.0001179100   -0.0000206400
   0.0000047700   -0.0000099700   -0.0000002000
   0.0001799100    0.0000453900   -0.0000369600
   0.0000049400   -0.0000107500    0.0000005500
  -0.0002612700   -0.0000611600   -0.0000149800
   0.0038413500    0.0006860000    0.0007133300
   0.0000158700   -0.0000095500   -0.0000208800
   0.0030012200    0.0004463300   -0.0007374800
   0.0000061900    0.0001981000    0.0000691900
   0.0000021000   -0.0000114800    0.0000032300
   0.0000275400   -0.0000307100   -0.0000019800
   0.0000349200   -0.0000171800   -0.0000064200
  -0.0000047500   -0.0000047100    0.0000101000
   0.0000196700    0.0001792000    0.0000108500
   0.0018623200   -0.0005419900    0.0012289500
  -0.0000163500   -0.0000077700    0.0000254500
   0.0000242100   -0.0000034800    0.0000216700
  -0.0003603500   -0.0018413700   -0.0012053100
   0.0000167000   -0.0000423100   -0.0000261000
   0.0000184100    0.0000063100   -0.0000057300
  -0.0000061700    0.0000084500   -0.0000024500
   0.0000103000    0.0000057800   -0.0000239600
  -0.0000245400   -0.0000146800   -0.0000006700

55   
  0.0000000000000000   0.0000000000000000   0.0100000000000000
  -0.0004488400   -0.0369829700    0.0443999200
  -0.0000301900    0.0000311000    0.0000057700
   0.0000191100    0.0000566500   -0.0000025600
   0.0003886800   -0.0002582700    0.0005567900
  -0.0002492200   -0.0003072500    0.0004973000
  -0.0000000200   -0.0000145000    0.0000059100
   0.0000210500    0.0000440100   -0.0000160400
  -0.0000035500   -0.0000143100   -0.0000029100
  -0.0000234200    0.0000466200   -0.0000149700
  -0.0310783900    0.0181929800    0.0445273900
  -0.0000681900    0.0000018200    0.0006153100
   0.0000477900   -0.0000477500   -0.0000064300
   0.0000543500    0.0000029500   -0.0000003600
   0.0000158900   -0.0000951100   -0.0000313300
  -0.0000106100    0.0000083500    0.0000081800
  -0.0000346600    0.0005187600    0.0005202500
  -0.0000115700    0.0000014100   -0.0000056300
   0.0000854900    0.0000333400   -0.0000296900
   0.0013659400   -0.0006988900    0.0023553000
   0.0000062900   -0.0000058000    0.0000051800
  -0.0013968100   -0.0006695200    0.0025172500
  -0.0000523100    0.0011338100    0.0025150500
   0.0000229300    0.0000358000    0.0000566600
  -0.0000192800    0.0000283500    0.0000424500
  -0.0000066900   -0.0000052700    0.0000064400
   0.0000123000   -0.0000018900    0.0000023600
  -0.0000052800   -0.0000109700    0.0000404000
   0.0310445600    0.0186488300    0.0445074600
  -0.0000496500   -0.0000420100   -0.0000074400
   0.0001075600   -0.0000687000    0.0006415000
  -0.0000387400   -0.0000593600   -0.0000265300
  -0.0000538700    0.0000045400   -0.0000019400
   0.0000062700    0.0000070200    0.0000038700
  -0.0000636100    0.0000198400   -0.0000208900
   0.0000185700    0.0000070500   -0.0000017200
   0.0001094900    0.0004927400    0.0004970300
  -0.0005814600    0.0013227100   -0.0028341400
  -0.0000035800    0.0000081100   -0.0000226000
  -0.0000152000   -0.0000113400    0.0000202500
   0.0007423900   -0.0013770700   -0.0030626000
   0.0000987200   -0.0000043200    0.0000652600
  -0.0000089300    0.0000047600   -0.0000250200
  -0.0000143000   -0.0000105800    0.0000051300
   0.0000028400   -0.0000072200   -0.0000216700
   0.0000026900   -0.0000118600   -0.0000270900
   0.0013594200   -0.0014156800    0.0004070400
  -0.0000020400    0.0000039400    0.0000131900
  -0.0013526400   -0.0014079900    0.0001834100
  -0.0000273100    0.0000417700   -0.0003156700
   0.0000171100    0.0000014300    0.0000105500
  -0.0000150700    0.0000055300    0.0000116100
  -0.0000009700   -0.0000045000    0.0000110700
  -0.0000051000   -0.0000037500    0.0000124400
   0.0000163700   -0.0000845000   -0.0003309800
  -0.0005356600    0.0010285600   -0.1389936800
  -0.0000387500    0.0000477000   -0.0002558300
   0.0000211600    0.0000458700   -0.0002557900
  -0.0000674400   -0.0000379000   -0.0002250700
   0.0000565400   -0.0000495900   -0.0002267800
  -0.0000001000   -0.0000006200    0.0000039100
  -0.0000573800   -0.0000560600   -0.0002251800
  -0.0000001500    0.0000034700    0.0000038600
   0.0000503000   -0.0000537600   -0.0002269700
  -0.0000150500   -0.0000060400   -0.0003289600
  -0.0000077600    0.0000005600    0.0000123800
  -0.0018257100   -0.0005195400    0.0001960200
  -0.0004110300    0.0016285600    0.0001951500
   0.0000103300    0.0000133000    0.0000122400
  -0.0000378700    0.0000703300   -0.0003310300
  -0.0000068200    0.0000049400    0.0000109800
   0.0000035900   -0.0000054500    0.0000122900
  -0.0000025200   -0.0000187500    0.0000107700
   0.0000113100   -0.0000095200    0.0000436200
   0.0000000900    0.0000065700   -0.0000284900
   0.0005685500    0.0012092300   -0.0028099400
  -0.0006249000   -0.0013080800   -0.0031301900
   0.0000065900    0.0000054600   -0.0000277000
  -0.0000921100   -0.0000053400    0.0000457800
  -0.0000039400   -0.0000037200   -0.0000272600
   0.0000135600   -0.0000121600    0.0000048000
  -0.0000036900   -0.0000137900   -0.0000288900
   0.0000462500    0.0000045600    0.0145391200
  -0.0000473700    0.0000157300    0.0000202400
   0.0000368500   -0.0000062200    0.0000066700
  -0.0000029500   -0.0000012800    0.0000197800
   0.0000200800   -0.0000243100    0.0000566300
  -0.0000004000   -0.0000001600   -0.0000005900
  -0.0000123300    0.0000169500    0.0000062200
   0.0000002200    0.0000025400   -0.0000006000
   0.0000147900    0.0000166900    0.0000324200
  -0.0010660300   -0.0002610600   -0.0031852100
  -0.0000016800    0.0000249000    0.0000062300
   0.0011079000   -0.0002757900   -0.0031083400
   0.0000020300    0.0000058500    0.0000584300
   0.0000071800    0.0000021700   -0.0000321100
  -0.0000107600    0.0000047700   -0.0000310900
   0.0000019000   -0.0000084900   -0.0000389600
   0.0000002700   -0.0000063100   -0.0000363700
   0.0000068400   -0.0001224600    0.0000188300
   0.0023696400   -0.0006627100    0.0004009800
   0.0000015100    0.0000057200    0.0000086600
   0.0000085100    0.0000191100   -0.0003645700
   0.0005397700    0.0021381600    0.0001940600
   0.0000776200    0.0000714500   -0.0003048600
  -0.0000131000    0.0000164400    0.0000143300
  -0.0000060900   -0.0000052600    0.0000083600
   0.0000059000    0.0000022200    0.0000083900
   0.0000080000   -0.0000202900    0.0000137500

55   
  0.0000000000000000   0.0000000000000000  -0.0100000000000000
   0.0004566900    0.0357624500   -0.0434653600
   0.0000301500   -0.0000277200   -0.0000055000
  -0.0000193700   -0.0000529900    0.0000029700
  -0.0003969100    0.0002926800   -0.0005511600
   0.0002606100    0.0003415300   -0.0004899100
  -0.0000000800    0.0000135000   -0.0000053900
  -0.0000213500   -0.0000430200    0.0000187900
   0.0000035700    0.0000143900    0.0000032600
   0.0000238300   -0.0000455100    0.0000177300
   0.0300430300   -0.0176053700   -0.0436122000
   0.0001018000   -0.0000074400   -0.0006078800
  -0.0000464500    0.0000477200    0.0000084500
  -0.0000538700   -0.0000036900    0.0000029100
  -0.0000126900    0.0000930100    0.0000322000
   0.0000098000   -0.0000080500   -0.0000076200
   0.0000611400   -0.0005447800   -0.0005141800
   0.0000114100   -0.0000013700    0.0000059300
  -0.0000828900   -0.0000363100    0.0000302400
  -0.0013967700    0.0007129800   -0.0023561100
  -0.0000062800    0.0000062300   -0.0000044100
   0.0014241200    0.0006829000   -0.0025156900
   0.0000509800   -0.0011661900   -0.0025173600
  -0.0000225400   -0.0000356200   -0.0000529900
   0.0000191400   -0.0000281100   -0.0000388600
   0.0000063600    0.0000051900   -0.0000057000
  -0.0000121300    0.0000018700   -0.0000017100
   0.0000053800    0.0000109200   -0.0000359700
  -0.0299895200   -0.0180591100   -0.0435737300
   0.0000482500    0.0000420900    0.0000092800
  -0.0001399300    0.0000609200   -0.0006363000
   0.0000354700    0.0000579400    0.0000276800
   0.0000534000   -0.0000053800    0.0000043100
  -0.0000056200   -0.0000067500   -0.0000033100
   0.0000616500   -0.0000228100    0.0000213300
  -0.0000185100   -0.0000070000    0.0000020400
  -0.0001350000   -0.0005192900   -0.0004917600
   0.0005524000   -0.0012916200    0.0028140800
   0.0000028900   -0.0000082200    0.0000225500
   0.0000169900    0.0000123100   -0.0000240900
  -0.0007272700    0.0013365000    0.0030396900
  -0.0001023100    0.0000027800   -0.0000646500
   0.0000089800   -0.0000045700    0.0000241300
   0.0000140400    0.0000105100   -0.0000057600
  -0.0000031400    0.0000068100    0.0000217100
  -0.0000026000    0.0000119800    0.0000260300
  -0.0013719100    0.0014298000   -0.0004081300
   0.0000019400   -0.0000039800   -0.0000131200
   0.0013661300    0.0014248100   -0.0001827900
   0.0000271700   -0.0000349100    0.0003182900
  -0.0000168300   -0.0000010900   -0.0000106300
   0.0000144500   -0.0000051000   -0.0000116700
   0.0000009100    0.0000047400   -0.0000107800
   0.0000049000    0.0000040000   -0.0000122900
  -0.0000165500    0.0000830900    0.0003298800
   0.0005056000   -0.0009851900    0.1360102900
   0.0000358300   -0.0000480300    0.0002518500
  -0.0000183800   -0.0000459700    0.0002519500
   0.0000696200    0.0000337100    0.0002212900
  -0.0000587100    0.0000453700    0.0002230700
   0.0000000300    0.0000006900   -0.0000043400
   0.0000548500    0.0000603000    0.0002211500
   0.0000000500   -0.0000034600   -0.0000043800
  -0.0000476400    0.0000577700    0.0002229300
   0.0000204100    0.0000030700    0.0003309500
   0.0000076500   -0.0000008600   -0.0000122400
   0.0018459200    0.0005215400   -0.0001950000
   0.0004161900   -0.0016449700   -0.0001958500
  -0.0000099900   -0.0000129800   -0.0000123800
   0.0000360900   -0.0000711700    0.0003289300
   0.0000069100   -0.0000050500   -0.0000107700
  -0.0000037000    0.0000054400   -0.0000123100
   0.0000024000    0.0000181700   -0.0000109600
  -0.0000126300    0.0000101900   -0.0000477100
   0.0000003200   -0.0000066700    0.0000282800
  -0.0005369400   -0.0011768300    0.0027873000
   0.0006111500    0.0012649300    0.0031031900
  -0.0000067900   -0.0000052100    0.0000267100
   0.0000961500    0.0000036500   -0.0000456400
   0.0000040500    0.0000033200    0.0000271600
  -0.0000133700    0.0000120700   -0.0000056400
   0.0000033700    0.0000139200    0.0000278400
  -0.0000474100   -0.0000053500   -0.0142300400
   0.0000472400   -0.0000157000   -0.0000178400
  -0.0000364400    0.0000058500   -0.0000043000
   0.0000032500    0.0000021900   -0.0000183100
  -0.0000203400    0.0000252400   -0.0000541000
   0.0000004100    0.0000003100    0.0000005500
   0.0000130800   -0.0000170500   -0.0000047100
  -0.0000003000   -0.0000024800    0.0000005900
  -0.0000156900   -0.0000163400   -0.0000298700
   0.0010386600    0.0002726400    0.0031568000
   0.0000016300   -0.0000246100   -0.0000070900
  -0.0010796100    0.0002865900    0.0030811700
  -0.0000019500   -0.0000075300   -0.0000622000
  -0.0000073200   -0.0000023000    0.0000310500
   0.0000107300   -0.0000049600    0.0000301500
  -0.0000022600    0.0000090300    0.0000390500
  -0.0000001300    0.0000067700    0.0000364500
  -0.0000068400    0.0001280100   -0.0000191700
  -0.0023867700    0.0006600400   -0.0003985000
  -0.0000016200   -0.0000058700   -0.0000087300
  -0.0000128500   -0.0000213400    0.0003640100
  -0.0005490300   -0.0021523700   -0.0001919800
  -0.0000765300   -0.0000728200    0.0003004300
   0.0000125600   -0.0000161200   -0.0000145000
   0.0000061300    0.0000053500   -0.0000085800
  -0.0000060800   -0.0000023600   -0.0000084100
  -0.0000080900    0.0000197700   -0.0000140700

91   
  0.0100000000000000   0.0000000000000000   0.0000000000000000
   0.0006410200    0.0029623000   -0.0015826800
   0.0008733200   -0.0029149800    0.0015728300
  -0.0000162400   -0.0000015400    0.0000006000
  -0.0001001800    0.0000213900    0.0000099700
  -0.0044729400    0.0000501900    0.0000848100
  -0.0001087100   -0.0000116000   -0.0000133400
  -0.0000649400   -0.0000043700   -0.0000095900
  -0.0000155500   -0.0000012400   -0.0000233600
  -0.0000311400   -0.0000001200    0.0000317800
   0.0006095900   -0.0002543300   -0.0002319900
   0.0458524900    0.0175073300    0.0318317500
   0.0000898400    0.0000231300    0.0000074500
  -0.0000028500    0.0000186000    0.0000219900
   0.0000893400   -0.0001133600   -0.0001184700
   0.0000492200    0.0000475500   -0.0000238000
   0.0005765000    0.0010572200   -0.0002608100
  -0.0001051500    0.0001555800    0.0000463200
  -0.0000336800   -0.0000085000    0.0000210300
   0.0147124900    0.0005418000   -0.0000013700
  -0.0000497400    0.0000867700    0.0001697700
  -0.0000176200   -0.0000739500   -0.0001386800
  -0.0000777300    0.0006472300   -0.0000094000
  -0.0000638000   -0.0005714800    0.0000700900
  -0.0000367000    0.0000008500    0.0000026400
  -0.0000128700   -0.0000176700    0.0000121500
  -0.0000060600   -0.0000011500    0.0000009200
   0.0000061900    0.0000097200   -0.0000144000
   0.0454904700   -0.0176190300   -0.0308002800
   0.0007401600    0.0002781200    0.0002366500
   0.0000758400   -0.0000250800   -0.0000010500
   0.0000404700   -0.0000571200    0.0000086900
   0.0001062200    0.0000940000    0.0001403500
  -0.0000056700   -0.0000193500   -0.0000178900
   0.0006454200   -0.0011264400    0.0001836800
  -0.0000293300    0.0000101200   -0.0000178300
  -0.0001116800   -0.0001195800   -0.0000256100
   0.0011646200    0.0035790900   -0.0007399200
  -0.0001874200    0.0000975200   -0.0001375600
   0.0000406800    0.0000116300    0.0000093100
  -0.0001506200    0.0001175300    0.0000051900
   0.0012754400    0.0029316700    0.0001369600
   0.0000287200    0.0000120700   -0.0000114200
   0.0000076500    0.0000054700   -0.0000061500
   0.0000055800   -0.0000136800    0.0000009000
   0.0000136500    0.0000112800    0.0000189800
  -0.0023640200    0.0000212300   -0.0000096900
   0.0000545800   -0.0001862100    0.0000134900
   0.0000367400    0.0001777000   -0.0000356900
  -0.0001151600   -0.0002101700    0.0000173500
  -0.0000957100    0.0002470800   -0.0000207700
   0.0000088400    0.0000003600   -0.0000016000
  -0.0000740200    0.0000902900    0.0000425500
   0.0000072800   -0.0000003400    0.0000004000
  -0.0000711900   -0.0000754400   -0.0000218900
   0.0067625500   -0.0004698400   -0.0010447700
   0.0069542800    0.0004855500    0.0011029400
   0.0000321600   -0.0000002900   -0.0000014800
   0.0000352300   -0.0000191700    0.0000022700
   0.0000254900   -0.0000076700    0.0000067700
   0.0000252300    0.0000201100    0.0000004300
   0.0000510900    0.0000227700    0.0000011100
   0.0000225700   -0.0000189700   -0.0000104600
   0.0000316400    0.0000156300    0.0000075600
  -0.0009433900   -0.0001333200   -0.0005510900
  -0.0000002300   -0.0000214800    0.0000127800
   0.0001125100    0.0000456800   -0.0000740300
  -0.0010142900   -0.0027131800   -0.0023591900
   0.0000839800    0.0000230300   -0.0000086900
  -0.0000003900    0.0000181000   -0.0000015400
  -0.0000043400    0.0000043200    0.0000062600
   0.0000040000    0.0000300400   -0.0000081300
  -0.0000014200   -0.0000127100   -0.0000057800
   0.0011090500   -0.0036814300    0.0007888700
   0.0000407500   -0.0000136700   -0.0000095800
  -0.0001426500   -0.0001105400    0.0001108900
   0.0013355500   -0.0028494000   -0.0002982100
  -0.0001717800   -0.0001229700   -0.0000041300
   0.0000318100   -0.0000090300    0.0000088100
   0.0000163600   -0.0000082800   -0.0000220700
   0.0000111600    0.0000093800    0.0000018100
   0.0000017200   -0.0000015900    0.0000057700
   0.0014005700    0.0011532300   -0.0017560000
   0.0014148600   -0.0013865700    0.0015918200
  -0.0000101400    0.0000016300   -0.0000013800
  -0.0000011600   -0.0000164500    0.0000041800
   0.0000445500    0.0000419700    0.0000263200
  -0.0000000500    0.0000211200   -0.0000010800
   0.0000150300    0.0000367300    0.0000128500
   0.0000035600    0.0000195000    0.0000205000
   0.0000009100   -0.0000267700   -0.0000214000
  -0.1203098900   -0.0010407400   -0.0005853900
   0.0000507400   -0.0000301200    0.0000579900
   0.0000515800    0.0000361200   -0.0000324500
   0.0000143800   -0.0000499700   -0.0000516500
   0.0000341300    0.0000452000    0.0000598400
   0.0000047200    0.0000006800   -0.0000003800
   0.0000141300    0.0000161100   -0.0000068300
   0.0000047200    0.0000004700    0.0000016000
   0.0000343500   -0.0000161900    0.0000171400
  -0.0011497300    0.0001036300    0.0004006900
   0.0001636000   -0.0000562300    0.0001263500
  -0.0000003700    0.0000215700   -0.0000175100
   0.0001643000   -0.0000554400   -0.0000133900
  -0.0011715000    0.0033414000    0.0020831900
  -0.0000005400   -0.0000237500   -0.0000005100
  -0.0000007700    0.0000218400    0.0000035200
  -0.0000007500   -0.0000236200    0.0000102700
  -0.0000014900   -0.0000044900   -0.0000087500

91   
 -0.0100000000000000   0.0000000000000000   0.0000000000000000
  -0.0006740500   -0.0030072500    0.0015901400
  -0.0008367700    0.0028737800   -0.0015711600
   0.0000162100    0.0000017700   -0.0000008800
   0.0001012300   -0.0000224300   -0.0000113500
   0.0044739200   -0.0000205400   -0.0000892300
   0.0001077700    0.0000105800    0.0000117400
   0.0000648500    0.0000032500    0.0000098500
   0.0000156700    0.0000015200    0.0000230300
   0.0000310800    0.0000004900   -0.0000322700
  -0.0006482500    0.0002641800    0.0002321600
  -0.0448015400   -0.0169040800   -0.0306709600
  -0.0000877500   -0.0000208400   -0.0000072300
   0.0000026300   -0.0000187500   -0.0000223000
  -0.0000867500    0.0001141200    0.0001189400
  -0.0000475000   -0.0000471300    0.0000231200
  -0.0005885200   -0.0010635000    0.0002699400
   0.0001041000   -0.0001543000   -0.0000446900
   0.0000337500    0.0000085500   -0.0000209200
  -0.0147247300   -0.0003641000   -0.0000657900
   0.0000485200   -0.0000884100   -0.0001681700
   0.0000177900    0.0000730600    0.0001401500
   0.0000683000   -0.0006510700    0.0000142400
   0.0000732100    0.0005679700   -0.0000627800
   0.0000365800   -0.0000005000   -0.0000029000
   0.0000132500    0.0000166500   -0.0000116700
   0.0000058500    0.0000013400   -0.0000011400
  -0.0000066600   -0.0000104900    0.0000146700
  -0.0465567300    0.0182256200    0.0319863700
  -0.0007004700   -0.0002670400   -0.0002358400
  -0.0000781400    0.0000271100    0.0000014300
  -0.0000422500    0.0000575400   -0.0000093600
  -0.0001088000   -0.0000939900   -0.0001410000
   0.0000055500    0.0000190600    0.0000176700
  -0.0006321300    0.0011197200   -0.0001743300
   0.0000290500   -0.0000100100    0.0000178300
   0.0001122800    0.0001208800    0.0000269200
  -0.0011550800   -0.0035918500    0.0007369300
   0.0001863600   -0.0000949600    0.0001355800
  -0.0000412500   -0.0000120500   -0.0000094900
   0.0001558600   -0.0001192200   -0.0000038700
  -0.0012790900   -0.0029056000   -0.0001426600
  -0.0000284500   -0.0000119500    0.0000116300
  -0.0000077000   -0.0000053800    0.0000059400
  -0.0000057400    0.0000140700   -0.0000009800
  -0.0000140100   -0.0000109600   -0.0000188000
   0.0023654000   -0.0000217100   -0.0000489000
  -0.0000543600    0.0001838600   -0.0000124700
  -0.0000370200   -0.0001802900    0.0000368600
   0.0001173200    0.0002108500   -0.0000169300
   0.0000939200   -0.0002458400    0.0000212800
  -0.0000090000   -0.0000002100    0.0000017800
   0.0000721300   -0.0000910800   -0.0000437000
  -0.0000074100    0.0000003000   -0.0000002400
   0.0000730800    0.0000752900    0.0000211600
  -0.0069481100    0.0004746500    0.0010603500
  -0.0067706500   -0.0004834500   -0.0010852800
  -0.0000322900   -0.0000003600    0.0000016400
  -0.0000355500    0.0000197400   -0.0000020200
  -0.0000255100    0.0000089200   -0.0000070500
  -0.0000252100   -0.0000195600   -0.0000001600
  -0.0000513800   -0.0000206100   -0.0000029800
  -0.0000226500    0.0000188400    0.0000108400
  -0.0000318000   -0.0000156900   -0.0000071300
   0.0009342200    0.0001325100    0.0005375900
  -0.0000003000    0.0000212200   -0.0000127200
  -0.0001146800   -0.0000467200    0.0000804000
   0.0010367400    0.0027876400    0.0023978100
  -0.0000888800   -0.0000234700    0.0000125200
   0.0000002700   -0.0000187600    0.0000015500
   0.0000043000   -0.0000043600   -0.0000059000
  -0.0000042500   -0.0000306600    0.0000080800
   0.0000014800    0.0000133300    0.0000061300
  -0.0011166400    0.0036659900   -0.0007922100
  -0.0000404000    0.0000131700    0.0000094400
   0.0001432300    0.0001136600   -0.0001131000
  -0.0013320300    0.0028762900    0.0002920200
   0.0001659700    0.0001212200    0.0000053800
  -0.0000323400    0.0000089900   -0.0000085600
  -0.0000163800    0.0000085400    0.0000222700
  -0.0000112600   -0.0000090000   -0.0000017100
  -0.0000019300    0.0000017300   -0.0000058300
  -0.0014017600   -0.0011372700    0.0017680600
  -0.0014133100    0.0013991500   -0.0015796900
   0.0000100000   -0.0000015800    0.0000017700
   0.0000012000    0.0000171400   -0.0000042800
  -0.0000453200   -0.0000447500   -0.0000214900
  -0.0000003900   -0.0000206300    0.0000010600
  -0.0000150900   -0.0000356200   -0.0000114300
  -0.0000040500   -0.0000188400   -0.0000204000
  -0.0000006700    0.0000274500    0.0000214000
   0.1203448200   -0.0005173400   -0.0017908400
  -0.0000517700    0.0000297700   -0.0000531200
  -0.0000509100   -0.0000366600    0.0000370600
  -0.0000149700    0.0000519600    0.0000530400
  -0.0000337700   -0.0000433400   -0.0000583900
  -0.0000048800   -0.0000004700    0.0000005600
  -0.0000152500   -0.0000146400    0.0000066000
  -0.0000048900   -0.0000007000   -0.0000017200
  -0.0000335300    0.0000174600   -0.0000172400
   0.0011631900   -0.0001030100   -0.0004193500
  -0.0001617900    0.0000551200   -0.0001187800
   0.0000004400   -0.0000217700    0.0000176200
  -0.0001610900    0.0000558600    0.0000178000
   0.0011416500   -0.0032565200   -0.0020533600
   0.0000003100    0.0000228800    0.0000007300
   0.0000005600   -0.0000212600   -0.0000031700
   0.0000006100    0.0000232800   -0.0000102700
   0.0000012400    0.0000045100    0.0000091700

91   
  0.0000000000000000   0.0000000000000000   0.0100000000000000
  -0.0010626500   -0.0006842300    0.0022121500
   0.0011644500   -0.0006722800    0.0024565700
  -0.0000063200    0.0000102300    0.0000058900
  -0.0000411200    0.0000236900    0.0001080300
   0.0000613100    0.0012623800    0.0022121600
   0.0000314900    0.0000172900    0.0000917700
   0.0000007900   -0.0000359400    0.0000917800
  -0.0000120300    0.0000004000    0.0000058900
   0.0000061400   -0.0000035600    0.0000089500
  -0.0001249300   -0.0000175400    0.0007339100
   0.0327988600    0.0183950000    0.0451470100
  -0.0000638000   -0.0000558000    0.0000048300
   0.0000290300    0.0000153800    0.0000135800
  -0.0000377400   -0.0000913300   -0.0000046100
  -0.0000752000   -0.0000278300    0.0000036000
  -0.0002183600    0.0000226900    0.0007930500
  -0.0001225100   -0.0000155000   -0.0000098400
   0.0000075000    0.0000027300   -0.0000061900
   0.0004689200   -0.0376021100    0.0451470100
  -0.0000478400    0.0001138200   -0.0000098300
   0.0000602000    0.0000783800   -0.0000046200
  -0.0000472600    0.0001169400    0.0007339100
  -0.0001288800    0.0001777200    0.0007930600
   0.0000012500   -0.0000328300    0.0000135800
   0.0000164200    0.0000831700    0.0000048400
   0.0000014000   -0.0000078600   -0.0000061900
  -0.0000134500    0.0000790300    0.0000036000
  -0.0327941600    0.0189337400    0.0450448900
   0.0000689800   -0.0001091000    0.0007481000
   0.0000652900   -0.0000498700    0.0000045700
   0.0000757900   -0.0000315800    0.0000045800
   0.0000695400   -0.0000552900    0.0000026100
  -0.0000245200    0.0000141700    0.0000089300
   0.0001290100   -0.0000052600    0.0007481300
  -0.0000151500    0.0000087700   -0.0000006400
   0.0000826300   -0.0000326200    0.0000026000
   0.0006954400    0.0013821600   -0.0031442400
  -0.0000135600    0.0000077900   -0.0000153100
   0.0000080600    0.0000060900   -0.0000248500
  -0.0000844200    0.0000487200    0.0000820700
  -0.0008492600   -0.0012933500   -0.0031441400
   0.0000090500    0.0000138000   -0.0000358300
  -0.0000074600   -0.0000147100   -0.0000357200
  -0.0000012700   -0.0000100200   -0.0000248900
   0.0000199300   -0.0000115300    0.0000088900
  -0.0000464700    0.0000268700    0.0176827400
  -0.0000516500   -0.0000039400    0.0000428500
   0.0000563500    0.0000209900    0.0000562200
   0.0000100100   -0.0000592900    0.0000562800
  -0.0000167100   -0.0000358000   -0.0000028100
   0.0000003600   -0.0000001800   -0.0000057700
  -0.0000223700    0.0000466700    0.0000428200
  -0.0000002600    0.0000001900    0.0000004400
   0.0000226700    0.0000323600   -0.0000027500
   0.0014287800    0.0000012900   -0.0031828200
  -0.0015009600   -0.0000032700   -0.0031056400
   0.0000010600    0.0000248400    0.0000065300
  -0.0000186800   -0.0000036400   -0.0000393600
  -0.0000078600   -0.0000173600    0.0000172400
   0.0000204600   -0.0000000600   -0.0000367500
  -0.0000071100   -0.0000825000    0.0000613400
  -0.0000056000   -0.0000005500   -0.0000305800
   0.0000051700   -0.0000007300   -0.0000314500
   0.0015152300   -0.0005088100    0.0001968400
   0.0000060600   -0.0000032300    0.0000146500
  -0.0000239000   -0.0000441400   -0.0003012200
   0.0003375400    0.0015985900    0.0004021900
   0.0001011900    0.0000800400   -0.0003650700
  -0.0000146700    0.0000210200    0.0000088400
  -0.0000066000   -0.0000068000    0.0000087200
   0.0000025800    0.0000006900    0.0000141200
   0.0000062900   -0.0000244600    0.0000085800
  -0.0007476200    0.0013015100   -0.0031057000
  -0.0000023000    0.0000050900   -0.0000305900
   0.0000110800    0.0000155100    0.0000172000
   0.0007133000   -0.0012380200   -0.0031828100
   0.0000678100    0.0000473500    0.0000613100
  -0.0000061800    0.0000179900   -0.0000393500
  -0.0000210100   -0.0000132900    0.0000065200
   0.0000032500   -0.0000041500   -0.0000314500
   0.0000103500   -0.0000176700   -0.0000367000
  -0.0012156900   -0.0010915700    0.0004022100
   0.0011982500   -0.0010577800    0.0001967900
   0.0000026400    0.0000091200    0.0000087300
  -0.0000255600    0.0000021900    0.0000088600
   0.0000263300    0.0000427400   -0.0003012600
   0.0000243100    0.0000068400    0.0000086300
  -0.0000187200   -0.0001277400   -0.0003650900
   0.0000057800   -0.0000036100    0.0000146400
   0.0000006400   -0.0000025600    0.0000141200
   0.0006163900   -0.0003557300   -0.1439279800
  -0.0000369700    0.0000403000   -0.0003586200
   0.0000575600    0.0000395700   -0.0003587000
  -0.0000055400   -0.0000696600   -0.0003587900
   0.0000158400   -0.0000599000   -0.0003563200
   0.0000016600   -0.0000009200    0.0000042300
  -0.0000534100    0.0000117900   -0.0003586000
  -0.0000004600    0.0000003000    0.0000042100
   0.0000598300    0.0000161900   -0.0003563800
  -0.0020557400   -0.0007186600    0.0004145000
   0.0000177100   -0.0000102300   -0.0003710900
   0.0000007400    0.0000041600    0.0000101000
  -0.0001224100    0.0000706400   -0.0003731300
  -0.0004054800    0.0021396300    0.0004143500
   0.0000178500    0.0000221600    0.0000101100
  -0.0000103000   -0.0000264900    0.0000099900
  -0.0000032500   -0.0000027100    0.0000101400
   0.0000088200   -0.0000051100    0.0000061000

91   
  0.0000000000000000   0.0000000000000000  -0.0100000000000000
   0.0010912700    0.0007002400   -0.0022172900
  -0.0011896000    0.0006868000   -0.0024591400
   0.0000062000   -0.0000097700   -0.0000049200
   0.0000407800   -0.0000235200   -0.0001049200
  -0.0000608100   -0.0012951700   -0.0022173000
  -0.0000314900   -0.0000170300   -0.0000886800
  -0.0000009800    0.0000357700   -0.0000886700
   0.0000115600   -0.0000004700   -0.0000049200
  -0.0000058500    0.0000033700   -0.0000079800
   0.0000750600    0.0000188000   -0.0007306000
  -0.0317609900   -0.0177876000   -0.0444020300
   0.0000609100    0.0000556900   -0.0000021800
  -0.0000281400   -0.0000149700   -0.0000127500
   0.0000343200    0.0000890000    0.0000055000
   0.0000737700    0.0000256300   -0.0000010000
   0.0001933700   -0.0000629000   -0.0007906200
   0.0001185600    0.0000133000    0.0000109200
  -0.0000075700   -0.0000027500    0.0000065900
  -0.0004760200    0.0363996200   -0.0444020100
   0.0000477800   -0.0001093600    0.0000109300
  -0.0000599100   -0.0000742600    0.0000055100
   0.0000212100   -0.0000743800   -0.0007305900
   0.0001512100   -0.0001359900   -0.0007906400
  -0.0000011100    0.0000318800   -0.0000127600
  -0.0000177600   -0.0000806000   -0.0000021700
  -0.0000013800    0.0000079700    0.0000065900
   0.0000146800   -0.0000767300   -0.0000010000
   0.0317493300   -0.0183304800   -0.0442951100
  -0.0000215900    0.0001075400   -0.0007476600
  -0.0000624500    0.0000498800   -0.0000020000
  -0.0000744200    0.0000291200   -0.0000020000
  -0.0000663100    0.0000539000   -0.0000014800
   0.0000236400   -0.0000136700   -0.0000080800
  -0.0001039000   -0.0000350600   -0.0007476500
   0.0000151300   -0.0000087200    0.0000011800
  -0.0000798400    0.0000304900   -0.0000014600
  -0.0006813500   -0.0013748000    0.0031233100
   0.0000107200   -0.0000062100    0.0000118700
  -0.0000073500   -0.0000061900    0.0000251100
   0.0000887600   -0.0000512300   -0.0000795500
   0.0008499700    0.0012774400    0.0031232800
  -0.0000092300   -0.0000136700    0.0000351400
   0.0000072300    0.0000148100    0.0000351600
   0.0000016700    0.0000094600    0.0000250800
  -0.0000198400    0.0000114500   -0.0000091700
   0.0000477800   -0.0000275900   -0.0172964200
   0.0000501500    0.0000025700   -0.0000385200
  -0.0000553900   -0.0000219900   -0.0000518300
  -0.0000086600    0.0000589400   -0.0000518300
   0.0000153900    0.0000357600    0.0000056900
  -0.0000003700    0.0000002200    0.0000059900
   0.0000228400   -0.0000447100   -0.0000385300
   0.0000002700   -0.0000001300   -0.0000001000
  -0.0000232800   -0.0000311800    0.0000057000
  -0.0014136000    0.0000100500    0.0031593700
   0.0014841200    0.0000143200    0.0030840500
  -0.0000010500   -0.0000245900   -0.0000069600
   0.0000185600    0.0000033800    0.0000386300
   0.0000078000    0.0000148300   -0.0000208300
  -0.0000203800   -0.0000002400    0.0000360500
   0.0000067300    0.0000881600   -0.0000594600
   0.0000053700    0.0000010700    0.0000306200
  -0.0000049700    0.0000013200    0.0000315700
  -0.0015425100    0.0005166600   -0.0001892500
  -0.0000061700    0.0000029900   -0.0000141500
   0.0000183300    0.0000409800    0.0003042000
  -0.0003422100   -0.0016241100   -0.0003972700
  -0.0001008200   -0.0000798200    0.0003637300
   0.0000141700   -0.0000207400   -0.0000084800
   0.0000066300    0.0000068400   -0.0000084200
  -0.0000028000   -0.0000007700   -0.0000135100
  -0.0000062400    0.0000237900   -0.0000082000
   0.0007296900   -0.0012924500    0.0030840600
   0.0000017600   -0.0000051800    0.0000306300
  -0.0000089300   -0.0000141700   -0.0000207900
  -0.0007155100    0.0012191900    0.0031593500
  -0.0000729900   -0.0000499000   -0.0000594800
   0.0000063500   -0.0000177700    0.0000386200
   0.0000207800    0.0000132200   -0.0000069600
  -0.0000036000    0.0000036300    0.0000315500
  -0.0000099800    0.0000177500    0.0000360400
   0.0012354300    0.0011083800   -0.0003972800
  -0.0012187100    0.0010775200   -0.0001892400
  -0.0000025900   -0.0000091600   -0.0000084200
   0.0000250300   -0.0000019100   -0.0000084800
  -0.0000263200   -0.0000363500    0.0003042300
  -0.0000237200   -0.0000065000   -0.0000082100
   0.0000187300    0.0001272500    0.0003637300
  -0.0000056800    0.0000038600   -0.0000141400
  -0.0000007400    0.0000028300   -0.0000135400
  -0.0005901100    0.0003406200    0.1413671200
   0.0000327600   -0.0000403600    0.0003532600
  -0.0000533500   -0.0000399100    0.0003531700
   0.0000079100    0.0000661600    0.0003531300
  -0.0000183500    0.0000566700    0.0003509000
  -0.0000016300    0.0000009400   -0.0000042900
   0.0000513800   -0.0000081700    0.0003532800
   0.0000004900   -0.0000002600   -0.0000043200
  -0.0000582800   -0.0000124200    0.0003508900
   0.0020804700    0.0007222500   -0.0004063400
  -0.0000134300    0.0000077400    0.0003715400
  -0.0000005600   -0.0000042700   -0.0000097700
   0.0001226800   -0.0000708200    0.0003695400
   0.0004147600   -0.0021628800   -0.0004063200
  -0.0000172600   -0.0000218400   -0.0000097800
   0.0000103000    0.0000258700   -0.0000098100
   0.0000034000    0.0000026200   -0.0000097200
  -0.0000090200    0.0000052000   -0.0000057700
