108  
21   

1    
  0.0100000000000000   0.0000000000000000   0.0000000000000000
  -0.2080578000    0.0006988300   -0.0013522600
   0.0011874700    0.0001396600    0.0000502600
   0.0011530300   -0.0000075100   -0.0000310300
  -0.0001499900   -0.0006209600   -0.0000569000
   0.0000107300    0.0008059500    0.0000363700
   0.0000570600    0.0000076200    0.0000039700
  -0.0001464700   -0.0007782200   -0.0000379600
   0.0000569700    0.0000076500   -0.0000069300
   0.0000059500    0.0008330800    0.0000214700
   0.0029611400   -0.0101696000   -0.0004633500
   0.0003618400   -0.0007763200    0.0000065500
   0.0000984800   -0.0000083000    0.0000190000
   0.0000188300   -0.0001282600    0.0000066200
   0.0000074700    0.0001139900   -0.0000235700
  -0.0000100000   -0.0000142900   -0.0000036600
   0.0036470700    0.0075927000   -0.0007274700
   0.0000996600   -0.0000414400    0.0000313700
   0.0002897300   -0.0007728200    0.0000972400
   0.0082218300   -0.0101881700   -0.0000267900
   0.0002919000   -0.0000240600    0.0000151900
   0.0035809800    0.0096349800    0.0002832700
   0.0017674400    0.0000237400    0.0000631300
   0.0000524600    0.0000703500   -0.0000087000
   0.0000405900   -0.0000791100    0.0000046300
  -0.0000003700   -0.0000053200    0.0000036900
   0.0000018300    0.0000340000   -0.0000229900
   0.0016921900   -0.0000672900   -0.0000181800
   0.0037671500    0.0119151000    0.0000858500
   0.0000810200   -0.0000109400    0.0000190400
   0.0003533100    0.0008283600   -0.0001375200
  -0.0000091000   -0.0000636100   -0.0000243700
   0.0000618200    0.0001504200   -0.0000197600
  -0.0000101700    0.0000045700    0.0000023200
   0.0003502500    0.0008485700   -0.0000013200
   0.0000813500    0.0000573200   -0.0000167800
   0.0037067100   -0.0086371800   -0.0001699500
   0.0356919400   -0.0134167000   -0.0272497000
   0.0000181500    0.0000093700    0.0000127000
   0.0006102800   -0.0008562700   -0.0004819200
   0.0006250500    0.0003572000   -0.0001446400
  -0.0001609200   -0.0000097200    0.0000564900
  -0.0000418600    0.0000072500   -0.0000199400
   0.0000378700   -0.0000461200    0.0000492200
  -0.0000010400   -0.0000312600   -0.0000010900
   0.0000247100   -0.0000282000    0.0000282400
   0.0005203000    0.0022029400    0.0005170600
  -0.0000815600    0.0000084000    0.0000007500
   0.0008292800   -0.0023200900   -0.0002125300
  -0.0000065800   -0.0000141800   -0.0000188200
  -0.0000294300   -0.0000276000    0.0000020100
  -0.0000318600    0.0000232700    0.0000132900
  -0.0000436400    0.0000202800    0.0000181200
  -0.0000521300   -0.0000225300   -0.0000380300
  -0.0033525100   -0.0000437000   -0.0000985100
   0.0122970700    0.0004071900   -0.0005765400
  -0.0001130900   -0.0001789600    0.0000434700
  -0.0000672000    0.0001760200   -0.0000550300
   0.0000015800    0.0000356800    0.0000307600
  -0.0000234300   -0.0000464500   -0.0000310000
  -0.0000291600   -0.0000093300   -0.0000032900
   0.0002058000   -0.0006837000    0.0002369000
  -0.0000517600   -0.0000003700    0.0000000600
   0.0001757600    0.0006695500   -0.0000835600
   0.0003386400    0.0008376800   -0.0000532800
   0.0000076700   -0.0000041200    0.0000366700
   0.0360856500    0.0139250800   -0.0263482800
   0.0005477100   -0.0005230000   -0.0001866900
  -0.0000519700   -0.0000139700   -0.0000247600
  -0.0001161300    0.0000465400    0.0000883000
  -0.0000040500    0.0000269800   -0.0000021000
   0.0000282700    0.0000296900    0.0000526200
   0.0000372000    0.0000089000    0.0000429500
   0.0006441100    0.0008227700    0.0003223700
   0.0000055600   -0.0000044100   -0.0000171700
   0.0365500400    0.0137207300    0.0272077700
   0.0005428700   -0.0004291800    0.0002039800
  -0.0000607600   -0.0000148800    0.0000164200
  -0.0001522400    0.0000038500   -0.0000642600
   0.0000023500    0.0000262500    0.0000094100
   0.0000253900    0.0000453100   -0.0000558900
   0.0000745300    0.0000247900   -0.0000339000
   0.0124610700   -0.0000045000    0.0007922400
  -0.0001211600   -0.0001609500   -0.0000530900
  -0.0001390500    0.0001390500    0.0000646700
   0.0000069700    0.0000094900   -0.0000174200
  -0.0000320100   -0.0000447000    0.0000449400
  -0.0000364100   -0.0000052600   -0.0000033800
   0.0001192800   -0.0004572500    0.0000567000
  -0.0000584600   -0.0000024900    0.0000061800
   0.0001303900    0.0008086200    0.0001994200
   0.0000413400    0.0025913800   -0.0002279600
  -0.0000667100   -0.0000030000   -0.0000093500
   0.0003669000   -0.0024596700    0.0003060500
  -0.0000208000    0.0000138200   -0.0000070600
  -0.0000410800   -0.0000275300    0.0000084700
  -0.0000251800    0.0000190500   -0.0000173400
  -0.0000701800    0.0000327000   -0.0000519100
  -0.0000864700   -0.0000397100    0.0000347300
  -0.0043056400    0.0000237000    0.0000376900
   0.0435574700   -0.0156402600    0.0285141200
   0.0000425100   -0.0000171800   -0.0000544600
   0.0007455800   -0.0009425400   -0.0001619300
   0.0005866500    0.0001903200   -0.0000493000
  -0.0001804900   -0.0000520100   -0.0001070100
  -0.0000549500    0.0000144800    0.0000210300
   0.0000306400   -0.0000389900   -0.0000773800
  -0.0000063700   -0.0000295400    0.0000211900
   0.0000772700   -0.0000015800   -0.0000588900

1    
 -0.0100000000000000   0.0000000000000000   0.0000000000000000
   0.2078290000    0.0009183800    0.0012138500
  -0.0011506000   -0.0001311500   -0.0000477300
  -0.0011849800    0.0000148100    0.0000356700
   0.0001508700    0.0006322800    0.0000587100
  -0.0000068700   -0.0007926300   -0.0000357400
  -0.0000569500   -0.0000080000   -0.0000037400
   0.0001543500    0.0007681900    0.0000402800
  -0.0000570300   -0.0000079700    0.0000068400
  -0.0000116800   -0.0008440300   -0.0000212500
  -0.0029723400    0.0102672800    0.0004562600
  -0.0003697000    0.0007599200   -0.0000072100
  -0.0000978500    0.0000102700   -0.0000188300
  -0.0000208800    0.0001293100   -0.0000059200
  -0.0000084700   -0.0001131400    0.0000230000
   0.0000117200    0.0000140000    0.0000037700
  -0.0035229600   -0.0076888700    0.0007299600
  -0.0000997000    0.0000420500   -0.0000310200
  -0.0002892800    0.0007917100   -0.0000959200
  -0.0076844200    0.0099467800    0.0000453100
  -0.0002921400    0.0000243100   -0.0000150600
  -0.0040510300   -0.0098670600   -0.0002910500
  -0.0017713200   -0.0000072800   -0.0000576600
  -0.0000507800   -0.0000683800    0.0000090300
  -0.0000421800    0.0000809800   -0.0000040700
  -0.0000005700    0.0000050800   -0.0000038400
  -0.0000014100   -0.0000347400    0.0000229900
  -0.0016925700    0.0000968200    0.0000168500
  -0.0037583600   -0.0118461400   -0.0000951500
  -0.0000822000    0.0000126200   -0.0000187100
  -0.0003463800   -0.0008488600    0.0001348500
   0.0000097000    0.0000651200    0.0000243200
  -0.0000595600   -0.0001491700    0.0000197400
   0.0000086300   -0.0000045100   -0.0000022300
  -0.0003493800   -0.0008287200    0.0000029500
  -0.0000818700   -0.0000569200    0.0000171200
  -0.0038203800    0.0085648600    0.0001599400
  -0.0349963000    0.0130075600    0.0263512200
  -0.0000174700   -0.0000106000   -0.0000128400
  -0.0006148800    0.0008595800    0.0004744600
  -0.0006175900   -0.0003629700    0.0001592700
   0.0001602100    0.0000105100   -0.0000565400
   0.0000421400   -0.0000073800    0.0000198100
  -0.0000371800    0.0000463100   -0.0000494200
   0.0000009600    0.0000312200    0.0000011400
  -0.0000255600    0.0000266300   -0.0000278800
  -0.0005406600   -0.0021861300   -0.0004939300
   0.0000818200   -0.0000090100   -0.0000010500
  -0.0008010500    0.0023305200    0.0002294300
   0.0000063300    0.0000162700    0.0000223100
   0.0000291200    0.0000276600   -0.0000022100
   0.0000322700   -0.0000235100   -0.0000134600
   0.0000449300   -0.0000213300   -0.0000161500
   0.0000510800    0.0000216500    0.0000398200
   0.0033552200    0.0000632700    0.0001071000
  -0.0123039700   -0.0001536800    0.0003934600
   0.0001138700    0.0001768100   -0.0000446000
   0.0000662800   -0.0001786400    0.0000544500
  -0.0000009200   -0.0000365400   -0.0000310600
   0.0000229200    0.0000462800    0.0000305400
   0.0000291700    0.0000092900    0.0000032500
  -0.0002078300    0.0006912700   -0.0002374100
   0.0000517500    0.0000001900   -0.0000002700
  -0.0001759000   -0.0006617300    0.0000800000
  -0.0003286400   -0.0008381100    0.0000605500
  -0.0000080600    0.0000033000   -0.0000378500
  -0.0368256200   -0.0143505900    0.0272760600
  -0.0005547800    0.0005199500    0.0001639200
   0.0000520900    0.0000141900    0.0000246600
   0.0001161000   -0.0000445400   -0.0000879800
   0.0000041600   -0.0000271600    0.0000019200
  -0.0000287400   -0.0000293100   -0.0000528400
  -0.0000357400   -0.0000104500   -0.0000431100
  -0.0006379800   -0.0008204400   -0.0003307000
  -0.0000058900    0.0000030800    0.0000169000
  -0.0373079500   -0.0141444500   -0.0281216600
  -0.0005506500    0.0004223100   -0.0001840800
   0.0000607900    0.0000150500   -0.0000165300
   0.0001533300   -0.0000033000    0.0000641600
  -0.0000020800   -0.0000262600   -0.0000093100
  -0.0000261800   -0.0000449400    0.0000558900
  -0.0000738900   -0.0000261500    0.0000338000
  -0.0124852500    0.0002258300   -0.0006260700
   0.0001227200    0.0001583000    0.0000540500
   0.0001378000   -0.0001412900   -0.0000629000
  -0.0000065800   -0.0000095800    0.0000176500
   0.0000313400    0.0000439600   -0.0000445800
   0.0000364300    0.0000051700    0.0000032700
  -0.0001158100    0.0004598100   -0.0000572800
   0.0000585700    0.0000022700   -0.0000059600
  -0.0001320700   -0.0008001100   -0.0001972700
  -0.0000677300   -0.0025650200    0.0002111700
   0.0000668200    0.0000022100    0.0000100200
  -0.0003399300    0.0024855800   -0.0003183900
   0.0000212000   -0.0000106300    0.0000030900
   0.0000408500    0.0000274900   -0.0000084300
   0.0000254100   -0.0000192000    0.0000173700
   0.0000712700   -0.0000337900    0.0000500500
   0.0000854900    0.0000383800   -0.0000364000
   0.0043028600    0.0000024000   -0.0000415600
  -0.0425840500    0.0150787200   -0.0274712900
  -0.0000419300    0.0000161300    0.0000527200
  -0.0007566300    0.0009449600    0.0001700600
  -0.0005826300   -0.0001928200    0.0000220900
   0.0001802400    0.0000538200    0.0001070300
   0.0000547900   -0.0000141300   -0.0000209600
  -0.0000302100    0.0000392300    0.0000765600
   0.0000062500    0.0000296000   -0.0000214200
  -0.0000787300   -0.0000002700    0.0000579000

1    
  0.0000000000000000   0.0000000000000000   0.0100000000000000
  -0.0012593600    0.0007213700   -0.2379647200
  -0.0000359300    0.0000454700    0.0004909000
   0.0000528400    0.0000712200    0.0004914400
  -0.0000352100   -0.0000813100    0.0004914600
   0.0000189400   -0.0000317900    0.0005176900
  -0.0000069800    0.0000040800   -0.0000666000
  -0.0000573300    0.0000084400    0.0004909000
   0.0000038100   -0.0000021600   -0.0000665800
   0.0000370500   -0.0000004300    0.0005176900
  -0.0010434600    0.0002801400   -0.0058955200
   0.0000445600    0.0000583500    0.0002196000
  -0.0000171100   -0.0000391300   -0.0000067500
  -0.0000305900    0.0000022100   -0.0000552400
   0.0000202900    0.0000363400    0.0000164100
   0.0000028000    0.0000103300   -0.0000196400
  -0.0005697700   -0.0008405900   -0.0046626600
   0.0000180700   -0.0000175200    0.0000042000
  -0.0000979500   -0.0000668100    0.0002843000
   0.0004429200    0.0009139100   -0.0046626600
  -0.0000171700    0.0000254600   -0.0000552400
  -0.0007644600    0.0007634900   -0.0058955400
   0.0000089000    0.0001183100    0.0002842900
  -0.0000074900   -0.0000075100   -0.0000196300
   0.0000253600    0.0000344700   -0.0000067500
   0.0000242600   -0.0000068000    0.0000042000
  -0.0000212700   -0.0000356700    0.0000164100
  -0.0000281900   -0.0000676800    0.0002195900
   0.0002243000    0.0002282100   -0.0049276900
   0.0000170500   -0.0000176000    0.0000009900
   0.0000018400   -0.0000010100    0.0001214300
  -0.0000019200    0.0000206100    0.0000010600
   0.0000202900   -0.0000116600   -0.0000355300
   0.0000238100   -0.0000058800    0.0000009800
   0.0001353000   -0.0000780500    0.0001206500
  -0.0000187700   -0.0000085700    0.0000010600
  -0.0000853700   -0.0003083000   -0.0049276800
  -0.0265527400    0.0153261400    0.0395836600
  -0.0000269600   -0.0000206400   -0.0000153900
   0.0005881700   -0.0001272200    0.0005528300
   0.0004044000   -0.0004456000    0.0005528400
  -0.0000719700   -0.0001536100   -0.0000318100
  -0.0000264800    0.0000153400    0.0000064900
   0.0000044300    0.0000337500   -0.0000153900
  -0.0000246900    0.0000143000   -0.0000020900
   0.0000970500    0.0001392200   -0.0000318100
   0.0014806600    0.0006875600    0.0018603900
   0.0000002500   -0.0000343800    0.0000111200
  -0.0013282200    0.0007666900    0.0020570300
   0.0000072500   -0.0000338100    0.0000280200
  -0.0000376100    0.0000217500    0.0000114800
   0.0000299200    0.0000170600    0.0000111200
  -0.0000261500    0.0000151500    0.0000204200
   0.0000329400    0.0000107100    0.0000280200
   0.0001453000   -0.0016259800    0.0018603800
  -0.0000121000   -0.0316841800    0.0405782700
  -0.0001459700    0.0000019000   -0.0000236300
   0.0001308300    0.0000160800   -0.0000061000
   0.0000298700   -0.0000014000   -0.0000079900
  -0.0000265800   -0.0000167900   -0.0000048400
  -0.0000023600   -0.0000320000    0.0000036600
  -0.0001940500    0.0006702000    0.0005358600
  -0.0000026400   -0.0000228000    0.0000091000
   0.0000963000    0.0005450600    0.0004836300
   0.0003249100    0.0001259000    0.0006768700
   0.0000041800    0.0000105000   -0.0000034600
  -0.0273185800   -0.0156268000    0.0418462500
   0.0003634400    0.0002700500    0.0004823800
  -0.0000223200   -0.0000135500    0.0000019500
  -0.0000847100    0.0001426200   -0.0000497400
  -0.0000127200   -0.0000022600    0.0000080300
  -0.0000032600   -0.0000078100    0.0000085500
   0.0000739400   -0.0001354000   -0.0000447900
  -0.0006773600   -0.0001671300    0.0005358700
   0.0000161900   -0.0000250900   -0.0000079900
   0.0274295600    0.0158590700    0.0405782000
  -0.0004237600   -0.0003559600    0.0004836400
   0.0000265600    0.0000181300    0.0000036600
   0.0000515600   -0.0001212600   -0.0000061100
   0.0000184700    0.0000137700    0.0000091000
   0.0000013000    0.0000314900   -0.0000048300
  -0.0000746300    0.0001255200   -0.0000236400
  -0.0001334300    0.0314720900    0.0418463300
   0.0001542700    0.0000037800   -0.0000447800
  -0.0001658100    0.0000020900   -0.0000497400
  -0.0000069500   -0.0000087900   -0.0000034500
   0.0000051700    0.0000068100    0.0000085600
   0.0000006200    0.0000261800    0.0000019500
   0.0000535400   -0.0003442300    0.0006768700
  -0.0000043700    0.0000122300    0.0000080300
  -0.0000519900   -0.0004497100    0.0004823800
  -0.0015324500   -0.0009722200    0.0017668000
   0.0000004300    0.0000299100    0.0000137600
   0.0015955900   -0.0009209200    0.0020525300
  -0.0000058000   -0.0000048600    0.0000664200
   0.0000324400   -0.0000186700    0.0000220100
  -0.0000256400   -0.0000152600    0.0000137600
   0.0000069000   -0.0000039400    0.0000879800
   0.0000013500    0.0000075200    0.0000664300
   0.0000753700    0.0018133400    0.0017668000
   0.0291133400   -0.0168039900    0.0420210400
   0.0000020300    0.0000156600    0.0000181300
  -0.0002399200   -0.0000189500    0.0008165000
  -0.0001035600    0.0002173000    0.0008165000
   0.0000483400    0.0001734300   -0.0000295600
   0.0000193400   -0.0000111100   -0.0000006600
  -0.0000125000   -0.0000095200    0.0000181300
   0.0000139000   -0.0000079700    0.0000109300
  -0.0001259500   -0.0001285300   -0.0000295600

1    
  0.0000000000000000   0.0000000000000000  -0.0100000000000000
   0.0013044000   -0.0007634800    0.2380521200
   0.0000307700   -0.0000494400   -0.0004889600
  -0.0000451700   -0.0000756400   -0.0004883800
   0.0000429900    0.0000770900   -0.0004884100
  -0.0000237900    0.0000268600   -0.0005179500
   0.0000067800   -0.0000038100    0.0000667300
   0.0000582800   -0.0000017600   -0.0004889700
  -0.0000039100    0.0000023500    0.0000667600
  -0.0000350700    0.0000073000   -0.0005179500
   0.0008986800   -0.0001697000    0.0058950000
  -0.0000414100   -0.0000552900   -0.0002199300
   0.0000167200    0.0000409300    0.0000066200
   0.0000295300   -0.0000022600    0.0000557900
  -0.0000208600   -0.0000360400   -0.0000165000
  -0.0000016500   -0.0000107800    0.0000201600
   0.0005738100    0.0006835100    0.0046877000
  -0.0000184500    0.0000170900   -0.0000042300
   0.0000989200    0.0000705900   -0.0002820700
  -0.0003047500   -0.0008386200    0.0046877000
   0.0000168100   -0.0000243000    0.0000557800
   0.0005965600   -0.0006931600    0.0058950200
  -0.0000115500   -0.0001208200   -0.0002820800
   0.0000086000    0.0000069800    0.0000201600
  -0.0000269900   -0.0000348000    0.0000066100
  -0.0000239300    0.0000075800   -0.0000042300
   0.0000208600    0.0000362400   -0.0000165100
   0.0000272600    0.0000636700   -0.0002199300
  -0.0001056500   -0.0001712700    0.0049286300
  -0.0000168900    0.0000191200   -0.0000011900
  -0.0000024800    0.0000015300   -0.0001218400
   0.0000026000   -0.0000203000   -0.0000011000
  -0.0000192400    0.0000112000    0.0000358200
  -0.0000249200    0.0000052000   -0.0000012000
  -0.0001370900    0.0000792200   -0.0001225300
   0.0000189600    0.0000080400   -0.0000011000
   0.0000955400    0.0001773000    0.0049286200
   0.0274563400   -0.0158475300   -0.0405406800
   0.0000252800    0.0000210400    0.0000154800
  -0.0005690900    0.0001239600   -0.0005664800
  -0.0003919200    0.0004309100   -0.0005664700
   0.0000732900    0.0001512500    0.0000316700
   0.0000265600   -0.0000152300   -0.0000062500
  -0.0000055000   -0.0000322700    0.0000154700
   0.0000248400   -0.0000142400    0.0000024600
  -0.0000942300   -0.0001389700    0.0000316700
  -0.0014618300   -0.0006761900   -0.0018599000
  -0.0000001400    0.0000341800   -0.0000108500
   0.0013114100   -0.0007568400   -0.0020529400
  -0.0000073300    0.0000354000   -0.0000267600
   0.0000373400   -0.0000214600   -0.0000115400
  -0.0000295900   -0.0000168400   -0.0000108600
   0.0000274600   -0.0000157500   -0.0000190600
  -0.0000342300   -0.0000112100   -0.0000267600
  -0.0001456100    0.0016041700   -0.0018599000
   0.0000038400    0.0327101900   -0.0414714600
   0.0001448600    0.0000006900    0.0000230600
  -0.0001294200   -0.0000130900    0.0000057900
  -0.0000294100   -0.0000000200    0.0000084900
   0.0000260200    0.0000159200    0.0000051000
   0.0000023600    0.0000322900   -0.0000035000
   0.0001893600   -0.0006522000   -0.0005490600
   0.0000025100    0.0000233600   -0.0000088700
  -0.0000914400   -0.0005299100   -0.0004956900
  -0.0003345000   -0.0001266800   -0.0006688000
  -0.0000031500   -0.0000096000    0.0000032500
   0.0264180700    0.0151361700   -0.0409370900
  -0.0003771200   -0.0002851600   -0.0004678800
   0.0000221900    0.0000136300   -0.0000018900
   0.0000832900   -0.0001443600    0.0000495900
   0.0000124800    0.0000023100   -0.0000079000
   0.0000043100    0.0000089700   -0.0000088800
  -0.0000765400    0.0001360200    0.0000448600
   0.0006595300    0.0001624100   -0.0005490600
  -0.0000146200    0.0000256300    0.0000084900
  -0.0283219900   -0.0163648900   -0.0414713800
   0.0004132000    0.0003443900   -0.0004956900
  -0.0000267100   -0.0000180400   -0.0000035000
  -0.0000533200    0.0001187500    0.0000057900
  -0.0000188800   -0.0000137200   -0.0000088700
  -0.0000006700   -0.0000303500    0.0000051000
   0.0000719400   -0.0001256300    0.0000230600
   0.0001079500   -0.0304466400   -0.0409371200
  -0.0001559800   -0.0000016100    0.0000448600
   0.0001667500    0.0000002400    0.0000496000
   0.0000068200    0.0000076800    0.0000032600
  -0.0000055300   -0.0000080700   -0.0000088700
  -0.0000006000   -0.0000258800   -0.0000018900
  -0.0000575500    0.0003531800   -0.0006688000
   0.0000043100   -0.0000118200   -0.0000079000
   0.0000583800    0.0004693300   -0.0004678800
   0.0015432200    0.0009763000   -0.0017696500
  -0.0000005500   -0.0000300600   -0.0000137000
  -0.0015985800    0.0009227800   -0.0020462400
   0.0000058000    0.0000071400   -0.0000675600
  -0.0000328800    0.0000190800   -0.0000219300
   0.0000258400    0.0000156500   -0.0000137000
  -0.0000053000    0.0000031600   -0.0000889400
  -0.0000032000   -0.0000084500   -0.0000675600
  -0.0000733700   -0.0018244700   -0.0017696500
  -0.0282108400    0.0162832200   -0.0412398900
  -0.0000035500   -0.0000144700   -0.0000186700
   0.0002537700    0.0000162200   -0.0008069300
   0.0001129800   -0.0002277200   -0.0008069300
  -0.0000475300   -0.0001755400    0.0000298100
  -0.0000191700    0.0000111600    0.0000007700
   0.0000108400    0.0000104600   -0.0000186700
  -0.0000138900    0.0000081100   -0.0000110700
   0.0001283100    0.0001291100    0.0000298000

10   
  0.0100000000000000   0.0000000000000000   0.0000000000000000
   0.0030405900    0.0092293500   -0.0009668600
   0.0000987300   -0.0000471700   -0.0000171800
   0.0003669100   -0.0008384400    0.0000433900
   0.0035863700   -0.0125480800   -0.0005679300
   0.0002856800   -0.0008511600   -0.0000980200
   0.0001004400    0.0000531500    0.0000180200
   0.0000194200   -0.0001810900   -0.0000297900
  -0.0000106700    0.0000339800    0.0000020800
   0.0000092100    0.0000381000    0.0000205600
  -0.2075398700    0.0010847500   -0.0011861500
   0.0011897800   -0.0000498700   -0.0000253100
   0.0011563700   -0.0000779600    0.0000392200
  -0.0000848000   -0.0007726300   -0.0000394000
  -0.0002423500    0.0006290500    0.0000266100
   0.0000720400   -0.0000095500    0.0000027700
  -0.0000799900   -0.0008145100    0.0000036300
   0.0000721200   -0.0000097500   -0.0000049500
  -0.0002458900    0.0007355100   -0.0000319200
   0.0003372400    0.0007810500    0.0000269600
   0.0001224200    0.0000353700    0.0000316700
   0.0028747400   -0.0083314100   -0.0000483200
   0.0029481400    0.0108647700    0.0003326900
   0.0001222900   -0.0000229400    0.0000247100
   0.0003434600    0.0007616100   -0.0000101000
   0.0000118900   -0.0000875400   -0.0000490900
  -0.0000096700    0.0001615600    0.0000192300
   0.0000106100   -0.0000289200   -0.0000257800
   0.0040467200   -0.0098549300    0.0006828200
   0.0002922500    0.0000284800    0.0000168400
   0.0076893400    0.0100341100   -0.0003848300
   0.0016942600    0.0000022500    0.0000270300
   0.0000024000    0.0001105400    0.0000209000
  -0.0000004100   -0.0000985800   -0.0000241600
   0.0000413200   -0.0000426000   -0.0000262300
   0.0000520500    0.0000216000    0.0000080400
   0.0017701000    0.0000887200   -0.0000096200
   0.0001387000   -0.0006948400    0.0003797100
  -0.0000604700    0.0000028900    0.0000072800
   0.0001007500    0.0003512900   -0.0001008900
   0.0123541800    0.0001449800    0.0006472100
  -0.0001588100   -0.0001337400    0.0000781500
  -0.0001422200    0.0001507400   -0.0000722200
  -0.0000174400    0.0000420000    0.0000503000
   0.0000174500   -0.0000117600   -0.0000298600
  -0.0000328200    0.0000042900   -0.0000034200
   0.0005315900    0.0010158000   -0.0005568600
   0.0000031700    0.0000040400    0.0000061600
   0.0343774000    0.0123685800   -0.0258716100
   0.0006011800   -0.0004664600   -0.0001458600
  -0.0000469500   -0.0000043100   -0.0000153800
  -0.0001701500    0.0000392700    0.0001059500
  -0.0000052800    0.0000351300   -0.0000058400
   0.0000185000    0.0000123500    0.0000592200
   0.0000028500    0.0000915200    0.0000167600
   0.0363380400   -0.0145657400   -0.0273838700
   0.0000086500    0.0000043900    0.0000415300
   0.0002303600   -0.0008409800   -0.0000371100
   0.0005347300    0.0005479400   -0.0001103900
  -0.0001080000   -0.0000785300    0.0001131000
  -0.0000591000    0.0000223300   -0.0000163900
   0.0000308000   -0.0000119500    0.0000536900
  -0.0000024700   -0.0000311500   -0.0000065800
   0.0000301800   -0.0000147400    0.0000259200
  -0.0000773300    0.0000433600    0.0000195800
  -0.0000693300   -0.0000409700   -0.0000266700
  -0.0035270900   -0.0000071600    0.0000442000
   0.0006617000    0.0023598600    0.0006443900
  -0.0000825900    0.0000009500   -0.0000098700
   0.0004426100   -0.0024480500   -0.0005939300
  -0.0000138800   -0.0000073100    0.0000037400
  -0.0000233300   -0.0000378000   -0.0000196700
  -0.0000368200    0.0000494300    0.0000121900
  -0.0000661600    0.0000217900   -0.0000394000
  -0.0000583800   -0.0000191400    0.0000107400
  -0.0033387200    0.0000655700   -0.0000916500
   0.0008502700    0.0024812400   -0.0002502100
  -0.0001116600   -0.0000103600    0.0000007000
   0.0005689500   -0.0023357400    0.0005320300
  -0.0000105600    0.0000170000   -0.0000218500
  -0.0000329700   -0.0000327500    0.0000121100
  -0.0000293800    0.0000354200    0.0000056500
   0.0366075600   -0.0134276300    0.0276184400
  -0.0000093100   -0.0000141000   -0.0000104600
   0.0005386700   -0.0009901300    0.0004035300
   0.0005383400    0.0005130200    0.0001576500
  -0.0001693800   -0.0000283900   -0.0001230300
  -0.0000638500    0.0000111900    0.0000116400
   0.0000068700   -0.0000127600   -0.0000652300
  -0.0000033300   -0.0000257500    0.0000119500
   0.0000554000   -0.0000879600   -0.0000272000
   0.0006656100    0.0009200000   -0.0002166900
   0.0000474900    0.0000183400   -0.0000564500
   0.0419260700    0.0152578200    0.0275983700
   0.0005265600   -0.0001764300   -0.0000812900
  -0.0000624400   -0.0000223200    0.0000117600
  -0.0001753900    0.0000939500   -0.0001511200
  -0.0000046900    0.0000315400    0.0000266600
   0.0000319400    0.0000247800   -0.0000774100
   0.0000653600   -0.0000013600   -0.0000354300
   0.0000097200   -0.0006712300    0.0002466000
  -0.0000523500   -0.0000008400   -0.0000009000
   0.0000110500    0.0006889300   -0.0000514700
   0.0160652200   -0.0002464200   -0.0004305100
  -0.0000874800   -0.0001984500   -0.0000954500
  -0.0001368700    0.0001915800    0.0000801400
  -0.0000158400   -0.0000059400   -0.0000312300
   0.0000079400    0.0000051200    0.0000263800
  -0.0000263400    0.0000077800   -0.0000014800

10   
 -0.0100000000000000   0.0000000000000000   0.0000000000000000
  -0.0028949200   -0.0092908800    0.0009751600
  -0.0000978700    0.0000473300    0.0000166900
  -0.0003648800    0.0008583200   -0.0000425700
  -0.0035821900    0.0126324700    0.0005756700
  -0.0002936300    0.0008277300    0.0000989200
  -0.0000992100   -0.0000514600   -0.0000184600
  -0.0000205800    0.0001817300    0.0000303600
   0.0000108000   -0.0000325800   -0.0000023400
  -0.0000070200   -0.0000379400   -0.0000205500
   0.2077347300    0.0004811400    0.0013934700
  -0.0011586900    0.0000588900    0.0000194300
  -0.0011921700    0.0000884100   -0.0000428100
   0.0000814400    0.0007885200    0.0000397700
   0.0002411200   -0.0006151600   -0.0000271900
  -0.0000721800    0.0000094700   -0.0000027400
   0.0000862600    0.0008042600   -0.0000004900
  -0.0000720900    0.0000092600    0.0000050500
   0.0002375700   -0.0007449600    0.0000327300
  -0.0003406900   -0.0007624700   -0.0000257800
  -0.0001228100   -0.0000351000   -0.0000320800
  -0.0030289900    0.0082525000    0.0000445900
  -0.0029536100   -0.0107560400   -0.0003273700
  -0.0001229600    0.0000248500   -0.0000249700
  -0.0003344600   -0.0007818500    0.0000090600
  -0.0000115300    0.0000884200    0.0000491800
   0.0000106100   -0.0001611800   -0.0000192800
  -0.0000128300    0.0000287500    0.0000257500
  -0.0035855700    0.0096034400   -0.0006782300
  -0.0002920700   -0.0000283200   -0.0000171600
  -0.0082171900   -0.0102962000    0.0003627000
  -0.0016904500    0.0000059800   -0.0000284400
  -0.0000011500   -0.0001092100   -0.0000212500
  -0.0000009300    0.0000999900    0.0000240100
  -0.0000417000    0.0000416100    0.0000261000
  -0.0000514300   -0.0000222400   -0.0000080700
  -0.0017693800   -0.0000566600    0.0000108300
  -0.0001391700    0.0007038200   -0.0003810400
   0.0000603600   -0.0000030900   -0.0000075700
  -0.0001017900   -0.0003477700    0.0001023000
  -0.0123301900    0.0000925400   -0.0008298000
   0.0001599900    0.0001319000   -0.0000795200
   0.0001407800   -0.0001530700    0.0000715100
   0.0000177000   -0.0000425400   -0.0000507500
  -0.0000177300    0.0000119200    0.0000292800
   0.0000328000   -0.0000043700    0.0000034400
  -0.0005278000   -0.0010121300    0.0005654400
  -0.0000037800   -0.0000050800   -0.0000062300
  -0.0350557300   -0.0127744100    0.0267267700
  -0.0006039200    0.0004648800    0.0001291400
   0.0000468600    0.0000041600    0.0000155000
   0.0001716000   -0.0000385700   -0.0001056100
   0.0000052900   -0.0000350600    0.0000057900
  -0.0000189400   -0.0000123600   -0.0000593400
  -0.0000014100   -0.0000933100   -0.0000170200
  -0.0355951800    0.0141261600    0.0264618700
  -0.0000079900   -0.0000054200   -0.0000404400
  -0.0002392700    0.0008425400    0.0000292900
  -0.0005304000   -0.0005509600    0.0001326900
   0.0001081900    0.0000803300   -0.0001135400
   0.0000590000   -0.0000222600    0.0000165200
  -0.0000302600    0.0000123300   -0.0000537800
   0.0000024500    0.0000311100    0.0000067300
  -0.0000313200    0.0000135100   -0.0000262700
   0.0000781300   -0.0000442900   -0.0000180900
   0.0000684700    0.0000402400    0.0000283700
   0.0035296900    0.0000330200   -0.0000354000
  -0.0006876400   -0.0023359800   -0.0006258700
   0.0000824700   -0.0000017300    0.0000094700
  -0.0004160000    0.0024728100    0.0006163900
   0.0000135300    0.0000096300   -0.0000008700
   0.0000230400    0.0000376000    0.0000197100
   0.0000370900   -0.0000495000   -0.0000121500
   0.0000671400   -0.0000224300    0.0000377500
   0.0000572000    0.0000183000   -0.0000124400
   0.0033361200   -0.0000411700    0.0000843800
  -0.0008774600   -0.0024665400    0.0002329000
   0.0001114100    0.0000095000   -0.0000003000
  -0.0005501400    0.0023571300   -0.0005570900
   0.0000107600   -0.0000148200    0.0000182500
   0.0000325900    0.0000325100   -0.0000120500
   0.0000296500   -0.0000354000   -0.0000054900
  -0.0358564500    0.0129996000   -0.0267365600
   0.0000095400    0.0000126600    0.0000107900
  -0.0005443200    0.0009927200   -0.0003938400
  -0.0005350400   -0.0005161200   -0.0001795800
   0.0001675700    0.0000290900    0.0001232700
   0.0000636600   -0.0000111000   -0.0000116000
  -0.0000063000    0.0000129300    0.0000649200
   0.0000031200    0.0000258300   -0.0000120300
  -0.0000566400    0.0000863200    0.0000275900
  -0.0006552100   -0.0009151100    0.0002075200
  -0.0000483800   -0.0000196900    0.0000580600
  -0.0428824500   -0.0158238300   -0.0286158300
  -0.0005279500    0.0001741300    0.0001085200
   0.0000626100    0.0000225400   -0.0000118400
   0.0001756300   -0.0000922900    0.0001510800
   0.0000047500   -0.0000313900   -0.0000264200
  -0.0000324200   -0.0000246100    0.0000778900
  -0.0000643600   -0.0000004100    0.0000356800
  -0.0000104200    0.0006722000   -0.0002468700
   0.0000523500    0.0000007200    0.0000012000
  -0.0000073400   -0.0006877800    0.0000474000
  -0.0160562800    0.0005345300    0.0006049500
   0.0000887000    0.0001958200    0.0000961700
   0.0001359200   -0.0001937200   -0.0000788700
   0.0000156100    0.0000060000    0.0000309600
  -0.0000078500   -0.0000055200   -0.0000266700
   0.0000263400   -0.0000081400    0.0000016300

10   
  0.0000000000000000   0.0000000000000000   0.0100000000000000
  -0.0004506800   -0.0006758200   -0.0058950100
   0.0000188100    0.0000054200   -0.0000065400
   0.0000076500    0.0000231100    0.0002217700
  -0.0007872500   -0.0003475300   -0.0046635300
   0.0000972800   -0.0000145500    0.0002834400
   0.0000313800    0.0000145100    0.0000047500
   0.0000058100   -0.0000143300   -0.0000552600
  -0.0000041300    0.0000081700   -0.0000197500
  -0.0000224400    0.0000126200    0.0000166000
  -0.0013226600   -0.0022042100   -0.2381089800
   0.0000378700   -0.0000235600    0.0004745600
  -0.0000203600   -0.0000120500    0.0004752000
   0.0000043500   -0.0000257000    0.0004774100
  -0.0000361100    0.0000117900    0.0004467400
  -0.0000049300   -0.0000087700   -0.0000641000
  -0.0000399000    0.0000279200    0.0004780400
   0.0000027400    0.0000047100   -0.0000641000
   0.0000254700   -0.0000183100    0.0004473800
   0.0000094200    0.0000166700    0.0003614100
  -0.0000247800    0.0000149400   -0.0000015500
  -0.0003464100   -0.0002294600   -0.0057842200
   0.0001181500   -0.0002939100   -0.0057611000
  -0.0000320100    0.0000392800   -0.0000012000
  -0.0000284200   -0.0000445600    0.0003615000
   0.0000261300   -0.0000137500   -0.0000016200
  -0.0000188900   -0.0000336600   -0.0000737100
   0.0000482000   -0.0000088900   -0.0000019500
  -0.0002145500   -0.0006657200   -0.0058952600
  -0.0000149800   -0.0000009800   -0.0000555100
  -0.0000208100   -0.0007861400   -0.0046866300
   0.0000187800    0.0000177700    0.0002178700
   0.0000237600   -0.0000142400    0.0000165700
  -0.0000044600    0.0000331400    0.0000039200
  -0.0000040400    0.0000195500   -0.0000065900
   0.0000085300    0.0000010200   -0.0000198200
  -0.0000595800    0.0000762000    0.0002832900
  -0.0000508400    0.0005119300    0.0005093500
  -0.0000042400   -0.0000193200   -0.0000020500
   0.0000916400    0.0003663000    0.0007506600
  -0.0000398700   -0.0293349000    0.0399296800
  -0.0001871200   -0.0000129100   -0.0000825200
   0.0001738000   -0.0000128900   -0.0000759600
   0.0000122500   -0.0000065400    0.0000000600
  -0.0000158800    0.0000081800   -0.0000130300
  -0.0000002100   -0.0000300500    0.0000010300
   0.0004471500    0.0002071600    0.0005245700
  -0.0000102300    0.0000078300   -0.0000001900
  -0.0262513400   -0.0152382000    0.0408838500
   0.0002650400    0.0002548000    0.0007592200
  -0.0000259400   -0.0000151900    0.0000009100
  -0.0000987200    0.0001415600   -0.0000759600
  -0.0000148100   -0.0000134700   -0.0000022000
   0.0000161500   -0.0000088900   -0.0000131200
   0.0000803000   -0.0001684400   -0.0000828600
  -0.0263842200    0.0150882100    0.0408971200
  -0.0000019500   -0.0000118600   -0.0000023600
   0.0003296000   -0.0001930400    0.0006466600
   0.0004879100   -0.0003737400    0.0004854400
  -0.0000950100   -0.0001243600   -0.0000574900
  -0.0000286600    0.0000142200    0.0000004000
   0.0000099300    0.0000079600    0.0000084100
  -0.0000159300    0.0000005300    0.0000117200
   0.0000636300    0.0001180300   -0.0000399400
  -0.0000361600    0.0000239800    0.0000193200
   0.0000458300    0.0000377900    0.0000363500
   0.0000853300   -0.0016866500    0.0020119400
   0.0014437500    0.0010424900    0.0020412400
   0.0000004000   -0.0000381900    0.0000130100
  -0.0014305800    0.0011111100    0.0018420500
  -0.0000071200   -0.0000361600    0.0000104600
  -0.0000245500    0.0000167400    0.0000104000
   0.0000308800    0.0000186200    0.0000188700
   0.0000402700   -0.0000201200    0.0000180500
  -0.0000292100   -0.0000250600    0.0000091200
   0.0001811200    0.0017580300    0.0020470000
  -0.0014906000   -0.0007602900    0.0020069400
   0.0000005000    0.0000355400    0.0000186500
   0.0016623700   -0.0006713500    0.0018403000
   0.0000099300    0.0000599100    0.0000353100
   0.0000263300   -0.0000128500    0.0000102000
  -0.0000330200   -0.0000186600    0.0000130700
   0.0271337900   -0.0158217400    0.0418013100
   0.0000003600    0.0000129300    0.0000079300
  -0.0005481400    0.0002293300    0.0005006500
  -0.0003275000    0.0001832000    0.0006538900
   0.0000713700    0.0001117400   -0.0000399700
   0.0000267000   -0.0000177000    0.0000003100
  -0.0000101600   -0.0000071500   -0.0000025600
   0.0000088200   -0.0000136900    0.0000116900
  -0.0000582700   -0.0001448800   -0.0000573800
  -0.0002513000   -0.0000498300    0.0008018900
   0.0000063000   -0.0000155600    0.0000195200
   0.0281629200    0.0161119200    0.0413605500
  -0.0002144300   -0.0003063600    0.0008509500
   0.0000226300    0.0000111600   -0.0000029300
   0.0000635700   -0.0001605900   -0.0000421700
   0.0000180300    0.0000074800    0.0000157400
  -0.0000255000    0.0000087300    0.0000132400
  -0.0001046900    0.0001095500   -0.0000267200
   0.0000785300   -0.0002311700    0.0008098500
  -0.0000024900    0.0000196400    0.0000154700
  -0.0001556900   -0.0003245700    0.0008602400
  -0.0001274800    0.0334543900    0.0421206700
   0.0001457500   -0.0000337400   -0.0000266600
  -0.0001698200   -0.0000235800   -0.0000416700
  -0.0000167000   -0.0000038100    0.0000189400
   0.0000202200   -0.0000195600    0.0000124300
  -0.0000016700    0.0000252700   -0.0000028400

37   
  0.0100000000000000   0.0000000000000000   0.0000000000000000
   0.0349868800   -0.0130145600   -0.0265397600
   0.0006332900    0.0003618700    0.0005843400
   0.0000170200   -0.0000565300   -0.0000256900
   0.0000369200    0.0000211500    0.0000045800
   0.0000242700    0.0000979400    0.0000952500
  -0.0000011800   -0.0000315800   -0.0000248600
   0.0006263400   -0.0008580000    0.0004040000
  -0.0000415300    0.0000071200   -0.0000267400
  -0.0001599600   -0.0001342100   -0.0000723800
   0.0001338200    0.0007848500   -0.0000474300
   0.0001047000   -0.0007594800    0.0000888900
  -0.0000607600    0.0000029900   -0.0000044800
  -0.0000171600   -0.0000078400    0.0000121200
  -0.0000329000    0.0000042200   -0.0000003800
   0.0000173500    0.0000113000   -0.0000156200
   0.0123392300   -0.0002874300   -0.0000831800
  -0.0001424600    0.0000555300    0.0001741800
  -0.0001587400   -0.0000015500   -0.0001853200
   0.0350678200    0.0131512700    0.0262638100
   0.0000042100    0.0000554400    0.0000111700
   0.0005090200   -0.0004654900   -0.0004527500
   0.0000030400   -0.0000383900   -0.0000817000
   0.0000194800   -0.0000114800   -0.0000160200
  -0.0000053600    0.0000347200    0.0000143900
  -0.0001714700    0.0001353700    0.0000988500
  -0.0000469100   -0.0000036700    0.0000258000
   0.0005978800    0.0006356300   -0.0002643600
  -0.0033524200   -0.0000311100   -0.0001544600
  -0.0000517900   -0.0000414300   -0.0000344400
  -0.0000442200    0.0000206600    0.0000257700
  -0.0000318500    0.0000376600   -0.0000299900
  -0.0000291700   -0.0000275600    0.0000372500
  -0.0000065100    0.0000033600   -0.0000071300
   0.0008347100   -0.0023419000    0.0013227500
  -0.0000817700   -0.0000049300   -0.0000004100
   0.0005148000    0.0021746300   -0.0014669900
  -0.0967189500    0.0017962500    0.0001166500
  -0.0000238400   -0.0000480100   -0.0000190700
  -0.0000219300    0.0000297300   -0.0000039500
   0.0000187600   -0.0000219400   -0.0000915800
   0.0000142800   -0.0000018400    0.0000741500
   0.0000165800   -0.0000035700    0.0000030800
   0.0000185900    0.0000551500   -0.0000945000
   0.0000166500   -0.0000039000   -0.0000011800
   0.0000141400   -0.0000243500    0.0000424000
  -0.0009212100    0.0020417400    0.0020563900
   0.0000051000   -0.0000165500    0.0000040300
   0.0001330700   -0.0001149600   -0.0000137400
   0.0000019600   -0.0000186300    0.0000106000
  -0.0000055100    0.0000121900    0.0000042600
   0.0000017400    0.0000118900   -0.0000009100
   0.0001322600   -0.0001153900    0.0000596400
   0.0000056000    0.0000134100    0.0000020500
  -0.0009043900    0.0001494600    0.0003769900
   0.0011989900   -0.0036183000   -0.0003476400
  -0.0001542300    0.0000107800   -0.0000207700
   0.0000539000   -0.0000210700   -0.0000060500
   0.0000246500   -0.0000405200   -0.0000131100
   0.0000040000    0.0000037700    0.0000080500
  -0.0000027000    0.0000028700    0.0000022700
   0.0010258400   -0.0040144400    0.0005687400
   0.0000463000   -0.0000275500    0.0000015400
  -0.0001203300    0.0000042400    0.0001153800
   0.0009924000   -0.0006197900    0.0014041700
   0.0000179200   -0.0000010000    0.0000029100
   0.0010049000    0.0007320400   -0.0014120500
  -0.0000426800    0.0000088200   -0.0000134200
   0.0000062000    0.0000229300    0.0000100700
   0.0000066800   -0.0000300600   -0.0000032500
   0.0000111700    0.0000079400    0.0000121700
   0.0000066200   -0.0000142100   -0.0000143700
  -0.0000606400   -0.0000084600    0.0000250800
   0.0078457100    0.0001351200    0.0011281700
   0.0000831500    0.0000057400    0.0000022800
   0.0076724800   -0.0001853400   -0.0009844600
  -0.0000701300   -0.0000336900    0.0000492400
   0.0000348500    0.0000326600    0.0000077000
   0.0000341100   -0.0000304700   -0.0000078600
   0.0000437900   -0.0000209000   -0.0000027900
   0.0000423100    0.0000313500    0.0000089400
  -0.0001180500   -0.0000270500    0.0000051900
  -0.0008257600   -0.0020438700   -0.0018390800
   0.0001080000    0.0000624100    0.0000308300
   0.0000171400    0.0000171100   -0.0000055400
  -0.0000012100   -0.0000141300    0.0000017500
   0.0000058700    0.0000168900   -0.0000124000
  -0.0000049200   -0.0000121700    0.0000010500
  -0.0011676800   -0.0000049100   -0.0004232100
   0.0000155200   -0.0000185800    0.0000027400
   0.0001417100    0.0000732600   -0.0000322900
   0.0007875600    0.0027193400    0.0003640400
   0.0000593200    0.0000151600    0.0000110500
  -0.0002216700    0.0000804400    0.0000129800
   0.0000078700   -0.0000004600   -0.0000131600
   0.0000197000    0.0000190800    0.0000197600
   0.0000092300   -0.0000151800    0.0000019500
  -0.0001944800    0.0001059700   -0.0001190600
   0.0000411000    0.0000224600   -0.0000015200
   0.0009365200    0.0033889800   -0.0006895900
  -0.0029805800    0.0000238400    0.0000047600
   0.0000449800   -0.0001133800   -0.0000417100
   0.0000560000    0.0001534100    0.0000405100
  -0.0000589600   -0.0002399600    0.0000318000
  -0.0000604600    0.0002406900   -0.0000332700
   0.0000205000   -0.0000016000    0.0000001200
  -0.0000988900    0.0000814000    0.0000140900
   0.0000182800    0.0000003900   -0.0000006000
  -0.0000794300   -0.0000813100   -0.0000064800

37   
 -0.0100000000000000   0.0000000000000000   0.0000000000000000
  -0.0357018600    0.0134088800    0.0274687000
  -0.0005923400   -0.0003480100   -0.0005730600
  -0.0000186900    0.0000587500    0.0000265600
  -0.0000384000   -0.0000216900   -0.0000052200
  -0.0000261200   -0.0000963800   -0.0000959800
   0.0000009400    0.0000310900    0.0000245300
  -0.0006164500    0.0008476100   -0.0003922800
   0.0000419200   -0.0000072300    0.0000264900
   0.0001610800    0.0001352500    0.0000729500
  -0.0001438000   -0.0007917400    0.0000474000
  -0.0000975200    0.0007511500   -0.0000906400
   0.0000607400   -0.0000035200    0.0000039700
   0.0000180600    0.0000070200   -0.0000120800
   0.0000328800   -0.0000036200   -0.0000000400
  -0.0000177400   -0.0000120400    0.0000158700
  -0.0123470800    0.0004219900    0.0000201100
   0.0001408100   -0.0000562400   -0.0001716900
   0.0001603200    0.0000001900    0.0001878000
  -0.0343656400   -0.0127524800   -0.0253673200
  -0.0000025000   -0.0000533000   -0.0000106800
  -0.0005506100    0.0004817600    0.0004630900
  -0.0000010500    0.0000406000    0.0000811000
  -0.0000179500    0.0000109400    0.0000151200
   0.0000055700   -0.0000351300   -0.0000147600
   0.0001704400   -0.0001345900   -0.0000979300
   0.0000466300    0.0000036600   -0.0000261100
  -0.0006070900   -0.0006427200    0.0002720800
   0.0033547100    0.0000674900    0.0001365000
   0.0000512800    0.0000411200    0.0000326700
   0.0000441800   -0.0000209000   -0.0000277900
   0.0000320500   -0.0000373500    0.0000295800
   0.0000291700    0.0000279900   -0.0000378400
   0.0000063300   -0.0000046200    0.0000074500
  -0.0007956700    0.0023083300   -0.0013163700
   0.0000818500    0.0000056100   -0.0000000800
  -0.0005460200   -0.0022056000    0.0014745800
   0.0967312600   -0.0028472400   -0.0019164500
   0.0000219600    0.0000464600    0.0000203700
   0.0000238600   -0.0000309500    0.0000055800
  -0.0000186900    0.0000243800    0.0000928000
  -0.0000140800    0.0000046300   -0.0000731600
  -0.0000166000    0.0000038300   -0.0000030200
  -0.0000188600   -0.0000536600    0.0000935200
  -0.0000166300    0.0000034900    0.0000008400
  -0.0000142300    0.0000252400   -0.0000431400
   0.0008997200   -0.0019930300   -0.0020328600
  -0.0000055500    0.0000160500   -0.0000039800
  -0.0001294500    0.0001138800    0.0000175500
  -0.0000017400    0.0000179700   -0.0000108000
   0.0000054000   -0.0000122900   -0.0000041700
  -0.0000019800   -0.0000112700    0.0000010300
  -0.0001302600    0.0001134600   -0.0000552800
  -0.0000050500   -0.0000137500   -0.0000022400
   0.0009163500   -0.0001479100   -0.0003894100
  -0.0011948500    0.0036577400    0.0003483700
   0.0001509800   -0.0000107700    0.0000214200
  -0.0000544500    0.0000214600    0.0000064600
  -0.0000244600    0.0000407300    0.0000131200
  -0.0000040600   -0.0000038700   -0.0000080700
   0.0000026200   -0.0000027200   -0.0000024000
  -0.0010440200    0.0039960600   -0.0005799800
  -0.0000460700    0.0000268000   -0.0000017900
   0.0001204700   -0.0000046900   -0.0001169400
  -0.0009983800    0.0006347200   -0.0013990500
  -0.0000179300    0.0000010900   -0.0000028800
  -0.0009994700   -0.0007170700    0.0014175600
   0.0000425200   -0.0000145800    0.0000179000
  -0.0000062100   -0.0000224800   -0.0000099900
  -0.0000066400    0.0000305700    0.0000032400
  -0.0000113500   -0.0000075400   -0.0000121600
  -0.0000063500    0.0000146300    0.0000145200
   0.0000606000    0.0000095400   -0.0000237900
  -0.0076508600   -0.0001407000   -0.0011140000
  -0.0000831100   -0.0000066500   -0.0000026000
  -0.0078627700    0.0001801000    0.0009967100
   0.0000695200    0.0000357400   -0.0000475300
  -0.0000347400   -0.0000320400   -0.0000074300
  -0.0000340900    0.0000311100    0.0000082400
  -0.0000438200    0.0000207400    0.0000033000
  -0.0000424300   -0.0000317000   -0.0000085300
   0.0001184500    0.0000295000   -0.0000072800
   0.0008474400    0.0020925900    0.0018602100
  -0.0001114700   -0.0000639300   -0.0000266100
  -0.0000167100   -0.0000176400    0.0000056600
   0.0000013200    0.0000141000   -0.0000016600
  -0.0000061800   -0.0000175900    0.0000123500
   0.0000051600    0.0000128100   -0.0000009600
   0.0011574500    0.0000060900    0.0004145000
  -0.0000161400    0.0000180600   -0.0000028300
  -0.0001440600   -0.0000740600    0.0000359700
  -0.0007930300   -0.0026934500   -0.0003556000
  -0.0000587100   -0.0000149100   -0.0000107200
   0.0002272200   -0.0000820100   -0.0000112600
  -0.0000077700    0.0000004600    0.0000132400
  -0.0000199800   -0.0000189200   -0.0000195500
  -0.0000091000    0.0000153200   -0.0000019900
   0.0001933700   -0.0001044900    0.0001173700
  -0.0000414500   -0.0000232100    0.0000014600
  -0.0009220000   -0.0034050800    0.0006854600
   0.0029801200   -0.0000213000   -0.0000772700
  -0.0000465500    0.0001125500    0.0000405300
  -0.0000547200   -0.0001546700   -0.0000418600
   0.0000603800    0.0002407900   -0.0000322100
   0.0000591000   -0.0002398000    0.0000333100
  -0.0000205100    0.0000018500    0.0000000000
   0.0000974100   -0.0000814100   -0.0000147700
  -0.0000183200   -0.0000006600    0.0000007900
   0.0000806900    0.0000811100    0.0000062300

37   
  0.0000000000000000   0.0000000000000000   0.0100000000000000
  -0.0272738400    0.0157422500    0.0405130800
  -0.0004643000   -0.0001042600    0.0005671900
   0.0000127600   -0.0000497500   -0.0000139200
   0.0000494300    0.0000137900   -0.0000139100
   0.0000291300   -0.0000503400   -0.0000319600
  -0.0000014100    0.0000007800   -0.0000021400
  -0.0001420100    0.0004541400    0.0005671800
  -0.0000198600    0.0000114300    0.0000062300
   0.0000581500   -0.0000001000   -0.0000319600
   0.0003760900   -0.0004135300    0.0005243500
  -0.0000972900   -0.0002046400    0.0007614700
   0.0000073700   -0.0000026800   -0.0000020500
   0.0000506800    0.0000362700    0.0000011600
  -0.0000034100   -0.0000198900    0.0000007200
  -0.0000295000    0.0000515900   -0.0000121100
   0.0007308100   -0.0304827200    0.0408533800
  -0.0000724000    0.0000825100   -0.0000760700
   0.0000789100    0.0000668000   -0.0000832000
   0.0267608100    0.0146147100    0.0408533900
  -0.0000060800   -0.0000620800    0.0000011600
   0.0005461800   -0.0001188500    0.0005243500
  -0.0000184000   -0.0001017900   -0.0000832000
  -0.0000594400   -0.0000003000   -0.0000121100
   0.0000059900   -0.0000050800   -0.0000020500
  -0.0001076800    0.0000213700   -0.0000760700
   0.0000154900    0.0000128500    0.0000007200
   0.0001285100    0.0001865700    0.0007614700
   0.0001019000    0.0006208400    0.0018625300
   0.0000393800   -0.0000009600    0.0000295800
  -0.0000176400    0.0000101500    0.0000223800
  -0.0000135300   -0.0000068100    0.0000113600
  -0.0000018800    0.0000010500    0.0000119600
   0.0000205100   -0.0000336600    0.0000295700
   0.0002023800   -0.0001168400    0.0020567600
  -0.0000009000    0.0000150800    0.0000113600
  -0.0004866500   -0.0003988300    0.0018625300
   0.0010375800   -0.0005957000   -0.1293761200
  -0.0000072900    0.0001036700   -0.0001427900
  -0.0000172400    0.0000970100   -0.0001428900
  -0.0000926700   -0.0000336500   -0.0001428800
   0.0000418800   -0.0000614700   -0.0001905300
  -0.0000009700    0.0000005300    0.0000099700
  -0.0000934600   -0.0000456000   -0.0001427900
   0.0000030500   -0.0000017900    0.0000098300
   0.0000741500   -0.0000055600   -0.0001905300
  -0.0003802500    0.0021346300    0.0005303500
  -0.0000019600    0.0000111600    0.0000089400
  -0.0000582300    0.0000335700   -0.0002299600
   0.0000009200    0.0000052600    0.0000091100
  -0.0000043000    0.0000024500    0.0000167100
  -0.0000106800   -0.0000039300    0.0000089400
   0.0000189500   -0.0000109700   -0.0002266500
  -0.0000041200   -0.0000034800    0.0000091100
  -0.0020386300   -0.0007385300    0.0005303500
   0.0004868300   -0.0005254400   -0.0029113900
   0.0000854100    0.0001117200    0.0000218500
  -0.0000025000    0.0000108100   -0.0000215500
  -0.0000136300   -0.0000053100    0.0000022700
   0.0000018300    0.0000022600   -0.0000223500
   0.0000042100   -0.0000031800   -0.0000211000
  -0.0004282700    0.0007138000   -0.0032138500
   0.0000017200    0.0000017900   -0.0000211400
  -0.0000132600    0.0000061300    0.0000583400
   0.0015003700   -0.0011600900    0.0003453100
  -0.0000011200   -0.0000027200    0.0000121600
  -0.0016744900   -0.0013193900    0.0005516900
   0.0000182500   -0.0000346100   -0.0002323700
   0.0000075400   -0.0000010500    0.0000125800
  -0.0000110300   -0.0000024200    0.0000105700
   0.0000064300   -0.0000076600    0.0000099500
  -0.0000011100   -0.0000052800    0.0000062800
   0.0000214600   -0.0000773600   -0.0002358600
  -0.0008323400    0.0000137400   -0.0032138600
  -0.0000022600    0.0000144100    0.0000022800
   0.0006984700   -0.0001587900   -0.0029113800
  -0.0000119500    0.0000083800    0.0000583400
   0.0000048300   -0.0000021000   -0.0000211000
  -0.0000106400   -0.0000032900   -0.0000215400
  -0.0000007000   -0.0000024300   -0.0000211400
  -0.0000010600   -0.0000027700   -0.0000223500
  -0.0000540500   -0.0001298700    0.0000218600
   0.0003048500    0.0021098800    0.0005517000
   0.0000777000    0.0000200700   -0.0002358500
  -0.0000034400    0.0000107200    0.0000105800
   0.0000017800    0.0000023000    0.0000121700
   0.0000039900    0.0000035500    0.0000062800
   0.0000046700   -0.0000060400    0.0000125700
   0.0017549900   -0.0007189300    0.0003453200
   0.0000098200   -0.0000017800    0.0000099500
   0.0000390800    0.0000014600   -0.0002323700
  -0.0006285800   -0.0002996200   -0.0034470000
   0.0000008200    0.0000080500   -0.0000257000
  -0.0001683200    0.0000971200   -0.0000218600
  -0.0000033900    0.0000062300   -0.0000308500
   0.0000176900   -0.0000102300    0.0000077700
  -0.0000065900   -0.0000047800   -0.0000257000
   0.0000002500   -0.0000001800    0.0000677600
  -0.0000071200   -0.0000002300   -0.0000308500
  -0.0000550000    0.0006941300   -0.0034470100
   0.0000040400   -0.0000024200    0.0164273000
   0.0000453100    0.0000565300    0.0000359400
  -0.0000247000    0.0000533200    0.0000306100
  -0.0000585500   -0.0000053300    0.0000306100
   0.0000366200   -0.0000200400   -0.0000223500
  -0.0000012300    0.0000006800    0.0000001700
  -0.0000263100   -0.0000675600    0.0000359400
   0.0000020300   -0.0000012000   -0.0000065300
   0.0000356400   -0.0000217300   -0.0000223500

37   
  0.0000000000000000   0.0000000000000000  -0.0100000000000000
   0.0263269700   -0.0151957400   -0.0396100400
   0.0004920100    0.0000972900   -0.0005517400
  -0.0000127600    0.0000493700    0.0000169100
  -0.0000491300   -0.0000136100    0.0000169100
  -0.0000269500    0.0000476600    0.0000313200
   0.0000006800   -0.0000003800    0.0000025000
   0.0001618600   -0.0004746700   -0.0005517400
   0.0000201200   -0.0000116000   -0.0000058600
  -0.0000547300   -0.0000004900    0.0000313200
  -0.0003842600    0.0004429400   -0.0005090000
   0.0001055100    0.0002300500   -0.0007478200
  -0.0000074700    0.0000020000    0.0000025000
  -0.0000501900   -0.0000361800    0.0000015400
   0.0000034400    0.0000199800   -0.0000003100
   0.0000295600   -0.0000510900    0.0000142500
  -0.0007461600    0.0294085900   -0.0399588000
   0.0000711700   -0.0000786700    0.0000759100
  -0.0000786100   -0.0000631600    0.0000822400
  -0.0258384100   -0.0140641700   -0.0399588700
   0.0000062400    0.0000615800    0.0000015300
  -0.0005757300    0.0001111900   -0.0005090100
   0.0000153900    0.0000996900    0.0000822300
   0.0000590400   -0.0000000100    0.0000142500
  -0.0000054500    0.0000054900    0.0000024900
   0.0001037400   -0.0000222500    0.0000759100
  -0.0000155600   -0.0000129500   -0.0000003100
  -0.0001464100   -0.0002064000   -0.0007478200
  -0.0001037200   -0.0006653100   -0.0018577500
  -0.0000385800    0.0000015300   -0.0000254200
   0.0000167500   -0.0000096500   -0.0000173400
   0.0000133300    0.0000067000   -0.0000106200
   0.0000021900   -0.0000012500   -0.0000110800
  -0.0000206000    0.0000326600   -0.0000254300
  -0.0002390100    0.0001379700   -0.0020532000
   0.0000008700   -0.0000148800   -0.0000106100
   0.0005242200    0.0004226200   -0.0018577500
  -0.0009957400    0.0005729600    0.1265394900
   0.0000023400   -0.0001036100    0.0001389300
   0.0000222200   -0.0000971800    0.0001388300
   0.0000953000    0.0000294000    0.0001388200
  -0.0000436300    0.0000593100    0.0001866900
   0.0000010400   -0.0000005800   -0.0000104100
   0.0000909300    0.0000498300    0.0001389300
  -0.0000030700    0.0000017900   -0.0000105300
  -0.0000731600    0.0000081300    0.0001866900
   0.0003862600   -0.0021447400   -0.0005317300
   0.0000022500   -0.0000109700   -0.0000093200
   0.0000566600   -0.0000327000    0.0002272100
  -0.0000009000   -0.0000051000   -0.0000091200
   0.0000041500   -0.0000023900   -0.0000169500
   0.0000106400    0.0000035600   -0.0000093100
  -0.0000123000    0.0000071200    0.0002304800
   0.0000039700    0.0000033500   -0.0000091200
   0.0020503700    0.0007383700   -0.0005317300
  -0.0004739000    0.0004940600    0.0028737500
  -0.0000879400   -0.0001136400   -0.0000246600
   0.0000028800   -0.0000105900    0.0000201600
   0.0000134000    0.0000051300   -0.0000033200
  -0.0000021200   -0.0000027200    0.0000221000
  -0.0000036800    0.0000033300    0.0000198800
   0.0004095500   -0.0006844900    0.0031724700
  -0.0000022000   -0.0000016200    0.0000210500
   0.0000136400   -0.0000056100   -0.0000635400
  -0.0015050800    0.0011692200   -0.0003463900
   0.0000011300    0.0000026200   -0.0000125500
   0.0016783100    0.0013294000   -0.0005523900
  -0.0000179800    0.0000418500    0.0002355100
  -0.0000070900    0.0000010700   -0.0000130100
   0.0000106700    0.0000023900   -0.0000111200
  -0.0000063000    0.0000076400   -0.0000101000
   0.0000007800    0.0000051200   -0.0000064300
  -0.0000227800    0.0000758600    0.0002326500
   0.0007975800   -0.0000122100    0.0031724700
   0.0000022700   -0.0000141300   -0.0000033200
  -0.0006648400    0.0001632500    0.0028737600
   0.0000117000   -0.0000089900   -0.0000635400
  -0.0000047200    0.0000015400    0.0000198800
   0.0000106200    0.0000028100    0.0000201600
   0.0000003200    0.0000027400    0.0000210500
   0.0000013100    0.0000032200    0.0000221100
   0.0000544200    0.0001330200   -0.0000246700
  -0.0003116300   -0.0021181900   -0.0005524000
  -0.0000770600   -0.0000182100    0.0002326500
   0.0000032900   -0.0000104100   -0.0000111200
  -0.0000016900   -0.0000022600   -0.0000125500
  -0.0000040400   -0.0000032200   -0.0000064200
  -0.0000044500    0.0000056300   -0.0000130200
  -0.0017652700    0.0007184400   -0.0003463800
  -0.0000097600    0.0000016700   -0.0000101000
  -0.0000452200   -0.0000053400    0.0002355100
   0.0006229900    0.0002819600    0.0034080500
  -0.0000012400   -0.0000079300    0.0000243400
   0.0001721800   -0.0000993700    0.0000184500
   0.0000035800   -0.0000067700    0.0000308800
  -0.0000174200    0.0000100700   -0.0000088400
   0.0000062600    0.0000050700    0.0000243300
  -0.0000004200    0.0000002600   -0.0000726200
   0.0000076600    0.0000003000    0.0000308800
   0.0000674900   -0.0006804600    0.0034080500
  -0.0000040800    0.0000023100   -0.0161066100
  -0.0000448400   -0.0000563900   -0.0000362700
   0.0000243300   -0.0000530200   -0.0000308100
   0.0000580900    0.0000054700   -0.0000308100
  -0.0000361600    0.0000194800    0.0000221500
   0.0000012900   -0.0000007400   -0.0000004700
   0.0000264100    0.0000670600   -0.0000362800
  -0.0000020700    0.0000012100    0.0000062000
  -0.0000349500    0.0000215900    0.0000221500

55   
  0.0100000000000000   0.0000000000000000   0.0000000000000000
   0.0123063800   -0.0002260000   -0.0000362600
  -0.0000669900    0.0000529800    0.0001309200
  -0.0001127900   -0.0000834100   -0.0001447600
   0.0002010100    0.0005676300   -0.0001902300
   0.0001811800   -0.0006435700    0.0000940100
  -0.0000519900   -0.0000050800   -0.0000026900
   0.0000014500   -0.0000068400    0.0000297800
  -0.0000290500    0.0000034700   -0.0000024900
  -0.0000232800    0.0000161100   -0.0000260000
   0.0355960100   -0.0131555000   -0.0263671500
   0.0002482400    0.0003446700    0.0003253600
   0.0000074000   -0.0000108200   -0.0000017600
   0.0000298600    0.0000096000    0.0000102100
   0.0000293600    0.0000873800    0.0000623500
  -0.0000026600   -0.0000256000   -0.0000161500
   0.0005377400   -0.0010020800    0.0004858600
  -0.0000588800    0.0000137300   -0.0000287600
  -0.0001077800   -0.0001813700   -0.0000950400
   0.0004453700   -0.0024386200    0.0014257700
  -0.0000828700    0.0000050900   -0.0000005900
   0.0006561800    0.0023552000   -0.0014346900
  -0.0035286600   -0.0000408300   -0.0000941200
  -0.0000690500   -0.0000181400   -0.0000470100
  -0.0000777000    0.0000152300    0.0000361800
  -0.0000369500    0.0000334600   -0.0000310700
  -0.0000233700   -0.0000270800    0.0000242700
  -0.0000137200    0.0000060400    0.0000072200
   0.0368256700    0.0139469700    0.0273322700
   0.0000087300    0.0000110800   -0.0000038400
   0.0003198300   -0.0003286500   -0.0003301000
   0.0000375900   -0.0000674900   -0.0000757300
   0.0000292100   -0.0000098400    0.0000035900
  -0.0000041400    0.0000289000    0.0000124000
  -0.0001164300    0.0001537800    0.0000845600
  -0.0000518000   -0.0000141000    0.0000222700
   0.0005454400    0.0010410800   -0.0003651700
   0.0011896500   -0.0039860400    0.0004750800
   0.0000543400   -0.0000193900   -0.0000028800
  -0.0001520600   -0.0000475600    0.0000862400
   0.0010390500   -0.0037204400   -0.0004172400
  -0.0001226900   -0.0000638600   -0.0000128600
   0.0000459700   -0.0000193300    0.0000020100
   0.0000246600   -0.0000275400   -0.0000135000
  -0.0000025800    0.0000107000    0.0000039000
   0.0000038700    0.0000094400    0.0000018300
   0.0010007300   -0.0010003400    0.0016794400
   0.0000179400   -0.0000030200    0.0000012100
   0.0009966500    0.0012450600   -0.0014998800
  -0.0000602600   -0.0000370900   -0.0000200000
   0.0000064600    0.0000177000    0.0000008800
   0.0000111800   -0.0000207400   -0.0000064500
   0.0000065700    0.0000116100    0.0000107900
   0.0000062900   -0.0000058500   -0.0000073800
  -0.0000426500   -0.0000330400   -0.0000171400
  -0.0964706700   -0.0003508700   -0.0013686800
  -0.0000013000   -0.0000138300    0.0000252800
  -0.0000014200    0.0000143200   -0.0000370500
   0.0000164200   -0.0000102000   -0.0000809900
   0.0000037600    0.0000279100    0.0000726300
   0.0000134000   -0.0000004600   -0.0000004000
   0.0000162000    0.0000595900   -0.0000883400
   0.0000134700   -0.0000005900    0.0000004100
   0.0000039100   -0.0000599900    0.0000783500
   0.0000646700   -0.0000952400    0.0000092900
   0.0000122200    0.0000227000   -0.0000030900
  -0.0008071900    0.0003533200    0.0002812400
  -0.0008231900    0.0021394500    0.0017845200
   0.0000117800   -0.0000067300    0.0000118500
   0.0000657200   -0.0000881800    0.0000319000
   0.0000039100   -0.0000251600    0.0000061600
  -0.0000041700    0.0000080700   -0.0000009200
   0.0000036600    0.0000136600    0.0000063200
  -0.0001091700    0.0000717500   -0.0000645100
   0.0000570400    0.0000201600    0.0000018700
   0.0011645400    0.0040549100   -0.0005614800
   0.0011101500    0.0037784300    0.0005725400
   0.0000514800    0.0000191600    0.0000030600
  -0.0001285500    0.0000584400    0.0000208600
   0.0000041300   -0.0000081700   -0.0000048300
   0.0000268100    0.0000256800    0.0000158600
  -0.0000022100   -0.0000138600   -0.0000023500
  -0.0026208800   -0.0000067900   -0.0000251600
   0.0000442000   -0.0001485700    0.0000141200
   0.0000580400    0.0001512400    0.0000040800
  -0.0000619700   -0.0002089500    0.0000439200
  -0.0000741900    0.0001882400   -0.0000357000
   0.0000222100    0.0000004000    0.0000021500
  -0.0000577100    0.0000861500   -0.0000109800
   0.0000238700    0.0000011700   -0.0000008400
  -0.0000564800   -0.0001037400   -0.0000057600
   0.0063117100    0.0002548500    0.0009630900
   0.0000521800    0.0000012900    0.0000017600
   0.0060659900   -0.0002584400   -0.0010098300
  -0.0000144400    0.0000023300   -0.0000036100
   0.0000443600    0.0000262700    0.0000070100
   0.0000370500   -0.0000303100   -0.0000036400
   0.0000453900   -0.0000173000   -0.0000125100
   0.0000369500    0.0000220100    0.0000156800
  -0.0000323400   -0.0000179200   -0.0000062200
  -0.0010162300   -0.0003726300   -0.0002033100
   0.0000097200   -0.0000183400    0.0000068500
   0.0000988400    0.0000992800   -0.0000507800
  -0.0009189500   -0.0024677600   -0.0014579500
   0.0001207400    0.0001102200    0.0000176400
   0.0000133100    0.0000083500   -0.0000098500
  -0.0000024900   -0.0000063200    0.0000051600
  -0.0000007700    0.0000164800   -0.0000093300
   0.0000047800   -0.0000232500   -0.0000029100

55   
 -0.0100000000000000   0.0000000000000000   0.0000000000000000
  -0.0122970700    0.0003648400   -0.0000198600
   0.0000664300   -0.0000535700   -0.0001293900
   0.0001141700    0.0000825500    0.0001462200
  -0.0002126700   -0.0005740000    0.0001932300
  -0.0001705800    0.0006363700   -0.0000936500
   0.0000519500    0.0000047800    0.0000025000
  -0.0000011900    0.0000057200   -0.0000293800
   0.0000291100   -0.0000031300    0.0000023100
   0.0000228500   -0.0000174700    0.0000265200
  -0.0363376700    0.0135771200    0.0272890900
  -0.0002215700   -0.0003358500   -0.0003265300
  -0.0000091100    0.0000129200    0.0000012600
  -0.0000312200   -0.0000098900   -0.0000107000
  -0.0000319800   -0.0000853100   -0.0000623300
   0.0000027000    0.0000252400    0.0000158300
  -0.0005272200    0.0009912300   -0.0004748600
   0.0000589300   -0.0000137900    0.0000286700
   0.0001085700    0.0001825400    0.0000962900
  -0.0004129600    0.0024041900   -0.0014167900
   0.0000827700   -0.0000044900    0.0000002900
  -0.0006929500   -0.0023864800    0.0014399000
   0.0035277700    0.0000858500    0.0000785500
   0.0000688500    0.0000172600    0.0000457600
   0.0000778200   -0.0000161500   -0.0000373900
   0.0000370000   -0.0000331600    0.0000305500
   0.0000230600    0.0000273800   -0.0000245800
   0.0000138600   -0.0000075100   -0.0000069200
  -0.0360860700   -0.0135320800   -0.0264039100
  -0.0000070700   -0.0000093100    0.0000034800
  -0.0003478700    0.0003388300    0.0003294100
  -0.0000354400    0.0000686500    0.0000747000
  -0.0000280800    0.0000094200   -0.0000040700
   0.0000042000   -0.0000293500   -0.0000126500
   0.0001157100   -0.0001523600   -0.0000835300
   0.0000517200    0.0000141500   -0.0000223500
  -0.0005571200   -0.0010527400    0.0003753800
  -0.0012040200    0.0039694000   -0.0004857200
  -0.0000540500    0.0000189700    0.0000024800
   0.0001530600    0.0000486500   -0.0000872400
  -0.0010309200    0.0037588200    0.0004208900
   0.0001181800    0.0000640400    0.0000142100
  -0.0000464100    0.0000195900   -0.0000018500
  -0.0000244500    0.0000277200    0.0000135500
   0.0000026300   -0.0000106900   -0.0000040300
  -0.0000041100   -0.0000092900   -0.0000020500
  -0.0010037000    0.0010114800   -0.0016735300
  -0.0000179300    0.0000030400   -0.0000010400
  -0.0009941900   -0.0012371600    0.0015057600
   0.0000609200    0.0000334000    0.0000242600
  -0.0000065500   -0.0000173200   -0.0000009800
  -0.0000113600    0.0000211900    0.0000063300
  -0.0000067300   -0.0000112300   -0.0000109100
  -0.0000060900    0.0000061300    0.0000072800
   0.0000425500    0.0000339400    0.0000191200
   0.0964679100   -0.0007712100   -0.0004980000
   0.0000014100    0.0000130300   -0.0000216500
   0.0000012800   -0.0000151000    0.0000407700
  -0.0000165600    0.0000128000    0.0000825000
  -0.0000035100   -0.0000250200   -0.0000710500
  -0.0000134200    0.0000008400    0.0000003800
  -0.0000167900   -0.0000577100    0.0000870600
  -0.0000134600    0.0000001900   -0.0000005700
  -0.0000033700    0.0000619600   -0.0000796500
  -0.0000630700    0.0000930700   -0.0000053700
  -0.0000116800   -0.0000230600    0.0000029800
   0.0008183100   -0.0003507400   -0.0002928200
   0.0008024300   -0.0020917500   -0.0017633200
  -0.0000121300    0.0000064900   -0.0000117300
  -0.0000620400    0.0000886600   -0.0000289100
  -0.0000036400    0.0000246500   -0.0000062500
   0.0000039900   -0.0000081000    0.0000010400
  -0.0000039100   -0.0000127600   -0.0000061300
   0.0001084900   -0.0000702500    0.0000634700
  -0.0000574000   -0.0000206000   -0.0000021900
  -0.0011502100   -0.0040711500    0.0005511300
  -0.0011181400   -0.0037384100   -0.0005685900
  -0.0000510900   -0.0000190000   -0.0000028300
   0.0001332900   -0.0000581200   -0.0000196700
  -0.0000041700    0.0000081500    0.0000048800
  -0.0000269500   -0.0000254600   -0.0000157700
   0.0000023600    0.0000140500    0.0000023300
   0.0026195000    0.0000069400   -0.0000182800
  -0.0000449100    0.0001462900   -0.0000135600
  -0.0000574800   -0.0001533600   -0.0000037000
   0.0000633100    0.0002097900   -0.0000438100
   0.0000722400   -0.0001877200    0.0000356300
  -0.0000222100   -0.0000001500   -0.0000020800
   0.0000559700   -0.0000860500    0.0000107400
  -0.0000239200   -0.0000013500    0.0000009800
   0.0000579300    0.0001035600    0.0000053700
  -0.0061489300   -0.0002525900   -0.0009353900
  -0.0000521700   -0.0000020300   -0.0000015400
  -0.0062257800    0.0002584200    0.0010400100
   0.0000142500   -0.0000007600    0.0000052800
  -0.0000441000   -0.0000257500   -0.0000067100
  -0.0000372800    0.0000308500    0.0000039100
  -0.0000454000    0.0000172100    0.0000130300
  -0.0000369900   -0.0000221800   -0.0000152300
   0.0000324300    0.0000216200    0.0000052700
   0.0010012900    0.0003758600    0.0001878500
  -0.0000099500    0.0000179600   -0.0000070500
  -0.0001000400   -0.0001017100    0.0000557600
   0.0009456900    0.0025208700    0.0014708700
  -0.0001233600   -0.0001090700   -0.0000140600
  -0.0000130400   -0.0000087300    0.0000100700
   0.0000026100    0.0000062200   -0.0000051300
   0.0000006400   -0.0000168000    0.0000091900
  -0.0000047200    0.0000240100    0.0000030200

55   
 -0.0050020300183488   0.0086590816889285   0.0000000000000000
  -0.0059014500    0.0387938700   -0.0273966200
   0.0001863400   -0.0000683400   -0.0000523400
  -0.0000972500    0.0000281700    0.0000729800
  -0.0007150900    0.0003505100    0.0006757400
   0.0004897100    0.0009204000    0.0004242600
   0.0000260000    0.0000175000   -0.0000187800
   0.0000301500    0.0000230400   -0.0000151400
   0.0000064000   -0.0000660600   -0.0000267600
  -0.0000281100    0.0000127400   -0.0000012900
  -0.0307945400    0.0244983600    0.0271664400
  -0.0008412200    0.0001283200   -0.0003256200
  -0.0000002000    0.0000085500   -0.0000100600
  -0.0000272100   -0.0000257000    0.0000013300
  -0.0000277100   -0.0002110300    0.0000712200
  -0.0000254500   -0.0000186700    0.0000083700
   0.0002122400    0.0007246200   -0.0005511600
   0.0000486300   -0.0000453900    0.0000266300
  -0.0000162500    0.0000567400   -0.0000594400
  -0.0023221000   -0.0007153700   -0.0016639200
   0.0000424400   -0.0000096400    0.0000329600
   0.0016777200   -0.0028836800   -0.0001891100
   0.0017520600    0.0020342200    0.0015013900
  -0.0000002800   -0.0000126300   -0.0000097900
   0.0000769500   -0.0000328200   -0.0000402000
   0.0000611800   -0.0000937200   -0.0000009000
  -0.0000213900   -0.0000500400   -0.0000267600
  -0.0000003700   -0.0000670900    0.0000276500
  -0.0060563600    0.0109027100   -0.0001522700
  -0.0000065900    0.0000039100   -0.0000068200
   0.0005609100    0.0004629600    0.0000553500
  -0.0000092000   -0.0001470100    0.0001561900
   0.0000115800   -0.0000294100    0.0000053100
   0.0000257800   -0.0000529300   -0.0000046600
   0.0000976500   -0.0001026100   -0.0001653500
   0.0000135700   -0.0000341400    0.0000005100
  -0.0007222800   -0.0002703700   -0.0000546200
  -0.0036993900    0.0067240200   -0.0006797300
  -0.0000453500    0.0000131800    0.0000108000
   0.0000850700   -0.0000877400    0.0000548700
  -0.0040324400    0.0067310700    0.0008181800
   0.0000627700   -0.0000441400    0.0000106900
  -0.0000469700    0.0000235700    0.0000005400
  -0.0000471400    0.0000688300    0.0000020800
   0.0000038000    0.0000424100   -0.0000045400
   0.0000010600    0.0000495000    0.0000012400
   0.0001234900   -0.0008886400    0.0003019100
  -0.0000097800   -0.0000072000    0.0000017600
  -0.0010559000   -0.0019656200    0.0017697000
   0.0000231200    0.0001409300    0.0000796800
  -0.0000160500   -0.0000022900    0.0000040400
   0.0000013800    0.0000188500    0.0000097600
  -0.0000295600    0.0000027000   -0.0000034100
   0.0000167700    0.0000038700    0.0000044900
   0.0000309100    0.0001842100    0.0000434200
   0.0489231000   -0.0882670300    0.0001497100
   0.0000129800    0.0000196800    0.0000423700
  -0.0000121000    0.0000050700    0.0000759400
   0.0000437400    0.0000143300   -0.0000133500
  -0.0000551200   -0.0000095600   -0.0000909800
  -0.0000071900    0.0000195000    0.0000032300
  -0.0000182600   -0.0000189100   -0.0000068200
  -0.0000071400    0.0000196200   -0.0000011600
   0.0000199600    0.0000342400   -0.0000965200
  -0.0001075300    0.0000758700   -0.0000424100
  -0.0000114400   -0.0000087800   -0.0000083100
   0.0022124700    0.0000304900   -0.0015615000
   0.0007135100   -0.0008539600   -0.0003473300
   0.0000135500    0.0000057800   -0.0000047100
  -0.0001126800    0.0000726400   -0.0000185300
   0.0000098500    0.0000403600    0.0000070000
   0.0000090400    0.0000118500    0.0000045400
  -0.0000233600    0.0000217800   -0.0000104700
   0.0000489300   -0.0001226100    0.0001127200
  -0.0000068700   -0.0000064900    0.0000083000
   0.0025542500    0.0028153900   -0.0003707000
   0.0030196000    0.0030206600    0.0004563700
  -0.0000007500    0.0000043000    0.0000031900
   0.0000496100   -0.0000987500   -0.0000111500
  -0.0000004400    0.0000591400    0.0000030100
   0.0000223700    0.0000440500   -0.0000108800
  -0.0000070300    0.0000616900   -0.0000008600
   0.0013037900   -0.0022730500    0.0000266400
   0.0000856000   -0.0000222200   -0.0000225800
  -0.0001698700   -0.0001643000   -0.0000107300
   0.0000867400    0.0001007500   -0.0000364200
  -0.0000154100   -0.0000942300    0.0000414100
  -0.0000103700    0.0000216600   -0.0000000100
  -0.0001695000   -0.0000305100    0.0000302700
  -0.0000100700    0.0000198000   -0.0000006700
   0.0002333600    0.0000693700    0.0000136300
  -0.0034905100   -0.0008391600   -0.0005524700
  -0.0000269200    0.0000103600    0.0000193700
  -0.0027133000   -0.0007178200    0.0004454700
   0.0000305300   -0.0002267300   -0.0001076500
   0.0000025500    0.0000195700   -0.0000005900
  -0.0000468300    0.0000456000    0.0000038200
  -0.0000443700    0.0000264900   -0.0000045600
   0.0000053800    0.0000045300   -0.0000156900
   0.0000116400   -0.0001949100    0.0000123300
  -0.0016611000    0.0005331000   -0.0013138800
   0.0000043100    0.0000099000   -0.0000189100
   0.0000016800   -0.0000226300   -0.0000149500
   0.0002605200    0.0016252200    0.0013026700
   0.0000003300    0.0000164600    0.0000246800
  -0.0000317400    0.0000013300    0.0000083000
  -0.0000059000    0.0000125300    0.0000038300
  -0.0000076500    0.0000087800    0.0000175300
   0.0000219800    0.0000322000   -0.0000016700

55   
  0.0050020300183488  -0.0086590816889285   0.0000000000000000
   0.0059176100   -0.0396747400    0.0283544600
  -0.0001874800    0.0000684700    0.0000526900
   0.0000972400   -0.0000309900   -0.0000735300
   0.0006827200   -0.0003231800   -0.0006614200
  -0.0004869700   -0.0009068100   -0.0004127000
  -0.0000255000   -0.0000172300    0.0000184300
  -0.0000311700   -0.0000256700    0.0000156700
  -0.0000065700    0.0000661700    0.0000266200
   0.0000292500   -0.0000140500    0.0000008000
   0.0300307900   -0.0240509200   -0.0262292500
   0.0008515600   -0.0001333200    0.0003338700
  -0.0000004500   -0.0000068400    0.0000092800
   0.0000243200    0.0000260100   -0.0000009800
   0.0000274500    0.0002101200   -0.0000706400
   0.0000259200    0.0000189500   -0.0000087500
  -0.0002066000   -0.0007683000    0.0005646000
  -0.0000487500    0.0000452800   -0.0000268600
   0.0000130700   -0.0000555300    0.0000589400
   0.0023678300    0.0007019200    0.0016754900
  -0.0000427600    0.0000093400   -0.0000333600
  -0.0017133000    0.0028655000    0.0001726900
  -0.0017427800   -0.0019797100   -0.0014912800
   0.0000009800    0.0000128800    0.0000100400
  -0.0000767100    0.0000324300    0.0000389300
  -0.0000617600    0.0000935100    0.0000003500
   0.0000209300    0.0000501600    0.0000265600
   0.0000004700    0.0000669600   -0.0000291000
   0.0059331600   -0.0109833800    0.0000890000
   0.0000076800   -0.0000036800    0.0000069600
  -0.0005566100   -0.0004540600   -0.0000555800
   0.0000105700    0.0001460600   -0.0001541000
  -0.0000108000    0.0000305400   -0.0000052100
  -0.0000254100    0.0000531400    0.0000041000
  -0.0000973600    0.0001044200    0.0001673600
  -0.0000140200    0.0000338600   -0.0000006700
   0.0007322800    0.0002667100    0.0000557900
   0.0037993600   -0.0068852600    0.0006840000
   0.0000456800   -0.0000130900   -0.0000103900
  -0.0000862400    0.0000863900   -0.0000535600
   0.0039402300   -0.0065597900   -0.0008121500
  -0.0000653800    0.0000430700   -0.0000129300
   0.0000463400   -0.0000237100   -0.0000004600
   0.0000478400   -0.0000683600   -0.0000024200
  -0.0000036300   -0.0000423300    0.0000050300
  -0.0000015800   -0.0000499000   -0.0000010800
  -0.0001288200    0.0008977200   -0.0003144200
   0.0000099700    0.0000071000   -0.0000016500
   0.0010266000    0.0019227700   -0.0017509700
  -0.0000219100   -0.0001385800   -0.0000750900
   0.0000154800    0.0000019200   -0.0000038800
  -0.0000007700   -0.0000189800   -0.0000097100
   0.0000296100   -0.0000022300    0.0000032700
  -0.0000163900   -0.0000036300   -0.0000046600
  -0.0000319400   -0.0001821800   -0.0000408300
  -0.0479494400    0.0888275100   -0.0020363400
  -0.0000139100   -0.0000199900   -0.0000430000
   0.0000097500   -0.0000064400   -0.0000748100
  -0.0000413100   -0.0000155000    0.0000151600
   0.0000541100    0.0000085000    0.0000902400
   0.0000069100   -0.0000197000   -0.0000031400
   0.0000182000    0.0000214400    0.0000089800
   0.0000074400   -0.0000194000    0.0000009300
  -0.0000222400   -0.0000351800    0.0000979900
   0.0001094600   -0.0000767000    0.0000462200
   0.0000119300    0.0000089400    0.0000082400
  -0.0022645200   -0.0000337200    0.0015772700
  -0.0007092300    0.0008459500    0.0003381900
  -0.0000141500   -0.0000060400    0.0000048700
   0.0001142800   -0.0000741900    0.0000217100
  -0.0000092300   -0.0000406400   -0.0000070400
  -0.0000090700   -0.0000117000   -0.0000044600
   0.0000235600   -0.0000210800    0.0000106100
  -0.0000486400    0.0001232900   -0.0001141500
   0.0000070900    0.0000067200   -0.0000082300
  -0.0025900000   -0.0028296800    0.0003708800
  -0.0029922900   -0.0030254400   -0.0004689300
   0.0000005900   -0.0000044300   -0.0000033100
  -0.0000480400    0.0000962800    0.0000120300
   0.0000009200   -0.0000585500   -0.0000032600
  -0.0000226000   -0.0000440300    0.0000108900
   0.0000069000   -0.0000624200    0.0000012400
  -0.0013011700    0.0022741800   -0.0000744300
  -0.0000863500    0.0000231400    0.0000225000
   0.0001697100    0.0001631100    0.0000115900
  -0.0000851800   -0.0001015100    0.0000360300
   0.0000156900    0.0000928300   -0.0000418100
   0.0000101000   -0.0000218000    0.0000001300
   0.0001700400    0.0000321900   -0.0000306800
   0.0000103700   -0.0000196500    0.0000008200
  -0.0002345400   -0.0000688400   -0.0000130000
   0.0034982200    0.0008607000    0.0005468200
   0.0000269100   -0.0000106000   -0.0000191200
   0.0026923800    0.0006994400   -0.0004378000
  -0.0000309700    0.0002247000    0.0001061600
  -0.0000027300   -0.0000195800    0.0000005600
   0.0000462400   -0.0000451700   -0.0000035100
   0.0000451300   -0.0000264400    0.0000044800
  -0.0000052000   -0.0000044300    0.0000158100
  -0.0000127400    0.0002004400   -0.0000103200
   0.0016471300   -0.0005370700    0.0013193600
  -0.0000044500   -0.0000099300    0.0000190000
   0.0000008900    0.0000238900    0.0000206900
  -0.0002707700   -0.0016358400   -0.0012973100
  -0.0000008500   -0.0000169300   -0.0000239800
   0.0000315200   -0.0000015900   -0.0000083500
   0.0000056800   -0.0000126900   -0.0000036500
   0.0000074800   -0.0000090200   -0.0000175700
  -0.0000224100   -0.0000323600    0.0000015300

55   
  0.0000000000000000   0.0000000000000000   0.0100000000000000
  -0.0004816500   -0.0327702300    0.0414473800
  -0.0000553200    0.0000443800   -0.0000062800
   0.0000443700    0.0000664600   -0.0000236400
   0.0002319900   -0.0002245800    0.0005477000
  -0.0000749300   -0.0002555200    0.0004956400
   0.0000001000   -0.0000111000    0.0000089800
   0.0000308300    0.0000378300   -0.0000069500
  -0.0000032800   -0.0000209500    0.0000032100
  -0.0000306900    0.0000471700   -0.0000036200
  -0.0273930100    0.0160995700    0.0417746900
  -0.0000167600    0.0001742500    0.0006553100
   0.0000415700   -0.0000515600   -0.0000016200
   0.0000538900    0.0000184900    0.0000092900
   0.0000275300   -0.0001287700   -0.0000401700
  -0.0000069000    0.0000100300    0.0000116500
  -0.0001097700    0.0003768600    0.0004981200
  -0.0000165500    0.0000039700   -0.0000001000
   0.0001150000    0.0000327600   -0.0000579000
   0.0005849500   -0.0002692100    0.0018424400
   0.0000097500   -0.0000005500    0.0000130700
  -0.0006168400   -0.0002557500    0.0020464000
  -0.0000402800    0.0002344000    0.0020097600
   0.0000280800    0.0000393100    0.0000375800
  -0.0000191600    0.0000339900    0.0000203600
  -0.0000123500   -0.0000077300    0.0000188100
   0.0000199100   -0.0000026500    0.0000102800
  -0.0000021800   -0.0000152000    0.0000118600
   0.0272815700    0.0165691100    0.0418159000
  -0.0000377900   -0.0000417700   -0.0000024500
   0.0000413300    0.0000962000    0.0006768200
  -0.0000443800   -0.0000879900   -0.0000447700
  -0.0000528300    0.0000209700    0.0000099600
   0.0000022000    0.0000081900    0.0000080500
  -0.0000895000    0.0000218300   -0.0000499900
   0.0000248400    0.0000105300    0.0000015900
   0.0001638300    0.0003167100    0.0004797500
  -0.0003567400    0.0009539300   -0.0029087800
  -0.0000064900    0.0000056100   -0.0000210900
  -0.0000203500   -0.0000191200    0.0000207700
   0.0005813800   -0.0009754600   -0.0032112400
   0.0001145800    0.0000105700    0.0000600400
   0.0000018000    0.0000045900   -0.0000217000
  -0.0000132300   -0.0000104600    0.0000022800
   0.0000022700   -0.0000075700   -0.0000206400
   0.0000081900   -0.0000053800   -0.0000229000
   0.0014098600   -0.0013116300    0.0005517200
  -0.0000029200    0.0000002200    0.0000121600
  -0.0013960700   -0.0012849800    0.0003462600
  -0.0000244900    0.0000224900   -0.0002330300
   0.0000145700   -0.0000058100    0.0000060500
  -0.0000123700   -0.0000036900    0.0000097800
   0.0000032500   -0.0000046400    0.0000107600
  -0.0000100600   -0.0000046800    0.0000126400
   0.0000155600   -0.0000306200   -0.0002349200
  -0.0004429100    0.0010226700   -0.1284074000
  -0.0000402100    0.0000642400   -0.0002433200
   0.0000246800    0.0000626400   -0.0002432500
  -0.0000863800   -0.0000618900   -0.0001840400
   0.0000777600   -0.0000687800   -0.0001929800
   0.0000005000   -0.0000008500    0.0000052500
  -0.0000828600   -0.0000614400   -0.0001841500
  -0.0000004000    0.0000034500    0.0000051600
   0.0000730700   -0.0000610500   -0.0001931400
  -0.0000275400    0.0000040200   -0.0002431900
  -0.0000119100   -0.0000013900    0.0000094800
  -0.0017642200   -0.0006290100    0.0003696600
  -0.0002836500    0.0016394300    0.0003687800
   0.0000032000    0.0000114300    0.0000093200
  -0.0000078500    0.0000463100   -0.0002454500
  -0.0000062400    0.0000085300    0.0000106400
   0.0000009200   -0.0000046900    0.0000102600
  -0.0000062700   -0.0000119500    0.0000104500
   0.0000111400   -0.0000166000    0.0000379100
   0.0000012100    0.0000032100   -0.0000270200
   0.0003809000    0.0008682100   -0.0029125500
  -0.0004689800   -0.0009401800   -0.0033315000
  -0.0000032800    0.0000039100   -0.0000259300
  -0.0001116800    0.0000076500    0.0000394100
  -0.0000032300   -0.0000055100   -0.0000254800
   0.0000110000   -0.0000120900    0.0000021900
  -0.0000084500   -0.0000070600   -0.0000274400
   0.0000498600    0.0000247300    0.0135029700
  -0.0000362600    0.0000299700    0.0000034900
   0.0000307500    0.0000050700   -0.0000030200
  -0.0000225700    0.0000032000    0.0000029900
   0.0000417200   -0.0000169300    0.0000399600
  -0.0000007000   -0.0000014000   -0.0000008500
  -0.0000111000   -0.0000021100   -0.0000035100
  -0.0000000700    0.0000023800   -0.0000008500
   0.0000132400    0.0000013900    0.0000281600
  -0.0007121000   -0.0003162500   -0.0035163400
  -0.0000020600    0.0000222000    0.0000050500
   0.0007667700   -0.0003231500   -0.0034196500
  -0.0000000400    0.0000077900    0.0000492500
   0.0000032200   -0.0000061900   -0.0000309900
  -0.0000072900   -0.0000041600   -0.0000312900
   0.0000004100   -0.0000038400   -0.0000363900
  -0.0000016400   -0.0000038900   -0.0000344600
   0.0000029100   -0.0001570700    0.0000034900
   0.0022943600   -0.0007828900    0.0005719100
   0.0000031400    0.0000042300    0.0000014600
   0.0000214000    0.0000263400   -0.0002991400
   0.0003845100    0.0021288800    0.0003850000
   0.0000424500    0.0000436700   -0.0002163100
  -0.0000072600    0.0000126900    0.0000116500
  -0.0000011700   -0.0000012700    0.0000053100
   0.0000042900    0.0000052600    0.0000052400
   0.0000085800   -0.0000147400    0.0000100100

55   
  0.0000000000000000   0.0000000000000000  -0.0100000000000000
   0.0004881700    0.0316868000   -0.0406008600
   0.0000540900   -0.0000405300    0.0000056800
  -0.0000436200   -0.0000624700    0.0000231000
  -0.0002421200    0.0002557700   -0.0005366200
   0.0000884900    0.0002870400   -0.0004830500
  -0.0000002100    0.0000101700   -0.0000087200
  -0.0000308900   -0.0000371700    0.0000097000
   0.0000033200    0.0000211600   -0.0000031100
   0.0000307900   -0.0000462900    0.0000064600
   0.0264521200   -0.0155675800   -0.0409222100
   0.0000492800   -0.0001769900   -0.0006443800
  -0.0000404000    0.0000513900    0.0000036900
  -0.0000535100   -0.0000189300   -0.0000066400
  -0.0000246000    0.0001254100    0.0000399900
   0.0000062500   -0.0000098400   -0.0000112400
   0.0001333100   -0.0004031300   -0.0004871500
   0.0000165600   -0.0000039300    0.0000002500
  -0.0001114700   -0.0000348200    0.0000572400
  -0.0006249400    0.0002893200   -0.0018396000
  -0.0000095700    0.0000010400   -0.0000124200
   0.0006532400    0.0002746800   -0.0020415300
   0.0000393600   -0.0002772800   -0.0020088100
  -0.0000270600   -0.0000388100   -0.0000339400
   0.0000186300   -0.0000333500   -0.0000168800
   0.0000121800    0.0000076300   -0.0000181200
  -0.0000196200    0.0000026500   -0.0000097300
   0.0000024700    0.0000144500   -0.0000076000
  -0.0263418900   -0.0160453700   -0.0409660600
   0.0000367600    0.0000417800    0.0000044200
  -0.0000724400   -0.0001013200   -0.0006682500
   0.0000416400    0.0000854000    0.0000448900
   0.0000525600   -0.0000213800   -0.0000073100
  -0.0000016600   -0.0000079800   -0.0000076200
   0.0000866500   -0.0000235500    0.0000494000
  -0.0000247500   -0.0000104100   -0.0000014000
  -0.0001867400   -0.0003436500   -0.0004699200
   0.0003390600   -0.0009315400    0.0028766000
   0.0000059500   -0.0000056800    0.0000208100
   0.0000216900    0.0000196300   -0.0000255000
  -0.0005672400    0.0009499200    0.0031753100
  -0.0001175500   -0.0000117200   -0.0000617400
  -0.0000014300   -0.0000043100    0.0000207100
   0.0000130200    0.0000103600   -0.0000031300
  -0.0000024200    0.0000071700    0.0000205300
  -0.0000078800    0.0000056400    0.0000217500
  -0.0014195700    0.0013257900   -0.0005522000
   0.0000029000   -0.0000003100   -0.0000123900
   0.0014070300    0.0013019900   -0.0003452600
   0.0000244100   -0.0000155600    0.0002356800
  -0.0000142600    0.0000060200   -0.0000065000
   0.0000119600    0.0000038600   -0.0000101200
  -0.0000031700    0.0000046700   -0.0000107200
   0.0000100100    0.0000047300   -0.0000127300
  -0.0000157300    0.0000301700    0.0002332300
   0.0004283900   -0.0009984300    0.1257556000
   0.0000376900   -0.0000648800    0.0002387900
  -0.0000222100   -0.0000630100    0.0002388400
   0.0000890000    0.0000577500    0.0001792900
  -0.0000802100    0.0000646000    0.0001884400
  -0.0000004800    0.0000009800   -0.0000058000
   0.0000806100    0.0000659500    0.0001791700
   0.0000003900   -0.0000034700   -0.0000058700
  -0.0000706000    0.0000651700    0.0001882800
   0.0000332400   -0.0000071900    0.0002452600
   0.0000117800    0.0000012300   -0.0000096600
   0.0017833500    0.0006286600   -0.0003681700
   0.0002904800   -0.0016533500   -0.0003690400
  -0.0000029100   -0.0000110100   -0.0000098500
   0.0000068800   -0.0000474500    0.0002430400
   0.0000063500   -0.0000085300   -0.0000107400
  -0.0000009900    0.0000046900   -0.0000106400
   0.0000060700    0.0000115900   -0.0000109600
  -0.0000118100    0.0000168200   -0.0000429700
  -0.0000007500   -0.0000032900    0.0000266400
  -0.0003603700   -0.0008447300    0.0028788600
   0.0004562800    0.0009118900    0.0032923300
   0.0000029500   -0.0000035800    0.0000248200
   0.0001150600   -0.0000088900   -0.0000415400
   0.0000033400    0.0000050700    0.0000252700
  -0.0000107100    0.0000119600   -0.0000032000
   0.0000081100    0.0000073600    0.0000262200
  -0.0000511300   -0.0000257300   -0.0132312400
   0.0000361100   -0.0000294500   -0.0000020900
  -0.0000301700   -0.0000049900    0.0000045300
   0.0000224700   -0.0000027900   -0.0000025900
  -0.0000415000    0.0000173400   -0.0000385400
   0.0000007700    0.0000015500    0.0000005300
   0.0000111500    0.0000018500    0.0000040400
   0.0000000600   -0.0000023900    0.0000005900
  -0.0000133600   -0.0000011400   -0.0000265000
   0.0006963800    0.0003227500    0.0034798900
   0.0000020700   -0.0000218900   -0.0000061500
  -0.0007503700    0.0003290500    0.0033849000
   0.0000002400   -0.0000079600   -0.0000538300
  -0.0000033500    0.0000058900    0.0000297000
   0.0000074300    0.0000038000    0.0000300700
  -0.0000007400    0.0000042800    0.0000362700
   0.0000018400    0.0000043000    0.0000343400
  -0.0000028200    0.0001619500   -0.0000061700
  -0.0023098000    0.0007775900   -0.0005685300
  -0.0000030400   -0.0000042900   -0.0000017800
  -0.0000262600   -0.0000289400    0.0002989100
  -0.0003953800   -0.0021402900   -0.0003821900
  -0.0000422700   -0.0000453900    0.0002116900
   0.0000069400   -0.0000122700   -0.0000121600
   0.0000013300    0.0000013800   -0.0000057200
  -0.0000043200   -0.0000053300   -0.0000055300
  -0.0000084400    0.0000143800   -0.0000107000

91   
  0.0100000000000000   0.0000000000000000   0.0000000000000000
   0.0000376500    0.0025088800   -0.0015346700
   0.0003730900   -0.0024908300    0.0015977100
  -0.0000666300   -0.0000044800    0.0000003200
  -0.0000703100    0.0000328700    0.0000055000
  -0.0043038200    0.0000861900    0.0000685800
  -0.0000860200   -0.0000256100    0.0000018500
  -0.0000209500   -0.0000019900   -0.0000059100
  -0.0000250700    0.0000217000   -0.0000259700
  -0.0000408500   -0.0000271400    0.0000323400
   0.0006419900   -0.0002914000   -0.0002457800
   0.0428931300    0.0150969100    0.0291207000
   0.0000489100    0.0000321600    0.0000056900
  -0.0000048500    0.0000265500    0.0000179800
   0.0000662300   -0.0001072100   -0.0001031600
   0.0000332500    0.0000194600   -0.0000267600
   0.0005221100    0.0009842800   -0.0002047700
  -0.0001764000    0.0001709700    0.0000648000
  -0.0000626800   -0.0000128100    0.0000226800
   0.0160555900    0.0003929500    0.0001101900
  -0.0001369000    0.0001150700    0.0001711600
  -0.0000880900   -0.0000893500   -0.0001456900
   0.0000065700    0.0005397900   -0.0000808400
   0.0000127600   -0.0004767000    0.0001579600
  -0.0000523900    0.0000040000    0.0000022700
  -0.0000155000   -0.0000182600    0.0000167700
  -0.0000264200   -0.0000011700    0.0000014800
   0.0000076800    0.0000103100   -0.0000202700
   0.0425726100   -0.0150873800   -0.0281268100
   0.0007704900    0.0002929000    0.0002467200
   0.0000412500   -0.0000311500   -0.0000027700
   0.0000295300   -0.0000233500    0.0000111800
   0.0000770400    0.0000973800    0.0001268800
  -0.0000063200   -0.0000297800   -0.0000140800
   0.0005906300   -0.0010433300    0.0001121900
  -0.0000547900    0.0000145500   -0.0000192500
  -0.0001795000   -0.0001488600   -0.0000473100
   0.0007960300    0.0033108800   -0.0006297700
  -0.0002251100    0.0000823800   -0.0001710300
   0.0000586800    0.0000133300    0.0000008800
  -0.0001906500    0.0001043200    0.0000009000
   0.0009282300    0.0028028500   -0.0000616700
   0.0000413100    0.0000191100   -0.0000073600
   0.0000079900    0.0000037700   -0.0000036300
   0.0000093100   -0.0000134700   -0.0000065100
   0.0000199700    0.0000191600    0.0000175900
  -0.0029799700    0.0000214500   -0.0000260500
   0.0000553600   -0.0001751200    0.0000251600
   0.0000459500    0.0001632800   -0.0000443500
  -0.0000967800   -0.0001958100    0.0000265800
  -0.0000811200    0.0002291600   -0.0000350000
   0.0000186100    0.0000006800   -0.0000019800
  -0.0000605200    0.0000873000    0.0000580100
   0.0000208000   -0.0000017800    0.0000012900
  -0.0000588800   -0.0000694400   -0.0000365900
   0.0061455200   -0.0004355000   -0.0006984700
   0.0062290900    0.0004286900    0.0007661500
   0.0000524400   -0.0000012700   -0.0000020100
   0.0000454300   -0.0000249200    0.0000006000
  -0.0000323100   -0.0000043000    0.0000035000
   0.0000371500    0.0000276400   -0.0000016700
  -0.0000144300    0.0000285100   -0.0000013200
   0.0000373300   -0.0000322000   -0.0000071200
   0.0000443100    0.0000283400    0.0000035400
  -0.0009375100   -0.0002303500   -0.0003962700
   0.0000130000   -0.0000289900    0.0000068900
   0.0001210100    0.0000704000   -0.0000400100
  -0.0009957700   -0.0024593300   -0.0022858600
   0.0000976900    0.0000574500   -0.0000221000
   0.0000099500    0.0000106300   -0.0000030600
  -0.0000020700   -0.0000081000    0.0000013400
   0.0000046800    0.0000281000   -0.0000086100
  -0.0000005400   -0.0000086700   -0.0000041800
   0.0007341000   -0.0033884400    0.0006580700
   0.0000625700   -0.0000160700   -0.0000003800
  -0.0001765700   -0.0001019900    0.0001387800
   0.0010140000   -0.0027435900   -0.0000761300
  -0.0002142700   -0.0001128800   -0.0000064400
   0.0000449400   -0.0000171300    0.0000038600
   0.0000228800   -0.0000153400   -0.0000200800
   0.0000157900    0.0000093800    0.0000068500
   0.0000013100    0.0000014300    0.0000026300
   0.0012916100    0.0009612700   -0.0018222200
   0.0012782100   -0.0012115900    0.0016582600
   0.0000140400    0.0000032300   -0.0000003800
   0.0000065000   -0.0000197700    0.0000021200
   0.0000137400    0.0000454700    0.0000195700
   0.0000114900    0.0000240100    0.0000023100
  -0.0000203500    0.0000320200    0.0000128300
   0.0000169800    0.0000110300    0.0000142900
   0.0000169500   -0.0000163400   -0.0000168700
  -0.1107872700   -0.0009074600   -0.0006181700
  -0.0000221400   -0.0000001800    0.0000635900
  -0.0000201300    0.0000047500   -0.0000384500
   0.0000030700    0.0000147200   -0.0000630300
   0.0000218200   -0.0000224600    0.0000762100
   0.0000147900    0.0000005800   -0.0000000600
   0.0000027700    0.0000195300   -0.0000123900
   0.0000147800    0.0000002100    0.0000008200
   0.0000221100   -0.0000206100    0.0000228100
  -0.0011183800    0.0002368200    0.0002261100
   0.0001638700   -0.0000744200    0.0000710000
   0.0000114800    0.0000251700   -0.0000104700
   0.0001640700   -0.0000738700   -0.0000096100
  -0.0011429800    0.0029768800    0.0019974200
   0.0000112200   -0.0000140300    0.0000002900
   0.0000000000    0.0000191700    0.0000030600
   0.0000000600   -0.0000205000    0.0000101000
  -0.0000002500    0.0000066000   -0.0000049400

91   
 -0.0100000000000000   0.0000000000000000   0.0000000000000000
  -0.0000719000   -0.0025483200    0.0015407500
  -0.0003342900    0.0024546000   -0.0015968500
   0.0000667700    0.0000052300   -0.0000006600
   0.0000709000   -0.0000335000   -0.0000065300
   0.0043045600   -0.0000343600   -0.0000801200
   0.0000856800    0.0000249900   -0.0000028500
   0.0000209300    0.0000010900    0.0000057200
   0.0000253800   -0.0000209700    0.0000255200
   0.0000409400    0.0000279400   -0.0000329700
  -0.0006789000    0.0003007800    0.0002447800
  -0.0419158500   -0.0145595900   -0.0280749600
  -0.0000468100   -0.0000294500   -0.0000058100
   0.0000048200   -0.0000268600   -0.0000184200
  -0.0000634400    0.0001103600    0.0001036500
  -0.0000310300   -0.0000192200    0.0000257200
  -0.0005322300   -0.0009909100    0.0002126900
   0.0001747900   -0.0001691400   -0.0000633000
   0.0000626500    0.0000131700   -0.0000227100
  -0.0160682700   -0.0002502900   -0.0001531000
   0.0001360000   -0.0001164000   -0.0001694600
   0.0000881700    0.0000884300    0.0001473500
  -0.0000134200   -0.0005442500    0.0000802400
  -0.0000055100    0.0004726200   -0.0001556700
   0.0000524800   -0.0000038800   -0.0000027000
   0.0000160700    0.0000172500   -0.0000165600
   0.0000263900    0.0000019000   -0.0000018000
  -0.0000079700   -0.0000109800    0.0000204200
  -0.0435692900    0.0156305700    0.0291995300
  -0.0007320700   -0.0002822900   -0.0002472500
  -0.0000433000    0.0000335500    0.0000028500
  -0.0000314900    0.0000236100   -0.0000122000
  -0.0000791800   -0.0000952500   -0.0001274900
   0.0000062700    0.0000293800    0.0000137100
  -0.0005787800    0.0010362400   -0.0001043200
   0.0000549400   -0.0000141100    0.0000192000
   0.0001811200    0.0001510100    0.0000484400
  -0.0007849300   -0.0033220600    0.0006218400
   0.0002236400   -0.0000799600    0.0001695100
  -0.0000589600   -0.0000136600   -0.0000012100
   0.0001972200   -0.0001060700    0.0000002000
  -0.0009310400   -0.0027701600    0.0000606400
  -0.0000408600   -0.0000185600    0.0000074200
  -0.0000078600   -0.0000035300    0.0000033500
  -0.0000093100    0.0000137300    0.0000063000
  -0.0000202000   -0.0000188100   -0.0000175200
   0.0029815300   -0.0000236100   -0.0000176400
  -0.0000554200    0.0001727500   -0.0000238800
  -0.0000456300   -0.0001657700    0.0000458200
   0.0000996400    0.0001965700   -0.0000261500
   0.0000791300   -0.0002279400    0.0000355900
  -0.0000185700   -0.0000003300    0.0000021100
   0.0000589500   -0.0000877300   -0.0000586800
  -0.0000207200    0.0000017300   -0.0000012300
   0.0000608100    0.0000695000    0.0000362300
  -0.0063152000    0.0004385400    0.0007106100
  -0.0060627700   -0.0004284700   -0.0007517300
  -0.0000524100    0.0000006300    0.0000020500
  -0.0000455500    0.0000256600   -0.0000005400
   0.0000324500    0.0000050100   -0.0000022600
  -0.0000369600   -0.0000269100    0.0000017600
   0.0000143100   -0.0000258900   -0.0000010800
  -0.0000372000    0.0000319900    0.0000075500
  -0.0000443600   -0.0000284400   -0.0000030500
   0.0009273100    0.0002332600    0.0003833800
  -0.0000134700    0.0000288300   -0.0000071400
  -0.0001230100   -0.0000719100    0.0000448800
   0.0010222500    0.0025273900    0.0023187100
  -0.0001011200   -0.0000583200    0.0000254300
  -0.0000098300   -0.0000108300    0.0000030000
   0.0000024300    0.0000081700   -0.0000011500
  -0.0000048600   -0.0000286300    0.0000084800
   0.0000007900    0.0000096300    0.0000043900
  -0.0007429800    0.0033747000   -0.0006656900
  -0.0000621700    0.0000157000    0.0000001200
   0.0001778500    0.0001049200   -0.0001403500
  -0.0010105900    0.0027768000    0.0000753800
   0.0002074200    0.0001110500    0.0000073800
  -0.0000452600    0.0000175200   -0.0000037100
  -0.0000226300    0.0000156600    0.0000202000
  -0.0000157500   -0.0000091800   -0.0000068600
  -0.0000013300   -0.0000011100   -0.0000027000
  -0.0012898000   -0.0009466600    0.0018322200
  -0.0012797600    0.0012218300   -0.0016485800
  -0.0000140100   -0.0000030900    0.0000006100
  -0.0000063700    0.0000205900   -0.0000023100
  -0.0000145200   -0.0000491800   -0.0000152200
  -0.0000115700   -0.0000233200   -0.0000025000
   0.0000204300   -0.0000305600   -0.0000112400
  -0.0000172100   -0.0000104300   -0.0000143800
  -0.0000167900    0.0000169200    0.0000167300
   0.1108104100   -0.0005276400   -0.0015182900
   0.0000201200    0.0000003700   -0.0000578400
   0.0000221300   -0.0000046600    0.0000438600
  -0.0000031100   -0.0000128700    0.0000658900
  -0.0000216700    0.0000243000   -0.0000734400
  -0.0000147600   -0.0000000800    0.0000000600
  -0.0000034200   -0.0000180300    0.0000118900
  -0.0000147600   -0.0000004400   -0.0000011300
  -0.0000213900    0.0000219600   -0.0000231800
   0.0011334800   -0.0002332500   -0.0002438300
  -0.0001620800    0.0000727600   -0.0000648000
  -0.0000111400   -0.0000253100    0.0000102000
  -0.0001619200    0.0000732900    0.0000137000
   0.0011091100   -0.0029004100   -0.0019745500
  -0.0000113900    0.0000136500   -0.0000002500
  -0.0000000400   -0.0000182800   -0.0000029100
   0.0000000100    0.0000202300   -0.0000102100
   0.0000000000   -0.0000065800    0.0000050100

91   
  0.0000000000000000   0.0000000000000000   0.0100000000000000
  -0.0002010600   -0.0001620900    0.0017694300
   0.0002950300   -0.0001702300    0.0020514400
  -0.0000097700    0.0000146800    0.0000141400
  -0.0000516000    0.0000298300    0.0000900100
   0.0000398200    0.0002552600    0.0017694300
   0.0000360000    0.0000268700    0.0000684700
  -0.0000052200   -0.0000445200    0.0000684800
  -0.0000175600    0.0000012000    0.0000141400
   0.0000085700   -0.0000048900    0.0000224300
  -0.0002366200    0.0001648000    0.0008097800
   0.0285557400    0.0159006400    0.0420684000
  -0.0000584400   -0.0000691200    0.0000204800
   0.0000270000    0.0000143800    0.0000158100
  -0.0000371500   -0.0001328700   -0.0000267900
  -0.0000782600   -0.0000150200    0.0000140000
  -0.0001055900   -0.0001320800    0.0008591500
  -0.0001534600    0.0000038700   -0.0000419600
   0.0000117000    0.0000050400   -0.0000029400
   0.0005152300   -0.0326799400    0.0420682600
  -0.0000800700    0.0001310300   -0.0000419600
   0.0000965200    0.0000987200   -0.0000267800
  -0.0002610000    0.0001225400    0.0008097800
   0.0000616100    0.0001575900    0.0008591500
   0.0000011100   -0.0000304900    0.0000158000
   0.0000306700    0.0000852600    0.0000204800
   0.0000015400   -0.0000125700   -0.0000029400
  -0.0000260900    0.0000753700    0.0000139900
  -0.0284461700    0.0164190100    0.0419631000
   0.0001890200    0.0000552200    0.0008142100
   0.0000547000   -0.0000580000    0.0000197100
   0.0000776300   -0.0000182700    0.0000197100
   0.0000598100   -0.0000911200   -0.0000295600
  -0.0000216800    0.0000125700    0.0000112900
   0.0000467900   -0.0001912100    0.0008142000
  -0.0000209600    0.0000121500   -0.0000006000
   0.0001088700   -0.0000061300   -0.0000295600
   0.0003620500    0.0010020500   -0.0034443800
   0.0000110400   -0.0000063100   -0.0000226300
   0.0000112200    0.0000039800   -0.0000249800
  -0.0001160400    0.0000670300    0.0000703600
  -0.0006865400   -0.0008146400   -0.0034443700
  -0.0000016500    0.0000145500   -0.0000312300
  -0.0000133700   -0.0000057700   -0.0000312300
   0.0000022200   -0.0000116300   -0.0000249800
   0.0000197400   -0.0000113400    0.0000082000
  -0.0000399700    0.0000230600    0.0164377400
  -0.0000419500    0.0000128000    0.0000322900
   0.0000416800    0.0000402400    0.0000376400
  -0.0000139400   -0.0000561400    0.0000376400
   0.0000059100   -0.0000349500   -0.0000214400
   0.0000006800   -0.0000003500   -0.0000062200
  -0.0000320200    0.0000300100    0.0000322900
  -0.0000000500    0.0000000800    0.0000005100
   0.0000332600    0.0000124400   -0.0000214400
   0.0009512500   -0.0000831000   -0.0035160000
  -0.0010275900   -0.0000787000   -0.0034189600
   0.0000016800    0.0000233700    0.0000054900
  -0.0000127800   -0.0000127700   -0.0000366400
  -0.0000058000    0.0000089400    0.0000022900
   0.0000155100   -0.0000094400   -0.0000346900
  -0.0000046200   -0.0001232600    0.0000515000
  -0.0000038100    0.0000023900   -0.0000306200
   0.0000069700    0.0000036700   -0.0000302400
   0.0014515300   -0.0006528600    0.0003880200
   0.0000099400   -0.0000038700    0.0000120500
  -0.0000188100   -0.0000389600   -0.0002123700
   0.0001925500    0.0016222700    0.0005734300
   0.0000530700    0.0000511900   -0.0003000800
  -0.0000071100    0.0000180200    0.0000016600
  -0.0000051100   -0.0000072800    0.0000057100
   0.0000029100    0.0000035600    0.0000105600
   0.0000093300   -0.0000151300    0.0000054900
  -0.0004458300    0.0009292300   -0.0034189700
  -0.0000039300    0.0000021900   -0.0000306200
  -0.0000105900    0.0000006300    0.0000022900
   0.0005478100   -0.0007820500   -0.0035159600
   0.0001044600    0.0000657400    0.0000515000
   0.0000047000    0.0000175400   -0.0000366400
  -0.0000193700   -0.0000130800    0.0000055000
   0.0000003600   -0.0000077900   -0.0000302400
   0.0000159800   -0.0000086300   -0.0000346900
  -0.0013083700   -0.0009781100    0.0005734300
   0.0012914300   -0.0009302300    0.0003880300
   0.0000038000    0.0000081600    0.0000057100
  -0.0000191100   -0.0000027700    0.0000016700
   0.0000243800    0.0000358700   -0.0002123700
   0.0000178200   -0.0000004300    0.0000054800
  -0.0000177300   -0.0000714700   -0.0003000700
   0.0000083700   -0.0000065800    0.0000120600
  -0.0000015800   -0.0000042200    0.0000105700
   0.0004629600   -0.0002732800   -0.1319839700
  -0.0000432500    0.0000503600   -0.0003484900
   0.0000628200    0.0000486000   -0.0003485500
  -0.0000106600   -0.0000786600   -0.0003485600
   0.0000215300   -0.0000746000   -0.0003404400
   0.0000010000   -0.0000005100    0.0000090100
  -0.0000652500    0.0000123100   -0.0003484800
  -0.0000000500    0.0000000800    0.0000089700
   0.0000754200    0.0000187700   -0.0003404400
  -0.0019746100   -0.0008754100    0.0006060300
   0.0000141500   -0.0000081100   -0.0003021100
  -0.0000002400    0.0000033200    0.0000030700
  -0.0000671400    0.0000388100   -0.0003047600
  -0.0002296400    0.0021477900    0.0006060200
   0.0000105500    0.0000179200    0.0000029900
  -0.0000101900   -0.0000180200    0.0000029900
  -0.0000029600   -0.0000013700    0.0000030700
   0.0000048900   -0.0000027700    0.0000044500

91   
  0.0000000000000000   0.0000000000000000  -0.0100000000000000
   0.0002377900    0.0001829200   -0.0017670000
  -0.0003284400    0.0001896100   -0.0020473100
   0.0000096100   -0.0000142500   -0.0000132300
   0.0000505600   -0.0000291600   -0.0000867900
  -0.0000394300   -0.0002973400   -0.0017670000
  -0.0000353200   -0.0000260900   -0.0000653800
   0.0000049400    0.0000436900   -0.0000653700
   0.0000171600   -0.0000011500   -0.0000132300
  -0.0000083300    0.0000048400   -0.0000214200
   0.0001881100   -0.0001604700   -0.0008013300
  -0.0276546400   -0.0153741200   -0.0414103100
   0.0000560300    0.0000689000   -0.0000177200
  -0.0000261500   -0.0000139100   -0.0000151100
   0.0000340100    0.0001295700    0.0000269300
   0.0000770600    0.0000133400   -0.0000114100
   0.0000842200    0.0000924200   -0.0008514600
   0.0001488400   -0.0000052500    0.0000422100
  -0.0000118900   -0.0000050100    0.0000031200
  -0.0005203300    0.0316364500   -0.0414102200
   0.0000790200   -0.0001262000    0.0000422100
  -0.0000951400   -0.0000942100    0.0000269300
   0.0002330800   -0.0000825700   -0.0008013300
  -0.0000378600   -0.0001190900   -0.0008514600
  -0.0000010000    0.0000296400   -0.0000151100
  -0.0000316000   -0.0000829300   -0.0000177200
  -0.0000015700    0.0000128500    0.0000031200
   0.0000270300   -0.0000733500   -0.0000114100
   0.0275332500   -0.0158920100   -0.0412954300
  -0.0001431500   -0.0000541800   -0.0008088300
  -0.0000524500    0.0000579300   -0.0000170600
  -0.0000763700    0.0000164900   -0.0000170700
  -0.0000570500    0.0000886500    0.0000299200
   0.0000209400   -0.0000120600   -0.0000106100
  -0.0000246600    0.0001511100   -0.0008088300
   0.0000209900   -0.0000120900    0.0000008800
  -0.0001052700    0.0000051100    0.0000299200
  -0.0003571900   -0.0010010600    0.0034109700
  -0.0000131600    0.0000076300    0.0000177500
  -0.0000105600   -0.0000040500    0.0000250200
   0.0001203100   -0.0000694100   -0.0000700800
   0.0006881900    0.0008100700    0.0034109700
   0.0000012900   -0.0000142500    0.0000304700
   0.0000130200    0.0000060600    0.0000304700
  -0.0000017600    0.0000112200    0.0000250200
  -0.0000195900    0.0000113400   -0.0000085700
   0.0000417500   -0.0000239700   -0.0160994300
   0.0000403800   -0.0000135600   -0.0000289300
  -0.0000405100   -0.0000406000   -0.0000343800
   0.0000149300    0.0000554300   -0.0000343800
  -0.0000067900    0.0000345500    0.0000232600
  -0.0000007100    0.0000004300    0.0000061500
   0.0000319700   -0.0000281300   -0.0000289200
   0.0000000700   -0.0000000100   -0.0000004300
  -0.0000332900   -0.0000113700    0.0000232600
  -0.0009464300    0.0000899000    0.0034803200
   0.0010213700    0.0000851500    0.0033856300
  -0.0000016600   -0.0000230600   -0.0000060600
   0.0000127700    0.0000123500    0.0000357900
   0.0000056700   -0.0000105800   -0.0000074900
  -0.0000154600    0.0000089900    0.0000338700
   0.0000042500    0.0001286500   -0.0000518600
   0.0000036800   -0.0000018100    0.0000305100
  -0.0000067500   -0.0000030200    0.0000302000
  -0.0014768200    0.0006578200   -0.0003794100
  -0.0000099000    0.0000038300   -0.0000118500
   0.0000130000    0.0000356500    0.0002155600
  -0.0001986800   -0.0016443600   -0.0005672400
  -0.0000534800   -0.0000515000    0.0002979500
   0.0000067500   -0.0000176000   -0.0000016900
   0.0000052000    0.0000073400   -0.0000057000
  -0.0000030200   -0.0000034100   -0.0000102400
  -0.0000091500    0.0000146500   -0.0000054000
   0.0004371900   -0.0009269500    0.0033856400
   0.0000034500   -0.0000022400    0.0000305100
   0.0000120400    0.0000004400   -0.0000074900
  -0.0005512100    0.0007746200    0.0034803000
  -0.0001092500   -0.0000679800   -0.0000518600
  -0.0000042800   -0.0000171800    0.0000357900
   0.0000191700    0.0000130300   -0.0000060700
  -0.0000007300    0.0000074100    0.0000302000
  -0.0000155000    0.0000089400    0.0000338700
   0.0013245000    0.0009946000   -0.0005672400
  -0.0013082900    0.0009498100   -0.0003793900
  -0.0000037300   -0.0000081200   -0.0000056900
   0.0000186600    0.0000030100   -0.0000016900
  -0.0000243500   -0.0000290400    0.0002155700
  -0.0000172300    0.0000006400   -0.0000054100
   0.0000178700    0.0000721300    0.0002979500
  -0.0000082400    0.0000067200   -0.0000118400
   0.0000014800    0.0000043700   -0.0000102300
  -0.0004367000    0.0002482600    0.1297759600
   0.0000391800   -0.0000508000    0.0003424300
  -0.0000584800   -0.0000493900    0.0003423600
   0.0000135900    0.0000754200    0.0003423600
  -0.0000244500    0.0000716400    0.0003342400
  -0.0000009600    0.0000005900   -0.0000091200
   0.0000636600   -0.0000084300    0.0003424400
   0.0000000800   -0.0000000200   -0.0000091600
  -0.0000742300   -0.0000146000    0.0003342400
   0.0019968600    0.0008757500   -0.0005963800
  -0.0000091100    0.0000052900    0.0003030700
   0.0000002800   -0.0000032800   -0.0000029900
   0.0000685300   -0.0000395200    0.0003004400
   0.0002405500   -0.0021671000   -0.0005963800
  -0.0000101300   -0.0000174900   -0.0000030700
   0.0000101000    0.0000175700   -0.0000030700
   0.0000030100    0.0000014400   -0.0000029900
  -0.0000050700    0.0000029500   -0.0000043800
