108  
42   

1    
  0.0100000000000000   0.0000000000000000   0.0000000000000000
  -0.2018189800    0.0013903600    0.0012691500
   0.0013194400    0.0000205800    0.0000673900
   0.0012858000   -0.0001460100   -0.0000512900
  -0.0000851000   -0.0008485400   -0.0000485300
  -0.0002658300    0.0007612400    0.0000629800
   0.0000935200   -0.0000047000   -0.0000027300
  -0.0000801400   -0.0008822400   -0.0000093800
   0.0000936200   -0.0000051000    0.0000074100
  -0.0002709900    0.0009181000    0.0000266000
   0.0033563200   -0.0101779900   -0.0000456800
   0.0007728000   -0.0006167600    0.0001040900
   0.0001529700    0.0000383900   -0.0000277400
   0.0000359100   -0.0001815700    0.0000178600
  -0.0000265700    0.0000567200    0.0000258800
  -0.0000188700    0.0000361300   -0.0000136500
   0.0036201000    0.0094541400    0.0000069000
   0.0001222000   -0.0000740500    0.0000037700
   0.0008182000   -0.0005261500    0.0000395700
   0.0052008400    0.0089223700    0.0004384700
   0.0019672200   -0.0088496400   -0.0007940500
   0.0002157900    0.0000307100   -0.0000112400
  -0.0000231600   -0.0000851400    0.0000140600
   0.0017877900    0.0001292100   -0.0000229000
  -0.0000391400    0.0000893500   -0.0000065300
   0.0014800700    0.0000624100   -0.0000037900
   0.0000426200   -0.0000063400    0.0000098700
   0.0000626600    0.0000072500    0.0000059000
   0.0003868700    0.0004607700    0.0000194800
   0.0032277800    0.0085047500    0.0002037600
   0.0000498100   -0.0000598600   -0.0000115600
  -0.0000220700    0.0000209000    0.0000262700
   0.0000289600   -0.0000357800    0.0000193300
   0.0000193900    0.0000852100    0.0000032500
   0.0027097900   -0.0082338600    0.0009765900
   0.0005393800    0.0007037200   -0.0001032800
   0.0000699200    0.0000437100   -0.0000207400
   0.0347784200    0.0133278000    0.0263332400
   0.0004177500    0.0010157200    0.0005452600
   0.0000002900   -0.0000121600   -0.0000136100
  -0.0001231200    0.0000517900   -0.0000492300
   0.0006677700   -0.0005092400    0.0001033300
  -0.0000407400   -0.0000061500    0.0000155100
   0.0000220800    0.0001079200    0.0000197100
  -0.0000067300    0.0000298800    0.0000109100
   0.0000344000    0.0000139900   -0.0000491500
   0.0123311900    0.0002083700   -0.0004497000
  -0.0001835800   -0.0001477900   -0.0000939800
  -0.0001159100    0.0001865900    0.0001001400
  -0.0000219700    0.0000392900   -0.0000426600
   0.0000147300   -0.0000147000    0.0000088300
  -0.0000328600    0.0000010000    0.0000014700
   0.0001100400   -0.0006631700   -0.0002761600
  -0.0000662200    0.0000011000   -0.0000030300
   0.0000918700    0.0002825300   -0.0000593600
   0.0007965300   -0.0024826300    0.0006557500
   0.0009978300    0.0025532700   -0.0009727300
  -0.0000726400    0.0000060300    0.0000053400
  -0.0000250300    0.0000391800   -0.0000094500
  -0.0000403900   -0.0000079500   -0.0000077900
  -0.0000171400   -0.0000271300    0.0000099500
  -0.0036190500   -0.0002262700   -0.0001429000
  -0.0000895100    0.0000308100   -0.0000023400
  -0.0000899600   -0.0000399300    0.0000233100
   0.0360763300   -0.0143440600    0.0271323100
  -0.0000005100    0.0000114400   -0.0000541000
   0.0002245700   -0.0008017400    0.0000136200
   0.0006980800    0.0004778000    0.0000561200
  -0.0001158000   -0.0000956000   -0.0001185800
  -0.0000552600    0.0000207400    0.0000123100
   0.0000368400   -0.0000220100   -0.0000570800
  -0.0000064300   -0.0000351600    0.0000083500
   0.0000760400   -0.0000245500   -0.0000209500
   0.0377459500   -0.0149044300   -0.0283783900
  -0.0000199200    0.0000106300    0.0000336400
   0.0004166600   -0.0009270300   -0.0003666100
   0.0007319900    0.0005584500   -0.0000195100
  -0.0001580900   -0.0001017900    0.0000774700
  -0.0000712900    0.0000201700   -0.0000085800
   0.0000337900   -0.0000215900    0.0000547600
  -0.0000104600   -0.0000335900   -0.0000149000
   0.0001069600   -0.0000440500   -0.0000006900
   0.0007783600   -0.0022439400   -0.0006505000
   0.0010442300    0.0025454100    0.0006658600
  -0.0000729100   -0.0000063000   -0.0000006100
  -0.0000177500    0.0000256100   -0.0000024700
  -0.0000378700    0.0000163600    0.0000287900
  -0.0000310200   -0.0000202500   -0.0000112200
  -0.0033444500   -0.0001162300    0.0002010400
  -0.0000827200    0.0000117900    0.0000390100
  -0.0000818900   -0.0000317400   -0.0000255200
   0.0118931400   -0.0000113600    0.0000746200
  -0.0001653400   -0.0001510900    0.0000874600
  -0.0001684500    0.0001684600   -0.0000885500
  -0.0000046800    0.0000507900    0.0000277800
   0.0000166200   -0.0000526400   -0.0000144100
  -0.0000320000    0.0000050800    0.0000036200
   0.0001295200   -0.0005523500    0.0002315200
  -0.0000721800   -0.0000033300   -0.0000021500
   0.0002038200    0.0005446300   -0.0003129800
   0.0405022200    0.0143542000   -0.0269740400
   0.0007692100    0.0009075400    0.0002209000
   0.0000406600    0.0000205100    0.0000449500
  -0.0001479100    0.0000450200    0.0001091100
   0.0005766500   -0.0000940700    0.0000961600
  -0.0000433500   -0.0000117900   -0.0000108500
   0.0000950600    0.0000589200    0.0000237500
  -0.0000046700    0.0000199900   -0.0000336200
   0.0000212800    0.0000166800    0.0000870200

1    
 -0.0100000000000000   0.0000000000000000   0.0000000000000000
   0.2020753300    0.0002809700   -0.0013388900
  -0.0012885500   -0.0000121400   -0.0000623100
  -0.0013222400    0.0001566600    0.0000542800
   0.0000800400    0.0008593500    0.0000488800
   0.0002677400   -0.0007515600   -0.0000610700
  -0.0000940700    0.0000041400    0.0000029500
   0.0000849800    0.0008692900    0.0000091100
  -0.0000939600    0.0000037200   -0.0000074200
   0.0002626200   -0.0009301300   -0.0000249300
  -0.0033693100    0.0102479800    0.0000484600
  -0.0007862500    0.0005958900   -0.0001045500
  -0.0001516500   -0.0000363300    0.0000281300
  -0.0000375700    0.0001823100   -0.0000179800
   0.0000259500   -0.0000560600   -0.0000254900
   0.0000204900   -0.0000368000    0.0000138200
  -0.0034779400   -0.0095186600   -0.0000135500
  -0.0001215300    0.0000734000   -0.0000034200
  -0.0008228600    0.0005436300   -0.0000391400
  -0.0056807600   -0.0091801100   -0.0004164700
  -0.0015455900    0.0086242400    0.0007865500
  -0.0002154900   -0.0000305700    0.0000114200
   0.0000214800    0.0000875300   -0.0000140100
  -0.0017849800   -0.0001296900    0.0000236200
   0.0000405900   -0.0000868500    0.0000068300
  -0.0014765300   -0.0000304000    0.0000047500
  -0.0000429000    0.0000046800   -0.0000097700
  -0.0000630600   -0.0000085500   -0.0000058800
  -0.0003745900   -0.0004758200   -0.0000185500
  -0.0032296400   -0.0084246600   -0.0001975900
  -0.0000510300    0.0000611700    0.0000117400
   0.0000206000   -0.0000216700   -0.0000260100
  -0.0000282800    0.0000360800   -0.0000193100
  -0.0000179500   -0.0000844000   -0.0000027500
  -0.0028492200    0.0081698300   -0.0009712200
  -0.0005442600   -0.0006845100    0.0001038300
  -0.0000707500   -0.0000438800    0.0000210700
  -0.0354935800   -0.0137525100   -0.0272187400
  -0.0004121700   -0.0010118700   -0.0005552400
  -0.0000012300    0.0000108300    0.0000135200
   0.0001238500   -0.0000503300    0.0000494400
  -0.0006718500    0.0005067200   -0.0000887600
   0.0000404500    0.0000058200   -0.0000154400
  -0.0000211900   -0.0001094600   -0.0000196000
   0.0000065400   -0.0000299000   -0.0000108200
  -0.0000349500   -0.0000138100    0.0000489700
  -0.0123077900    0.0000195900    0.0006088700
   0.0001859600    0.0001448600    0.0000959700
   0.0001141500   -0.0001902600   -0.0000993400
   0.0000221500   -0.0000399200    0.0000428200
  -0.0000150200    0.0000150700   -0.0000090200
   0.0000325900   -0.0000012000   -0.0000015100
  -0.0001095100    0.0006700200    0.0002758200
   0.0000660900   -0.0000013900    0.0000032900
  -0.0000940000   -0.0002794700    0.0000577200
  -0.0007779900    0.0025039300   -0.0006798200
  -0.0010141400   -0.0025312400    0.0009546000
   0.0000724200   -0.0000070200   -0.0000050800
   0.0000250100   -0.0000393300    0.0000095000
   0.0000397100    0.0000104900    0.0000041700
   0.0000167500    0.0000270200   -0.0000099000
   0.0036193800    0.0002503400    0.0001336700
   0.0000900800   -0.0000322900    0.0000007100
   0.0000891600    0.0000388700   -0.0000251300
  -0.0353469400    0.0139126700   -0.0262298400
   0.0000010700   -0.0000126300    0.0000528300
  -0.0002338800    0.0008026700   -0.0000014100
  -0.0006941000   -0.0004789800   -0.0000757900
   0.0001159700    0.0000984800    0.0001190800
   0.0000549300   -0.0000209400   -0.0000124100
  -0.0000366700    0.0000220200    0.0000569400
   0.0000063200    0.0000351100   -0.0000084300
  -0.0000780500    0.0000233200    0.0000209500
  -0.0369751000    0.0144541400    0.0274519900
   0.0000204600   -0.0000120000   -0.0000337300
  -0.0004216500    0.0009306400    0.0003546500
  -0.0007270100   -0.0005618800    0.0000379400
   0.0001567700    0.0001041800   -0.0000778200
   0.0000709100   -0.0000203000    0.0000085700
  -0.0000335100    0.0000216200   -0.0000547000
   0.0000102300    0.0000336400    0.0000149800
  -0.0001089300    0.0000430500    0.0000001900
  -0.0007661800    0.0022642500    0.0006722800
  -0.0010620900   -0.0025305000   -0.0006547300
   0.0000725800    0.0000054600    0.0000002100
   0.0000175800   -0.0000257500    0.0000022700
   0.0000376900   -0.0000133700   -0.0000244900
   0.0000307400    0.0000200600    0.0000110900
   0.0033391300    0.0001373300   -0.0001951300
   0.0000834500   -0.0000131500   -0.0000372300
   0.0000807800    0.0000303700    0.0000274400
  -0.0118875500    0.0002570600   -0.0002555700
   0.0001677500    0.0001470000   -0.0000889400
   0.0001672400   -0.0001723900    0.0000870300
   0.0000046500   -0.0000511200   -0.0000279400
  -0.0000170000    0.0000523600    0.0000144100
   0.0000318200   -0.0000052300   -0.0000036200
  -0.0001291800    0.0005588800   -0.0002315100
   0.0000721200    0.0000030700    0.0000018700
  -0.0002022700   -0.0005383000    0.0003151800
  -0.0414775700   -0.0149090000    0.0279610800
  -0.0007548200   -0.0009052700   -0.0002077500
  -0.0000415900   -0.0000220100   -0.0000465200
   0.0001479500   -0.0000434700   -0.0001093100
  -0.0005772800    0.0000929700   -0.0001217500
   0.0000432500    0.0000117900    0.0000108200
  -0.0000944300   -0.0000608900   -0.0000247400
   0.0000044700   -0.0000200000    0.0000333600
  -0.0000218000   -0.0000165900   -0.0000876000

1    
 -0.0000023916641656  -0.0000013803328390   0.0099999996187312
   0.0013468200    0.0007771400   -0.2425337000
  -0.0000556500    0.0000573200    0.0003058900
   0.0000666400    0.0000314800    0.0003056200
  -0.0000071600   -0.0000524500    0.0004508600
   0.0000218000   -0.0000768500    0.0003058900
   0.0000073500    0.0000042500   -0.0000609600
  -0.0000489900    0.0000200400    0.0004508600
  -0.0000027400   -0.0000015800   -0.0000609700
   0.0000605800    0.0000419500    0.0003056200
  -0.0001522700    0.0001814300   -0.0041754900
   0.0000369300    0.0000213200   -0.0001091600
  -0.0000089000    0.0000080800   -0.0000163300
  -0.0000052800   -0.0000030600   -0.0000799000
  -0.0000098200   -0.0000061500   -0.0000404600
   0.0000025300   -0.0000117600   -0.0000163400
   0.0000809500   -0.0002225900   -0.0041754500
  -0.0000102600   -0.0000054400   -0.0000404800
  -0.0000227600   -0.0000131300   -0.0001479200
  -0.0002189400    0.0008490700   -0.0046607900
   0.0005686600    0.0007890100   -0.0059326800
   0.0000130200    0.0000104900   -0.0000578300
  -0.0000063000   -0.0000357700   -0.0000126100
   0.0000002600   -0.0000065800    0.0002447800
  -0.0000105100    0.0000129000   -0.0000048500
   0.0000085100   -0.0001483200    0.0001635800
   0.0000095100   -0.0000095700    0.0000146100
  -0.0000047700    0.0000224500    0.0000090500
  -0.0001241700    0.0000815900    0.0001636000
   0.0009676700    0.0000976800   -0.0059326200
   0.0000059300   -0.0000155500   -0.0000048500
  -0.0000341200    0.0000124400   -0.0000125900
  -0.0000035400    0.0000130300    0.0000146000
   0.0000155900    0.0000060400   -0.0000578300
   0.0006256700   -0.0006143400   -0.0046608900
  -0.0000055700    0.0000035300    0.0002447800
   0.0000170500   -0.0000153800    0.0000090300
   0.0262005300    0.0151214600    0.0407014900
  -0.0002983400   -0.0001855700    0.0005306400
   0.0000001000   -0.0000089800   -0.0000011800
   0.0000617900   -0.0001161700   -0.0000570600
  -0.0003099300   -0.0001654800    0.0005306500
   0.0000271900    0.0000156900   -0.0000012500
  -0.0000696800    0.0001116200   -0.0000570700
   0.0000154700    0.0000089200   -0.0000029400
  -0.0000077200    0.0000045900   -0.0000011800
  -0.0002699200    0.0310975100    0.0420340900
   0.0001245100    0.0000075800   -0.0000184100
  -0.0001036300    0.0000001500   -0.0000316000
  -0.0000045200   -0.0000072900    0.0000106800
   0.0000002900   -0.0000165200    0.0000172300
  -0.0000005000    0.0000295400    0.0000021800
  -0.0000155400   -0.0004036400    0.0005403300
   0.0000028300    0.0000163500    0.0000063600
   0.0002199900   -0.0002413800    0.0007123700
   0.0012406000   -0.0010236800    0.0020252300
  -0.0011792100   -0.0006805700    0.0024615800
  -0.0000016400    0.0000271200    0.0000074900
  -0.0000267500   -0.0000154400    0.0000168100
   0.0000078600    0.0000548000    0.0000255700
   0.0000226600   -0.0000149900    0.0000074800
  -0.0002657400    0.0015863100    0.0020252200
   0.0000513800   -0.0000206100    0.0000255800
  -0.0000435000   -0.0000250900    0.0000696500
   0.0267913300   -0.0157908100    0.0420340600
  -0.0000141600    0.0000085200    0.0000172300
  -0.0000989600    0.0003112400    0.0007123700
  -0.0003572700    0.0001884900    0.0005403200
   0.0000688500    0.0001040200   -0.0000184000
   0.0000253300   -0.0000152000    0.0000021800
  -0.0000085800   -0.0000002700    0.0000106800
   0.0000155700   -0.0000057400    0.0000063700
  -0.0000517200   -0.0000898000   -0.0000316000
  -0.0272792200    0.0160756300    0.0411779200
   0.0000047100   -0.0000106100    0.0000152900
   0.0003535400   -0.0003742800    0.0004770500
   0.0004293200   -0.0001957900    0.0004445300
  -0.0000502800   -0.0001041300    0.0000016900
  -0.0000257200    0.0000148100    0.0000010900
   0.0000066000    0.0000110700   -0.0000026000
  -0.0000121100    0.0000120800    0.0000085500
   0.0000668900    0.0001102900   -0.0000365100
  -0.0013956100    0.0008144600    0.0020089800
   0.0011380600    0.0006568200    0.0024669700
   0.0000007600   -0.0000294500    0.0000122000
   0.0000301000    0.0000173700    0.0000200400
  -0.0000100000   -0.0000408800    0.0000367200
  -0.0000251100    0.0000153900    0.0000122000
   0.0000070100   -0.0016158700    0.0020089900
  -0.0000403900    0.0000117900    0.0000367200
   0.0000192900    0.0000111400    0.0000652200
   0.0002724600   -0.0316623800    0.0411779800
  -0.0001153100    0.0000085500    0.0000016900
   0.0001289600    0.0000027400   -0.0000365000
   0.0000129000    0.0000001800   -0.0000026000
  -0.0000068300    0.0000093800    0.0000153000
  -0.0000000400   -0.0000296800    0.0000010800
   0.0000452300    0.0004696800    0.0004445300
   0.0000044000   -0.0000165400    0.0000085600
  -0.0001472000    0.0004933800    0.0004770500
  -0.0284558700   -0.0164231300    0.0423259300
   0.0000587900   -0.0000089000    0.0008698700
   0.0000128100    0.0000092800    0.0000339700
  -0.0000070600    0.0001298200   -0.0000163900
   0.0000217100    0.0000553600    0.0008698700
  -0.0000217200   -0.0000125400   -0.0000005900
   0.0001088700   -0.0000710400   -0.0000163800
  -0.0000171000   -0.0000098800    0.0000103800
   0.0000144500    0.0000064500    0.0000339800

1    
  0.0000023916641656   0.0000013803328390  -0.0099999996187312
  -0.0013498400   -0.0007790900    0.2427223800
   0.0000505000   -0.0000633400   -0.0003038600
  -0.0000624500   -0.0000371200   -0.0003041800
   0.0000110700    0.0000491800   -0.0004513600
  -0.0000295800    0.0000754100   -0.0003038600
  -0.0000074400   -0.0000042900    0.0000609700
   0.0000481100   -0.0000150200   -0.0004513600
   0.0000030000    0.0000017400    0.0000609500
  -0.0000633900   -0.0000355100   -0.0003041700
   0.0000376900   -0.0001226100    0.0041752500
  -0.0000378000   -0.0000218100    0.0001105500
   0.0000086000   -0.0000066700    0.0000161000
   0.0000041400    0.0000023900    0.0000798500
   0.0000092300    0.0000070500    0.0000402300
  -0.0000014700    0.0000107700    0.0000161000
  -0.0000873100    0.0000939600    0.0041752500
   0.0000107200    0.0000044600    0.0000402400
   0.0000227200    0.0000131000    0.0001469200
   0.0000977400   -0.0007818500    0.0046878200
  -0.0004054900   -0.0007188300    0.0059322500
  -0.0000129400   -0.0000094900    0.0000579800
   0.0000047700    0.0000341500    0.0000131200
   0.0000025200    0.0000036200   -0.0002426400
   0.0000115700   -0.0000136100    0.0000046700
  -0.0000083800    0.0001432800   -0.0001617500
  -0.0000087100    0.0000108000   -0.0000146700
   0.0000047100   -0.0000213700   -0.0000092200
   0.0001198700   -0.0000789200   -0.0001617300
  -0.0008252800    0.0000084900    0.0059322400
  -0.0000059900    0.0000168200    0.0000046600
   0.0000319700   -0.0000129500    0.0000131400
   0.0000050000   -0.0000129500   -0.0000146700
  -0.0000147100   -0.0000064800    0.0000580000
  -0.0006280800    0.0004757700    0.0046879200
   0.0000044100    0.0000003900   -0.0002426300
  -0.0000161400    0.0000147900   -0.0000092200
  -0.0271075100   -0.0156449200   -0.0416655800
   0.0002774800    0.0001826300   -0.0005422200
   0.0000012900    0.0000092600    0.0000008000
  -0.0000624000    0.0001132500    0.0000562100
   0.0002969400    0.0001489000   -0.0005422100
  -0.0000273500   -0.0000157900    0.0000011000
   0.0000668500   -0.0001106900    0.0000562100
  -0.0000158400   -0.0000091400    0.0000030500
   0.0000086700   -0.0000035100    0.0000008100
   0.0002856200   -0.0300897300   -0.0411375100
  -0.0001259400   -0.0000052300    0.0000180400
   0.0001053800    0.0000023100    0.0000315300
   0.0000049800    0.0000055100   -0.0000112200
  -0.0000004100    0.0000148500   -0.0000175500
   0.0000004200   -0.0000295300   -0.0000023700
   0.0000111800    0.0004210000   -0.0005268100
  -0.0000030700   -0.0000160800   -0.0000065400
  -0.0002171700    0.0002486200   -0.0007065400
  -0.0012544600    0.0010276600   -0.0020318500
   0.0011848800    0.0006838400   -0.0024616000
   0.0000016500   -0.0000274300   -0.0000076700
   0.0000270700    0.0000156300   -0.0000169900
  -0.0000078900   -0.0000531200   -0.0000271500
  -0.0000229300    0.0000151400   -0.0000076800
   0.0002622400   -0.0016002900   -0.0020318500
  -0.0000499500    0.0000197400   -0.0000271500
   0.0000421000    0.0000243000   -0.0000709700
  -0.0259108900    0.0153002500   -0.0411375100
   0.0000126500   -0.0000077900   -0.0000175400
   0.0001066200   -0.0003124200   -0.0007065400
   0.0003701200   -0.0002009300   -0.0005268000
  -0.0000675300   -0.0001064200    0.0000180500
  -0.0000253700    0.0000151300   -0.0000023800
   0.0000072600    0.0000015500   -0.0000112300
  -0.0000154600    0.0000053800   -0.0000065400
   0.0000547100    0.0000901000    0.0000315200
   0.0281741100   -0.0165937500   -0.0420869200
  -0.0000065600    0.0000111600   -0.0000150600
  -0.0003366700    0.0003691400   -0.0004886800
  -0.0004193500    0.0001849600   -0.0004557000
   0.0000515800    0.0001008800   -0.0000024100
   0.0000258100   -0.0000149300   -0.0000012600
  -0.0000078000   -0.0000100900    0.0000026900
   0.0000122500   -0.0000124000   -0.0000085700
  -0.0000641000   -0.0001106000    0.0000352800
   0.0013775800   -0.0008060700   -0.0020094200
  -0.0011251300   -0.0006493500   -0.0024616800
  -0.0000009600    0.0000290800   -0.0000121500
  -0.0000298700   -0.0000172400   -0.0000201600
   0.0000099600    0.0000424800   -0.0000355300
   0.0000247000   -0.0000153700   -0.0000121500
  -0.0000088000    0.0015960600   -0.0020094200
   0.0000417700   -0.0000126300   -0.0000355300
  -0.0000210300   -0.0000121300   -0.0000640000
  -0.0002733700    0.0326964900   -0.0420868800
   0.0001131600   -0.0000058000   -0.0000024200
  -0.0001278300   -0.0000001700    0.0000352800
  -0.0000126400   -0.0000017000    0.0000026900
   0.0000063700   -0.0000112700   -0.0000150600
  -0.0000000300    0.0000298200   -0.0000012500
  -0.0000496400   -0.0004556300   -0.0004556800
  -0.0000046000    0.0000168200   -0.0000085700
   0.0001512200   -0.0004761800   -0.0004886800
   0.0275582000    0.0159050300   -0.0415574500
  -0.0000736100    0.0000063600   -0.0008617100
  -0.0000113200   -0.0000082700   -0.0000345400
   0.0000063900   -0.0001322700    0.0000164300
  -0.0000313200   -0.0000669200   -0.0008617100
   0.0000216200    0.0000124700    0.0000006000
  -0.0001113400    0.0000717100    0.0000164300
   0.0000167600    0.0000096700   -0.0000108100
  -0.0000128200   -0.0000056500   -0.0000345400

10   
  0.0100000000000000   0.0000000000000000   0.0000000000000000
   0.0034279200    0.0095527900   -0.0000914000
   0.0001522500   -0.0000625300   -0.0000087800
   0.0007771500   -0.0005971900    0.0000369200
   0.0035411200   -0.0102824100    0.0000896100
   0.0008137700   -0.0005437800   -0.0000212800
   0.0001220600   -0.0000275500   -0.0000103900
   0.0000355500   -0.0001813600   -0.0000046800
  -0.0000203500    0.0001373300    0.0000021600
  -0.0000257300    0.0000116200   -0.0000094900
  -0.2030821800    0.0011637400    0.0000055800
   0.0015747300    0.0000828200    0.0000266400
   0.0015365400   -0.0000964400   -0.0000296700
  -0.0000421700   -0.0007613500   -0.0000101300
  -0.0000480400    0.0008322900    0.0000123900
   0.0000885500    0.0000042000   -0.0000001200
  -0.0000375800   -0.0009116300    0.0000131900
   0.0000885400    0.0000040800   -0.0000005500
  -0.0000538300    0.0010012600   -0.0000110000
   0.0028370200   -0.0093860800    0.0001372500
   0.0005571800    0.0008289700   -0.0000242900
   0.0000687900    0.0000503700    0.0000075200
   0.0003725800    0.0005269400    0.0000569600
   0.0040301400    0.0100428500   -0.0000461500
  -0.0000112700   -0.0000154300    0.0000098200
  -0.0000399500    0.0000350800    0.0000162000
   0.0000286000   -0.0000518500    0.0000010700
   0.0000473100    0.0000969900    0.0000067700
   0.0036747100    0.0091174600    0.0002948800
   0.0045900600   -0.0092488200   -0.0002811800
   0.0002336900    0.0000055800    0.0000012500
   0.0000141000   -0.0000712500    0.0000036000
   0.0018824400    0.0001250100   -0.0000179200
  -0.0000018000    0.0000626100   -0.0000038400
   0.0015337000   -0.0000380000    0.0000002500
   0.0000305300    0.0000137000   -0.0000085600
   0.0000359700   -0.0000064500    0.0000114000
  -0.0033233700   -0.0001954300   -0.0001267600
  -0.0000702900    0.0000178100   -0.0000058600
  -0.0000714700   -0.0000307000    0.0000160100
   0.0008156900   -0.0022783500    0.0006118400
   0.0008125200    0.0024351900   -0.0009258600
  -0.0000661100    0.0000043800   -0.0000027400
  -0.0000160800    0.0000278600   -0.0000104400
  -0.0000308100   -0.0000010700   -0.0000047800
  -0.0000233700   -0.0000232500    0.0000042300
   0.0371818700   -0.0147362600    0.0285160500
   0.0000026500    0.0000069100   -0.0000328900
   0.0005858900   -0.0008303700    0.0003228700
   0.0006975700    0.0003109800    0.0000328900
  -0.0001566800   -0.0000603600   -0.0000687600
  -0.0000631200    0.0000215200    0.0000166800
   0.0000365500   -0.0000337900   -0.0000488400
  -0.0000043600   -0.0000339700    0.0000093600
   0.0000928900   -0.0000218100   -0.0000203200
   0.0368421900    0.0144347300    0.0277525500
   0.0004978100    0.0010357200    0.0003268600
  -0.0000158600   -0.0000024900   -0.0000131900
  -0.0001292000    0.0000737900   -0.0000411900
   0.0006211500   -0.0005035000    0.0000755100
  -0.0000557500   -0.0000113800    0.0000220100
   0.0000572200    0.0000833700    0.0000166300
  -0.0000103600    0.0000270800    0.0000134800
   0.0000272200    0.0000076900   -0.0000454900
   0.0001642100   -0.0006000000   -0.0002465200
  -0.0000601300   -0.0000019800    0.0000024300
   0.0001646000    0.0005466500    0.0001834100
   0.0123514400    0.0002269700    0.0002767900
  -0.0001050200   -0.0001920100   -0.0000337100
  -0.0000766800    0.0002066500    0.0000445600
  -0.0000119300    0.0000383500   -0.0000279600
  -0.0000058100   -0.0000433000    0.0000179200
  -0.0000284700   -0.0000039000   -0.0000039000
   0.0001522700   -0.0006128500    0.0003089000
  -0.0000766700   -0.0000028300   -0.0000030600
   0.0001680300    0.0005762400   -0.0002507500
   0.0121079400    0.0002339400   -0.0003403000
  -0.0001798200   -0.0001527600    0.0000504600
  -0.0001394900    0.0001615600   -0.0000595400
  -0.0000018700    0.0000501900    0.0000271800
  -0.0000022100   -0.0000573000   -0.0000165200
  -0.0000353500   -0.0000033700    0.0000030200
   0.0359132600    0.0137450200   -0.0274005000
   0.0006546700    0.0008779200   -0.0002926000
   0.0000007600   -0.0000026500    0.0000161800
  -0.0001277500    0.0000182700    0.0000490100
   0.0005737200   -0.0002679600   -0.0001210400
  -0.0000516200   -0.0000140700   -0.0000180000
   0.0000771300    0.0000616300    0.0000056700
  -0.0000029700    0.0000244900   -0.0000140600
   0.0000225700    0.0000215300    0.0000493100
   0.0380811900   -0.0153847800   -0.0288033600
  -0.0000173300    0.0000099000    0.0000295500
   0.0004590200   -0.0009767200   -0.0003465000
   0.0007434500    0.0005208100    0.0000254800
  -0.0001633500   -0.0001197500    0.0000625000
  -0.0000687500    0.0000205800   -0.0000208600
   0.0000362500   -0.0000182800    0.0000472200
  -0.0000147000   -0.0000401200   -0.0000096900
   0.0000766100   -0.0000256200   -0.0000058300
  -0.0039928600   -0.0001396500    0.0000545700
  -0.0000941400    0.0000246200    0.0000374400
  -0.0000865500   -0.0000301900   -0.0000554300
   0.0003466400   -0.0024641100   -0.0004233600
   0.0004228000    0.0026391900    0.0006315000
  -0.0000449800    0.0000019200    0.0000058800
  -0.0000199000    0.0000136400    0.0000103200
  -0.0000448000    0.0000041000    0.0000146700
  -0.0000299000   -0.0000078500   -0.0000042800

10   
 -0.0100000000000000   0.0000000000000000   0.0000000000000000
  -0.0032996100   -0.0096341800    0.0000942800
  -0.0001524000    0.0000629800    0.0000086800
  -0.0007818700    0.0006152900   -0.0000379700
  -0.0035549900    0.0103573100   -0.0000775100
  -0.0008273600    0.0005256000    0.0000239900
  -0.0001217000    0.0000306100    0.0000105300
  -0.0000379500    0.0001822700    0.0000047800
   0.0000189900   -0.0001364400   -0.0000018400
   0.0000267800   -0.0000123100    0.0000095800
   0.2031486500    0.0004123200    0.0000430400
  -0.0015367800   -0.0000745500   -0.0000259600
  -0.0015749700    0.0001068600    0.0000303400
   0.0000389400    0.0007716500    0.0000099100
   0.0000516600   -0.0008201300   -0.0000123400
  -0.0000890600   -0.0000045500   -0.0000000100
   0.0000435400    0.0009008100   -0.0000136800
  -0.0000890300   -0.0000047000    0.0000004400
   0.0000458900   -0.0010119100    0.0000103900
  -0.0029578600    0.0093125400   -0.0001335900
  -0.0005598700   -0.0008093800    0.0000232500
  -0.0000704900   -0.0000505500   -0.0000076100
  -0.0003622500   -0.0005440900   -0.0000540400
  -0.0040288800   -0.0099752500    0.0000599300
   0.0000103100    0.0000175200   -0.0000097300
   0.0000386000   -0.0000355100   -0.0000160700
  -0.0000274900    0.0000525600   -0.0000007000
  -0.0000453200   -0.0000959200   -0.0000068900
  -0.0041311300   -0.0093431300   -0.0002899400
  -0.0041217200    0.0090443500    0.0002861500
  -0.0002338100   -0.0000052000   -0.0000010800
  -0.0000157600    0.0000745100   -0.0000037800
  -0.0018833200   -0.0001180100    0.0000139700
   0.0000037300   -0.0000585600    0.0000036500
  -0.0015312400    0.0000691700    0.0000027400
  -0.0000312300   -0.0000144500    0.0000086400
  -0.0000369600    0.0000054600   -0.0000113400
   0.0033208300    0.0002188000    0.0001175800
   0.0000710500   -0.0000187800    0.0000041900
   0.0000701800    0.0000297600   -0.0000177200
  -0.0007991900    0.0022938700   -0.0006359100
  -0.0008269200   -0.0024195400    0.0009053400
   0.0000657900   -0.0000048900    0.0000028700
   0.0000160000   -0.0000277100    0.0000105200
   0.0000302300    0.0000037500    0.0000008700
   0.0000227900    0.0000236200   -0.0000041200
  -0.0364435500    0.0142868000   -0.0275941700
  -0.0000022400   -0.0000080300    0.0000324900
  -0.0005927200    0.0008323900   -0.0003117100
  -0.0006908300   -0.0003139800   -0.0000517200
   0.0001562700    0.0000626000    0.0000686800
   0.0000627700   -0.0000213000   -0.0000165500
  -0.0000364500    0.0000340900    0.0000487300
   0.0000039900    0.0000342600   -0.0000093900
  -0.0000944400    0.0000204400    0.0000200600
  -0.0376175800   -0.0148939400   -0.0286862100
  -0.0004885600   -0.0010362900   -0.0003387100
   0.0000151400    0.0000014100    0.0000133100
   0.0001296600   -0.0000714000    0.0000410400
  -0.0006270100    0.0005025500   -0.0000552600
   0.0000555300    0.0000117200   -0.0000219600
  -0.0000564000   -0.0000847500   -0.0000167800
   0.0000101700   -0.0000268300   -0.0000133700
  -0.0000278900   -0.0000069800    0.0000455900
  -0.0001651200    0.0006070800    0.0002470900
   0.0000599200    0.0000019400   -0.0000022200
  -0.0001640700   -0.0005393200   -0.0001817800
  -0.0123525000    0.0000052800   -0.0001068400
   0.0001073600    0.0001888300    0.0000344800
   0.0000748100   -0.0002099800   -0.0000442400
   0.0000119500   -0.0000384000    0.0000280900
   0.0000053000    0.0000437500   -0.0000179300
   0.0000281000    0.0000042100    0.0000038800
  -0.0001512900    0.0006193000   -0.0003087000
   0.0000764800    0.0000028300    0.0000028500
  -0.0001693000   -0.0005693400    0.0002500200
  -0.0121089800   -0.0000095400    0.0001603200
   0.0001828000    0.0001486900   -0.0000522900
   0.0001371400   -0.0001658600    0.0000581600
   0.0000018800   -0.0000504300   -0.0000273100
   0.0000017100    0.0000575400    0.0000166000
   0.0000349900    0.0000036200   -0.0000030500
  -0.0366622400   -0.0141830700    0.0282962400
  -0.0006449400   -0.0008772400    0.0003038000
  -0.0000016300    0.0000014200   -0.0000163200
   0.0001277200   -0.0000168400   -0.0000492000
  -0.0005791400    0.0002653000    0.0001011100
   0.0000512800    0.0000142800    0.0000180000
  -0.0000769700   -0.0000629500   -0.0000060600
   0.0000027900   -0.0000242300    0.0000139500
  -0.0000233500   -0.0000209900   -0.0000492700
  -0.0373407800    0.0149288000    0.0278679600
   0.0000176200   -0.0000108700   -0.0000291900
  -0.0004652100    0.0009779600    0.0003347000
  -0.0007368000   -0.0005221700   -0.0000061500
   0.0001625900    0.0001231300   -0.0000628800
   0.0000682500   -0.0000202500    0.0000207700
  -0.0000362500    0.0000187500   -0.0000470300
   0.0000143700    0.0000404000    0.0000097800
  -0.0000788200    0.0000242500    0.0000055600
   0.0039892500    0.0001643000   -0.0000532200
   0.0000948100   -0.0000258700   -0.0000357400
   0.0000852700    0.0000289400    0.0000573500
  -0.0003328600    0.0024861000    0.0004362100
  -0.0004349000   -0.0026163000   -0.0006226500
   0.0000446200   -0.0000023500   -0.0000066800
   0.0000195900   -0.0000135800   -0.0000105200
   0.0000442700    0.0000002000   -0.0000096200
   0.0000295900    0.0000081100    0.0000041100

10   
 -0.0000023916641656  -0.0000013803328390   0.0099999996187312
  -0.0000468300   -0.0000394200   -0.0041755900
  -0.0000277400    0.0000000200   -0.0000161800
   0.0001051400    0.0000606900   -0.0001097200
  -0.0000575700   -0.0000208200   -0.0041755900
   0.0000406000    0.0000234400   -0.0001464500
   0.0000032200    0.0000281000   -0.0000402700
   0.0000174900    0.0000100900   -0.0000799400
  -0.0000138700   -0.0000240100   -0.0000161900
   0.0000259300   -0.0000112800   -0.0000402900
   0.0000452800    0.0000261000   -0.2428086500
  -0.0000331700    0.0000030200    0.0003546800
   0.0000297600   -0.0000028100    0.0003547500
   0.0000164400   -0.0000211100    0.0004716100
  -0.0000139700   -0.0000302300    0.0003546900
  -0.0000005400   -0.0000003000   -0.0000630400
  -0.0000100600    0.0000247900    0.0004716100
   0.0000001100    0.0000000600   -0.0000630200
   0.0000124700    0.0000271600    0.0003547400
   0.0000228800   -0.0000411000   -0.0050652300
  -0.0000986500    0.0000508000    0.0001460600
   0.0000262200   -0.0000018900    0.0000288500
  -0.0000131700    0.0000112700    0.0000031500
   0.0000695600   -0.0000282800   -0.0049832900
  -0.0000077600    0.0000275500   -0.0000245700
  -0.0000269400   -0.0000084000   -0.0000185400
   0.0000129200   -0.0000242800    0.0000192900
  -0.0000141200    0.0000061700   -0.0000324500
  -0.0000241400    0.0000403900   -0.0050652600
   0.0000103200    0.0000744000   -0.0049832200
  -0.0000017100   -0.0000152900   -0.0000324400
  -0.0000207500   -0.0000191400   -0.0000185300
  -0.0000053600   -0.0001108400    0.0001460500
   0.0000199700   -0.0000205200   -0.0000245700
   0.0000031800   -0.0000170400    0.0000031600
  -0.0000145500    0.0000233500    0.0000193000
   0.0000114700    0.0000236600    0.0000288700
  -0.0001847300    0.0013879400    0.0020584500
   0.0000409500   -0.0000231700    0.0000319700
  -0.0000250400   -0.0000144500    0.0000635200
   0.0011093600   -0.0008543200    0.0020584500
  -0.0010780300   -0.0006221700    0.0023196100
  -0.0000003400    0.0000339100    0.0000061200
  -0.0000269600   -0.0000155800    0.0000105600
   0.0000004400    0.0000470500    0.0000319800
   0.0000292000   -0.0000172600    0.0000061300
   0.0280129800   -0.0166564800    0.0417860300
   0.0000085000    0.0000089500    0.0000143800
  -0.0002642800    0.0002899900    0.0005751600
  -0.0003723500    0.0003142800    0.0005874400
   0.0000449800    0.0001124500    0.0000237200
   0.0000263400   -0.0000139800    0.0000056200
  -0.0000110100   -0.0000202500   -0.0000043600
   0.0000220400   -0.0000116800    0.0000055000
  -0.0000871600   -0.0000898300    0.0000029300
   0.0271961900    0.0156961100    0.0415838600
  -0.0002799100   -0.0001651500    0.0004783000
   0.0000008800   -0.0000005200    0.0000094200
   0.0000380600   -0.0001153000   -0.0000210000
  -0.0002830300   -0.0001597500    0.0004783000
   0.0000239800    0.0000138300    0.0000009600
  -0.0000808000    0.0000906400   -0.0000210000
   0.0000098900    0.0000057000    0.0000049800
  -0.0000000200    0.0000010100    0.0000094100
   0.0000858500   -0.0004796500    0.0005874400
   0.0000009200    0.0000249200    0.0000055000
   0.0001188800   -0.0003739000    0.0005751700
  -0.0004083100    0.0325883500    0.0417860200
   0.0001198600   -0.0000173000    0.0000237200
  -0.0001213900   -0.0000305500    0.0000029400
  -0.0000230500    0.0000006000   -0.0000043600
   0.0000119900    0.0000028700    0.0000143700
   0.0000010700    0.0000298000    0.0000056100
  -0.0000337700    0.0004485400    0.0004685700
   0.0000006200   -0.0000138300    0.0000051000
  -0.0001774100    0.0003775500    0.0004693100
   0.0003112000   -0.0317134100    0.0411152400
  -0.0001400300    0.0000111100   -0.0000004500
   0.0001405300    0.0000243500   -0.0000190200
   0.0000111700    0.0000034600    0.0000000700
  -0.0000014700   -0.0000003400    0.0000160100
  -0.0000000700   -0.0000244900    0.0000024400
  -0.0278840500   -0.0160930800    0.0422329600
   0.0002942100    0.0001158300    0.0006025900
  -0.0000064200    0.0000079700    0.0000066600
  -0.0000182200    0.0001034400   -0.0000036200
   0.0002474900    0.0001968100    0.0006025800
  -0.0000272400   -0.0000157200    0.0000034800
   0.0000804500   -0.0000675100   -0.0000036200
  -0.0000193300   -0.0000111600    0.0000051300
   0.0000036800   -0.0000095400    0.0000066700
  -0.0273040300    0.0161347100    0.0411151700
  -0.0000010200   -0.0000011000    0.0000160100
   0.0002381600   -0.0003424700    0.0004693200
   0.0003714900   -0.0002536400    0.0004685800
  -0.0000604400   -0.0001268000   -0.0000004400
  -0.0000212400    0.0000121900    0.0000024400
   0.0000085700    0.0000079500    0.0000000700
  -0.0000116600    0.0000074500    0.0000051100
   0.0000914100    0.0001095000   -0.0000190100
   0.0002373900   -0.0016881600    0.0019746900
   0.0000027300   -0.0000017300    0.0000879200
  -0.0000251400   -0.0000145000    0.0001207000
  -0.0013429600    0.0010500700    0.0019746700
   0.0013402500    0.0007735100    0.0022550900
   0.0000009900   -0.0000336000    0.0000166700
   0.0000248200    0.0000143200    0.0000218400
  -0.0000001200    0.0000032300    0.0000878900
  -0.0000285900    0.0000176700    0.0000166500

10   
  0.0000023916641656   0.0000013803328390  -0.0099999996187312
   0.0000459800   -0.0001116900    0.0041751900
   0.0000281800   -0.0000006500    0.0000163200
  -0.0001033800   -0.0000596600    0.0001100400
  -0.0000737000    0.0000956900    0.0041751900
  -0.0000379900   -0.0000219200    0.0001482800
  -0.0000040100   -0.0000271200    0.0000404300
  -0.0000184600   -0.0000106600    0.0000798200
   0.0000135400    0.0000247300    0.0000163100
  -0.0000255000    0.0000100900    0.0000404200
  -0.0000134600   -0.0000078000    0.2428627500
   0.0000274400   -0.0000071100   -0.0003551500
  -0.0000222200   -0.0000012200   -0.0003551100
  -0.0000108100    0.0000173500   -0.0004717900
   0.0000075800    0.0000273000   -0.0003551300
   0.0000003800    0.0000002200    0.0000630200
   0.0000096300   -0.0000180500   -0.0004717600
   0.0000001900    0.0000001100    0.0000630100
  -0.0000121800   -0.0000186300   -0.0003551300
  -0.0000153600   -0.0000970700    0.0050639400
   0.0000946000   -0.0000489400   -0.0001457400
  -0.0000253300    0.0000015100   -0.0000287700
   0.0000095300   -0.0000102200   -0.0000009200
   0.0000645100    0.0000964400    0.0049804300
   0.0000081300   -0.0000266200    0.0000246900
   0.0000255700    0.0000075300    0.0000186700
  -0.0000115400    0.0000240800   -0.0000192100
   0.0000153000   -0.0000068400    0.0000322200
  -0.0000917600    0.0000352800    0.0050639900
   0.0001158000    0.0000076200    0.0049804100
   0.0000017400    0.0000166700    0.0000322000
   0.0000193200    0.0000183700    0.0000186700
   0.0000049600    0.0001064000   -0.0001457400
  -0.0000189800    0.0000203600    0.0000246900
  -0.0000040800    0.0000133600   -0.0000009000
   0.0000150800   -0.0000220300   -0.0000192100
  -0.0000113700   -0.0000226500   -0.0000287800
   0.0001827400   -0.0014055500   -0.0020634800
  -0.0000396100    0.0000224900   -0.0000334600
   0.0000237300    0.0000137000   -0.0000649600
  -0.0011256000    0.0008614000   -0.0020634800
   0.0010911400    0.0006297400   -0.0023252100
   0.0000003300   -0.0000342100   -0.0000062000
   0.0000272500    0.0000157200   -0.0000106300
  -0.0000003500   -0.0000455600   -0.0000334600
  -0.0000294500    0.0000173900   -0.0000062000
  -0.0271138400    0.0161251400   -0.0408763300
  -0.0000103000   -0.0000085300   -0.0000146300
   0.0002807300   -0.0002933200   -0.0005634100
   0.0003839700   -0.0003261900   -0.0005754200
  -0.0000432600   -0.0001156200   -0.0000233600
  -0.0000261400    0.0000139600   -0.0000057200
   0.0000097500    0.0000215700    0.0000039400
  -0.0000218600    0.0000114800   -0.0000057000
   0.0000907400    0.0000893500   -0.0000025200
  -0.0281160200   -0.0162269700   -0.0425077800
   0.0002607200    0.0001622900   -0.0004893700
   0.0000004400    0.0000011200   -0.0000093100
  -0.0000390200    0.0001124100    0.0000201300
   0.0002709600    0.0001445800   -0.0004893700
  -0.0000241200   -0.0000139200   -0.0000010800
   0.0000778100   -0.0000900200    0.0000201200
  -0.0000101600   -0.0000058600   -0.0000049200
   0.0000011800   -0.0000001700   -0.0000093000
  -0.0000903300    0.0004956400   -0.0005754200
  -0.0000010200   -0.0000246700   -0.0000056900
  -0.0001135400    0.0003898200   -0.0005634100
   0.0003980400   -0.0315439700   -0.0408763200
  -0.0001217600    0.0000203900   -0.0000233600
   0.0001227700    0.0000338600   -0.0000025200
   0.0000235600   -0.0000023400    0.0000039200
  -0.0000125400   -0.0000046500   -0.0000146200
  -0.0000010000   -0.0000296100   -0.0000057300
   0.0000287400   -0.0004319300   -0.0004805200
  -0.0000007900    0.0000140000   -0.0000050600
   0.0001829400   -0.0003608200   -0.0004804200
  -0.0003202100    0.0327585200   -0.0420305700
   0.0001379500   -0.0000082900   -0.0000001800
  -0.0001389100   -0.0000212300    0.0000182300
  -0.0000109300   -0.0000052000    0.0000002400
   0.0000012300   -0.0000013800   -0.0000157800
   0.0000001700    0.0000247500   -0.0000025200
   0.0269870700    0.0155754000   -0.0413339300
  -0.0003128500   -0.0001186000   -0.0005906400
   0.0000078900   -0.0000076400   -0.0000067900
   0.0000169100   -0.0001062000    0.0000041300
  -0.0002592000   -0.0002115500   -0.0005906500
   0.0000271000    0.0000156400   -0.0000035400
  -0.0000834900    0.0000677600    0.0000041400
   0.0000190000    0.0000109600   -0.0000053200
  -0.0000026800    0.0000106600   -0.0000067900
   0.0282044500   -0.0166653500   -0.0420305000
  -0.0000005800    0.0000017400   -0.0000157800
  -0.0002208900    0.0003389000   -0.0004804200
  -0.0003596200    0.0002409600   -0.0004805300
   0.0000618400    0.0001235800   -0.0000001800
   0.0000215100   -0.0000122100   -0.0000025100
  -0.0000099700   -0.0000068500    0.0000002400
   0.0000117300   -0.0000076900   -0.0000050600
  -0.0000878800   -0.0001096600    0.0000182300
  -0.0002398500    0.0016774500   -0.0019755200
  -0.0000006800    0.0000007200   -0.0000865200
   0.0000234100    0.0000135100   -0.0001195000
   0.0013324600   -0.0010468500   -0.0019755300
  -0.0013322100   -0.0007688900   -0.0022522300
  -0.0000010300    0.0000333000   -0.0000165000
  -0.0000245200   -0.0000141500   -0.0000218100
   0.0000002800   -0.0000009600   -0.0000865200
   0.0000283400   -0.0000175300   -0.0000165100

19   
  0.0100000000000000   0.0000000000000000   0.0000000000000000
   0.0056890200   -0.0098606000   -0.0001472600
   0.0002149300   -0.0000292800    0.0000132300
   0.0015372700    0.0092104500    0.0004870900
   0.0014762400   -0.0001614800    0.0000094900
   0.0000636400    0.0000485200   -0.0000046500
   0.0000415000   -0.0000437100    0.0000092900
  -0.0000227800    0.0000215300   -0.0000054300
  -0.0000398300   -0.0000089600   -0.0000109500
   0.0017849500   -0.0000095600   -0.0000001200
   0.0029009200    0.0098391500    0.0000214400
   0.0000690400   -0.0000238400    0.0000258900
   0.0005633200    0.0008762700   -0.0000963500
  -0.0000396800   -0.0000406100   -0.0000261700
   0.0000467200    0.0001141500   -0.0000147400
   0.0000268600    0.0000156100    0.0000122900
   0.0003677800    0.0006274100   -0.0000108400
  -0.0000114500    0.0000652400   -0.0000078400
   0.0039667700   -0.0089989000   -0.0000006300
  -0.2089164500    0.0012205200   -0.0019226000
   0.0009683400    0.0003353800    0.0000466700
   0.0009347400   -0.0001913500   -0.0000729200
  -0.0001296200   -0.0003290500   -0.0000607900
   0.0000226500    0.0004526300    0.0000465000
   0.0000317400    0.0000025100    0.0000026500
  -0.0001245100   -0.0009177700   -0.0000218500
   0.0000316800   -0.0000022800   -0.0000052300
   0.0000171400    0.0008648000    0.0000054100
   0.0026236600   -0.0082149900   -0.0003195400
   0.0002294300   -0.0007549600    0.0000081300
   0.0000195800    0.0000435700    0.0000104200
   0.0000279700   -0.0000651100   -0.0000043400
   0.0000143300    0.0000457600   -0.0000143100
   0.0000123700   -0.0000645100   -0.0000285000
   0.0033942900    0.0072289300   -0.0011480500
  -0.0000099500   -0.0000516400    0.0000248400
   0.0001767100   -0.0007043200    0.0001180700
   0.0374703400   -0.0147643700   -0.0297909700
   0.0000684900   -0.0000094300    0.0000044000
   0.0004859900   -0.0010339700   -0.0005402400
   0.0005704000    0.0005118000   -0.0001462700
  -0.0001081700    0.0000276200    0.0000395000
  -0.0000211100    0.0000001900   -0.0000178100
   0.0000456800   -0.0000555000    0.0000513400
   0.0000009700   -0.0000205300   -0.0000037300
  -0.0000163400   -0.0000527400    0.0000411800
   0.0007531300    0.0024294500    0.0006978700
  -0.0000496100    0.0000031200    0.0000005800
   0.0011107700   -0.0026358200   -0.0006612200
  -0.0000269000   -0.0000129600   -0.0000156600
  -0.0000232600   -0.0000145100   -0.0000002900
  -0.0000340900    0.0000082200    0.0000117000
  -0.0000512100    0.0000254500    0.0000362300
  -0.0000550100   -0.0000157500   -0.0000453000
  -0.0035812000    0.0001844400   -0.0001877400
   0.0111902100    0.0004046600   -0.0003875600
  -0.0000686700   -0.0001527100    0.0000336300
  -0.0000640600    0.0001146400   -0.0000429600
   0.0000091300   -0.0000007900    0.0000298400
  -0.0000146600    0.0000038200   -0.0000406600
  -0.0000173600   -0.0000030200   -0.0000039100
   0.0000964600   -0.0006883800    0.0003334900
  -0.0000318900    0.0000022100    0.0000003100
   0.0000284300    0.0007150800   -0.0002602100
   0.0003343700    0.0008365700   -0.0000964600
   0.0000730200    0.0000178000    0.0000482400
   0.0377436300    0.0152476400   -0.0290234300
   0.0005723900   -0.0004777800   -0.0001530300
  -0.0000322900   -0.0000103000   -0.0000145900
  -0.0000961000   -0.0000041800    0.0001029800
   0.0000017700    0.0000234000   -0.0000004400
   0.0000530800    0.0000752100    0.0000546700
   0.0000328900   -0.0000425200    0.0000847500
   0.0005003900    0.0009707300    0.0003353100
   0.0000735300    0.0000145800   -0.0000216900
   0.0389750300    0.0155202700    0.0298651700
   0.0005970900   -0.0005490700    0.0001267100
  -0.0000383400   -0.0000099700    0.0000101700
  -0.0001355400   -0.0000061000   -0.0000756300
   0.0000025700    0.0000234500    0.0000066100
   0.0000515300    0.0000748200   -0.0000539900
   0.0000502500   -0.0000246000   -0.0000594400
   0.0114465500   -0.0001527200    0.0005098200
  -0.0000184100   -0.0001576600   -0.0000356200
  -0.0000795100    0.0001188200    0.0000479900
   0.0000012400   -0.0000308200   -0.0000230300
  -0.0000244700    0.0000092300    0.0000502400
  -0.0000174200    0.0000019100    0.0000007600
   0.0000230100   -0.0004175600    0.0000589500
  -0.0000319400    0.0000024200    0.0000025100
   0.0000127500    0.0008327200    0.0002934900
   0.0007333300    0.0027066700   -0.0007346400
  -0.0000492100   -0.0000025200   -0.0000076900
   0.0010532700   -0.0026836300    0.0009933700
  -0.0000290300    0.0000058700    0.0000037300
  -0.0000281000   -0.0000231500    0.0000102200
  -0.0000253800    0.0000135100   -0.0000140500
  -0.0000570400    0.0000234100   -0.0000359600
  -0.0000537400   -0.0000157500    0.0000102000
  -0.0038825000    0.0002867800    0.0001628500
   0.0453638500   -0.0167644600    0.0318229300
   0.0000956800   -0.0000488800   -0.0000443600
   0.0007321300   -0.0010400700   -0.0000338200
   0.0004960900    0.0001591000    0.0000252800
  -0.0001144700    0.0000412300   -0.0001115400
  -0.0000242800    0.0000085400    0.0000135300
   0.0000306400   -0.0000490800   -0.0000879000
  -0.0000018700   -0.0000170600    0.0000221100
   0.0000637900    0.0000034500   -0.0000890700

19   
 -0.0100000000000000   0.0000000000000000   0.0000000000000000
  -0.0051922000    0.0096181700    0.0001694700
  -0.0002156700    0.0000286300   -0.0000128000
  -0.0019751000   -0.0094251600   -0.0004904200
  -0.0014798500    0.0001700700   -0.0000081100
  -0.0000618100   -0.0000478100    0.0000048100
  -0.0000438000    0.0000445000   -0.0000089300
   0.0000221600   -0.0000222500    0.0000056300
   0.0000402400    0.0000076900    0.0000111200
  -0.0017880000    0.0000404100    0.0000013000
  -0.0028919600   -0.0097802700   -0.0000209200
  -0.0000699100    0.0000267200   -0.0000256800
  -0.0005535700   -0.0008968400    0.0000963400
   0.0000392600    0.0000427600    0.0000263800
  -0.0000453400   -0.0001128300    0.0000145600
  -0.0000289000   -0.0000155800   -0.0000122800
  -0.0003668400   -0.0006113600    0.0000114200
   0.0000105600   -0.0000649700    0.0000080400
  -0.0040935900    0.0089196800   -0.0000052000
   0.2086495300    0.0006485100    0.0017887800
  -0.0009322500   -0.0003272700   -0.0000440800
  -0.0009657700    0.0001965600    0.0000777700
   0.0001301300    0.0003420100    0.0000619000
  -0.0000191300   -0.0004392800   -0.0000457800
  -0.0000314200   -0.0000024700   -0.0000024100
   0.0001352500    0.0009055600    0.0000239500
  -0.0000314200    0.0000017900    0.0000052700
  -0.0000247000   -0.0008773600   -0.0000054300
  -0.0026181900    0.0082877100    0.0003229900
  -0.0002384900    0.0007399400   -0.0000065500
  -0.0000184200   -0.0000414700   -0.0000101900
  -0.0000293600    0.0000666200    0.0000049300
  -0.0000149200   -0.0000443500    0.0000142800
  -0.0000107900    0.0000645500    0.0000287700
  -0.0032697500   -0.0073117700    0.0011540000
   0.0000101400    0.0000524800   -0.0000245900
  -0.0001717200    0.0007215800   -0.0001180500
  -0.0367293600    0.0143112500    0.0287993000
  -0.0000675700    0.0000085000   -0.0000046100
  -0.0004937700    0.0010380100    0.0005312500
  -0.0005648800   -0.0005152500    0.0001615400
   0.0001070200   -0.0000263300   -0.0000387800
   0.0000213400   -0.0000000900    0.0000178300
  -0.0000449400    0.0000558900   -0.0000516600
  -0.0000010700    0.0000207100    0.0000038700
   0.0000153400    0.0000512200   -0.0000410300
  -0.0007705400   -0.0024090700   -0.0006748200
   0.0000497500   -0.0000036500   -0.0000009200
  -0.0010878100    0.0026509700    0.0006749900
   0.0000268700    0.0000162600    0.0000184900
   0.0000229800    0.0000147800    0.0000001200
   0.0000344300   -0.0000080400   -0.0000117600
   0.0000516700   -0.0000262700   -0.0000343400
   0.0000539900    0.0000152700    0.0000467700
   0.0035861600   -0.0001612700    0.0001939000
  -0.0111967700   -0.0001676800    0.0002062800
   0.0000698600    0.0001506900   -0.0000351300
   0.0000616700   -0.0001167300    0.0000415200
  -0.0000090400    0.0000006900   -0.0000301000
   0.0000145400   -0.0000036200    0.0000401300
   0.0000174200    0.0000032400    0.0000039900
  -0.0000979100    0.0006928000   -0.0003314200
   0.0000318400   -0.0000021700   -0.0000005100
  -0.0000291100   -0.0007103300    0.0002603300
  -0.0003236800   -0.0008343100    0.0001059800
  -0.0000739200   -0.0000185600   -0.0000492000
  -0.0385109800   -0.0157166100    0.0300426800
  -0.0005785600    0.0004753100    0.0001326800
   0.0000322500    0.0000105000    0.0000146400
   0.0000961000    0.0000066600   -0.0001031000
  -0.0000017700   -0.0000233400    0.0000003800
  -0.0000537600   -0.0000749200   -0.0000546200
  -0.0000312800    0.0000411400   -0.0000849800
  -0.0004929800   -0.0009664700   -0.0003465900
  -0.0000744200   -0.0000155300    0.0000214600
  -0.0397775300   -0.0160019100   -0.0309029800
  -0.0006047700    0.0005443900   -0.0001079700
   0.0000383500    0.0000102100   -0.0000102600
   0.0001370400    0.0000083600    0.0000759800
  -0.0000024200   -0.0000233100   -0.0000065400
  -0.0000523800   -0.0000745200    0.0000540000
  -0.0000487300    0.0000233600    0.0000590800
  -0.0114701100    0.0003618200   -0.0003559200
   0.0000199800    0.0001559800    0.0000364200
   0.0000770600   -0.0001200400   -0.0000461500
  -0.0000011800    0.0000315300    0.0000235100
   0.0000242200   -0.0000092700   -0.0000497600
   0.0000174900   -0.0000017400   -0.0000008400
  -0.0000204800    0.0004179100   -0.0000611300
   0.0000319700   -0.0000023900   -0.0000022600
  -0.0000137000   -0.0008279600   -0.0002939100
  -0.0007567600   -0.0026858200    0.0007079300
   0.0000492500    0.0000018300    0.0000079500
  -0.0010310800    0.0027058200   -0.0010132100
   0.0000292000   -0.0000036700   -0.0000062900
   0.0000276000    0.0000234300   -0.0000102000
   0.0000257700   -0.0000132400    0.0000140900
   0.0000575400   -0.0000238500    0.0000344100
   0.0000531600    0.0000149200   -0.0000115600
   0.0038824700   -0.0002612300   -0.0001717800
  -0.0443137000    0.0161356500   -0.0306650100
  -0.0000947900    0.0000478000    0.0000430400
  -0.0007478300    0.0010445900    0.0000439600
  -0.0004943300   -0.0001611000   -0.0000495400
   0.0001140700   -0.0000395900    0.0001106600
   0.0000242400   -0.0000081200   -0.0000133600
  -0.0000301200    0.0000494900    0.0000872600
   0.0000016700    0.0000173300   -0.0000223200
  -0.0000647000   -0.0000052400    0.0000879000

19   
 -0.0049986552162234   0.0086610303099182   0.0000000000000000
   0.0051889600    0.0068083200    0.0007908700
  -0.0000817900   -0.0000267900    0.0000024600
  -0.0084738200   -0.0017379800    0.0004089900
  -0.0007047200    0.0001503400   -0.0001306700
  -0.0000239200    0.0000100500    0.0000214800
  -0.0000271500    0.0000658100   -0.0000131700
  -0.0000638400    0.0000029400   -0.0000272700
   0.0000958700    0.0000338600    0.0000170400
  -0.0007785900    0.0000776500   -0.0000034500
  -0.0095530500   -0.0013881100    0.0000095100
   0.0000085000    0.0000225900   -0.0000142800
   0.0004397400    0.0007164900    0.0000916600
   0.0000499900    0.0000525900    0.0000064000
   0.0000606100    0.0000937500    0.0000128800
  -0.0000611700    0.0000381500   -0.0000269500
   0.0002731200    0.0007725300    0.0000154300
  -0.0000095000   -0.0000574000    0.0000275200
   0.0066360800    0.0077992000   -0.0000516600
   0.1037236300   -0.1804868800    0.0015364500
  -0.0006357300   -0.0005067200    0.0000288000
  -0.0001922200   -0.0002452100    0.0000565700
  -0.0007356200    0.0008194500    0.0000766000
   0.0007478400    0.0004204900   -0.0000032000
  -0.0000172300    0.0000328200   -0.0000031100
  -0.0002195000    0.0010762000   -0.0000556700
  -0.0000131200    0.0000351700    0.0000050600
   0.0003719100    0.0001966600   -0.0000449900
   0.0066144300    0.0061681200   -0.0007030300
  -0.0008479900    0.0012908500   -0.0000094400
  -0.0000468400   -0.0000097300   -0.0000101200
  -0.0000964500    0.0001386700   -0.0000112200
  -0.0000407300   -0.0000072500    0.0000101800
   0.0000123600    0.0000377000    0.0000094600
  -0.0106116900    0.0007445900    0.0005345900
   0.0000344300    0.0000519100    0.0000027700
  -0.0007791700    0.0013313400   -0.0000464600
  -0.0312356100    0.0241516000    0.0291581600
  -0.0000718000    0.0000128700   -0.0000488400
   0.0000946900    0.0007570600    0.0000371000
  -0.0010516000   -0.0001423100    0.0006102000
  -0.0000317100   -0.0000188100   -0.0000147200
   0.0000171600   -0.0000177900    0.0000168000
  -0.0000338400    0.0000567600   -0.0000146800
  -0.0000189300   -0.0000137900    0.0000059600
   0.0000567900   -0.0000927100   -0.0000572400
   0.0017099000   -0.0030648500    0.0001232000
   0.0000200200   -0.0000114300   -0.0000125500
  -0.0026051000   -0.0004623700    0.0005957400
   0.0000209000   -0.0000650300    0.0000626400
  -0.0000033500   -0.0000284200   -0.0000003100
   0.0000341400   -0.0000451900   -0.0000005900
   0.0000373400   -0.0000461800   -0.0000345300
   0.0000011300   -0.0000342300    0.0000206400
   0.0016966400    0.0017991400   -0.0008245500
  -0.0055231600    0.0418413800   -0.0308922300
   0.0000108900    0.0000678700    0.0000216000
   0.0000383500   -0.0001012700    0.0000572000
  -0.0000204000    0.0000550700    0.0000200400
   0.0000279100    0.0000635800    0.0000520500
   0.0000089800   -0.0000356300   -0.0000115000
   0.0006103500    0.0008473100   -0.0004251300
   0.0000158400    0.0000073800   -0.0000119400
  -0.0007246600    0.0002339300   -0.0000727600
  -0.0004076100   -0.0001387700    0.0000287000
  -0.0000226100   -0.0000189700    0.0000163700
  -0.0060908800    0.0100523900   -0.0004987800
   0.0005908900    0.0004661800   -0.0002642800
   0.0000051800   -0.0000179600    0.0000019100
   0.0001198400    0.0000263000   -0.0000371200
   0.0000216700   -0.0000401900   -0.0000034600
   0.0000123700   -0.0000288100   -0.0000338000
  -0.0001006100   -0.0000781300    0.0000327300
  -0.0006413200   -0.0001885100   -0.0003339300
   0.0000020500    0.0000047900   -0.0000271800
  -0.0054955000    0.0100406800    0.0004786300
   0.0004829900    0.0004124900    0.0002325300
   0.0000006400   -0.0000196900    0.0000024100
   0.0001088900    0.0000458200    0.0000418700
   0.0000227000   -0.0000408900    0.0000005100
   0.0000018900   -0.0000211100    0.0000282600
  -0.0000808100   -0.0001169200   -0.0000317800
  -0.0051193000    0.0405394400    0.0299815900
  -0.0000022100    0.0000435400   -0.0000468800
   0.0000249300   -0.0000681400   -0.0000874800
  -0.0000191900    0.0000565400   -0.0000439900
   0.0000234200    0.0000638800   -0.0000565500
   0.0000056100   -0.0000317200    0.0000155300
   0.0005529100    0.0006334700    0.0000664500
   0.0000154400    0.0000092900    0.0000064100
  -0.0006224600    0.0002492200    0.0001099300
   0.0019131000   -0.0032901600   -0.0000426500
   0.0000210500   -0.0000024100    0.0000157100
  -0.0026265200   -0.0005082200   -0.0009107700
   0.0000155800   -0.0000709000   -0.0000241400
  -0.0000082600   -0.0000357700   -0.0000108600
   0.0000270500   -0.0000485300    0.0000090600
   0.0000447700   -0.0000490000    0.0000333100
   0.0000220800   -0.0000283800   -0.0000010700
   0.0019406100    0.0018743700    0.0008584300
  -0.0366448300    0.0293849700   -0.0308017300
  -0.0000605600    0.0000064000    0.0000815100
  -0.0001564300    0.0005646600    0.0000182900
  -0.0011642900    0.0001386500    0.0001160500
  -0.0000400600    0.0000601500    0.0000719400
   0.0000265000   -0.0000187500   -0.0000099900
  -0.0000780400    0.0000619300    0.0000607000
  -0.0000142300   -0.0000126400   -0.0000235500
   0.0000690700   -0.0000966900    0.0001114300

19   
  0.0049986552162234  -0.0086610303099182   0.0000000000000000
  -0.0050505800   -0.0068929400   -0.0007842500
   0.0000801900    0.0000277700   -0.0000017800
   0.0084114700    0.0017122900   -0.0004054300
   0.0006925400   -0.0001594800    0.0001306500
   0.0000248500   -0.0000115800   -0.0000211800
   0.0000248900   -0.0000689800    0.0000135500
   0.0000631000   -0.0000029300    0.0000278000
  -0.0000969700   -0.0000339400   -0.0000169500
   0.0007829100   -0.0000614800    0.0000046600
   0.0095386900    0.0015398300   -0.0000149200
  -0.0000094900   -0.0000212100    0.0000143700
  -0.0004207200   -0.0007175500   -0.0000917000
  -0.0000505100   -0.0000524400   -0.0000061600
  -0.0000602900   -0.0000954800   -0.0000131400
   0.0000572600   -0.0000377700    0.0000272000
  -0.0002873000   -0.0007803900   -0.0000148900
   0.0000081300    0.0000567300   -0.0000273500
  -0.0066729700   -0.0078336100    0.0000535800
  -0.1054945100    0.1797448800   -0.0016894400
   0.0006503000    0.0005051500   -0.0000269400
   0.0001841000    0.0002414800   -0.0000552900
   0.0007136000   -0.0007943800   -0.0000715000
  -0.0007402200   -0.0004083700    0.0000031200
   0.0000178800   -0.0000325700    0.0000033500
   0.0002317500   -0.0011136900    0.0000590400
   0.0000140600   -0.0000346900   -0.0000050600
  -0.0003796000   -0.0002072400    0.0000456900
  -0.0066499900   -0.0057072400    0.0006976300
   0.0008246000   -0.0013030000    0.0000106400
   0.0000444400    0.0000109000    0.0000103700
   0.0000968600   -0.0001378300    0.0000114100
   0.0000417300    0.0000082300   -0.0000101600
  -0.0000125100   -0.0000403800   -0.0000093000
   0.0110404900   -0.0010683600   -0.0005116400
  -0.0000336800   -0.0000511800   -0.0000026600
   0.0007737900   -0.0013310700    0.0000471700
   0.0320064400   -0.0245417700   -0.0301498000
   0.0000719400   -0.0000134200    0.0000486000
  -0.0000890900   -0.0007615200   -0.0000240900
   0.0010449100    0.0001439400   -0.0006215000
   0.0000321200    0.0000200800    0.0000145900
  -0.0000169300    0.0000178100   -0.0000169400
   0.0000353700   -0.0000573100    0.0000144700
   0.0000186900    0.0000137100   -0.0000058800
  -0.0000585400    0.0000922200    0.0000579300
  -0.0017285200    0.0030512600   -0.0001143900
  -0.0000200400    0.0000112000    0.0000124900
   0.0026022400    0.0004414800   -0.0005793900
  -0.0000206900    0.0000662200   -0.0000608900
   0.0000029100    0.0000284700    0.0000001700
  -0.0000332900    0.0000454100    0.0000003200
  -0.0000359400    0.0000461000    0.0000364400
  -0.0000040800    0.0000331200   -0.0000169000
  -0.0017185000   -0.0018018800    0.0008476100
   0.0055488500   -0.0409050400    0.0298819000
  -0.0000100200   -0.0000682200   -0.0000222400
  -0.0000396800    0.0000998500   -0.0000566700
   0.0000208900   -0.0000536700   -0.0000203700
  -0.0000285800   -0.0000631100   -0.0000521300
  -0.0000089500    0.0000355000    0.0000113600
  -0.0006094700   -0.0008552000    0.0004109200
  -0.0000159700   -0.0000076000    0.0000120200
   0.0007240600   -0.0002259700    0.0000901900
   0.0004084000    0.0001364300   -0.0000314000
   0.0000224200    0.0000185900   -0.0000162600
   0.0058999100   -0.0101336300    0.0006521300
  -0.0005949800   -0.0004678100    0.0002640800
  -0.0000053300    0.0000179000   -0.0000020400
  -0.0001195400   -0.0000226600    0.0000391700
  -0.0000215600    0.0000401500    0.0000037400
  -0.0000124000    0.0000292900    0.0000339200
   0.0001044800    0.0000766000   -0.0000315000
   0.0006375400    0.0001877000    0.0003363000
  -0.0000015100   -0.0000048600    0.0000271700
   0.0052917000   -0.0101506600   -0.0006600600
  -0.0004874200   -0.0004142500   -0.0002330800
  -0.0000008800    0.0000196200   -0.0000023400
  -0.0001077400   -0.0000415500   -0.0000435900
  -0.0000226100    0.0000408800   -0.0000008200
  -0.0000021200    0.0000213200   -0.0000284100
   0.0000847100    0.0001157000    0.0000297400
   0.0051535500   -0.0396170000   -0.0289696300
   0.0000033500   -0.0000436300    0.0000470000
  -0.0000271700    0.0000677200    0.0000871300
   0.0000195700   -0.0000552300    0.0000430700
  -0.0000240600   -0.0000635000    0.0000566600
  -0.0000056000    0.0000316600   -0.0000154600
  -0.0005475100   -0.0006443900   -0.0000530900
  -0.0000155500   -0.0000093400   -0.0000064600
   0.0006206100   -0.0002435600   -0.0001288700
  -0.0019373000    0.0032786100    0.0000303300
  -0.0000211000    0.0000020100   -0.0000157000
   0.0026170900    0.0004847700    0.0008889500
  -0.0000150700    0.0000719200    0.0000228100
   0.0000076800    0.0000359500    0.0000108500
  -0.0000260900    0.0000489100   -0.0000088900
  -0.0000437600    0.0000490800   -0.0000351200
  -0.0000241300    0.0000270100   -0.0000021100
  -0.0019655900   -0.0018721800   -0.0008844600
   0.0377199300   -0.0299597200    0.0319556600
   0.0000606800   -0.0000068800   -0.0000821600
   0.0001583500   -0.0005671100   -0.0000407300
   0.0011537200   -0.0001286600   -0.0001011700
   0.0000408000   -0.0000587700   -0.0000725600
  -0.0000267400    0.0000187500    0.0000102300
   0.0000795400   -0.0000622800   -0.0000623400
   0.0000138700    0.0000126100    0.0000233900
  -0.0000705800    0.0000953700   -0.0001123000

19   
 -0.0000023916641656  -0.0000013803328390   0.0099999996187312
   0.0005033400    0.0009081700   -0.0046613000
  -0.0000116100    0.0000105600   -0.0000576900
  -0.0008877300    0.0007141600   -0.0059329500
  -0.0000057800    0.0000229300    0.0001635000
   0.0000064500   -0.0000281600    0.0000094400
   0.0000094700    0.0000165800    0.0000145900
   0.0000144100    0.0000221200   -0.0000128800
  -0.0000074100   -0.0000097100   -0.0000048400
  -0.0000236300   -0.0001076300    0.0002446100
   0.0001921100    0.0002968100   -0.0050634500
   0.0000073900    0.0000095500    0.0000288100
  -0.0000232400   -0.0000050500    0.0001470700
   0.0000163600   -0.0000046500   -0.0000186800
   0.0000073800   -0.0000029600   -0.0000322000
   0.0000007000   -0.0000106000    0.0000192100
   0.0000542300   -0.0000333800    0.0000013900
   0.0000094000   -0.0000105800   -0.0000247300
  -0.0000621300   -0.0003718200   -0.0049807900
  -0.0018173400    0.0008001600   -0.2436001900
  -0.0000780000    0.0000186800    0.0006218200
   0.0000485700    0.0000557000    0.0006222900
  -0.0000176000   -0.0000806800    0.0004992000
   0.0000024400   -0.0000516300    0.0006566000
  -0.0000051000    0.0000029400   -0.0000672200
  -0.0000595600    0.0000542200    0.0004985900
   0.0000025100   -0.0000022800   -0.0000672000
   0.0000462400    0.0000257900    0.0006567100
  -0.0010938800    0.0002852900   -0.0070985200
   0.0000728300    0.0000966900    0.0003371600
  -0.0000036400   -0.0000133300    0.0000376000
  -0.0000163900    0.0000037600   -0.0000130300
  -0.0000004200    0.0000119700    0.0000376100
   0.0000283700    0.0000128500    0.0000238200
  -0.0006159500   -0.0010528000   -0.0060826800
  -0.0000195400   -0.0000223100    0.0000234600
  -0.0000008200    0.0000127500    0.0003375000
  -0.0277456600    0.0155527900    0.0409462100
  -0.0000204000   -0.0000141500   -0.0000246200
   0.0006430700   -0.0000644800    0.0005878200
   0.0003917800   -0.0002919400    0.0005895300
  -0.0001005600   -0.0001879000   -0.0000662200
  -0.0000240900    0.0000144600   -0.0000048700
  -0.0000016800    0.0000139700   -0.0000085500
  -0.0000220600    0.0000118900   -0.0000045600
   0.0000932100    0.0001794800   -0.0000558400
   0.0018163100    0.0008212000    0.0018303400
   0.0000002200   -0.0000307200    0.0000073300
  -0.0016203900    0.0007214000    0.0022723400
   0.0000115000   -0.0000260100    0.0000437000
  -0.0000343700    0.0000196900    0.0000092200
   0.0000319400    0.0000172400    0.0000042600
  -0.0000228100    0.0000171200    0.0000457200
   0.0000442500    0.0000178200    0.0000207500
  -0.0000080100   -0.0018383100    0.0021401300
  -0.0003723700   -0.0329684200    0.0419522000
  -0.0001908500   -0.0000027900   -0.0000519900
   0.0001681400    0.0000052100   -0.0000305100
   0.0000145600    0.0000035600   -0.0000026700
  -0.0000188300   -0.0000144600   -0.0000205900
  -0.0000011400   -0.0000292400   -0.0000059600
  -0.0000830100    0.0005895500    0.0005544600
  -0.0000039100   -0.0000196800    0.0000074800
   0.0001856900    0.0005766300    0.0004744700
   0.0004207000    0.0001731200    0.0007512500
   0.0000058200    0.0000167100   -0.0000120700
  -0.0286544800   -0.0163350300    0.0423842000
   0.0004492400    0.0002888700    0.0005725800
  -0.0000228600   -0.0000133600   -0.0000023600
  -0.0001070900    0.0001726300   -0.0000406800
  -0.0000214400   -0.0000064000    0.0000030600
  -0.0000014500   -0.0000125200   -0.0000040900
   0.0000844300   -0.0001592200   -0.0000418500
  -0.0006693000   -0.0002833300    0.0004975800
   0.0000091800   -0.0000204500   -0.0000153300
   0.0289708300    0.0167430000    0.0414950700
  -0.0005229800   -0.0003248600    0.0004554100
   0.0000230200    0.0000137200   -0.0000045400
   0.0000955200   -0.0001658600   -0.0000214400
   0.0000168000    0.0000139100    0.0000072500
   0.0000003000    0.0000228400   -0.0000141600
  -0.0000871700    0.0001908700   -0.0000300800
   0.0003865000    0.0325872500    0.0428055600
   0.0001670300   -0.0000170200   -0.0000585300
  -0.0001799200   -0.0000008700   -0.0000481800
  -0.0000029200   -0.0000092100    0.0000005900
   0.0000115000    0.0000085800   -0.0000109400
  -0.0000009400    0.0000291600   -0.0000052100
   0.0000224100   -0.0003062600    0.0007686800
  -0.0000030800    0.0000200700    0.0000041800
  -0.0002114900   -0.0004983700    0.0005912200
  -0.0016565500   -0.0010447500    0.0018243600
   0.0000017400    0.0000286400    0.0000039600
   0.0016793200   -0.0007011500    0.0023367700
  -0.0000097900    0.0000453800    0.0000327000
   0.0000315900   -0.0000183100    0.0000094100
  -0.0000268600   -0.0000159200   -0.0000012200
   0.0000439700   -0.0000301500    0.0000470500
  -0.0000574800   -0.0000251500    0.0000083900
   0.0002940100    0.0018540400    0.0021479900
   0.0306432400   -0.0169705700    0.0433765400
   0.0000030000    0.0000199700   -0.0000028800
  -0.0003884800   -0.0001156300    0.0009030300
  -0.0000845800    0.0001707800    0.0008811800
   0.0000433200    0.0001949700   -0.0000515700
   0.0000186400   -0.0000133700   -0.0000069900
  -0.0000087500   -0.0000053800    0.0000163500
   0.0000230300   -0.0000119500    0.0000092400
  -0.0001305100   -0.0001374600   -0.0000335500

19   
  0.0000023916641656   0.0000013803328390  -0.0099999996187312
  -0.0003464700   -0.0008515000    0.0046862900
   0.0000111600   -0.0000094800    0.0000579700
   0.0006911600   -0.0006572500    0.0059319100
   0.0000034800   -0.0000259700   -0.0001618600
  -0.0000052800    0.0000269800   -0.0000087700
  -0.0000101200   -0.0000166900   -0.0000146400
  -0.0000136500   -0.0000220300    0.0000129100
   0.0000059600    0.0000095200    0.0000047700
   0.0000237500    0.0001047200   -0.0002430100
  -0.0000799300   -0.0002162900    0.0050649100
  -0.0000077000   -0.0000079900   -0.0000288300
   0.0000247900    0.0000050700   -0.0001449800
  -0.0000159500    0.0000054500    0.0000185800
  -0.0000062500    0.0000022900    0.0000322500
  -0.0000010800    0.0000103200   -0.0000192700
  -0.0000564100    0.0000342200   -0.0000027400
  -0.0000101800    0.0000093700    0.0000245900
   0.0000485600    0.0002188300    0.0049822800
   0.0017879100   -0.0008381100    0.2437632100
   0.0000729300   -0.0000236000   -0.0006203000
  -0.0000417900   -0.0000613300   -0.0006199300
   0.0000278700    0.0000779900   -0.0004965600
  -0.0000081100    0.0000472200   -0.0006571000
   0.0000054000   -0.0000026300    0.0000672500
   0.0000629800   -0.0000464100   -0.0004972200
  -0.0000025100    0.0000022900    0.0000672500
  -0.0000458400   -0.0000195600   -0.0006570400
   0.0009527800   -0.0001561200    0.0070996000
  -0.0000698000   -0.0000937100   -0.0003356500
   0.0000046600    0.0000149100   -0.0000376900
   0.0000155400   -0.0000039500    0.0000133600
  -0.0000005700   -0.0000117600   -0.0000376500
  -0.0000264500   -0.0000125500   -0.0000231700
   0.0006388100    0.0008851500    0.0061054600
   0.0000189700    0.0000215900   -0.0000234800
   0.0000044400   -0.0000073200   -0.0003351100
   0.0287088900   -0.0160969700   -0.0419137400
   0.0000193300    0.0000146800    0.0000246200
  -0.0006252800    0.0000628300   -0.0005994100
  -0.0003806400    0.0002772400   -0.0006009400
   0.0001017000    0.0001857800    0.0000656500
   0.0000243400   -0.0000143900    0.0000049700
   0.0000008600   -0.0000128500    0.0000084200
   0.0000225600   -0.0000117700    0.0000047600
  -0.0000904400   -0.0001784900    0.0000553400
  -0.0017985100   -0.0008109500   -0.0018344900
   0.0000002300    0.0000304000   -0.0000073600
   0.0016080400   -0.0007106100   -0.0022720100
  -0.0000112900    0.0000279600   -0.0000429700
   0.0000343000   -0.0000192600   -0.0000094200
  -0.0000312800   -0.0000169700   -0.0000041800
   0.0000242400   -0.0000180900   -0.0000444400
  -0.0000454100   -0.0000182900   -0.0000200200
   0.0000106300    0.0018209200   -0.0021424000
   0.0003727200    0.0340482500   -0.0428488300
   0.0001899800    0.0000047900    0.0000512100
  -0.0001662400   -0.0000028600    0.0000300200
  -0.0000140700   -0.0000048000    0.0000029400
   0.0000188700    0.0000137000    0.0000207600
   0.0000013600    0.0000294800    0.0000059600
   0.0000779400   -0.0005735200   -0.0005653300
   0.0000042500    0.0000202200   -0.0000073500
  -0.0001799100   -0.0005631300   -0.0004850300
  -0.0004261500   -0.0001737800   -0.0007446200
  -0.0000042600   -0.0000158300    0.0000115900
   0.0277173800    0.0158231300   -0.0414891600
  -0.0004593800   -0.0002989600   -0.0005595200
   0.0000231100    0.0000135400    0.0000020600
   0.0001055500   -0.0001742900    0.0000401000
   0.0000214800    0.0000064500   -0.0000032000
   0.0000027800    0.0000138900    0.0000035000
  -0.0000869800    0.0001594300    0.0000413500
   0.0006563700    0.0002791600   -0.0005095400
  -0.0000073300    0.0000211100    0.0000158700
  -0.0299200200   -0.0172777500   -0.0424031900
   0.0005152400    0.0003160800   -0.0004661600
  -0.0000228500   -0.0000136700    0.0000045800
  -0.0000973000    0.0001632000    0.0000209600
  -0.0000167800   -0.0000138200   -0.0000071200
   0.0000008100   -0.0000218100    0.0000144900
   0.0000846500   -0.0001909600    0.0000294800
  -0.0004012500   -0.0315064800   -0.0419074900
  -0.0001680800    0.0000190000    0.0000583800
   0.0001811600    0.0000027700    0.0000477000
   0.0000030500    0.0000080700   -0.0000008700
  -0.0000116100   -0.0000096500    0.0000105400
   0.0000011100   -0.0000290400    0.0000049600
  -0.0000262300    0.0003130900   -0.0007626000
   0.0000034600   -0.0000195500   -0.0000043100
   0.0002173000    0.0005138700   -0.0005787100
   0.0016725000    0.0010518300   -0.0018281500
  -0.0000014400   -0.0000288900   -0.0000039100
  -0.0016844500    0.0007077500   -0.0023335600
   0.0000100100   -0.0000437500   -0.0000337500
  -0.0000317900    0.0000188100   -0.0000093900
   0.0000273000    0.0000162600    0.0000012000
  -0.0000426400    0.0000296100   -0.0000479900
   0.0000564900    0.0000246100   -0.0000093900
  -0.0002898700   -0.0018682100   -0.0021526800
  -0.0296754100    0.0164216700   -0.0425965200
  -0.0000040700   -0.0000189400    0.0000021900
   0.0003994300    0.0001136200   -0.0008938000
   0.0000911900   -0.0001799100   -0.0008728600
  -0.0000421500   -0.0001966400    0.0000515600
  -0.0000183800    0.0000134900    0.0000069000
   0.0000075200    0.0000062200   -0.0000169300
  -0.0000225500    0.0000120400   -0.0000096100
   0.0001328600    0.0001382400    0.0000333100

37   
  0.0100000000000000   0.0000000000000000   0.0000000000000000
   0.0354943100    0.0137350100    0.0271138800
   0.0000009600    0.0000347100   -0.0000004900
   0.0003949800   -0.0003539500   -0.0002839600
   0.0000223700   -0.0000322000   -0.0000685800
   0.0000354000   -0.0000315600   -0.0000084700
  -0.0000067100    0.0000297100    0.0000156900
  -0.0001240700    0.0001931500    0.0000626500
  -0.0000409100   -0.0000057800    0.0000271800
   0.0006643000    0.0008621200   -0.0002984000
  -0.0033241900    0.0001163200   -0.0001923900
  -0.0000713500   -0.0000306600   -0.0000255500
  -0.0000708000    0.0000203800    0.0000394000
  -0.0000160300    0.0000278200   -0.0000274100
  -0.0000231800   -0.0000199800    0.0000289500
  -0.0000308500   -0.0000055500    0.0000003200
   0.0008268200   -0.0026112700    0.0011196800
  -0.0000660200    0.0000016400   -0.0000007100
   0.0008021700    0.0024108400   -0.0010815300
   0.0367213500   -0.0148752700   -0.0277149400
   0.0005091900    0.0003962800    0.0006401900
   0.0000671100   -0.0000426700   -0.0000193500
   0.0000449800   -0.0000137600   -0.0000016000
  -0.0000166100    0.0000573000    0.0000914800
   0.0000012700   -0.0000211800   -0.0000226200
   0.0005730300   -0.0008882700    0.0003921500
  -0.0000211100    0.0000072000   -0.0000244100
  -0.0001069000   -0.0000986300   -0.0001005600
   0.0000746700    0.0007921100   -0.0000512000
   0.0000554700   -0.0007853400    0.0002637800
  -0.0000384900    0.0000024700   -0.0000011000
   0.0000068200   -0.0000333000    0.0000110200
  -0.0000176600   -0.0000017500    0.0000002100
   0.0000016300    0.0000290800   -0.0000221200
   0.0112351500    0.0004828600   -0.0004560100
  -0.0001053600   -0.0000014500    0.0002022700
  -0.0000626500    0.0000010900   -0.0002108300
  -0.1005530600    0.0008916800    0.0014682700
   0.0000207100   -0.0000401600   -0.0000204200
   0.0000217100    0.0000237500   -0.0000219100
   0.0000143600   -0.0000666100   -0.0000592000
   0.0000076500    0.0000336400    0.0000381700
   0.0000100300   -0.0000001300    0.0000012500
   0.0000140700    0.0000088500   -0.0000637300
   0.0000100000   -0.0000004100   -0.0000016100
   0.0000075600   -0.0000309600    0.0000525100
  -0.0007171000    0.0020066200    0.0016984600
   0.0000076400   -0.0000142300    0.0000071300
   0.0001189000   -0.0000780700   -0.0000291800
  -0.0000015200   -0.0000203400    0.0000023200
  -0.0000055200    0.0000062700    0.0000005300
   0.0000046300    0.0000190500    0.0000013000
   0.0001154400   -0.0000726700    0.0000961200
  -0.0000009500    0.0000161600   -0.0000068600
  -0.0011017200    0.0000375400    0.0005333700
   0.0015684600   -0.0037447900   -0.0004665100
  -0.0001653300   -0.0000684400   -0.0000145300
   0.0000442600   -0.0000152600   -0.0000030500
   0.0000141500   -0.0000230600   -0.0000127300
   0.0000047400    0.0000035900    0.0000014000
   0.0000014000    0.0000054700    0.0000059600
   0.0015432700   -0.0040236800    0.0008123200
   0.0000441600   -0.0000221200   -0.0000110300
  -0.0001339400   -0.0000737600    0.0000597600
   0.0010011900   -0.0007265100    0.0013108200
   0.0000055500   -0.0000013500    0.0000006300
   0.0011085200    0.0010410900   -0.0015765500
  -0.0000388300   -0.0000129600    0.0000416200
  -0.0000005500    0.0000216100    0.0000032400
   0.0000029900   -0.0000174600   -0.0000038700
  -0.0000043400    0.0000120600    0.0000103900
  -0.0000010700   -0.0000215900   -0.0000143900
  -0.0000322800   -0.0000139000    0.0000174900
   0.0072577900    0.0002901500    0.0011168400
   0.0000622600    0.0000025800    0.0000030500
   0.0083562300   -0.0001164700   -0.0011611900
  -0.0000377900    0.0000073700   -0.0000001400
   0.0000310600    0.0000368400    0.0000094100
   0.0000324800   -0.0000307500   -0.0000084100
   0.0000377900   -0.0000254400   -0.0000075000
   0.0000395500    0.0000208300    0.0000101000
  -0.0000660800   -0.0000106200   -0.0000018600
  -0.0008806700   -0.0023333900   -0.0019556400
   0.0001031700    0.0000745700   -0.0000058500
   0.0000016500    0.0000150300   -0.0000072600
  -0.0000032800   -0.0000024200    0.0000015700
   0.0000028900    0.0000148400   -0.0000104600
   0.0000034700   -0.0000120900   -0.0000038800
  -0.0010401800   -0.0001384100   -0.0004791700
  -0.0000014700   -0.0000122700    0.0000043300
   0.0001182900    0.0000890800   -0.0000850300
   0.0009844600    0.0032331600    0.0003788500
   0.0000552300    0.0000148200    0.0000049000
  -0.0001914500    0.0000625400   -0.0000023300
   0.0000063400   -0.0000100400   -0.0000031700
   0.0000150600    0.0000237600    0.0000150100
   0.0000020600   -0.0000069900   -0.0000058900
  -0.0001129600    0.0000570400   -0.0000916300
   0.0000464500    0.0000190800    0.0000124300
   0.0015397800    0.0041313900   -0.0006805000
  -0.0025296100    0.0001689500   -0.0002785900
   0.0000451300   -0.0001243800   -0.0000400300
   0.0000462600    0.0001596200    0.0000254100
  -0.0000627100   -0.0002245000    0.0000196100
  -0.0000442500    0.0002387000   -0.0000313400
   0.0000121700   -0.0000017800   -0.0000003700
  -0.0000944600    0.0000927100    0.0000025500
   0.0000085700   -0.0000007600    0.0000019700
  -0.0000675600   -0.0000892400    0.0000001500

37   
 -0.0100000000000000   0.0000000000000000   0.0000000000000000
  -0.0347778700   -0.0133447100   -0.0262134100
  -0.0000001300   -0.0000325300    0.0000008400
  -0.0004352000    0.0003675500    0.0002918900
  -0.0000206600    0.0000331900    0.0000679400
  -0.0000339700    0.0000306700    0.0000078200
   0.0000064800   -0.0000303000   -0.0000158700
   0.0001230800   -0.0001921200   -0.0000614900
   0.0000405600    0.0000057600   -0.0000274100
  -0.0006748600   -0.0008714400    0.0003082700
   0.0033194900   -0.0000831300    0.0001767000
   0.0000706100    0.0000298700    0.0000233100
   0.0000707900   -0.0000209900   -0.0000412100
   0.0000161800   -0.0000274700    0.0000266800
   0.0000231800    0.0000203500   -0.0000296900
   0.0000305400    0.0000044200   -0.0000004300
  -0.0007885700    0.0025748200   -0.0011142600
   0.0000659300   -0.0000009200   -0.0000001200
  -0.0008378100   -0.0024438900    0.0010864600
  -0.0374790100    0.0153196100    0.0287248400
  -0.0004708300   -0.0003815000   -0.0006287900
  -0.0000686700    0.0000448500    0.0000202800
  -0.0000460100    0.0000135900    0.0000011600
   0.0000149500   -0.0000575600   -0.0000922600
  -0.0000010600    0.0000210000    0.0000223500
  -0.0005620100    0.0008771600   -0.0003806200
   0.0000214300   -0.0000073700    0.0000242000
   0.0001082700    0.0000993200    0.0001017000
  -0.0000860400   -0.0007978500    0.0000547000
  -0.0000467500    0.0007796700   -0.0002600100
   0.0000385500   -0.0000021900    0.0000007300
  -0.0000063800    0.0000328300   -0.0000106300
   0.0000176800    0.0000023700   -0.0000005100
  -0.0000018000   -0.0000293700    0.0000224700
  -0.0112368100   -0.0003318500    0.0003762900
   0.0001028700    0.0000004500   -0.0001995900
   0.0000639300   -0.0000017300    0.0002138600
   0.1006199800   -0.0020091500   -0.0033306000
  -0.0000212800    0.0000392000    0.0000216900
  -0.0000202500   -0.0000245800    0.0000233600
  -0.0000143600    0.0000690600    0.0000595500
  -0.0000072000   -0.0000307800   -0.0000379600
  -0.0000099400    0.0000004900   -0.0000012100
  -0.0000145900   -0.0000072000    0.0000627600
  -0.0000099800    0.0000002000    0.0000012500
  -0.0000072300    0.0000324200   -0.0000536300
   0.0006976600   -0.0019585700   -0.0016783000
  -0.0000079500    0.0000138200   -0.0000068000
  -0.0001154300    0.0000776800    0.0000324200
   0.0000016900    0.0000198900   -0.0000024300
   0.0000054200   -0.0000061400   -0.0000003300
  -0.0000048100   -0.0000183600   -0.0000011000
  -0.0001135500    0.0000712300   -0.0000907400
   0.0000014800   -0.0000164400    0.0000068300
   0.0011127300   -0.0000356300   -0.0005443800
  -0.0015640400    0.0037794500    0.0004633700
   0.0001617000    0.0000676900    0.0000154500
  -0.0000443600    0.0000155700    0.0000032000
  -0.0000139200    0.0000233700    0.0000127000
  -0.0000046800   -0.0000033200   -0.0000014400
  -0.0000014400   -0.0000052100   -0.0000061900
  -0.0015554800    0.0040049300   -0.0008177400
  -0.0000437900    0.0000216700    0.0000106100
   0.0001343700    0.0000749700   -0.0000613900
  -0.0010058400    0.0007410400   -0.0013053200
  -0.0000054600    0.0000014600   -0.0000004900
  -0.0011039400   -0.0010276200    0.0015836400
   0.0000386900    0.0000086000   -0.0000365400
   0.0000004900   -0.0000210100   -0.0000031200
  -0.0000029700    0.0000180300    0.0000039000
   0.0000040400   -0.0000116000   -0.0000103200
   0.0000012900    0.0000222000    0.0000145100
   0.0000323600    0.0000153800   -0.0000161200
  -0.0070706100   -0.0002919900   -0.0010976300
  -0.0000621100   -0.0000034200   -0.0000034400
  -0.0085617900    0.0001127000    0.0011762000
   0.0000376500   -0.0000054200    0.0000006600
  -0.0000308800   -0.0000359100   -0.0000091700
  -0.0000323600    0.0000313800    0.0000086000
  -0.0000378700    0.0000253600    0.0000078000
  -0.0000397700   -0.0000210000   -0.0000098200
   0.0000663400    0.0000135400   -0.0000004700
   0.0009004600    0.0023853600    0.0019778600
  -0.0001067600   -0.0000752500    0.0000098300
  -0.0000012400   -0.0000153700    0.0000074600
   0.0000034300    0.0000025200   -0.0000014300
  -0.0000030100   -0.0000152700    0.0000103800
  -0.0000032300    0.0000127000    0.0000040800
   0.0010277900    0.0001393000    0.0004674400
   0.0000010800    0.0000121100   -0.0000043600
  -0.0001209800   -0.0000904600    0.0000898300
  -0.0009897800   -0.0031984400   -0.0003764900
  -0.0000545000   -0.0000144600   -0.0000047100
   0.0001964200   -0.0000631200    0.0000033500
  -0.0000063200    0.0000102000    0.0000031800
  -0.0000152300   -0.0000233800   -0.0000150100
  -0.0000019600    0.0000072200    0.0000056300
   0.0001123700   -0.0000558900    0.0000895300
  -0.0000470300   -0.0000196900   -0.0000129100
  -0.0015240300   -0.0041514900    0.0006749000
   0.0025279100   -0.0001645600    0.0001938700
  -0.0000464400    0.0001233100    0.0000390500
  -0.0000452100   -0.0001612100   -0.0000263000
   0.0000637000    0.0002255000   -0.0000193800
   0.0000433100   -0.0002372700    0.0000311500
  -0.0000120900    0.0000020100    0.0000005400
   0.0000930800   -0.0000928200   -0.0000031500
  -0.0000085400    0.0000007500   -0.0000016800
   0.0000687200    0.0000891600   -0.0000005800

37   
 -0.0000023916641656  -0.0000013803328390   0.0099999996187312
   0.0272277200    0.0157142800    0.0416339700
  -0.0000137300   -0.0000490600    0.0000003200
   0.0005350200   -0.0002113600    0.0005438700
   0.0000182800   -0.0000691100   -0.0000560100
  -0.0000493300    0.0000126700    0.0000003100
   0.0000112600    0.0000065500   -0.0000025100
  -0.0000506400    0.0000504100   -0.0000560200
   0.0000153700    0.0000088900   -0.0000011500
   0.0000845900    0.0005689400    0.0005438600
  -0.0001195500    0.0007707700    0.0020631700
   0.0000168700    0.0000097300    0.0000665600
  -0.0000050800   -0.0000005200    0.0000348700
  -0.0000105100   -0.0000060900    0.0000109500
   0.0000042900   -0.0000057100    0.0000065700
  -0.0000029900   -0.0000042100    0.0000348400
   0.0006075900   -0.0004890700    0.0020631800
  -0.0000028300    0.0000065300    0.0000065600
  -0.0008969900   -0.0005176700    0.0023247200
  -0.0298277000    0.0176286800    0.0419062200
  -0.0005219300   -0.0002779600    0.0005987600
   0.0000047000   -0.0000537600   -0.0000235600
   0.0000516400    0.0000125600   -0.0000073900
   0.0000427200   -0.0000432600   -0.0000557800
  -0.0000041600    0.0000048800   -0.0000043600
  -0.0001436800    0.0006111400    0.0005999400
  -0.0000176700    0.0000090500   -0.0000049900
   0.0000406900    0.0000047100   -0.0000660500
   0.0004573000   -0.0004301200    0.0005999900
  -0.0005017500   -0.0003128700    0.0005987700
   0.0000020900   -0.0000060300   -0.0000043800
   0.0000366900    0.0000384000   -0.0000074100
  -0.0000010300   -0.0000198100   -0.0000050000
  -0.0000442200    0.0000309600   -0.0000235500
   0.0003423000   -0.0346459300    0.0419061500
  -0.0000160600    0.0000586500   -0.0000557800
   0.0000244700    0.0000328400   -0.0000660600
   0.0024758900    0.0014290200   -0.1358658600
  -0.0000249700    0.0000743900   -0.0001656300
  -0.0000189700    0.0000559400   -0.0001661000
  -0.0000620900   -0.0000338900   -0.0001809300
   0.0000519300   -0.0000588400   -0.0001656000
  -0.0000014000   -0.0000008000    0.0000134900
  -0.0000604000   -0.0000368300   -0.0001809500
   0.0000012700    0.0000007400    0.0000133600
   0.0000389500   -0.0000444400   -0.0001660700
  -0.0002411100    0.0019026900    0.0002505700
   0.0000064100    0.0000078600    0.0000047600
  -0.0000461100    0.0000685000   -0.0002492200
  -0.0000040700    0.0000038200    0.0000086800
   0.0000019600   -0.0000011900    0.0000131200
  -0.0000103400   -0.0000098400    0.0000115700
  -0.0000005100    0.0000203300   -0.0002875200
  -0.0000027800   -0.0000008900    0.0000122000
  -0.0022716500   -0.0007504100    0.0006016000
   0.0006290100   -0.0007007800   -0.0028236300
   0.0000863000    0.0000498000    0.0000155200
  -0.0000119900    0.0000081400   -0.0000199900
  -0.0000124000   -0.0000071600    0.0000043000
   0.0000063000    0.0000036800   -0.0000221400
   0.0000010400   -0.0000144700   -0.0000199700
  -0.0002921300    0.0008952000   -0.0028236400
   0.0000063400    0.0000036100   -0.0000221400
   0.0000016300    0.0000009500    0.0000553000
   0.0015268700   -0.0011606600    0.0002505400
  -0.0000000500    0.0000022800    0.0000131300
  -0.0017861900   -0.0015915300    0.0006015800
   0.0000173300   -0.0000106000   -0.0002875100
   0.0000100200    0.0000016300    0.0000047600
  -0.0000136900   -0.0000040300    0.0000115800
   0.0000012800   -0.0000054400    0.0000086800
  -0.0000021500   -0.0000019500    0.0000122100
   0.0000362400   -0.0000742200   -0.0002492100
  -0.0009287500   -0.0001443600   -0.0030675400
  -0.0000026100    0.0000149700    0.0000051100
   0.0009427200   -0.0000772500   -0.0027656500
   0.0000070800    0.0000075600    0.0000672000
   0.0000098600   -0.0000044400   -0.0000275500
  -0.0000138000    0.0000015400   -0.0000211300
  -0.0000014800   -0.0000018500   -0.0000288100
   0.0000016000   -0.0000042800   -0.0000232900
  -0.0000095400   -0.0001573900    0.0000100500
   0.0003995600    0.0022220600    0.0003973200
   0.0000891900    0.0000514900   -0.0002495800
  -0.0000037400    0.0000114800    0.0000120300
  -0.0000016700   -0.0000009700    0.0000117300
   0.0000051700    0.0000059500    0.0000102200
   0.0000080700   -0.0000089900    0.0000120000
   0.0021239300   -0.0007656500    0.0003973400
   0.0000077600    0.0000014900    0.0000102100
   0.0000573600    0.0000331200   -0.0002842600
  -0.0005896600   -0.0007320300   -0.0030675500
   0.0000010800    0.0000107500   -0.0000275500
  -0.0001410200    0.0000704600    0.0000100600
  -0.0000023400   -0.0000003500   -0.0000288100
   0.0000116800   -0.0000097500    0.0000051400
  -0.0000055800   -0.0000127200   -0.0000211200
   0.0000100900    0.0000023700    0.0000672200
  -0.0000029100    0.0000035100   -0.0000232800
   0.0004047700    0.0008549800   -0.0027656700
   0.0002820200    0.0001627900    0.0180168200
   0.0000318700    0.0000626700    0.0000071500
  -0.0000116300    0.0000593500    0.0000013700
  -0.0000790100   -0.0000056800    0.0000234000
   0.0000702200   -0.0000037700    0.0000071600
  -0.0000006200   -0.0000003600   -0.0000013300
  -0.0000444400   -0.0000655900    0.0000234300
  -0.0000002000   -0.0000001100   -0.0000075800
   0.0000455500   -0.0000397600    0.0000013400

37   
  0.0000023916641656   0.0000013803328390  -0.0099999996187312
  -0.0263033500   -0.0151808100   -0.0407321200
   0.0000135700    0.0000484900    0.0000026300
  -0.0005645300    0.0002028100   -0.0005294600
  -0.0000209300    0.0000674400    0.0000570200
   0.0000487900   -0.0000125000    0.0000026300
  -0.0000106400   -0.0000061300    0.0000030500
   0.0000479200   -0.0000518700    0.0000570300
  -0.0000156100   -0.0000090000    0.0000016000
  -0.0001068200   -0.0005902700   -0.0005294600
   0.0001231700   -0.0008102300   -0.0020586500
  -0.0000167500   -0.0000096700   -0.0000619500
   0.0000048300    0.0000002600   -0.0000305900
   0.0000103300    0.0000059600   -0.0000101200
  -0.0000040700    0.0000055300   -0.0000057200
   0.0000026500    0.0000040300   -0.0000305800
  -0.0006399300    0.0005119900   -0.0020586600
   0.0000027500   -0.0000063000   -0.0000057200
   0.0009344700    0.0005393100   -0.0023202900
   0.0287761300   -0.0170346600   -0.0409526200
   0.0005491600    0.0002705800   -0.0005877300
  -0.0000044200    0.0000533900    0.0000261200
  -0.0000512300   -0.0000129500    0.0000099500
  -0.0000397200    0.0000423800    0.0000554100
   0.0000036500   -0.0000046300    0.0000049200
   0.0001641000   -0.0006335900   -0.0005903800
   0.0000180200   -0.0000093400    0.0000054200
  -0.0000378600   -0.0000065600    0.0000656100
  -0.0004664900    0.0004590600   -0.0005903700
   0.0005090100    0.0003401300   -0.0005877300
  -0.0000021800    0.0000054800    0.0000049000
  -0.0000368300   -0.0000378800    0.0000099600
   0.0000009500    0.0000202700    0.0000054100
   0.0000440100   -0.0000305200    0.0000261200
  -0.0003539900    0.0334383000   -0.0409526100
   0.0000168400   -0.0000556100    0.0000554300
  -0.0000246200   -0.0000294900    0.0000656300
  -0.0023700200   -0.0013678300    0.1328119900
   0.0000203200   -0.0000744000    0.0001628700
   0.0000231200   -0.0000563000    0.0001624200
   0.0000643300    0.0000301300    0.0001779400
  -0.0000542600    0.0000548300    0.0001628600
   0.0000014200    0.0000008100   -0.0000138200
   0.0000582700    0.0000406200    0.0001779400
  -0.0000012100   -0.0000007100   -0.0000139600
  -0.0000371900    0.0000482000    0.0001624200
   0.0002474900   -0.0019118900   -0.0002518400
  -0.0000060900   -0.0000076400   -0.0000050500
   0.0000454500   -0.0000680000    0.0002463100
   0.0000041500   -0.0000037400   -0.0000087400
  -0.0000020500    0.0000012000   -0.0000132200
   0.0000103200    0.0000094300   -0.0000117800
   0.0000065600   -0.0000237300    0.0002903400
   0.0000027100    0.0000007100   -0.0000121300
   0.0022844200    0.0007485000   -0.0006019900
  -0.0006148000    0.0006598200    0.0027952500
  -0.0000905400   -0.0000522600   -0.0000163000
   0.0000123200   -0.0000079900    0.0000188100
   0.0000122200    0.0000070600   -0.0000051000
  -0.0000064700   -0.0000042000    0.0000220800
  -0.0000007500    0.0000146600    0.0000188000
   0.0002637600   -0.0008624000    0.0027952400
  -0.0000068700   -0.0000035100    0.0000220700
  -0.0000014200   -0.0000008200   -0.0000598100
  -0.0015316400    0.0011707600   -0.0002518300
   0.0000000200   -0.0000023800   -0.0000132200
   0.0017909300    0.0016035600   -0.0006019800
  -0.0000172700    0.0000175500    0.0002903400
  -0.0000096700   -0.0000014500   -0.0000050500
   0.0000133300    0.0000042200   -0.0000117900
  -0.0000011500    0.0000054600   -0.0000087400
   0.0000019700    0.0000019800   -0.0000121300
  -0.0000361500    0.0000733800    0.0002463000
   0.0008977500    0.0001485200    0.0030306100
   0.0000026300   -0.0000146900   -0.0000060400
  -0.0008983000    0.0000875900    0.0027381900
  -0.0000069800   -0.0000086700   -0.0000718600
  -0.0000098400    0.0000039500    0.0000262100
   0.0000137500   -0.0000020100    0.0000200300
   0.0000011500    0.0000022800    0.0000285400
  -0.0000013600    0.0000047500    0.0000233300
   0.0000106000    0.0001621000   -0.0000114000
  -0.0004046100   -0.0022317100   -0.0003968100
  -0.0000870600   -0.0000502400    0.0002467800
   0.0000034400   -0.0000112700   -0.0000123400
   0.0000018400    0.0000010700   -0.0000118300
  -0.0000052700   -0.0000058800   -0.0000102200
  -0.0000080300    0.0000086100   -0.0000123300
  -0.0021348000    0.0007661200   -0.0003967900
  -0.0000077300   -0.0000016300   -0.0000102200
  -0.0000633200   -0.0000365400    0.0002867400
   0.0005777500    0.0007031100    0.0030306100
  -0.0000014900   -0.0000105000    0.0000262100
   0.0001456700   -0.0000719100   -0.0000114000
   0.0000025600   -0.0000001500    0.0000285400
  -0.0000114200    0.0000096200   -0.0000060500
   0.0000051300    0.0000129100    0.0000200300
  -0.0000110000   -0.0000017100   -0.0000718600
   0.0000034300   -0.0000035600    0.0000233300
  -0.0003736000   -0.0008216900    0.0027382000
  -0.0002751400   -0.0001587800   -0.0176537800
  -0.0000317100   -0.0000633800   -0.0000073300
   0.0000111500   -0.0000596900   -0.0000010100
   0.0000792500    0.0000068200   -0.0000230200
  -0.0000707400    0.0000042400   -0.0000073300
   0.0000006600    0.0000003600    0.0000012400
   0.0000455600    0.0000652100   -0.0000230200
   0.0000002200    0.0000001200    0.0000075100
  -0.0000460900    0.0000395400   -0.0000010000

46   
  0.0100000000000000   0.0000000000000000   0.0000000000000000
   0.0123161500   -0.0005391600   -0.0002443100
  -0.0001155300    0.0000868200   -0.0001052600
  -0.0001840900   -0.0000576900    0.0001246400
   0.0001047000    0.0008138000   -0.0000141000
   0.0000970300   -0.0007274600    0.0002190000
  -0.0000663100   -0.0000007600    0.0000032900
  -0.0000217300    0.0000115200   -0.0000046500
  -0.0000332100    0.0000083200   -0.0000002400
   0.0000144900    0.0000023100    0.0000002200
   0.0364339700   -0.0138118600    0.0271041600
   0.0006094200    0.0003034900   -0.0002757300
   0.0000013300   -0.0000470500    0.0000092000
   0.0000357200    0.0000103000   -0.0000100700
   0.0000924600    0.0001113800   -0.0000887500
  -0.0000043200   -0.0000345800    0.0000221400
   0.0006995100   -0.0009134600   -0.0003837000
  -0.0000630900    0.0000158200    0.0000262400
  -0.0001563600   -0.0001608900    0.0000436800
   0.0007471900    0.0024080900    0.0018024500
   0.0011182200   -0.0023880500   -0.0016187400
  -0.0000494500   -0.0000053000    0.0000002200
  -0.0000508900    0.0000124700   -0.0000224800
  -0.0035793100   -0.0000835500   -0.0000041800
  -0.0000544900   -0.0000284400    0.0000457100
  -0.0000268000    0.0000077000    0.0000111900
  -0.0000340600    0.0000192100    0.0000318300
  -0.0000230400   -0.0000167700   -0.0000339800
   0.0005572300   -0.0004687400    0.0004778400
   0.0386046400    0.0156712400   -0.0285107600
   0.0000739200    0.0000654800   -0.0000127800
  -0.0000025000    0.0000261700   -0.0000163100
   0.0000294800   -0.0000765400    0.0000972700
   0.0000258900    0.0000463700    0.0000168400
   0.0005595000    0.0006964700    0.0003580400
  -0.0001387900    0.0000571600   -0.0000955300
  -0.0000380800   -0.0000067600   -0.0000230900
  -0.0007020300    0.0002542600   -0.0002376200
   0.0001180200   -0.0001016800   -0.0000478900
   0.0000079700    0.0000164600    0.0000063700
   0.0001165200   -0.0000993800   -0.0000057100
  -0.0011176200    0.0023411400   -0.0022922800
  -0.0000014000   -0.0000221400   -0.0000026800
  -0.0000016900    0.0000106700   -0.0000041800
   0.0000047400   -0.0000189800   -0.0000102000
  -0.0000054900    0.0000049000    0.0000019500
  -0.1032611000    0.0000583500    0.0024909100
   0.0000197100   -0.0000529300   -0.0000196500
   0.0000212500    0.0000454200   -0.0000104700
   0.0000259000   -0.0000274300    0.0000920100
   0.0000230900    0.0000387400   -0.0001010400
   0.0000160500   -0.0000027800   -0.0000017400
   0.0000256900    0.0000569900    0.0000782800
   0.0000161000   -0.0000035800   -0.0000011100
   0.0000232800   -0.0000159800   -0.0000380800
   0.0010318100    0.0007879700    0.0012687300
   0.0011100100   -0.0009424000   -0.0015050500
   0.0000049500   -0.0000008200   -0.0000027100
   0.0000037500   -0.0000318800   -0.0000003900
  -0.0000104600    0.0000165300    0.0000521600
   0.0000062500    0.0000185700   -0.0000080700
  -0.0000201800    0.0000121300   -0.0000145400
   0.0000148000    0.0000144300   -0.0000156200
   0.0000069500   -0.0000111000    0.0000142100
   0.0008407700   -0.0041433700   -0.0004323600
   0.0000445100   -0.0000238400   -0.0000020800
  -0.0001223700   -0.0000029300   -0.0001557800
   0.0010182800   -0.0033614200    0.0004611100
  -0.0001310500    0.0000005900    0.0000044100
   0.0000495300   -0.0000179500    0.0000032900
   0.0000258000   -0.0000330600    0.0000152300
   0.0000022100    0.0000095600   -0.0000087300
   0.0000012300    0.0000014300    0.0000016800
  -0.0010480500   -0.0000228500    0.0003818000
   0.0000225600   -0.0000256500   -0.0000141600
   0.0001173400    0.0000457000    0.0000235900
  -0.0008515800   -0.0019122400    0.0016853900
   0.0001037600    0.0000444400   -0.0000470100
   0.0000210700    0.0000208100    0.0000031200
  -0.0000015700   -0.0000131600   -0.0000050100
   0.0000031800    0.0000210800    0.0000040900
  -0.0000081300   -0.0000156900   -0.0000004000
   0.0072463800   -0.0004010900    0.0010947700
   0.0087836200    0.0000797800   -0.0013001500
   0.0000620000    0.0000011600    0.0000012600
   0.0000305000   -0.0000208700    0.0000031300
  -0.0000445700   -0.0000328600   -0.0000558400
   0.0000345500    0.0000208900   -0.0000031500
  -0.0000599800   -0.0000142700   -0.0000088100
   0.0000353600   -0.0000158100    0.0000059700
   0.0000315800    0.0000281900   -0.0000096000
  -0.0026399200   -0.0000871500   -0.0002576200
   0.0000421300   -0.0001502400    0.0000099400
   0.0000556000    0.0001582600   -0.0000141200
  -0.0000754900   -0.0002544000   -0.0000217900
  -0.0001011400    0.0002319400    0.0000162400
   0.0000188700    0.0000002400   -0.0000004400
  -0.0000880400    0.0000814000   -0.0000125800
   0.0000251800    0.0000006300    0.0000023700
  -0.0000936200   -0.0000819800    0.0000019700
   0.0007252100    0.0033061500    0.0006664700
  -0.0002161600    0.0001202600    0.0001007200
   0.0000320200    0.0000210000    0.0000036000
  -0.0001398700    0.0000894500   -0.0000141700
   0.0012138100    0.0029818100   -0.0007233900
   0.0000413100    0.0000106100   -0.0000062300
   0.0000116400   -0.0000112700   -0.0000024300
   0.0000054500    0.0000011700    0.0000138300
   0.0000204100    0.0000129600   -0.0000229400

46   
 -0.0100000000000000   0.0000000000000000   0.0000000000000000
  -0.0123242600    0.0006846500    0.0003055500
   0.0001148500   -0.0000874100    0.0001038800
   0.0001857400    0.0000565300   -0.0001258100
  -0.0001144000   -0.0008205600    0.0000125100
  -0.0000884000    0.0007193000   -0.0002182800
   0.0000661200    0.0000002300   -0.0000026000
   0.0000223200   -0.0000128500    0.0000046700
   0.0000330400   -0.0000077500    0.0000007400
  -0.0000152500   -0.0000035500   -0.0000002400
  -0.0371916300    0.0142334300   -0.0280353200
  -0.0005693100   -0.0002914300    0.0002693300
  -0.0000030700    0.0000493700   -0.0000094500
  -0.0000373000   -0.0000105400    0.0000105800
  -0.0000946800   -0.0001092900    0.0000890600
   0.0000041000    0.0000340400   -0.0000220000
  -0.0006883200    0.0009056300    0.0003729600
   0.0000631700   -0.0000157400   -0.0000262200
   0.0001568900    0.0001619700   -0.0000444600
  -0.0007771400   -0.0024413800   -0.0018134700
  -0.0010810500    0.0023554200    0.0016092400
   0.0000497100    0.0000057700    0.0000001700
   0.0000520100   -0.0000126900    0.0000245700
   0.0035875100    0.0001098000    0.0000161600
   0.0000545700    0.0000282600   -0.0000439100
   0.0000271400   -0.0000093800   -0.0000115100
   0.0000344800   -0.0000190000   -0.0000313500
   0.0000231500    0.0000170500    0.0000345200
  -0.0005952800    0.0004850700   -0.0004860800
  -0.0378289900   -0.0151893400    0.0275116100
  -0.0000713900   -0.0000626200    0.0000122100
   0.0000027600   -0.0000260400    0.0000167500
  -0.0000271900    0.0000779900   -0.0000968200
  -0.0000244300   -0.0000460000   -0.0000161500
  -0.0005699300   -0.0007020100   -0.0003668100
   0.0001379800   -0.0000562500    0.0000947500
   0.0000381400    0.0000069500    0.0000233500
   0.0007126400   -0.0002549100    0.0002511700
  -0.0001161800    0.0001002800    0.0000435700
  -0.0000075800   -0.0000165900   -0.0000062300
  -0.0001124500    0.0000992900    0.0000013700
   0.0010970200   -0.0022857600    0.0022641900
   0.0000010400    0.0000216000    0.0000028500
   0.0000015100   -0.0000100200    0.0000040100
  -0.0000046100    0.0000185500    0.0000104400
   0.0000054700   -0.0000049400   -0.0000020300
   0.1032071400   -0.0012335600   -0.0005488400
  -0.0000216500    0.0000514500    0.0000177200
  -0.0000201500   -0.0000466400    0.0000083500
  -0.0000261600    0.0000297400   -0.0000930700
  -0.0000229200   -0.0000364200    0.0001000600
  -0.0000161400    0.0000031200    0.0000017800
  -0.0000263600   -0.0000554600   -0.0000774400
  -0.0000160400    0.0000032900    0.0000014300
  -0.0000227500    0.0000171200    0.0000386000
  -0.0010293100   -0.0007734600   -0.0012744000
  -0.0011128900    0.0009556500    0.0014983400
  -0.0000049600    0.0000010000    0.0000025200
  -0.0000035200    0.0000324900    0.0000003900
   0.0000105800   -0.0000213600   -0.0000564200
  -0.0000062400   -0.0000180800    0.0000081000
   0.0000200000   -0.0000116300    0.0000133600
  -0.0000148200   -0.0000138300    0.0000156300
  -0.0000066600    0.0000115400   -0.0000143200
  -0.0008584400    0.0041229700    0.0004439200
  -0.0000443200    0.0000233200    0.0000024500
   0.0001226100    0.0000034100    0.0001581500
  -0.0010136000    0.0033979600   -0.0004621300
   0.0001272500   -0.0000007000   -0.0000048600
  -0.0000503500    0.0000183100   -0.0000035400
  -0.0000256100    0.0000333700   -0.0000151600
  -0.0000022400   -0.0000093900    0.0000089200
  -0.0000013600   -0.0000012500   -0.0000013300
   0.0010403700    0.0000231200   -0.0003728600
  -0.0000229600    0.0000252500    0.0000141500
  -0.0001187500   -0.0000462900   -0.0000277400
   0.0008727100    0.0019626000   -0.0017079400
  -0.0001073100   -0.0000447400    0.0000427800
  -0.0000207100   -0.0000215000   -0.0000032600
   0.0000017000    0.0000132100    0.0000047700
  -0.0000032600   -0.0000216500   -0.0000040600
   0.0000083400    0.0000164300    0.0000001900
  -0.0074368000    0.0004006500   -0.0011111500
  -0.0085702800   -0.0000837700    0.0012873500
  -0.0000619700   -0.0000017700   -0.0000009200
  -0.0000303900    0.0000213700   -0.0000033800
   0.0000440700    0.0000349700    0.0000551100
  -0.0000341500   -0.0000203800    0.0000030200
   0.0000601300    0.0000167900    0.0000104700
  -0.0000353500    0.0000159200   -0.0000063000
  -0.0000315700   -0.0000283100    0.0000093600
   0.0026416000    0.0000867700    0.0003063300
  -0.0000431600    0.0001489800   -0.0000099400
  -0.0000548500   -0.0001596200    0.0000141700
   0.0000772000    0.0002555600    0.0000217900
   0.0000995700   -0.0002315700   -0.0000168200
  -0.0000189400    0.0000001600    0.0000002700
   0.0000862500   -0.0000810200    0.0000131400
  -0.0000252600   -0.0000008300   -0.0000025800
   0.0000953500    0.0000820200   -0.0000015100
  -0.0007141100   -0.0033236500   -0.0006621100
   0.0002154200   -0.0001181200   -0.0000989700
  -0.0000323000   -0.0000215100   -0.0000035200
   0.0001440800   -0.0000912300    0.0000126300
  -0.0012160600   -0.0029534500    0.0007204800
  -0.0000406900   -0.0000103200    0.0000059400
  -0.0000115000    0.0000113900    0.0000026300
  -0.0000053700   -0.0000009000   -0.0000138800
  -0.0000206300   -0.0000127300    0.0000227600

46   
 -0.0049986552162234   0.0086610303099182   0.0000000000000000
  -0.0060730800    0.0378346200    0.0261893600
   0.0002202600   -0.0000592000    0.0000510200
  -0.0000344700    0.0000484000   -0.0000565600
  -0.0006482700    0.0003023600   -0.0003539800
   0.0001970400    0.0008263700   -0.0003257900
   0.0000344800    0.0000116700    0.0000129300
   0.0000448700    0.0000153600   -0.0000031500
   0.0000174800   -0.0000629700    0.0000260000
  -0.0000198600   -0.0000016000   -0.0000132200
  -0.0313441500    0.0251374400   -0.0284519900
  -0.0010078500    0.0001352300    0.0003829900
   0.0000049700    0.0000381300    0.0000032100
  -0.0000491300   -0.0000176300   -0.0000130100
  -0.0000655300   -0.0002151300   -0.0000335000
  -0.0000273300   -0.0000166500   -0.0000209900
  -0.0000718800    0.0007230600    0.0004627900
   0.0000498100   -0.0000414400   -0.0000251200
   0.0000238600    0.0001152000    0.0000773200
   0.0017005900   -0.0030698400   -0.0001903700
  -0.0028134200   -0.0005925100    0.0014201700
   0.0000276300   -0.0000069800   -0.0000261800
   0.0000483700   -0.0000395700    0.0000280600
   0.0019503600    0.0019563400   -0.0015856900
   0.0000143900   -0.0000270700   -0.0000069600
   0.0000009900   -0.0000768700   -0.0000281400
   0.0000239600   -0.0000508200   -0.0000007100
  -0.0000012700   -0.0000273800    0.0000342600
   0.0005929300    0.0004716100   -0.0000278800
  -0.0061565900    0.0100049800   -0.0001247500
  -0.0000062700   -0.0000401300    0.0000101900
   0.0000263300   -0.0000373900   -0.0000048500
  -0.0000040600   -0.0000473500   -0.0002045400
   0.0000262400    0.0000093000   -0.0000115500
  -0.0006390700   -0.0002745800    0.0000608800
   0.0000681900    0.0000214900    0.0001799400
   0.0000110400   -0.0000150500    0.0000003900
   0.0020431900    0.0001128300    0.0017634100
  -0.0001249600    0.0000683900    0.0000797100
  -0.0000157900   -0.0000123000    0.0000035900
  -0.0001184500    0.0000562600    0.0000192100
   0.0005874400   -0.0007383500    0.0004965900
   0.0000144200    0.0000126300    0.0000005900
  -0.0000164800   -0.0000043400    0.0000053100
   0.0000140400    0.0000113400   -0.0000031900
   0.0000081000   -0.0000000400   -0.0000021000
   0.0526557500   -0.0852661700    0.0022254900
   0.0000287700    0.0000367900   -0.0000831000
  -0.0000565400   -0.0000127400   -0.0000698300
   0.0000364900    0.0000016700   -0.0000241400
  -0.0000262900   -0.0000080900    0.0000422700
  -0.0000112300    0.0000121500    0.0000031500
  -0.0000375800   -0.0000392100    0.0000008000
  -0.0000104400    0.0000125400   -0.0000003600
   0.0000198500    0.0000186000    0.0000523300
  -0.0012268300   -0.0017279900   -0.0016000800
   0.0005902000   -0.0010162800   -0.0004909000
  -0.0000058700   -0.0000040300    0.0000061700
   0.0000065800    0.0000247200   -0.0000063000
  -0.0000353100    0.0001315900   -0.0000565800
  -0.0000135500   -0.0000084400   -0.0000017000
  -0.0000257800    0.0000962400   -0.0000074600
  -0.0000262200    0.0000007600    0.0000074500
   0.0000160800    0.0000110600   -0.0000062700
  -0.0034117900    0.0065417400    0.0011130300
  -0.0000340500    0.0000191000   -0.0000041300
   0.0000137200   -0.0000838500    0.0000549200
  -0.0040887700    0.0063837300   -0.0009956300
   0.0000202600   -0.0000806600    0.0000099200
  -0.0000397300    0.0000144000   -0.0000026700
  -0.0000324100    0.0000670900    0.0000027700
   0.0000084700    0.0000422800    0.0000071600
   0.0000088400    0.0000438200    0.0000015000
  -0.0010534500    0.0004682700    0.0012969200
  -0.0000020100    0.0000146800    0.0000131800
   0.0000194700   -0.0000070200   -0.0000184400
   0.0001922600    0.0011899100   -0.0013188900
   0.0000059000   -0.0000281500    0.0000271100
  -0.0000404700   -0.0000131500   -0.0000006800
  -0.0000078800    0.0000122700    0.0000031100
  -0.0000177200    0.0000013400   -0.0000153000
   0.0000236200    0.0000246100    0.0000075300
  -0.0033875300   -0.0007053400   -0.0004149900
  -0.0043773200   -0.0008561500    0.0005317800
  -0.0000324500    0.0000068200   -0.0000169500
  -0.0000392400    0.0000287100   -0.0000042200
   0.0000317300   -0.0001275000    0.0001214400
  -0.0000031200    0.0000028300    0.0000003700
   0.0000629600   -0.0000946900   -0.0000211000
  -0.0000399500    0.0000198600   -0.0000032200
   0.0000071900    0.0000030200    0.0000111900
   0.0012411100   -0.0020776100    0.0000612300
   0.0000952900   -0.0000382800    0.0000308000
  -0.0001771100   -0.0001883100    0.0000190300
   0.0001267700    0.0001529900    0.0000217900
  -0.0000221800   -0.0000950000   -0.0000149100
  -0.0000095100    0.0000139000   -0.0000004300
  -0.0001510400   -0.0000229900   -0.0000291500
  -0.0000120000    0.0000187600   -0.0000009100
   0.0002495800    0.0000572400   -0.0000204400
   0.0017040800    0.0016968200    0.0004506400
   0.0002110800   -0.0000919100   -0.0001098000
  -0.0000035800    0.0000006600   -0.0000196800
   0.0001499500   -0.0001198100    0.0000085300
   0.0024492300    0.0029923500   -0.0006037100
  -0.0000121700    0.0000092100    0.0000021300
  -0.0000154200    0.0000467100    0.0000066100
   0.0000031700    0.0000355800    0.0000037900
  -0.0000050000    0.0000207200    0.0000241500

46   
  0.0049986552162234  -0.0086610303099182   0.0000000000000000
   0.0060781200   -0.0386821900   -0.0270894200
  -0.0002215700    0.0000592400   -0.0000517000
   0.0000338400   -0.0000512500    0.0000576300
   0.0006161700   -0.0002748800    0.0003475200
  -0.0001974000   -0.0008151900    0.0003172500
  -0.0000340900   -0.0000116100   -0.0000124600
  -0.0000461500   -0.0000183100    0.0000032400
  -0.0000178100    0.0000626900   -0.0000256200
   0.0000207900    0.0000001500    0.0000142600
   0.0305953300   -0.0246870500    0.0275032300
   0.0010212600   -0.0001404300   -0.0003946000
  -0.0000056800   -0.0000367700   -0.0000024400
   0.0000460800    0.0000180300    0.0000127900
   0.0000648000    0.0002138900    0.0000329400
   0.0000276600    0.0000169000    0.0000213400
   0.0000810900   -0.0007632800   -0.0004705700
  -0.0000500800    0.0000411500    0.0000253700
  -0.0000260500   -0.0001141500   -0.0000761500
  -0.0017281400    0.0030512600    0.0002029900
   0.0028649600    0.0005824300   -0.0014318400
  -0.0000277700    0.0000067400    0.0000266100
  -0.0000478900    0.0000394100   -0.0000260100
  -0.0019315200   -0.0019146100    0.0015727000
  -0.0000132300    0.0000275300    0.0000065000
  -0.0000008000    0.0000774100    0.0000299600
  -0.0000242300    0.0000505200    0.0000012500
   0.0000009700    0.0000270800   -0.0000336400
  -0.0005919000   -0.0004614100    0.0000263600
   0.0060138800   -0.0100792000    0.0002011900
   0.0000073800    0.0000403400   -0.0000103200
  -0.0000260900    0.0000375400    0.0000054500
   0.0000053900    0.0000473900    0.0002024200
  -0.0000255000   -0.0000087800    0.0000113900
   0.0006485700    0.0002732200   -0.0000613900
  -0.0000677800   -0.0000204900   -0.0001819300
  -0.0000113500    0.0000149000    0.0000000700
  -0.0020983800   -0.0001213600   -0.0017859300
   0.0001269300   -0.0000691700   -0.0000841100
   0.0000162400    0.0000124400   -0.0000034600
   0.0001206000   -0.0000587700   -0.0000224700
  -0.0005828800    0.0007298800   -0.0004824700
  -0.0000150300   -0.0000128700   -0.0000006700
   0.0000167700    0.0000049200   -0.0000053400
  -0.0000137100   -0.0000116400    0.0000032800
  -0.0000081300    0.0000001400    0.0000020300
  -0.0516706100    0.0858098500   -0.0003859100
  -0.0000303600   -0.0000372300    0.0000840200
   0.0000545300    0.0000114000    0.0000685900
  -0.0000347900   -0.0000027000    0.0000213400
   0.0000254200    0.0000073100   -0.0000414300
   0.0000108500   -0.0000124000   -0.0000032000
   0.0000380000    0.0000411700   -0.0000032600
   0.0000107400   -0.0000124400    0.0000005900
  -0.0000221900   -0.0000201400   -0.0000531500
   0.0011924400    0.0016839100    0.0015803000
  -0.0005942500    0.0010229500    0.0005010600
   0.0000059600    0.0000038800   -0.0000062600
  -0.0000059000   -0.0000247600    0.0000061700
   0.0000345700   -0.0001297600    0.0000529600
   0.0000130800    0.0000079400    0.0000016300
   0.0000250300   -0.0000932500    0.0000037400
   0.0000263300   -0.0000003400   -0.0000074700
  -0.0000157200   -0.0000107100    0.0000063200
   0.0035078200   -0.0067067000   -0.0011269000
   0.0000339900   -0.0000190500    0.0000036700
  -0.0000156100    0.0000835000   -0.0000559000
   0.0039957600   -0.0062224700    0.0009838400
  -0.0000223800    0.0000789600   -0.0000077200
   0.0000389400   -0.0000147900    0.0000023400
   0.0000331200   -0.0000667900   -0.0000025500
  -0.0000083100   -0.0000420100   -0.0000075700
  -0.0000094100   -0.0000441600   -0.0000017300
   0.0010378400   -0.0004710500   -0.0013031000
   0.0000015300   -0.0000147600   -0.0000131100
  -0.0000151200    0.0000097100    0.0000140000
  -0.0002027400   -0.0012014100    0.0013123900
  -0.0000064100    0.0000278700   -0.0000287000
   0.0000399800    0.0000125400    0.0000007900
   0.0000077800   -0.0000123200   -0.0000032700
   0.0000174600   -0.0000017300    0.0000152400
  -0.0000242500   -0.0000248400   -0.0000074900
   0.0033581100    0.0006846600    0.0004148900
   0.0043842300    0.0008806600   -0.0005236200
   0.0000323500   -0.0000071100    0.0000169000
   0.0000387700   -0.0000284800    0.0000038600
  -0.0000323000    0.0001270600   -0.0001195000
   0.0000029400   -0.0000028400   -0.0000001200
  -0.0000648500    0.0000976200    0.0000202400
   0.0000405200   -0.0000199000    0.0000035800
  -0.0000073100   -0.0000030000   -0.0000112200
  -0.0012394800    0.0020787700   -0.0000050200
  -0.0000962800    0.0000397000   -0.0000301300
   0.0001775600    0.0001868900   -0.0000195100
  -0.0001248300   -0.0001527200   -0.0000216700
   0.0000230700    0.0000936600    0.0000153200
   0.0000091600   -0.0000141800    0.0000003300
   0.0001517000    0.0000243400    0.0000293800
   0.0000121800   -0.0000186700    0.0000007600
  -0.0002504600   -0.0000563300    0.0000196800
  -0.0017266500   -0.0017048400   -0.0004585100
  -0.0002136800    0.0000913200    0.0001116800
   0.0000034700   -0.0000009600    0.0000194600
  -0.0001459000    0.0001153600   -0.0000109800
  -0.0024284600   -0.0029953800    0.0006062200
   0.0000121500   -0.0000094700   -0.0000021000
   0.0000156100   -0.0000473100   -0.0000070400
  -0.0000030300   -0.0000351600   -0.0000037400
   0.0000046400   -0.0000206800   -0.0000245700

46   
 -0.0000023916641656  -0.0000013803328390   0.0099999996187312
  -0.0005356800    0.0305855300    0.0411661600
   0.0000988800   -0.0000796100   -0.0000319000
  -0.0000948500   -0.0000805400   -0.0000183300
  -0.0002806600    0.0002515500    0.0005272200
  -0.0000528000    0.0000587600    0.0007044700
  -0.0000031500    0.0000113400    0.0000062900
  -0.0000426700   -0.0000407800    0.0000092400
   0.0000015400    0.0000134100    0.0000018100
   0.0000091000   -0.0000663100    0.0000160600
   0.0275810400   -0.0157109900    0.0409034700
   0.0003347800    0.0000239000    0.0005639900
  -0.0000323000    0.0000393700    0.0000128500
  -0.0000483800   -0.0000042600   -0.0000058800
  -0.0000188700    0.0000613000    0.0000026800
   0.0000091000   -0.0000025300    0.0000055000
   0.0000530500   -0.0003205100    0.0005752500
   0.0000166800   -0.0000141100    0.0000052500
  -0.0000668900   -0.0000000600    0.0000233900
   0.0006998400    0.0005422000    0.0018327800
  -0.0006846500    0.0003007300    0.0022734500
   0.0000007800   -0.0000137500    0.0000069100
   0.0000348900   -0.0000201500    0.0000427600
  -0.0001931000   -0.0010946400    0.0021415500
  -0.0000452900   -0.0000046400    0.0000187100
  -0.0000169300    0.0000604700    0.0000416700
   0.0000115300    0.0000061300    0.0000037600
   0.0000000700   -0.0000004600    0.0000088200
  -0.0004234100    0.0000672400    0.0005622000
  -0.0296070000   -0.0164123300    0.0414944700
   0.0000201800    0.0000510600   -0.0000052300
  -0.0000039600    0.0000018900    0.0000029400
   0.0000632300    0.0000805700   -0.0000398300
   0.0000646300    0.0000180000   -0.0000129900
  -0.0000809100   -0.0000874000    0.0007444400
   0.0001149800    0.0000298200   -0.0000414600
  -0.0000127300   -0.0000096700   -0.0000027200
   0.0016963900    0.0005368900    0.0002518200
  -0.0000276400    0.0000353000   -0.0002494200
   0.0000069200   -0.0000004300    0.0000047600
   0.0000924500   -0.0000083600   -0.0002880300
   0.0005428900   -0.0021456100    0.0006022700
  -0.0000066000   -0.0000126000    0.0000122300
   0.0000023900    0.0000103000    0.0000088000
   0.0000012400   -0.0000050700    0.0000115100
   0.0000003600    0.0000004300    0.0000132200
   0.0015195600    0.0023515400   -0.1279269700
  -0.0000117200   -0.0000852700   -0.0002055400
  -0.0000161700   -0.0001070500   -0.0002059000
   0.0000790700    0.0000450500   -0.0001923200
  -0.0000391800    0.0000377800   -0.0002434800
  -0.0000012700   -0.0000013100    0.0000048600
   0.0000912100    0.0000292100   -0.0001924400
  -0.0000017900    0.0000026300    0.0000048800
  -0.0000998300   -0.0000084600   -0.0002438400
   0.0013251800    0.0011090200    0.0002804400
  -0.0014106200    0.0012950800    0.0003924300
   0.0000015000   -0.0000022300    0.0000112700
   0.0000110900   -0.0000058200    0.0000078700
   0.0000034300    0.0000202100   -0.0002636400
  -0.0000121900   -0.0000006800    0.0000148600
   0.0000154500    0.0000828300   -0.0002907300
  -0.0000056800    0.0000083900    0.0000104800
  -0.0000008100    0.0000092900    0.0000033700
   0.0006729200   -0.0008873400   -0.0032559800
   0.0000028600   -0.0000000700   -0.0000295500
   0.0000143000   -0.0000017900    0.0000522000
  -0.0005229800    0.0008242500   -0.0029804300
  -0.0001029600   -0.0001235900    0.0000506800
  -0.0000012900   -0.0000092000   -0.0000311200
   0.0000176600    0.0000071600    0.0000025300
   0.0000006800    0.0000032000   -0.0000316700
  -0.0000059200    0.0000009800   -0.0000290400
  -0.0014851400    0.0005437600    0.0002370400
  -0.0000080200    0.0000011300    0.0000102300
   0.0000130500    0.0000291200   -0.0002634900
  -0.0003262400   -0.0017807000    0.0004554300
  -0.0000587800   -0.0000141300   -0.0002990200
   0.0000127700   -0.0000119500    0.0000069400
   0.0000032200    0.0000013000    0.0000095200
  -0.0000031300   -0.0000005400    0.0000071500
  -0.0000024600    0.0000162600    0.0000116200
  -0.0009716800    0.0001682100   -0.0030464100
   0.0011463600   -0.0001101000   -0.0030175900
  -0.0000014100   -0.0000177600    0.0000032200
   0.0000071900   -0.0000003700   -0.0000289600
   0.0000106000    0.0000017400    0.0000308500
  -0.0000051000   -0.0000096500   -0.0000212500
   0.0000442400    0.0000934900    0.0000405900
   0.0000025800    0.0000017800   -0.0000193300
  -0.0000016800    0.0000013200   -0.0000309300
   0.0002412700    0.0001263400    0.0138877700
  -0.0000120500   -0.0000086600    0.0000350500
   0.0000015900   -0.0000065200    0.0000243300
  -0.0000078800    0.0000149700    0.0000095700
   0.0000212300    0.0000220600   -0.0000040400
  -0.0000010100   -0.0000017100    0.0000000300
   0.0000045000    0.0000074400    0.0000178000
  -0.0000021600    0.0000024100   -0.0000012200
  -0.0000086800   -0.0000153200   -0.0000080700
  -0.0000258000   -0.0008622500   -0.0035056700
   0.0000111900   -0.0000062800    0.0000453800
   0.0000063600   -0.0000005400   -0.0000379800
   0.0001172100   -0.0000805900    0.0000069100
   0.0006041400    0.0006439900   -0.0030924600
  -0.0000103500    0.0000002300   -0.0000231600
   0.0000012400    0.0000038200   -0.0000318100
   0.0000034700   -0.0000065400   -0.0000319200
  -0.0000215700    0.0000090600    0.0000038300

46   
  0.0000023916641656   0.0000013803328390  -0.0099999996187312
   0.0005290500   -0.0316415200   -0.0420045100
  -0.0001005600    0.0000839700    0.0000309900
   0.0000948100    0.0000841600    0.0000180400
   0.0002710100   -0.0002186300   -0.0005398900
   0.0000645400   -0.0000259700   -0.0007144200
   0.0000030100   -0.0000121600   -0.0000068400
   0.0000425300    0.0000413500   -0.0000121500
  -0.0000015200   -0.0000135100   -0.0000021400
  -0.0000086000    0.0000674400   -0.0000183500
  -0.0285144800    0.0162627700   -0.0417584200
  -0.0002993400   -0.0000311400   -0.0005750100
   0.0000331800   -0.0000396500   -0.0000159700
   0.0000490700    0.0000039600    0.0000026900
   0.0000216100   -0.0000645100   -0.0000032200
  -0.0000100100    0.0000030700   -0.0000061000
  -0.0000307600    0.0002978500   -0.0005878100
  -0.0000166200    0.0000141400   -0.0000057000
   0.0000704300   -0.0000008200   -0.0000240100
  -0.0006707200   -0.0005232900   -0.0018316900
   0.0006512400   -0.0002865800   -0.0022712800
  -0.0000007100    0.0000140800   -0.0000075900
  -0.0000353100    0.0000209600   -0.0000474900
   0.0001869400    0.0010561400   -0.0021411500
   0.0000465700    0.0000049800   -0.0000220500
   0.0000172800   -0.0000621300   -0.0000451000
  -0.0000118300   -0.0000064000   -0.0000044400
   0.0000004200    0.0000002100   -0.0000096300
   0.0003905200   -0.0000733500   -0.0005693200
   0.0306311400    0.0170249400   -0.0423767100
  -0.0000213000   -0.0000507500    0.0000027300
   0.0000044900   -0.0000014900   -0.0000035300
  -0.0000666900   -0.0000823000    0.0000408500
  -0.0000652800   -0.0000192900    0.0000110200
   0.0000613800    0.0000644100   -0.0007511200
  -0.0001188900   -0.0000310700    0.0000416300
   0.0000126500    0.0000097100    0.0000023500
  -0.0016798900   -0.0005331900   -0.0002510800
   0.0000340700   -0.0000391800    0.0002462200
  -0.0000069500    0.0000003400   -0.0000049100
  -0.0000944200    0.0000093500    0.0002898500
  -0.0005355700    0.0021277300   -0.0006022200
   0.0000070100    0.0000128600   -0.0000120600
  -0.0000024100   -0.0000108000   -0.0000085900
  -0.0000011800    0.0000051700   -0.0000117600
  -0.0000004700   -0.0000003600   -0.0000131300
  -0.0015711700   -0.0024451500    0.1306519900
   0.0000072100    0.0000854400    0.0002101200
   0.0000212900    0.0001075400    0.0002097500
  -0.0000766200   -0.0000494000    0.0001970200
   0.0000375100   -0.0000397200    0.0002480000
   0.0000013000    0.0000012700   -0.0000044000
  -0.0000938500   -0.0000250000    0.0001969100
   0.0000017100   -0.0000026500   -0.0000043300
   0.0001013100    0.0000109500    0.0002476600
  -0.0013157700   -0.0010968100   -0.0002803500
   0.0014003400   -0.0012811800   -0.0003929000
  -0.0000014900    0.0000021700   -0.0000111300
  -0.0000115300    0.0000059100   -0.0000075500
  -0.0000033100   -0.0000130000    0.0002610000
   0.0000127400    0.0000007900   -0.0000147200
  -0.0000170300   -0.0000845600    0.0002932000
   0.0000058000   -0.0000083200   -0.0000106300
   0.0000005800   -0.0000093200   -0.0000034300
  -0.0006902100    0.0009111200    0.0032927100
  -0.0000033300    0.0000000900    0.0000296500
  -0.0000126700    0.0000030200   -0.0000478200
   0.0005318300   -0.0008516000    0.0030136400
   0.0001000400    0.0001215000   -0.0000493200
   0.0000016200    0.0000094600    0.0000324300
  -0.0000179300   -0.0000073600   -0.0000015400
  -0.0000010600   -0.0000036400    0.0000319000
   0.0000063800   -0.0000008700    0.0000301600
   0.0014684800   -0.0005428700   -0.0002363200
   0.0000080200   -0.0000012500   -0.0000103300
  -0.0000191800   -0.0000328700    0.0002606400
   0.0003173900    0.0017658600   -0.0004549300
   0.0000583100    0.0000152400    0.0003017700
  -0.0000130900    0.0000123500   -0.0000067300
  -0.0000032800   -0.0000013500   -0.0000093500
   0.0000030600    0.0000007800   -0.0000072800
   0.0000026300   -0.0000168800   -0.0000115400
   0.0009974500   -0.0001641300    0.0030800100
  -0.0011868800    0.0001187300    0.0030446000
   0.0000014200    0.0000180300   -0.0000023600
  -0.0000071600    0.0000000500    0.0000301500
  -0.0000108200   -0.0000030600   -0.0000264700
   0.0000051600    0.0000093100    0.0000222200
  -0.0000448100   -0.0000897300   -0.0000393900
  -0.0000028700   -0.0000013600    0.0000192300
   0.0000019200   -0.0000008100    0.0000311400
  -0.0002472200   -0.0001288900   -0.0141830700
   0.0000126600    0.0000086600   -0.0000369800
  -0.0000018000    0.0000064300   -0.0000260200
   0.0000076700   -0.0000150600   -0.0000112300
  -0.0000208900   -0.0000221800    0.0000021700
   0.0000010500    0.0000016700   -0.0000000300
  -0.0000044800   -0.0000075500   -0.0000193200
   0.0000020900   -0.0000023900    0.0000012200
   0.0000090500    0.0000154400    0.0000065100
   0.0000349700    0.0008701400    0.0035406500
  -0.0000122700    0.0000069400   -0.0000415700
  -0.0000058000    0.0000006200    0.0000378300
  -0.0001136300    0.0000770100   -0.0000053300
  -0.0006074400   -0.0006719400    0.0031194700
   0.0000100800   -0.0000002700    0.0000241800
  -0.0000014700   -0.0000036000    0.0000329000
  -0.0000032300    0.0000059700    0.0000316200
   0.0000217600   -0.0000092100   -0.0000029800

55   
  0.0100000000000000   0.0000000000000000   0.0000000000000000
   0.0008058700   -0.0028049800    0.0012508800
  -0.0000726700    0.0000054900   -0.0000018200
   0.0009864200    0.0025246900   -0.0011803500
  -0.0036223700    0.0000709400   -0.0002703900
  -0.0000902500   -0.0000398500   -0.0000437200
  -0.0000900400    0.0000191200    0.0000499700
  -0.0000250800    0.0000394200   -0.0000270300
  -0.0000171900   -0.0000253400    0.0000225900
  -0.0000404200    0.0000022500    0.0000079400
   0.0376165500    0.0148795200    0.0281369400
  -0.0000152700    0.0000332600    0.0000000200
   0.0004736600   -0.0004204100   -0.0002668200
   0.0000575600   -0.0000347000   -0.0000798500
   0.0000283200   -0.0000272200   -0.0000009900
  -0.0000103800    0.0000265900    0.0000099300
  -0.0001301300    0.0001922900    0.0000389500
  -0.0000559100   -0.0000113700    0.0000238600
   0.0006179100    0.0009556200   -0.0002723600
   0.0111990900    0.0001464300   -0.0004086600
  -0.0000635900    0.0000080700    0.0001682400
  -0.0000685400   -0.0000284200   -0.0001891000
   0.0000925600    0.0007566400   -0.0000774000
   0.0000320100   -0.0008233600    0.0001843800
  -0.0000316200    0.0000000600   -0.0000042500
   0.0000093300   -0.0000188100    0.0000143100
  -0.0000175200    0.0000003900   -0.0000013600
  -0.0000146500    0.0000235800   -0.0000185100
   0.0384933800   -0.0154763100   -0.0286837600
   0.0004861400    0.0004663200    0.0005904000
   0.0000639300   -0.0000409100   -0.0000213400
   0.0000401700   -0.0000187700    0.0000104300
   0.0000001300    0.0000789200    0.0000871500
   0.0000006000   -0.0000164200   -0.0000196400
   0.0004981700   -0.0009239100    0.0004689800
  -0.0000377200    0.0000086700   -0.0000261900
  -0.0001011000   -0.0001322000   -0.0000979000
   0.0015600800   -0.0040333500    0.0006187900
   0.0000444400   -0.0000196000   -0.0000123300
  -0.0001631700   -0.0000675300    0.0000877600
   0.0015519800   -0.0037358100   -0.0002809500
  -0.0001360100   -0.0000747200    0.0000021700
   0.0000438700   -0.0000190500    0.0000066800
   0.0000141200   -0.0000231100   -0.0000123100
   0.0000014500    0.0000094600    0.0000008800
   0.0000046500    0.0000008900    0.0000062800
   0.0010292600   -0.0007945600    0.0013239900
   0.0000050100   -0.0000039000    0.0000016400
   0.0011126900    0.0013299700   -0.0014011000
  -0.0000199600   -0.0000424000    0.0000185600
   0.0000068000    0.0000225300   -0.0000006700
   0.0000148000   -0.0000215400   -0.0000058000
   0.0000034700    0.0000095200    0.0000113500
   0.0000063100   -0.0000115200   -0.0000124700
  -0.0000105500   -0.0000458600    0.0000042400
  -0.1045622700    0.0012203300    0.0009988100
   0.0000302500   -0.0000492100   -0.0000223800
   0.0000311800    0.0000316200   -0.0000397800
   0.0000257800   -0.0000667900   -0.0000603700
   0.0000081200    0.0000467200    0.0000298800
   0.0000121900   -0.0000005400    0.0000012600
   0.0000254300    0.0000112000   -0.0000646900
   0.0000121800   -0.0000008700   -0.0000016800
   0.0000080300   -0.0000345600    0.0000439000
   0.0000702100   -0.0000406400    0.0000834100
   0.0000053800    0.0000187800   -0.0000069600
  -0.0008472800    0.0001867600    0.0004065800
  -0.0009008500    0.0019141800    0.0016257700
   0.0000108600   -0.0000139600    0.0000078400
   0.0001081900   -0.0000490100    0.0000175500
  -0.0000015300   -0.0000294600    0.0000005100
  -0.0000047800    0.0000047200   -0.0000010100
   0.0000068600    0.0000190600    0.0000045000
  -0.0000997200    0.0000679200   -0.0000888800
   0.0000489800    0.0000187400    0.0000123200
   0.0015132400    0.0041966100   -0.0005664600
   0.0010464800    0.0031780400    0.0003703800
   0.0000593600    0.0000167600    0.0000010600
  -0.0001729000    0.0000683700   -0.0000158100
   0.0000074300   -0.0000142700   -0.0000049000
   0.0000170600    0.0000231700    0.0000158200
  -0.0000002000   -0.0000066400   -0.0000061600
  -0.0022785100    0.0000909700   -0.0002578300
   0.0000292500   -0.0001380700    0.0000049300
   0.0000467300    0.0001724900    0.0000049900
  -0.0000729100   -0.0002100400    0.0000125000
  -0.0000670900    0.0002066800   -0.0000113900
   0.0000172900   -0.0000013400    0.0000018600
  -0.0000786500    0.0000844800   -0.0000005900
   0.0000123200   -0.0000003100    0.0000012800
  -0.0000554700   -0.0000996900   -0.0000115300
   0.0073225100    0.0003570000    0.0009841700
   0.0000639800    0.0000030900    0.0000049300
   0.0083753000   -0.0001494300   -0.0010585800
  -0.0000426000    0.0000147500   -0.0000051000
   0.0000409700    0.0000379000    0.0000069700
   0.0000357700   -0.0000336900   -0.0000038300
   0.0000398500   -0.0000255300   -0.0000065500
   0.0000339400    0.0000245700    0.0000119100
  -0.0000247200   -0.0000310000   -0.0000117300
  -0.0009728000   -0.0002735300   -0.0002942200
   0.0000010100   -0.0000125400    0.0000076200
   0.0001159400    0.0000697500   -0.0001495000
  -0.0012379300   -0.0027592800   -0.0016787600
   0.0001637800    0.0000669600   -0.0000020400
   0.0000019100    0.0000174800   -0.0000082700
  -0.0000013600    0.0000026000    0.0000068000
  -0.0000003800    0.0000149200   -0.0000134200
   0.0000076100   -0.0000209000   -0.0000053600

55   
 -0.0100000000000000   0.0000000000000000   0.0000000000000000
  -0.0007691100    0.0027632600   -0.0012435300
   0.0000724600   -0.0000048100    0.0000014800
  -0.0010260500   -0.0025600500    0.0011825000
   0.0036156000   -0.0000344400    0.0002593000
   0.0000891400    0.0000387400    0.0000420700
   0.0000897900   -0.0000198800   -0.0000513700
   0.0000251000   -0.0000390900    0.0000266400
   0.0000168000    0.0000256700   -0.0000229200
   0.0000400700   -0.0000034300   -0.0000077800
  -0.0368432200   -0.0144482000   -0.0271960300
   0.0000162100   -0.0000311400   -0.0000002500
  -0.0005127700    0.0004345600    0.0002739800
  -0.0000556600    0.0000355000    0.0000786900
  -0.0000267900    0.0000267600    0.0000001000
   0.0000102700   -0.0000272000   -0.0000103800
   0.0001290800   -0.0001908500   -0.0000381700
   0.0000557700    0.0000116000   -0.0000242800
  -0.0006296600   -0.0009651000    0.0002813700
  -0.0111898900    0.0000121900    0.0003313300
   0.0000621000   -0.0000094100   -0.0001661000
   0.0000701400    0.0000272300    0.0001917000
  -0.0001017100   -0.0007640200    0.0000830000
  -0.0000252800    0.0008159700   -0.0001807600
   0.0000318900   -0.0000000300    0.0000038800
  -0.0000090000    0.0000180200   -0.0000140000
   0.0000178000   -0.0000002500    0.0000011600
   0.0000145400   -0.0000245500    0.0000189400
  -0.0392903500    0.0159597500    0.0297017900
  -0.0004508500   -0.0004514200   -0.0005800900
  -0.0000656700    0.0000435800    0.0000218100
  -0.0000415300    0.0000189100   -0.0000109200
  -0.0000023900   -0.0000785400   -0.0000872100
  -0.0000005100    0.0000164100    0.0000193300
  -0.0004868500    0.0009143000   -0.0004578600
   0.0000377400   -0.0000083700    0.0000260900
   0.0001025500    0.0001336300    0.0000991600
  -0.0015722500    0.0040146300   -0.0006247700
  -0.0000441500    0.0000192500    0.0000119600
   0.0001638100    0.0000686000   -0.0000890500
  -0.0015469900    0.0037690400    0.0002755700
   0.0001323900    0.0000740400   -0.0000008100
  -0.0000440900    0.0000194000   -0.0000065100
  -0.0000139400    0.0000233300    0.0000123300
  -0.0000014000   -0.0000092500   -0.0000009300
  -0.0000047300   -0.0000006800   -0.0000064800
  -0.0010318600    0.0008086800   -0.0013174600
  -0.0000049400    0.0000040500   -0.0000013400
  -0.0011101900   -0.0013205200    0.0014092400
   0.0000202900    0.0000394700   -0.0000139100
  -0.0000068800   -0.0000219600    0.0000006400
  -0.0000148500    0.0000220900    0.0000057100
  -0.0000037500   -0.0000090100   -0.0000113400
  -0.0000061400    0.0000120200    0.0000125000
   0.0000105500    0.0000470300   -0.0000024700
   0.1046098000   -0.0024202500   -0.0029301600
  -0.0000307600    0.0000480200    0.0000242000
  -0.0000298000   -0.0000325900    0.0000419600
  -0.0000258400    0.0000689400    0.0000607900
  -0.0000075300   -0.0000440700   -0.0000296300
  -0.0000121300    0.0000009400   -0.0000012900
  -0.0000261400   -0.0000094200    0.0000637100
  -0.0000121400    0.0000006300    0.0000014200
  -0.0000075900    0.0000361700   -0.0000450700
  -0.0000687700    0.0000391700   -0.0000777400
  -0.0000050300   -0.0000190400    0.0000068700
   0.0008570300   -0.0001841200   -0.0004173400
   0.0008791000   -0.0018668900   -0.0016059000
  -0.0000110500    0.0000135300   -0.0000076200
  -0.0001053600    0.0000486700   -0.0000146700
   0.0000016500    0.0000289800   -0.0000005800
   0.0000046100   -0.0000046600    0.0000012800
  -0.0000070600   -0.0000182500   -0.0000042500
   0.0000991000   -0.0000664500    0.0000871500
  -0.0000495900   -0.0000193000   -0.0000127400
  -0.0014984800   -0.0042163700    0.0005601700
  -0.0010528600   -0.0031448400   -0.0003709200
  -0.0000587500   -0.0000165700   -0.0000008300
   0.0001780300   -0.0000689400    0.0000172700
  -0.0000074400    0.0000142600    0.0000050100
  -0.0000172000   -0.0000228800   -0.0000158100
   0.0000002600    0.0000068500    0.0000059900
   0.0022757000   -0.0000900600    0.0002004900
  -0.0000300300    0.0001363200   -0.0000044600
  -0.0000461500   -0.0001745100   -0.0000046900
   0.0000739600    0.0002109600   -0.0000115700
   0.0000656100   -0.0002055700    0.0000117900
  -0.0000171900    0.0000015900   -0.0000016500
   0.0000770500   -0.0000841800    0.0000002600
  -0.0000122700    0.0000003000   -0.0000010100
   0.0000567000    0.0000996800    0.0000112300
  -0.0071313900   -0.0003561200   -0.0009691300
  -0.0000638900   -0.0000038700   -0.0000052100
  -0.0085828400    0.0001456800    0.0010712400
   0.0000423100   -0.0000132700    0.0000054500
  -0.0000408600   -0.0000370300   -0.0000067000
  -0.0000357300    0.0000343200    0.0000040800
  -0.0000400300    0.0000255100    0.0000069100
  -0.0000341900   -0.0000248500   -0.0000116100
   0.0000251200    0.0000339900    0.0000098400
   0.0009575600    0.0002756800    0.0002789000
  -0.0000012500    0.0000124400   -0.0000077300
  -0.0001182300   -0.0000712900    0.0001560700
   0.0012664300    0.0028188500    0.0016941200
  -0.0001656000   -0.0000671900    0.0000059400
  -0.0000017500   -0.0000180200    0.0000084400
   0.0000014200   -0.0000027000   -0.0000066500
   0.0000003400   -0.0000151700    0.0000133200
  -0.0000075800    0.0000214800    0.0000055100

55   
 -0.0000023916641656  -0.0000013803328390   0.0099999996187312
   0.0006505200   -0.0005326500    0.0020293400
   0.0000052600    0.0000085600    0.0000081600
  -0.0009465100   -0.0005462400    0.0024640300
  -0.0001357600    0.0008297500    0.0020293100
   0.0000242800    0.0000139900    0.0000725600
  -0.0000015300   -0.0000060900    0.0000284600
  -0.0000095100   -0.0000055100    0.0000175100
   0.0000100200    0.0000003100    0.0000081600
  -0.0000060800    0.0000016900    0.0000284400
   0.0286756000    0.0165499400    0.0424760200
  -0.0000136300   -0.0000450300    0.0000105800
   0.0003142700   -0.0001203300    0.0004886000
   0.0000154000   -0.0000577400   -0.0000198000
  -0.0000457700    0.0000107100    0.0000105700
   0.0000138500    0.0000079700    0.0000054100
  -0.0000422900    0.0000422300   -0.0000197800
   0.0000220000    0.0000127000    0.0000009700
   0.0000530300    0.0003323000    0.0004885800
  -0.0003015000   -0.0358571200    0.0428420800
  -0.0000419000    0.0000429500   -0.0000302600
   0.0000341700    0.0000470400   -0.0000515000
   0.0003261700   -0.0002738600    0.0005625200
  -0.0002537500   -0.0002286200    0.0004837000
   0.0000004700   -0.0000141900    0.0000077600
   0.0000295600    0.0000410700   -0.0000017000
  -0.0000039300   -0.0000155300   -0.0000060400
  -0.0000401100    0.0000371900   -0.0000195500
  -0.0311984100    0.0176771200    0.0428420200
  -0.0003249400   -0.0001053500    0.0004837000
   0.0000121400   -0.0000533200   -0.0000195400
   0.0000503600    0.0000050300   -0.0000016800
   0.0000162300   -0.0000577600   -0.0000302700
  -0.0000120700    0.0000074500    0.0000077300
  -0.0000739600    0.0004194700    0.0005625200
  -0.0000153400    0.0000044000   -0.0000060500
   0.0000578100    0.0000060700   -0.0000514900
  -0.0004772200    0.0012240300   -0.0028200000
  -0.0000033800    0.0000089000   -0.0000191400
  -0.0000145700   -0.0000084200    0.0000141000
   0.0008210900   -0.0010255500   -0.0028200300
   0.0000585800    0.0000338100    0.0000578800
  -0.0000106700    0.0000078800   -0.0000223300
  -0.0000127900   -0.0000074000    0.0000045500
   0.0000060000   -0.0000074000   -0.0000191400
   0.0000014800   -0.0000131800   -0.0000223100
   0.0012665600   -0.0010947400    0.0002800900
  -0.0000026700    0.0000056800    0.0000113100
  -0.0014963900   -0.0014297900    0.0003932800
  -0.0000140500   -0.0000113800   -0.0002908600
   0.0000144200    0.0000010500    0.0000034000
  -0.0000158400   -0.0000003200    0.0000106400
  -0.0000004300   -0.0000073400    0.0000078500
  -0.0000081300   -0.0000064700    0.0000149300
   0.0000542400   -0.0000317500   -0.0002631800
   0.0020215600    0.0011668000   -0.1345971000
  -0.0000431000    0.0000749900   -0.0002095800
  -0.0000213200    0.0000477300   -0.0002100300
  -0.0000630300   -0.0000346000   -0.0002220300
   0.0000433600   -0.0000748400   -0.0002095800
  -0.0000015500   -0.0000009000    0.0000087800
  -0.0000615100   -0.0000372700   -0.0002220400
   0.0000013200    0.0000007500    0.0000087000
   0.0000306500   -0.0000423600   -0.0002100100
  -0.0000168900   -0.0000064600   -0.0002908500
  -0.0000096900   -0.0000038100    0.0000149300
  -0.0019865800   -0.0005803600    0.0003933100
  -0.0003142900    0.0016443400    0.0002800700
   0.0000081200    0.0000119300    0.0000033900
  -0.0000003600    0.0000628300   -0.0002631900
  -0.0000065700    0.0000032800    0.0000078300
   0.0000036000   -0.0000051200    0.0000113200
  -0.0000082100   -0.0000135600    0.0000106300
   0.0000202000    0.0000010600    0.0000473300
   0.0000015300    0.0000053200   -0.0000250900
   0.0005878800    0.0010410100   -0.0027424800
  -0.0006408800   -0.0009102700   -0.0031317900
  -0.0000035300    0.0000117100   -0.0000337200
  -0.0001016500    0.0000603600    0.0000394100
  -0.0000024300   -0.0000063800   -0.0000335400
   0.0000127000   -0.0000127800    0.0000051000
  -0.0000067200   -0.0000130300   -0.0000259000
   0.0002451500    0.0001415000    0.0149043900
  -0.0000129700    0.0000482000    0.0000170100
   0.0000210200    0.0000211200    0.0000058500
  -0.0000233200   -0.0000133500   -0.0000044100
   0.0000352200   -0.0000353500    0.0000170300
  -0.0000018000   -0.0000010500   -0.0000025400
  -0.0000232400   -0.0000135300   -0.0000043900
   0.0000006300    0.0000003500   -0.0000013900
   0.0000287700    0.0000076200    0.0000058500
  -0.0011088100   -0.0000995500   -0.0031317700
  -0.0000047500    0.0000173800    0.0000051200
   0.0011954700   -0.0000117700   -0.0027424800
   0.0000110100    0.0000169600    0.0000473400
   0.0000084000   -0.0000089200   -0.0000337300
  -0.0000146400    0.0000006900   -0.0000258900
  -0.0000067400    0.0000010900   -0.0000335400
   0.0000053800   -0.0000013200   -0.0000251000
   0.0000014200   -0.0001182300    0.0000394000
   0.0024591000   -0.0007454500    0.0004239500
   0.0000057200    0.0000046600    0.0000057600
   0.0000572100    0.0000330200   -0.0003334700
   0.0005847400    0.0025022200    0.0004239700
   0.0000818900    0.0000472500   -0.0002182600
  -0.0000084300    0.0000153900    0.0000116400
  -0.0000053600   -0.0000031100    0.0000063300
   0.0000068700    0.0000026100    0.0000057500
   0.0000091200   -0.0000150000    0.0000116300

55   
  0.0000023916641656   0.0000013803328390  -0.0099999996187312
  -0.0006845600    0.0005559700   -0.0020277200
  -0.0000053000   -0.0000083700   -0.0000071600
   0.0009812500    0.0005663300   -0.0024594100
   0.0001389200   -0.0008708600   -0.0020277200
  -0.0000241500   -0.0000139400   -0.0000682600
   0.0000012800    0.0000060000   -0.0000244900
   0.0000092800    0.0000053200   -0.0000164300
  -0.0000099000   -0.0000003800   -0.0000071800
   0.0000058200   -0.0000019000   -0.0000245100
  -0.0277403600   -0.0160101500   -0.0416148800
   0.0000129800    0.0000446800   -0.0000079200
  -0.0003504400    0.0001133200   -0.0004794800
  -0.0000179700    0.0000563600    0.0000209400
   0.0000451900   -0.0000111400   -0.0000079100
  -0.0000132700   -0.0000076900   -0.0000049800
   0.0000398200   -0.0000437700    0.0000209700
  -0.0000221000   -0.0000127200   -0.0000007200
  -0.0000771900   -0.0003601300   -0.0004795000
   0.0002978300    0.0346673600   -0.0419575500
   0.0000425400   -0.0000398400    0.0000301800
  -0.0000345800   -0.0000432900    0.0000514300
  -0.0003385900    0.0003077900   -0.0005572000
   0.0002671100    0.0002592600   -0.0004753100
  -0.0000004100    0.0000134700   -0.0000070900
  -0.0000300400   -0.0000400900    0.0000041900
   0.0000040000    0.0000156500    0.0000063900
   0.0000404700   -0.0000363300    0.0000221200
   0.0301664200   -0.0170851100   -0.0419574700
   0.0003580900    0.0001015700   -0.0004753100
  -0.0000111800    0.0000532600    0.0000221300
  -0.0000497500   -0.0000059800    0.0000042000
  -0.0000132200    0.0000567600    0.0000301600
   0.0000114100   -0.0000071600   -0.0000071200
   0.0000971200   -0.0004471100   -0.0005572000
   0.0000155900   -0.0000043700    0.0000064200
  -0.0000547900   -0.0000082800    0.0000514300
   0.0004520500   -0.0011957100    0.0027987400
   0.0000028800   -0.0000088300    0.0000195700
   0.0000153000    0.0000088300   -0.0000177300
  -0.0008091400    0.0009896300    0.0027987600
  -0.0000625700   -0.0000361100   -0.0000573500
   0.0000109700   -0.0000078200    0.0000218700
   0.0000126400    0.0000073000   -0.0000049100
  -0.0000062400    0.0000068900    0.0000195600
  -0.0000012700    0.0000134100    0.0000218800
  -0.0012756100    0.0011082800   -0.0002801300
   0.0000025800   -0.0000057200   -0.0000111300
   0.0015070200    0.0014491100   -0.0003912700
   0.0000138800    0.0000175200    0.0002930700
  -0.0000140500   -0.0000008200   -0.0000035200
   0.0000153900    0.0000005200   -0.0000105400
   0.0000004700    0.0000074700   -0.0000075900
   0.0000080000    0.0000066600   -0.0000146900
  -0.0000543000    0.0000321500    0.0002614000
  -0.0019571300   -0.0011296500    0.1317479400
   0.0000387100   -0.0000750000    0.0002062400
   0.0000253200   -0.0000479400    0.0002058000
   0.0000653400    0.0000311300    0.0002183400
  -0.0000456100    0.0000710600    0.0002062200
   0.0000015500    0.0000009000   -0.0000089900
   0.0000596500    0.0000409900    0.0002183200
  -0.0000012400   -0.0000007200   -0.0000090600
  -0.0000288700    0.0000459100    0.0002057900
   0.0000221300    0.0000032500    0.0002931000
   0.0000097300    0.0000036100   -0.0000146800
   0.0020086700    0.0005799500   -0.0003912900
   0.0003214500   -0.0016589300   -0.0002801200
  -0.0000077500   -0.0000117800   -0.0000035100
   0.0000006900   -0.0000631100    0.0002614000
   0.0000067000   -0.0000033400   -0.0000076000
  -0.0000036400    0.0000051000   -0.0000111100
   0.0000081400    0.0000130800   -0.0000105600
  -0.0000208900   -0.0000003900   -0.0000515800
  -0.0000011400   -0.0000054400    0.0000251700
  -0.0005572500   -0.0010111400    0.0027192700
   0.0006321700    0.0008842400    0.0030973800
   0.0000031900   -0.0000115000    0.0000328300
   0.0001067100   -0.0000618400   -0.0000397600
   0.0000026900    0.0000059100    0.0000335000
  -0.0000123800    0.0000126200   -0.0000058300
   0.0000063200    0.0000132400    0.0000251000
  -0.0002407200   -0.0001389700   -0.0145960800
   0.0000132300   -0.0000488800   -0.0000151600
  -0.0000210700   -0.0000218800   -0.0000035500
   0.0000237600    0.0000143600    0.0000058000
  -0.0000357200    0.0000359000   -0.0000151800
   0.0000018700    0.0000010700    0.0000026600
   0.0000243100    0.0000133700    0.0000058000
  -0.0000005500   -0.0000003200    0.0000015600
  -0.0000295100   -0.0000072800   -0.0000035600
   0.0010818900    0.0001050600    0.0030973500
   0.0000047300   -0.0000170300   -0.0000058000
  -0.0011542900    0.0000233500    0.0027193100
  -0.0000107800   -0.0000179000   -0.0000515600
  -0.0000083400    0.0000085200    0.0000328300
   0.0000146200   -0.0000011500    0.0000251000
   0.0000064600   -0.0000006300    0.0000335000
  -0.0000052700    0.0000017500    0.0000251500
  -0.0000001700    0.0001233200   -0.0000397800
  -0.0024762600    0.0007432300   -0.0004197900
  -0.0000059300   -0.0000046700   -0.0000058300
  -0.0000614300   -0.0000354500    0.0003327200
  -0.0005952500   -0.0025159000   -0.0004198200
  -0.0000815400   -0.0000470800    0.0002139500
   0.0000080500   -0.0000152500   -0.0000119300
   0.0000055400    0.0000032000   -0.0000062500
  -0.0000070600   -0.0000028100   -0.0000058300
  -0.0000091700    0.0000146000   -0.0000119400

73   
  0.0100000000000000   0.0000000000000000   0.0000000000000000
   0.0369683200   -0.0146347500   -0.0272447500
   0.0004389300    0.0004240000    0.0003510800
  -0.0000211600   -0.0000300800    0.0000057600
   0.0000328900    0.0000287300    0.0000068900
   0.0001062600    0.0000119500    0.0000654300
  -0.0000104900   -0.0000391700   -0.0000124800
   0.0007350500   -0.0009062100    0.0004299800
  -0.0000713000    0.0000277500   -0.0000259500
  -0.0001573500   -0.0001541200   -0.0000504500
   0.0001467000    0.0008575500   -0.0000291000
   0.0001743600   -0.0008114500   -0.0001787800
  -0.0000766700   -0.0000046100    0.0000003700
  -0.0000015800    0.0000030100    0.0000109200
  -0.0000355700    0.0000012500   -0.0000003600
  -0.0000024400    0.0000005600   -0.0000012300
   0.0121096300   -0.0002866800    0.0002843100
  -0.0001389500    0.0000995900    0.0001404300
  -0.0001804700   -0.0001112200   -0.0001384100
   0.0004786900   -0.0004439300   -0.0006556000
   0.0397911700    0.0167437000    0.0299874700
   0.0000750900    0.0000459400    0.0000086000
   0.0000028100    0.0000275400    0.0000168200
   0.0000511500   -0.0000669600   -0.0000860100
   0.0000529100    0.0000323200   -0.0000002500
   0.0005948300    0.0009026000   -0.0005127800
  -0.0001366200    0.0000465300    0.0000969900
  -0.0000383300   -0.0000211200    0.0000229200
  -0.0000641300    0.0000253800    0.0000332600
  -0.0035499800   -0.0000243500    0.0002255500
  -0.0000523600   -0.0000156200   -0.0000506600
  -0.0000284900    0.0000067700   -0.0000040200
  -0.0000300500    0.0000162900   -0.0000275900
  -0.0000179000   -0.0000200200    0.0000255500
   0.0008092200    0.0026325200   -0.0017322600
   0.0009111800   -0.0025000500    0.0017649100
  -0.0000689800    0.0000008300   -0.0000004400
   0.0070694000   -0.0003535000   -0.0009056600
   0.0085631600    0.0001380300    0.0009267000
   0.0000621400   -0.0000040200   -0.0000027300
   0.0000377900   -0.0000280500   -0.0000012800
  -0.0000661000   -0.0000101300   -0.0000099800
   0.0000398200    0.0000238000    0.0000015100
  -0.0000378700    0.0000146700    0.0000059200
   0.0000324000   -0.0000246800   -0.0000136200
   0.0000309200    0.0000283600    0.0000100500
  -0.0010338200   -0.0017865400   -0.0014694000
   0.0001167300    0.0000883300    0.0000175600
   0.0000229100    0.0000108900   -0.0000079600
  -0.0000016300   -0.0000099500    0.0000033700
  -0.0000082800    0.0000227200   -0.0000025700
   0.0000032600   -0.0000181100   -0.0000029600
  -0.0008661200   -0.0002697400   -0.0003271300
   0.0000206700   -0.0000345700    0.0000129900
   0.0001048400    0.0000669600   -0.0000558800
  -0.0000976400    0.0000466500    0.0000207700
   0.0015035700    0.0038992200    0.0005713800
   0.0000496100    0.0000161300    0.0000014300
   0.0000074600   -0.0000065700   -0.0000026900
  -0.0000002400   -0.0000131500   -0.0000065900
   0.0000171300    0.0000308600    0.0000125000
   0.0010558600    0.0039144200   -0.0006409700
  -0.0001757000    0.0000551500   -0.0001053100
   0.0000589200    0.0000266900   -0.0000035000
  -0.0025738000   -0.0001259700    0.0002075100
   0.0000553500   -0.0001695800   -0.0000179500
   0.0000579800    0.0001400400    0.0000295600
  -0.0000631900   -0.0002615600    0.0000092000
  -0.0000864000    0.0002408100   -0.0000044200
   0.0000232900    0.0000019000    0.0000011300
  -0.0000702100    0.0000711300    0.0000085800
   0.0000169100    0.0000010400   -0.0000018500
  -0.0000933100   -0.0000705300   -0.0000139900
  -0.1055405400   -0.0021066100   -0.0034833000
   0.0000537600   -0.0000455800    0.0000341400
   0.0000550400    0.0000585500    0.0000197400
   0.0000126100   -0.0000555900   -0.0000890000
   0.0000192100    0.0000860500    0.0001176700
   0.0000193300    0.0000005700   -0.0000016000
   0.0000122500    0.0000460600   -0.0000697300
   0.0000193600   -0.0000000900    0.0000020500
   0.0000197700   -0.0000293900    0.0000779100
   0.0001080800   -0.0000854000    0.0000074600
  -0.0012671700    0.0022420900    0.0017823500
   0.0000116400   -0.0000132600    0.0000087400
   0.0000031700    0.0000131800    0.0000067300
  -0.0000022600   -0.0000145700    0.0000106300
   0.0000000300    0.0000034000   -0.0000056100
  -0.0007701800    0.0003534300    0.0002616700
   0.0001083200   -0.0000879300    0.0000423200
   0.0000175700    0.0000280800   -0.0000089300
   0.0009175600   -0.0033326100   -0.0005241300
  -0.0001362800   -0.0000461900    0.0000034700
   0.0000634700   -0.0000151200   -0.0000014800
   0.0000196400   -0.0000336200   -0.0000135600
   0.0000006500    0.0000212400    0.0000077800
   0.0000072200    0.0000081200    0.0000025700
   0.0010143200   -0.0041165800    0.0005092500
   0.0000651800   -0.0000258000    0.0000032000
  -0.0001561000   -0.0000322400    0.0001344000
   0.0012797900    0.0012538900   -0.0012105700
   0.0014175800   -0.0016238200    0.0014661400
  -0.0000034200    0.0000011000    0.0000007600
   0.0000053700   -0.0000198000   -0.0000019700
  -0.0000017000    0.0000045300   -0.0000458700
   0.0000070900    0.0000169700    0.0000025200
   0.0000451500    0.0000229500   -0.0000179800
   0.0000036300    0.0000177800    0.0000257400
  -0.0000013800   -0.0000093900   -0.0000232700

73   
 -0.0100000000000000   0.0000000000000000   0.0000000000000000
  -0.0377529600    0.0150666400    0.0281938600
  -0.0003994400   -0.0004096300   -0.0003398200
   0.0000195200    0.0000321000   -0.0000055200
  -0.0000347100   -0.0000292200   -0.0000072800
  -0.0001095000   -0.0000102000   -0.0000656600
   0.0000102000    0.0000385300    0.0000122900
  -0.0007235000    0.0008985800   -0.0004190700
   0.0000711200   -0.0000276700    0.0000258200
   0.0001576800    0.0001544500    0.0000514600
  -0.0001563800   -0.0008649600    0.0000328900
  -0.0001623900    0.0008042500    0.0001821200
   0.0000766700    0.0000043500   -0.0000009800
   0.0000021700   -0.0000042000   -0.0000109100
   0.0000355900   -0.0000009400   -0.0000000100
   0.0000015900   -0.0000019300    0.0000012500
  -0.0121087100    0.0004399400   -0.0003526700
   0.0001380200   -0.0000999700   -0.0001389600
   0.0001826000    0.0001105600    0.0001396600
  -0.0005150500    0.0004595200    0.0006703900
  -0.0389618900   -0.0162551400   -0.0289264300
  -0.0000725900   -0.0000438000   -0.0000078600
  -0.0000025800   -0.0000277700   -0.0000170700
  -0.0000478900    0.0000670800    0.0000857600
  -0.0000512900   -0.0000322300    0.0000000800
  -0.0006067500   -0.0009114800    0.0005252800
   0.0001359100   -0.0000463200   -0.0000958300
   0.0000385200    0.0000210600   -0.0000229900
   0.0000650200   -0.0000251200   -0.0000342800
   0.0035553300    0.0000552000   -0.0002355900
   0.0000524900    0.0000160800    0.0000495700
   0.0000287200   -0.0000072700    0.0000044300
   0.0000300500   -0.0000155900    0.0000272700
   0.0000177500    0.0000204600   -0.0000257900
  -0.0008457400   -0.0026653300    0.0017471900
  -0.0008762300    0.0024704100   -0.0017500000
   0.0000689800   -0.0000002800    0.0000000000
  -0.0072590600    0.0003523500    0.0009181300
  -0.0083548500   -0.0001416600   -0.0009188900
  -0.0000622400    0.0000034600    0.0000024300
  -0.0000378500    0.0000286600    0.0000013800
   0.0000663200    0.0000118200    0.0000101800
  -0.0000394800   -0.0000231500   -0.0000014100
   0.0000375900   -0.0000116600   -0.0000081300
  -0.0000324200    0.0000247000    0.0000139500
  -0.0000310300   -0.0000285000   -0.0000096700
   0.0010547600    0.0018338600    0.0014856100
  -0.0001193800   -0.0000878700   -0.0000147100
  -0.0000225800   -0.0000112800    0.0000081100
   0.0000016500    0.0000100500   -0.0000031700
   0.0000082500   -0.0000230100    0.0000024500
  -0.0000032100    0.0000188300    0.0000032100
   0.0008580000    0.0002691300    0.0003168500
  -0.0000210800    0.0000342800   -0.0000129800
  -0.0001061100   -0.0000689500    0.0000611200
   0.0001011900   -0.0000471600   -0.0000202500
  -0.0015083600   -0.0038630600   -0.0005758200
  -0.0000490400   -0.0000157100   -0.0000012800
  -0.0000073900    0.0000069000    0.0000024200
   0.0000001700    0.0000132400    0.0000064900
  -0.0000171500   -0.0000305200   -0.0000126000
  -0.0010433100   -0.0039355400    0.0006307400
   0.0001751400   -0.0000538200    0.0001032000
  -0.0000592100   -0.0000272400    0.0000031900
   0.0025754700    0.0001239800   -0.0002566100
  -0.0000564100    0.0001682800    0.0000175900
  -0.0000568700   -0.0001409900   -0.0000299300
   0.0000642500    0.0002630400   -0.0000089100
   0.0000853000   -0.0002400400    0.0000050400
  -0.0000234000   -0.0000015900   -0.0000009400
   0.0000687700   -0.0000708300   -0.0000089200
  -0.0000169400   -0.0000012400    0.0000021000
   0.0000948600    0.0000707700    0.0000134300
   0.1054653900    0.0009084000    0.0014751600
  -0.0000554800    0.0000441700   -0.0000323700
  -0.0000542100   -0.0000600800   -0.0000182000
  -0.0000128900    0.0000580900    0.0000895100
  -0.0000193700   -0.0000838800   -0.0001169400
  -0.0000194200   -0.0000001800    0.0000016000
  -0.0000131900   -0.0000444700    0.0000686400
  -0.0000193600   -0.0000001800   -0.0000023900
  -0.0000187500    0.0000312400   -0.0000787700
  -0.0001054500    0.0000856100   -0.0000039400
   0.0012461800   -0.0021890900   -0.0017629500
  -0.0000120000    0.0000129400   -0.0000086700
  -0.0000032100   -0.0000125400   -0.0000064800
   0.0000023800    0.0000143400   -0.0000107100
   0.0000000000   -0.0000034100    0.0000057500
   0.0007799600   -0.0003552000   -0.0002728200
  -0.0001062800    0.0000860800   -0.0000377800
  -0.0000172200   -0.0000282800    0.0000089400
  -0.0009105800    0.0033673800    0.0005252900
   0.0001313900    0.0000457800   -0.0000027800
  -0.0000640600    0.0000152900    0.0000016200
  -0.0000196100    0.0000340700    0.0000134800
  -0.0000005800   -0.0000213100   -0.0000078100
  -0.0000073300   -0.0000077300   -0.0000028700
  -0.0010304700    0.0040938500   -0.0005197700
  -0.0000649900    0.0000253000   -0.0000035700
   0.0001570300    0.0000334400   -0.0001369400
  -0.0012799200   -0.0012412400    0.0012142500
  -0.0014176900    0.0016354300   -0.0014605700
   0.0000033100   -0.0000006700   -0.0000006300
  -0.0000053700    0.0000201700    0.0000019100
   0.0000017900   -0.0000063700    0.0000517700
  -0.0000071300   -0.0000165900   -0.0000026900
  -0.0000453100   -0.0000225900    0.0000182400
  -0.0000037800   -0.0000173000   -0.0000257500
   0.0000015600    0.0000098200    0.0000233300

73   
 -0.0049986552162234   0.0086610303099182   0.0000000000000000
  -0.0317697600    0.0253549700    0.0284747500
  -0.0010071900    0.0001582400   -0.0004890500
   0.0000196100    0.0000513700   -0.0000124300
  -0.0000370000   -0.0000333000    0.0000056200
  -0.0000918800   -0.0002155000    0.0000634300
  -0.0000238200   -0.0000247100    0.0000168100
   0.0001242800    0.0005416800   -0.0003728100
   0.0000528600   -0.0000546800    0.0000258200
  -0.0000118900    0.0000595100   -0.0000633300
  -0.0006252800    0.0002709500    0.0004014900
   0.0004128200    0.0010142200    0.0004157900
   0.0000360700    0.0000113100   -0.0000127400
   0.0000440600    0.0000124600   -0.0000017300
   0.0000145400   -0.0000684500   -0.0000214800
  -0.0000485300    0.0000071700    0.0000006100
  -0.0059409100    0.0399282300   -0.0275965300
   0.0002100900   -0.0000518600   -0.0000496100
  -0.0000396200    0.0000492500    0.0000772800
   0.0005918500    0.0005272800    0.0000903600
  -0.0061011100    0.0096830200   -0.0000255900
  -0.0000233300   -0.0000098600   -0.0000218200
   0.0000190400   -0.0000429400    0.0000034700
  -0.0000446200   -0.0000951900    0.0002094100
   0.0000391500    0.0000001800    0.0000196400
  -0.0007682300   -0.0003148500   -0.0000167600
   0.0000620600    0.0000171900   -0.0001895800
   0.0000105700   -0.0000145300    0.0000003100
   0.0000510200   -0.0000507500   -0.0000444400
   0.0019825600    0.0021805500    0.0014561700
   0.0000225600   -0.0000280700   -0.0000065600
   0.0000155600   -0.0000653200    0.0000469100
   0.0000308300   -0.0000459700    0.0000002100
  -0.0000104500   -0.0000202200   -0.0000242500
   0.0018273500   -0.0033396700    0.0000715300
  -0.0027989300   -0.0008856500   -0.0014596300
   0.0000330700   -0.0000120800    0.0000316600
  -0.0033426200   -0.0007341300    0.0003281100
  -0.0043232100   -0.0007469500   -0.0005359200
  -0.0000285600    0.0000015100    0.0000142000
  -0.0000411200    0.0000375500   -0.0000010200
   0.0000221500   -0.0001885300   -0.0001343600
  -0.0000018000    0.0000086100   -0.0000047500
   0.0000232700   -0.0001334900    0.0000041200
  -0.0000428700    0.0000331600    0.0000082000
   0.0000159500    0.0000077500   -0.0000085300
   0.0004981700    0.0013591400    0.0012121300
  -0.0000194800   -0.0000295600    0.0000197100
  -0.0000336900   -0.0000036700    0.0000050300
  -0.0000107400    0.0000106200   -0.0000003800
  -0.0000099200    0.0000051000    0.0000156800
   0.0000165900    0.0000213000    0.0000009100
  -0.0012536500    0.0003597500   -0.0013722800
   0.0000075600    0.0000148400   -0.0000170100
  -0.0000128000   -0.0000392900    0.0000188500
   0.0001092600   -0.0001029900   -0.0000090400
   0.0029018100    0.0033699800    0.0006004900
  -0.0000081900   -0.0000004400    0.0000038700
  -0.0000160300    0.0000576800   -0.0000039200
  -0.0000056300    0.0000581900   -0.0000083200
   0.0000112200    0.0000268800   -0.0000172700
   0.0021973600    0.0025294800   -0.0004592100
   0.0001462100   -0.0000671900    0.0001040400
  -0.0000151100   -0.0000051400    0.0000118000
   0.0011745500   -0.0021150700   -0.0000162400
   0.0000990100   -0.0000293000    0.0000087500
  -0.0001805600   -0.0001861100   -0.0000083900
   0.0001140100    0.0001458000   -0.0000169300
  -0.0000357500   -0.0001068700    0.0000061500
  -0.0000104300    0.0000196700   -0.0000030800
  -0.0001684400   -0.0000331100   -0.0000043000
  -0.0000073400    0.0000151800    0.0000010500
   0.0002318300    0.0000405600    0.0000015600
   0.0519328500   -0.0880665100   -0.0004500600
   0.0000231800    0.0000342900    0.0000780400
  -0.0000672000   -0.0000180700    0.0000638200
   0.0000336300    0.0000479800    0.0000284200
  -0.0000365500   -0.0000150900   -0.0000734900
  -0.0000098900    0.0000154900    0.0000005200
  -0.0000553000   -0.0000021500   -0.0000067600
  -0.0000092000    0.0000158600    0.0000000200
   0.0000629800    0.0000425900   -0.0000552700
  -0.0000691600    0.0000502900   -0.0000042100
   0.0005807100   -0.0005516000   -0.0003963500
   0.0000095200    0.0000134800   -0.0000041200
  -0.0000158700    0.0000005900   -0.0000055200
   0.0000192300    0.0000162700    0.0000043700
   0.0000067600   -0.0000008100    0.0000049200
   0.0020467400    0.0000721200   -0.0015804600
  -0.0000827800    0.0000492900   -0.0000604800
  -0.0000235300   -0.0000166600   -0.0000066600
  -0.0040670000    0.0062830700    0.0010648000
   0.0000114400   -0.0000657200    0.0000016200
  -0.0000526200    0.0000090200    0.0000042200
  -0.0000365900    0.0000666300   -0.0000034200
   0.0000109400    0.0000457400   -0.0000091300
   0.0000129100    0.0000553200   -0.0000057200
  -0.0033246500    0.0065611400   -0.0010226000
  -0.0000446100    0.0000221600    0.0000073400
   0.0000348500   -0.0000520500    0.0000044500
  -0.0013546500   -0.0020671100    0.0013381100
   0.0002636000   -0.0009232900    0.0002511800
   0.0000006700   -0.0000029900   -0.0000108400
   0.0000109800    0.0000134000    0.0000068700
  -0.0000158300    0.0001252500    0.0001201500
  -0.0000270200   -0.0000049900    0.0000006700
  -0.0000296500    0.0001563700   -0.0000362400
  -0.0000197600   -0.0000083300   -0.0000072600
   0.0000224500    0.0000041100    0.0000125100

73   
  0.0049986552162234  -0.0086610303099182   0.0000000000000000
   0.0310076800   -0.0249103900   -0.0275305000
   0.0010204400   -0.0001638900    0.0005006600
  -0.0000203300   -0.0000499600    0.0000118200
   0.0000339800    0.0000334900   -0.0000054400
   0.0000914400    0.0002137400   -0.0000622700
   0.0000240700    0.0000249000   -0.0000169900
  -0.0001169600   -0.0005798000    0.0003810300
  -0.0000531800    0.0000544800   -0.0000258800
   0.0000090500   -0.0000579400    0.0000632900
   0.0005939800   -0.0002449900   -0.0003923600
  -0.0004110700   -0.0009985000   -0.0004046000
  -0.0000355700   -0.0000111600    0.0000124900
  -0.0000450600   -0.0000149500    0.0000018500
  -0.0000148900    0.0000682700    0.0000213000
   0.0000492500   -0.0000083000   -0.0000013400
   0.0059518700   -0.0408053700    0.0285492600
  -0.0002117800    0.0000521800    0.0000505500
   0.0000400700   -0.0000516400   -0.0000784000
  -0.0005896100   -0.0005160400   -0.0000853500
   0.0059663300   -0.0097712900   -0.0000535400
   0.0000240900    0.0000101400    0.0000222200
  -0.0000189400    0.0000430000   -0.0000037400
   0.0000461900    0.0000944800   -0.0002070700
  -0.0000382200    0.0000005200   -0.0000190600
   0.0007792100    0.0003120400    0.0000197200
  -0.0000617700   -0.0000165200    0.0001918900
  -0.0000107200    0.0000142400   -0.0000004600
  -0.0000507500    0.0000510800    0.0000429600
  -0.0019663500   -0.0021325600   -0.0014464400
  -0.0000217600    0.0000286700    0.0000072700
  -0.0000154100    0.0000660100   -0.0000481800
  -0.0000311900    0.0000459400   -0.0000005800
   0.0000100600    0.0000203200    0.0000239800
  -0.0018585900    0.0033233700   -0.0000801800
   0.0028494100    0.0008815500    0.0014740700
  -0.0000334500    0.0000120300   -0.0000320700
   0.0033149500    0.0007129400   -0.0003298300
   0.0043306500    0.0007694600    0.0005295300
   0.0000283800   -0.0000017700   -0.0000141600
   0.0000407100   -0.0000372600    0.0000012100
  -0.0000230800    0.0001872300    0.0001323500
   0.0000016200   -0.0000085200    0.0000044100
  -0.0000255000    0.0001378200   -0.0000028900
   0.0000433400   -0.0000331900   -0.0000086600
  -0.0000160300   -0.0000077700    0.0000085200
  -0.0005058700   -0.0013665700   -0.0012063200
   0.0000189000    0.0000293300   -0.0000179100
   0.0000331600    0.0000034200   -0.0000051400
   0.0000105300   -0.0000107600    0.0000005700
   0.0000096400   -0.0000054100   -0.0000156700
  -0.0000171600   -0.0000215400   -0.0000010100
   0.0012402500   -0.0003642500    0.0013784400
  -0.0000081300   -0.0000149300    0.0000169600
   0.0000154800    0.0000402200   -0.0000142800
  -0.0001065500    0.0000987400    0.0000102000
  -0.0028792400   -0.0033742100   -0.0006069400
   0.0000081100    0.0000002600   -0.0000040500
   0.0000161000   -0.0000580600    0.0000041500
   0.0000058500   -0.0000576600    0.0000078900
  -0.0000115100   -0.0000269000    0.0000172800
  -0.0022295800   -0.0025425300    0.0004571800
  -0.0001481200    0.0000666100   -0.0001060800
   0.0000150600    0.0000051300   -0.0000116900
  -0.0011741300    0.0021166400   -0.0000394400
  -0.0001001600    0.0000308000   -0.0000091500
   0.0001803800    0.0001847500    0.0000089600
  -0.0001123000   -0.0001453400    0.0000167300
   0.0000367300    0.0001054900   -0.0000067800
   0.0000101000   -0.0000198500    0.0000031900
   0.0001696800    0.0000346600    0.0000043100
   0.0000074200   -0.0000150900   -0.0000008800
  -0.0002332100   -0.0000393200   -0.0000012400
  -0.0509300300    0.0886473100   -0.0014252700
  -0.0000250700   -0.0000346100   -0.0000795200
   0.0000651300    0.0000171700   -0.0000632700
  -0.0000319500   -0.0000481600   -0.0000259300
   0.0000352000    0.0000136000    0.0000720400
   0.0000094200   -0.0000157400   -0.0000005600
   0.0000558800    0.0000037400    0.0000092200
   0.0000094800   -0.0000156900   -0.0000002800
  -0.0000649200   -0.0000440300    0.0000558700
   0.0000714700   -0.0000522000    0.0000074900
  -0.0005773100    0.0005439900    0.0003850400
  -0.0000101900   -0.0000135900    0.0000042200
   0.0000160200   -0.0000000700    0.0000055800
  -0.0000188000   -0.0000164100   -0.0000044700
  -0.0000068100    0.0000009300   -0.0000047700
  -0.0021012200   -0.0000786900    0.0015997100
   0.0000849000   -0.0000503700    0.0000653800
   0.0000239400    0.0000167600    0.0000065600
   0.0039719300   -0.0061192200   -0.0010503600
  -0.0000139700    0.0000641400   -0.0000040100
   0.0000520500   -0.0000094700   -0.0000039500
   0.0000372600   -0.0000662500    0.0000031100
  -0.0000107900   -0.0000457400    0.0000095100
  -0.0000136200   -0.0000556000    0.0000059500
   0.0034181800   -0.0067290000    0.0010350600
   0.0000445500   -0.0000220100   -0.0000069300
  -0.0000361100    0.0000514800   -0.0000040800
   0.0013199400    0.0020147100   -0.0013277100
  -0.0002709200    0.0009323500   -0.0002663500
  -0.0000006400    0.0000029300    0.0000108300
  -0.0000104100   -0.0000134200   -0.0000068100
   0.0000160700   -0.0001231300   -0.0001142000
   0.0000265500    0.0000046400   -0.0000007500
   0.0000293800   -0.0001547700    0.0000396800
   0.0000197500    0.0000086500    0.0000070200
  -0.0000222900   -0.0000039500   -0.0000127300

73   
 -0.0000023916641656  -0.0000013803328390   0.0099999996187312
  -0.0283937700    0.0165938600    0.0420637800
  -0.0003429000   -0.0001593000    0.0004875700
   0.0000343200   -0.0000359200    0.0000164800
   0.0000550200    0.0000001600   -0.0000012300
   0.0000013900   -0.0001025700   -0.0000351600
  -0.0000154000    0.0000067800    0.0000090400
  -0.0000175000    0.0002714400    0.0004566300
  -0.0000085800    0.0000092100    0.0000011700
   0.0000796800    0.0000563600    0.0000028000
   0.0003046400   -0.0001440300    0.0004799400
  -0.0002453400   -0.0002308900    0.0004792100
  -0.0000028600   -0.0000101200    0.0000056000
   0.0000269900    0.0000390100    0.0000012900
   0.0000031200   -0.0000258800    0.0000025300
  -0.0000160900    0.0000438400    0.0000172300
  -0.0002480900   -0.0331306100    0.0420037400
  -0.0000590500    0.0000293100   -0.0000178000
   0.0000514800    0.0000444400    0.0000007300
   0.0003245900   -0.0001941700    0.0005070800
   0.0309057100    0.0184893100    0.0424027800
  -0.0000223200   -0.0000435800   -0.0000145500
   0.0000069700    0.0000048500    0.0000076000
  -0.0000611600   -0.0000706700   -0.0000298400
  -0.0000541900    0.0000008100   -0.0000132500
   0.0001064200    0.0003233400    0.0004649400
  -0.0000775900    0.0000046600   -0.0000213000
   0.0000101700    0.0000086500   -0.0000046000
  -0.0000188600    0.0000165500    0.0000351600
   0.0001023700    0.0010809000    0.0023341100
   0.0000116600    0.0000059800    0.0000107300
  -0.0000008700   -0.0000404900    0.0000494800
  -0.0000052300   -0.0000134000   -0.0000008400
   0.0000080300   -0.0000137100    0.0000043500
  -0.0007436900   -0.0003866800    0.0018245900
   0.0010211300   -0.0003975700    0.0021484400
  -0.0000005700    0.0000123100    0.0000098700
   0.0011172400   -0.0002023600   -0.0030642700
  -0.0011891400   -0.0001032800   -0.0027631400
   0.0000032300    0.0000156000    0.0000053400
  -0.0000075900    0.0000006000   -0.0000290200
  -0.0000007200   -0.0000037200    0.0000089400
   0.0000099200    0.0000087000   -0.0000236800
  -0.0000008900   -0.0001022100    0.0000693700
  -0.0000086100   -0.0000014700   -0.0000204900
   0.0000094700    0.0000004100   -0.0000267700
   0.0003722800    0.0017097400    0.0002374200
   0.0000255100   -0.0000039300   -0.0002629600
  -0.0000143800    0.0000071800    0.0000103700
  -0.0000049000    0.0000008900    0.0000094400
  -0.0000003900    0.0000084900    0.0000116700
   0.0000040600   -0.0000154600    0.0000072500
   0.0016877700   -0.0005396200    0.0004552500
   0.0000030900    0.0000010000    0.0000069800
  -0.0000480300    0.0000046200   -0.0002989700
  -0.0000862100    0.0000430900    0.0000489500
  -0.0005696700   -0.0009257400   -0.0027431900
   0.0000123400    0.0000064300   -0.0000255400
  -0.0000051200   -0.0000048200   -0.0000340200
  -0.0000059300   -0.0000012100   -0.0000255000
   0.0000159500   -0.0000034000    0.0000051400
   0.0003780200    0.0009218100   -0.0031314700
  -0.0000170100   -0.0000027500    0.0000375800
   0.0000012000    0.0000073900   -0.0000333000
  -0.0002514400   -0.0001827100    0.0141768900
  -0.0000181000    0.0000125100   -0.0000065800
   0.0000013100    0.0000180100   -0.0000025800
   0.0000002000   -0.0000251200    0.0000114100
   0.0000049900   -0.0000191600    0.0000264300
   0.0000016300    0.0000018700   -0.0000012200
  -0.0000420500    0.0000094500    0.0000195200
  -0.0000007400   -0.0000000100    0.0000000700
   0.0000401500   -0.0000118900    0.0000370900
  -0.0025044700   -0.0008728000   -0.1315823100
   0.0000168800    0.0000843300   -0.0002033600
   0.0000355400    0.0001103300   -0.0002029100
  -0.0000682000   -0.0000511600   -0.0002000000
   0.0000774200   -0.0000207300   -0.0002108700
   0.0000022200    0.0000014700    0.0000064900
  -0.0000904200   -0.0000182200   -0.0001999900
  -0.0000016300   -0.0000002900    0.0000064200
   0.0001186200   -0.0000144300   -0.0002104700
  -0.0000631200   -0.0000215900   -0.0002492400
  -0.0005210300    0.0020380800    0.0003797100
   0.0000098300    0.0000093800    0.0000141900
  -0.0000016300   -0.0000126400    0.0000067000
  -0.0000010500    0.0000111900    0.0000121900
   0.0000028700    0.0000004900    0.0000113400
  -0.0015933000   -0.0005262800    0.0002732900
  -0.0000072400    0.0000151700   -0.0003018900
  -0.0000083400    0.0000049200    0.0000042900
   0.0005375100   -0.0009272900   -0.0029935600
   0.0001380200    0.0000746000    0.0000585000
  -0.0000013100    0.0000100200   -0.0000335000
  -0.0000169700   -0.0000059700    0.0000050500
   0.0000023800   -0.0000034200   -0.0000330600
   0.0000107400   -0.0000021000   -0.0000344600
  -0.0005232200    0.0009017500   -0.0030865500
  -0.0000033900    0.0000049200   -0.0000340000
   0.0000068500    0.0000006600    0.0000571300
  -0.0015863400   -0.0014450400    0.0002721000
   0.0019474200   -0.0019349500    0.0006224400
  -0.0000009300    0.0000017400    0.0000063900
  -0.0000140700    0.0000083900    0.0000097000
  -0.0000210100   -0.0000172200   -0.0003495600
   0.0000169900    0.0000023500    0.0000152800
  -0.0000375400   -0.0000658200   -0.0002217100
   0.0000012000   -0.0000043200    0.0000065500
   0.0000036500   -0.0000066200   -0.0000009500

73   
  0.0000023916641656   0.0000013803328390  -0.0099999996187312
   0.0274490700   -0.0160451300   -0.0412002700
   0.0003780100    0.0001498600   -0.0004779600
  -0.0000332200    0.0000360400   -0.0000136700
  -0.0000543300   -0.0000007800    0.0000042200
   0.0000021600    0.0000996300    0.0000363000
   0.0000147200   -0.0000061200   -0.0000083600
   0.0000400200   -0.0002964900   -0.0004436800
   0.0000086300   -0.0000091600   -0.0000007500
  -0.0000758600   -0.0000577300   -0.0000017800
  -0.0003131000    0.0001764400   -0.0004693500
   0.0002555700    0.0002658300   -0.0004703700
   0.0000029600    0.0000093100   -0.0000048700
  -0.0000272500   -0.0000383600    0.0000015900
  -0.0000030000    0.0000258300   -0.0000020300
   0.0000167700   -0.0000430800   -0.0000144000
   0.0002583500    0.0320414500   -0.0411408400
   0.0000584900   -0.0000255900    0.0000191200
  -0.0000515000   -0.0000411900    0.0000005400
  -0.0003564400    0.0001861100   -0.0005005600
  -0.0298383300   -0.0178831300   -0.0414949500
   0.0000210400    0.0000438800    0.0000170400
  -0.0000064400   -0.0000044200   -0.0000068800
   0.0000573700    0.0000686500    0.0000297000
   0.0000537400   -0.0000021100    0.0000158100
  -0.0001276600   -0.0003489400   -0.0004570800
   0.0000739700   -0.0000064500    0.0000210500
  -0.0000103800   -0.0000087200    0.0000050400
   0.0000182300   -0.0000162800   -0.0000313000
  -0.0001066100   -0.0011157200   -0.0023360500
  -0.0000110000   -0.0000058700   -0.0000070900
   0.0000010800    0.0000394600   -0.0000455700
   0.0000049000    0.0000131100    0.0000016700
  -0.0000077700    0.0000134000   -0.0000034600
   0.0007724300    0.0004040200   -0.0018287700
  -0.0010551600    0.0004134800   -0.0021520700
   0.0000006300   -0.0000120100   -0.0000088600
  -0.0010930100    0.0002041900    0.0030328900
   0.0011516400    0.0001116600    0.0027416700
  -0.0000032400   -0.0000153500   -0.0000057900
   0.0000076800   -0.0000009600    0.0000283200
   0.0000005700    0.0000019400   -0.0000125400
  -0.0000099800   -0.0000090700    0.0000229200
  -0.0000001100    0.0001064100   -0.0000697700
   0.0000084000    0.0000019900    0.0000206300
  -0.0000091600    0.0000000900    0.0000269300
  -0.0003830500   -0.0017282700   -0.0002372100
  -0.0000257800    0.0000039000    0.0002611400
   0.0000138600   -0.0000068600   -0.0000102700
   0.0000049000   -0.0000008700   -0.0000094500
   0.0000001900   -0.0000084700   -0.0000115200
  -0.0000041100    0.0000150200   -0.0000072400
  -0.0017061100    0.0005398200   -0.0004564900
  -0.0000032000   -0.0000010800   -0.0000067200
   0.0000418700   -0.0000080000    0.0003018400
   0.0000897000   -0.0000463900   -0.0000499600
   0.0005586100    0.0008861300    0.0027196700
  -0.0000127300   -0.0000062300    0.0000247600
   0.0000047700    0.0000050000    0.0000330700
   0.0000062200    0.0000008800    0.0000255500
  -0.0000157000    0.0000032400   -0.0000057400
  -0.0003615500   -0.0009018800    0.0030967600
   0.0000159700    0.0000030400   -0.0000415300
  -0.0000006500   -0.0000073400    0.0000332700
   0.0002453300    0.0001804600   -0.0138887100
   0.0000185700   -0.0000127800    0.0000080000
  -0.0000015700   -0.0000185200    0.0000036500
   0.0000003600    0.0000250800   -0.0000093900
  -0.0000053300    0.0000195700   -0.0000239300
  -0.0000016500   -0.0000019400    0.0000013000
   0.0000420800   -0.0000094500   -0.0000175600
   0.0000007300   -0.0000000100    0.0000000200
  -0.0000406500    0.0000118400   -0.0000349800
   0.0024023200    0.0008343700    0.1287843600
  -0.0000209600   -0.0000843300    0.0001988500
  -0.0000309100   -0.0001099500    0.0001992800
   0.0000701600    0.0000471900    0.0001957300
  -0.0000792300    0.0000171700    0.0002064900
  -0.0000022000   -0.0000014600   -0.0000067500
   0.0000880900    0.0000220900    0.0001957700
   0.0000015800    0.0000002900   -0.0000067900
  -0.0001159700    0.0000181500    0.0002068900
   0.0000622500    0.0000222100    0.0002475300
   0.0005312600   -0.0020577900   -0.0003781600
  -0.0000094300   -0.0000090900   -0.0000142000
   0.0000016600    0.0000122500   -0.0000068400
   0.0000012700   -0.0000111800   -0.0000120100
  -0.0000029800   -0.0000003900   -0.0000113000
   0.0016097200    0.0005288500   -0.0002740200
   0.0000131800   -0.0000185600    0.0003044300
   0.0000084400   -0.0000050100   -0.0000041000
  -0.0005279700    0.0008993000    0.0029611000
  -0.0001418800   -0.0000770500   -0.0000597900
   0.0000017700   -0.0000097200    0.0000325300
   0.0000166700    0.0000058000   -0.0000057900
  -0.0000027100    0.0000031100    0.0000329600
  -0.0000102900    0.0000022700    0.0000334500
   0.0005040700   -0.0008807000    0.0030521500
   0.0000028400   -0.0000049700    0.0000339000
  -0.0000051500    0.0000002500   -0.0000610400
   0.0015932000    0.0014603100   -0.0002702500
  -0.0019542900    0.0019529600   -0.0006191600
   0.0000009500   -0.0000020000   -0.0000064500
   0.0000136700   -0.0000081000   -0.0000099300
   0.0000209700    0.0000230200    0.0003497800
  -0.0000166300   -0.0000021200   -0.0000154000
   0.0000374900    0.0000655400    0.0002177300
  -0.0000012800    0.0000044900   -0.0000065200
  -0.0000036000    0.0000067900    0.0000008700

82   
  0.0100000000000000   0.0000000000000000   0.0000000000000000
   0.0007896600   -0.0025220400   -0.0013900400
  -0.0000728500    0.0000045100    0.0000011300
   0.0010325900    0.0025193900    0.0011297600
  -0.0033451000    0.0001398700    0.0000148600
  -0.0000818800   -0.0000314400    0.0000214000
  -0.0000829500    0.0000407500   -0.0000403200
  -0.0000176900    0.0000259500    0.0000302200
  -0.0000310000   -0.0000298300   -0.0000246100
  -0.0000379700   -0.0000141900   -0.0000101600
   0.0366623300    0.0141692600   -0.0278800800
   0.0000015800    0.0000350300   -0.0000071100
   0.0006297800   -0.0003030000    0.0003008600
   0.0000776800   -0.0001000800    0.0000825500
   0.0000238900   -0.0000149700    0.0000034800
  -0.0000028900    0.0000240900   -0.0000191800
  -0.0001281500    0.0001811900   -0.0000177100
  -0.0000517000   -0.0000139900   -0.0000271200
   0.0005710800    0.0009154800    0.0002490000
   0.0114635700    0.0007599500    0.0004345500
  -0.0000791000   -0.0000159000   -0.0001816400
  -0.0000189300   -0.0000147600    0.0001664300
   0.0000182900    0.0006449300    0.0000238100
   0.0000166300   -0.0007124600   -0.0002157200
  -0.0000318400   -0.0000005700   -0.0000029500
   0.0000013800   -0.0000219100   -0.0000029100
  -0.0000177600   -0.0000033800   -0.0000008700
  -0.0000244300    0.0000128000    0.0000113600
   0.0372378800   -0.0151387600    0.0274517000
   0.0006476000    0.0004832900   -0.0005496600
   0.0000617400   -0.0000398600    0.0000134200
   0.0000117400   -0.0000373400   -0.0000084900
   0.0000176700    0.0000638400   -0.0000914300
   0.0000020600   -0.0000171800    0.0000159100
   0.0004823500   -0.0006847200   -0.0002599000
  -0.0000318300    0.0000100600    0.0000248200
  -0.0001086500   -0.0001044600    0.0000679000
  -0.0008965700   -0.0002215100    0.0004088400
   0.0000013000   -0.0000113600   -0.0000036000
   0.0001040400    0.0000742700    0.0000857700
  -0.0010237200   -0.0022499600    0.0021159500
   0.0001178600    0.0000897100    0.0000586600
  -0.0000011000    0.0000172300    0.0000077300
  -0.0000032800   -0.0000024700   -0.0000018400
   0.0000032900    0.0000139000    0.0000080800
   0.0000030500   -0.0000143000    0.0000051200
   0.0074354100    0.0003417000   -0.0009904100
   0.0000620400   -0.0000020900   -0.0000012300
   0.0085720600   -0.0000530800    0.0011631000
  -0.0000598100    0.0000399900    0.0000440700
   0.0000316300    0.0000270000   -0.0000019400
   0.0000353700   -0.0000258100    0.0000026500
   0.0000304300   -0.0000275500    0.0000070200
   0.0000342700    0.0000162600   -0.0000053500
  -0.0000443600    0.0000126600    0.0000115800
  -0.0022781100    0.0000905100    0.0002709000
   0.0000460700   -0.0001597700    0.0000209400
   0.0000301500    0.0001498500   -0.0000132100
  -0.0000772600   -0.0002077700   -0.0000243300
  -0.0000567300    0.0002332900    0.0000289400
   0.0000123400   -0.0000001500    0.0000005100
  -0.0000740700    0.0000817800   -0.0000234200
   0.0000173100   -0.0000015300   -0.0000019100
  -0.0000656600   -0.0000816100    0.0000356400
  -0.0000948600    0.0000045800    0.0001024400
   0.0000357100    0.0000193900   -0.0000105700
   0.0014773500    0.0042359800    0.0004895400
   0.0010348100    0.0032589900   -0.0003490200
   0.0000469600    0.0000198900   -0.0000001700
  -0.0001439300    0.0000244800    0.0000068400
   0.0000022300   -0.0000047500    0.0000034000
   0.0000221000    0.0000247500   -0.0000162000
   0.0000010700    0.0000040500    0.0000028300
   0.0001074400   -0.0000197100   -0.0000647100
   0.0000120300    0.0000180400    0.0000096900
  -0.0012520900   -0.0000558900   -0.0005216500
  -0.0007856600    0.0019715400   -0.0016121200
   0.0000173400   -0.0000177000   -0.0000085500
   0.0001089700   -0.0000350300   -0.0000118900
   0.0000032200   -0.0000168400   -0.0000016200
  -0.0000000700    0.0000078900    0.0000028300
  -0.0000023300    0.0000210100   -0.0000012200
  -0.1026271200   -0.0013813900   -0.0005231300
  -0.0000035800   -0.0000289200    0.0000073100
  -0.0000020800    0.0000341500    0.0000152300
   0.0000162300   -0.0000324000    0.0000509400
   0.0000179300    0.0000240600   -0.0000433700
   0.0000108700    0.0000027100    0.0000013000
   0.0000161000    0.0000040500    0.0000239000
   0.0000108100    0.0000024300    0.0000015900
   0.0000179100   -0.0000398000   -0.0000577200
   0.0010191900   -0.0006760700   -0.0012612100
   0.0000056700    0.0000001900    0.0000017400
   0.0011074600    0.0008576700    0.0015064800
  -0.0000114300   -0.0000197100   -0.0000525900
   0.0000067200    0.0000346900    0.0000000900
   0.0000100600   -0.0000212500    0.0000091500
   0.0000049200    0.0000119600   -0.0000116600
   0.0000113100   -0.0000124800    0.0000128500
  -0.0000204000   -0.0000125600    0.0000086800
   0.0013269300   -0.0034807600   -0.0007289700
   0.0000273700   -0.0000182200    0.0000083400
  -0.0001684000   -0.0001185300   -0.0000565800
   0.0011856500   -0.0027943000    0.0005263900
  -0.0001668200   -0.0001157100    0.0000063000
   0.0000383300   -0.0000135800    0.0000017700
   0.0000200500   -0.0000078000    0.0000207500
   0.0000061900   -0.0000026900   -0.0000070600
   0.0000090900    0.0000048000   -0.0000018300

82   
 -0.0100000000000000   0.0000000000000000   0.0000000000000000
  -0.0007553900    0.0024851400    0.0013830500
   0.0000726900   -0.0000037800   -0.0000005300
  -0.0010744600   -0.0025568300   -0.0011339900
   0.0033379200   -0.0001060500    0.0000006400
   0.0000810200    0.0000304700   -0.0000189700
   0.0000833000   -0.0000414000    0.0000420900
   0.0000177600   -0.0000254500   -0.0000296300
   0.0000307700    0.0000301800    0.0000250900
   0.0000377800    0.0000130400    0.0000099300
  -0.0359133100   -0.0137580200    0.0269681800
  -0.0000003800   -0.0000326000    0.0000071100
  -0.0006700000    0.0003150100   -0.0003069000
  -0.0000761300    0.0001015600   -0.0000816200
  -0.0000220900    0.0000145600   -0.0000027700
   0.0000028300   -0.0000246000    0.0000194600
   0.0001275400   -0.0001799300    0.0000173300
   0.0000515600    0.0000141800    0.0000272800
  -0.0005813800   -0.0009243000   -0.0002586800
  -0.0114548300   -0.0006025900   -0.0003589500
   0.0000775500    0.0000142400    0.0001795900
   0.0000196900    0.0000137300   -0.0001687500
  -0.0000248900   -0.0006508000   -0.0000247200
  -0.0000094700    0.0007074800    0.0002129400
   0.0000320000    0.0000004700    0.0000035300
  -0.0000011000    0.0000210600    0.0000027900
   0.0000178200    0.0000037500    0.0000012000
   0.0000242100   -0.0000136700   -0.0000114700
  -0.0380278300    0.0156231100   -0.0284521500
  -0.0006087800   -0.0004671800    0.0005411300
  -0.0000636300    0.0000425000   -0.0000138200
  -0.0000132300    0.0000375700    0.0000092700
  -0.0000193800   -0.0000631600    0.0000922800
  -0.0000020600    0.0000171500   -0.0000155100
  -0.0004723300    0.0006775900    0.0002523400
   0.0000318300   -0.0000098800   -0.0000245800
   0.0001094200    0.0001054500   -0.0000685300
   0.0008844000    0.0002220200   -0.0003946400
  -0.0000016000    0.0000112600    0.0000037000
  -0.0001058800   -0.0000755700   -0.0000904100
   0.0010444000    0.0023029800   -0.0021419400
  -0.0001214400   -0.0000898300   -0.0000621500
   0.0000013900   -0.0000177700   -0.0000077600
   0.0000034300    0.0000024200    0.0000017200
  -0.0000033400   -0.0000143300   -0.0000079600
  -0.0000029400    0.0000149800   -0.0000052600
  -0.0072478100   -0.0003428600    0.0009757500
  -0.0000619700    0.0000013100    0.0000015300
  -0.0087818300    0.0000483100   -0.0011749600
   0.0000602800   -0.0000381900   -0.0000449300
  -0.0000315700   -0.0000261800    0.0000016200
  -0.0000353800    0.0000263800   -0.0000027900
  -0.0000304800    0.0000274100   -0.0000073400
  -0.0000344400   -0.0000163500    0.0000049500
   0.0000442800   -0.0000100300   -0.0000098200
   0.0022769500   -0.0000904700   -0.0002139800
  -0.0000467900    0.0001581000   -0.0000211700
  -0.0000290900   -0.0001515000    0.0000129300
   0.0000784600    0.0002081600    0.0000233100
   0.0000554600   -0.0002321700   -0.0000293800
  -0.0000122600    0.0000004700   -0.0000006500
   0.0000728300   -0.0000817700    0.0000236400
  -0.0000172000    0.0000014400    0.0000017300
   0.0000670200    0.0000819200   -0.0000352500
   0.0000946600   -0.0000044600   -0.0001007300
  -0.0000362100   -0.0000199900    0.0000109700
  -0.0014598400   -0.0042564200   -0.0004816900
  -0.0010387500   -0.0032238000    0.0003472800
  -0.0000461400   -0.0000194500   -0.0000002000
   0.0001476300   -0.0000248800   -0.0000080000
  -0.0000021400    0.0000047700   -0.0000034100
  -0.0000222700   -0.0000244900    0.0000161800
  -0.0000009800   -0.0000038700   -0.0000025700
  -0.0001060300    0.0000194000    0.0000605600
  -0.0000115700   -0.0000183900   -0.0000096800
   0.0012611600    0.0000575300    0.0005309600
   0.0007646500   -0.0019229300    0.0015911200
  -0.0000174800    0.0000170400    0.0000082700
  -0.0001056900    0.0000347400    0.0000085100
  -0.0000031000    0.0000162900    0.0000016100
  -0.0000000700   -0.0000078000   -0.0000030300
   0.0000022600   -0.0000202400    0.0000010500
   0.1026957400    0.0002099200    0.0024198800
   0.0000025100    0.0000282300   -0.0000095100
   0.0000040000   -0.0000351100   -0.0000172900
  -0.0000162300    0.0000349800   -0.0000516700
  -0.0000176300   -0.0000215000    0.0000425900
  -0.0000107600   -0.0000023700   -0.0000013200
  -0.0000163300   -0.0000029700   -0.0000234200
  -0.0000107700   -0.0000026200   -0.0000013200
  -0.0000176500    0.0000410800    0.0000585200
  -0.0010237100    0.0006911400    0.0012547200
  -0.0000055200   -0.0000001400   -0.0000019800
  -0.0011023800   -0.0008441000   -0.0015147200
   0.0000114200    0.0000147600    0.0000480900
  -0.0000069100   -0.0000339100   -0.0000000600
  -0.0000099700    0.0000218900   -0.0000091100
  -0.0000051600   -0.0000115800    0.0000115700
  -0.0000111200    0.0000130500   -0.0000128100
   0.0000204800    0.0000138600   -0.0000103300
  -0.0013382400    0.0034638400    0.0007296400
  -0.0000271100    0.0000178500   -0.0000081300
   0.0001692900    0.0001205400    0.0000578700
  -0.0011825600    0.0028183000   -0.0005301500
   0.0001624700    0.0001136000   -0.0000084900
  -0.0000386400    0.0000138000   -0.0000019900
  -0.0000197800    0.0000079700   -0.0000209300
  -0.0000063100    0.0000029500    0.0000070200
  -0.0000091500   -0.0000046500    0.0000019800

82   
 -0.0000023916641656  -0.0000013803328390   0.0099999996187312
  -0.0006765200    0.0006237800    0.0020063000
  -0.0000004600   -0.0000125000    0.0000118800
   0.0006771000    0.0003907900    0.0024615800
   0.0002016800   -0.0008978300    0.0020063000
  -0.0000262100   -0.0000151300    0.0000622800
   0.0000377300    0.0000087500    0.0000344800
  -0.0000025700   -0.0000015200    0.0000196700
  -0.0000110600    0.0000058700    0.0000118600
   0.0000264300    0.0000283000    0.0000344600
  -0.0274033200   -0.0158156100    0.0413662900
   0.0000159400    0.0000470500    0.0000050300
  -0.0003163100    0.0000413100    0.0005909300
   0.0000048500    0.0000520600   -0.0000041200
   0.0000487400   -0.0000097700    0.0000050500
  -0.0000138100   -0.0000080200    0.0000051300
   0.0000475100   -0.0000218400   -0.0000040900
  -0.0000182000   -0.0000104800    0.0000030500
  -0.0001224800   -0.0002945500    0.0005908900
   0.0004327600    0.0336859000    0.0419173000
   0.0000476300   -0.0000721100   -0.0000474500
  -0.0000356200   -0.0000731600   -0.0000583800
   0.0000528500    0.0001188500    0.0007627100
   0.0002996100    0.0003224600    0.0005814600
   0.0000025100    0.0000087000    0.0000040300
  -0.0000233600   -0.0000630600   -0.0000005100
   0.0000008400    0.0000184100   -0.0000056100
   0.0000500200   -0.0000362000   -0.0000122000
   0.0293841400   -0.0164772700    0.0419173400
   0.0004290700    0.0000981000    0.0005814700
  -0.0000062900    0.0000614700   -0.0000121700
  -0.0000662800    0.0000112900   -0.0000005000
  -0.0000386000    0.0000773000   -0.0000474800
   0.0000087500   -0.0000022600    0.0000040000
   0.0001293500   -0.0000136300    0.0007627200
   0.0000164000   -0.0000084800   -0.0000056000
  -0.0000811400    0.0000057600   -0.0000583800
  -0.0019746200    0.0005911700    0.0003958800
  -0.0000072800   -0.0000004200    0.0000120500
  -0.0000108000   -0.0000062400   -0.0002494600
  -0.0004759300   -0.0020055000    0.0003958900
  -0.0000864600   -0.0000499000   -0.0002847900
   0.0000041100   -0.0000144200    0.0000103700
   0.0000015600    0.0000008900    0.0000117700
  -0.0000040400   -0.0000061100    0.0000120500
  -0.0000104400    0.0000107700    0.0000103700
   0.0010872400    0.0001602800   -0.0030461000
   0.0000010300   -0.0000188000    0.0000033100
  -0.0012745200   -0.0001323000   -0.0030184700
  -0.0000094700   -0.0000300600    0.0000423200
  -0.0000094300    0.0000072500   -0.0000304300
   0.0000060700   -0.0000006100   -0.0000187800
   0.0000031500   -0.0000025400   -0.0000294200
  -0.0000029700   -0.0000012900   -0.0000217400
  -0.0000550600    0.0001092100    0.0000290300
  -0.0002257600   -0.0001302200    0.0145935600
   0.0000049300   -0.0000160800    0.0000039500
   0.0000045100   -0.0000163000    0.0000152100
  -0.0000003700    0.0000142600   -0.0000060300
  -0.0000114800    0.0000123200    0.0000039600
   0.0000011400    0.0000006600   -0.0000014400
   0.0000121600   -0.0000074600   -0.0000060200
   0.0000017900    0.0000010200   -0.0000025700
  -0.0000118700    0.0000120600    0.0000152100
  -0.0000307500    0.0000068400    0.0000423400
  -0.0000026300   -0.0000019200   -0.0000217400
  -0.0007521500   -0.0010374000   -0.0030184500
   0.0006826900    0.0008612400   -0.0030461100
   0.0000015500   -0.0000118100   -0.0000304100
   0.0000670200   -0.0001023100    0.0000290300
  -0.0000006300    0.0000039900   -0.0000294400
  -0.0000157300    0.0000103000    0.0000033300
   0.0000025200    0.0000055600   -0.0000187800
   0.0000084400   -0.0000051400   -0.0002494600
   0.0000086700    0.0000000800    0.0000140400
   0.0017811300    0.0005719300    0.0003787400
   0.0002710400   -0.0016885800    0.0002735600
  -0.0000087400   -0.0000126400    0.0000043500
   0.0000404800   -0.0000488700   -0.0003018300
   0.0000066400   -0.0000024500    0.0000067000
  -0.0000056400    0.0000022500    0.0000112900
   0.0000105900    0.0000109300    0.0000121300
  -0.0014117500   -0.0008146700   -0.1308712000
   0.0000138100   -0.0000765200   -0.0002075300
   0.0000106500   -0.0000546800   -0.0002072100
   0.0000245600    0.0000445600   -0.0002560700
  -0.0000593500    0.0000502300   -0.0002075300
   0.0000014500    0.0000008300    0.0000071500
   0.0000508700   -0.0000010400   -0.0002560600
   0.0000013900    0.0000007900    0.0000072000
  -0.0000420200    0.0000365700   -0.0002072000
  -0.0013264900    0.0010794600    0.0002735800
  -0.0000008800   -0.0000060500    0.0000113000
   0.0013862600    0.0012561000    0.0003787300
  -0.0000002200    0.0000098700   -0.0002494400
  -0.0000153000   -0.0000012400    0.0000043600
   0.0000147500    0.0000037000    0.0000121500
   0.0000011900    0.0000069700    0.0000066900
   0.0000044100    0.0000074800    0.0000140300
  -0.0000220800    0.0000595000   -0.0003018400
   0.0001440500   -0.0010059300   -0.0031391100
  -0.0000068400   -0.0000010100   -0.0000307100
   0.0000071500    0.0000041300    0.0000462200
  -0.0007989300    0.0006279800   -0.0031391400
  -0.0000957600   -0.0000552900   -0.0000069800
   0.0000081500   -0.0000031900   -0.0000219500
   0.0000205700    0.0000118700    0.0000045700
  -0.0000043400   -0.0000054300   -0.0000307100
   0.0000013300    0.0000086400   -0.0000219500

82   
  0.0000023916641656   0.0000013803328390  -0.0099999996187312
   0.0006456700   -0.0005994700   -0.0020125300
   0.0000003500    0.0000126800   -0.0000125700
  -0.0006418000   -0.0003704100   -0.0024669900
  -0.0001960500    0.0008589600   -0.0020125300
   0.0000266500    0.0000153900   -0.0000670700
  -0.0000383100   -0.0000086900   -0.0000381000
   0.0000022700    0.0000013000   -0.0000205100
   0.0000111400   -0.0000060300   -0.0000125700
  -0.0000267000   -0.0000288200   -0.0000381200
   0.0283136900    0.0163410700   -0.0421994100
  -0.0000164600   -0.0000477900   -0.0000081400
   0.0002804600   -0.0000471200   -0.0006019700
  -0.0000069100   -0.0000545300    0.0000035000
  -0.0000495900    0.0000096600   -0.0000081200
   0.0000146700    0.0000084700   -0.0000056300
  -0.0000506500    0.0000213000    0.0000035300
   0.0000180000    0.0000103900   -0.0000033700
   0.0000995200    0.0002664000   -0.0006019800
  -0.0004279800   -0.0348646200   -0.0427954600
  -0.0000465500    0.0000751600    0.0000483200
   0.0000361000    0.0000768200    0.0000585500
  -0.0000676000   -0.0000875800   -0.0007686000
  -0.0002875100   -0.0002917200   -0.0005889500
  -0.0000024300   -0.0000092700   -0.0000045300
   0.0000229100    0.0000642400   -0.0000014100
  -0.0000008200   -0.0000183500    0.0000052700
  -0.0000498600    0.0000368900    0.0000097400
  -0.0304023100    0.0170711100   -0.0427954200
  -0.0003964100   -0.0001030100   -0.0005889300
   0.0000070100   -0.0000616300    0.0000097300
   0.0000671000   -0.0000123000   -0.0000014300
   0.0000417800   -0.0000779400    0.0000483000
  -0.0000092400    0.0000025200   -0.0000045400
  -0.0001096700   -0.0000147400   -0.0007685700
  -0.0000163000    0.0000084700    0.0000052800
   0.0000845700   -0.0000071500    0.0000585700
   0.0019575100   -0.0005878600   -0.0003967100
   0.0000073600    0.0000003100   -0.0000122500
   0.0000048800    0.0000028100    0.0002470400
   0.0004702800    0.0019890400   -0.0003967100
   0.0000885500    0.0000510900    0.0002863200
  -0.0000044900    0.0000146500   -0.0000101000
  -0.0000014200   -0.0000008400   -0.0000118400
   0.0000039500    0.0000062200   -0.0000122600
   0.0000104500   -0.0000112100   -0.0000100900
  -0.0011144900   -0.0001546200    0.0030792100
  -0.0000010400    0.0000191000   -0.0000023900
   0.0013165700    0.0001421900    0.0030448200
   0.0000098100    0.0000288700   -0.0000376100
   0.0000094900   -0.0000076000    0.0000315800
  -0.0000061600    0.0000002200    0.0000197200
  -0.0000033700    0.0000030200    0.0000296100
   0.0000032700    0.0000016900    0.0000216400
   0.0000558200   -0.0001049300   -0.0000284100
   0.0002312400    0.0001335700   -0.0149114300
  -0.0000047400    0.0000157000   -0.0000053800
  -0.0000049500    0.0000159500   -0.0000169100
   0.0000004200   -0.0000141400    0.0000042200
   0.0000112300   -0.0000119500   -0.0000053900
  -0.0000011900   -0.0000006900    0.0000015200
  -0.0000120500    0.0000074400    0.0000041900
  -0.0000017100   -0.0000009900    0.0000025800
   0.0000113200   -0.0000122600   -0.0000169300
   0.0000299100   -0.0000059500   -0.0000376000
   0.0000030900    0.0000019700    0.0000216400
   0.0007817500    0.0010688600    0.0030448100
  -0.0006914300   -0.0008876200    0.0030792000
  -0.0000018200    0.0000120200    0.0000315700
  -0.0000629400    0.0001008100   -0.0000284000
   0.0000009300   -0.0000044400    0.0000295900
   0.0000160000   -0.0000104400   -0.0000024000
  -0.0000029200   -0.0000054500    0.0000197000
  -0.0000028800    0.0000017600    0.0002473400
  -0.0000086600   -0.0000002000   -0.0000142100
  -0.0017636000   -0.0005712100   -0.0003797200
  -0.0002638800    0.0016752600   -0.0002741900
   0.0000090400    0.0000129700   -0.0000039800
  -0.0000396400    0.0000502900    0.0003045400
  -0.0000065700    0.0000027300   -0.0000067200
   0.0000057300   -0.0000022900   -0.0000112400
  -0.0000108100   -0.0000114500   -0.0000119600
   0.0014811600    0.0008548100    0.1336679400
  -0.0000187200    0.0000764400    0.0002113100
  -0.0000062000    0.0000543200    0.0002116000
  -0.0000227800   -0.0000465800    0.0002599500
   0.0000568300   -0.0000544400    0.0002113000
  -0.0000014800   -0.0000008600   -0.0000067500
  -0.0000517400    0.0000035600    0.0002599700
  -0.0000012800   -0.0000007500   -0.0000066400
   0.0000439200   -0.0000325400    0.0002115900
   0.0013185600   -0.0010665600   -0.0002742000
   0.0000008800    0.0000061000   -0.0000112300
  -0.0013768800   -0.0012412800   -0.0003796900
   0.0000000700   -0.0000033800    0.0002473500
   0.0000157600    0.0000013400   -0.0000039800
  -0.0000153200   -0.0000036200   -0.0000119600
  -0.0000009200   -0.0000070500   -0.0000067200
  -0.0000045100   -0.0000074000   -0.0000142200
   0.0000237200   -0.0000594900    0.0003045500
  -0.0001651100    0.0010224300    0.0031661900
   0.0000062200    0.0000011100    0.0000303700
  -0.0000068500   -0.0000039500   -0.0000420200
   0.0008026900   -0.0006544400    0.0031661900
   0.0000913200    0.0000526900    0.0000075400
  -0.0000079500    0.0000031000    0.0000227900
  -0.0000208000   -0.0000120100   -0.0000036800
   0.0000040700    0.0000048400    0.0000303600
  -0.0000012700   -0.0000084300    0.0000227900

100  
  0.0100000000000000   0.0000000000000000   0.0000000000000000
   0.0414788500    0.0148895700   -0.0285061400
   0.0000416800    0.0000065900    0.0000123800
   0.0007417100   -0.0001964700    0.0000683900
   0.0000954200   -0.0000948500    0.0001104800
   0.0000225600    0.0000324300    0.0000142500
  -0.0000048600    0.0000197300   -0.0000167200
  -0.0001485600    0.0002009800   -0.0000072300
  -0.0000435500   -0.0000116500   -0.0000215700
   0.0005718100    0.0010107300    0.0000234600
  -0.0039940100    0.0000491900    0.0002448600
  -0.0000866300   -0.0000303600   -0.0000235600
  -0.0000943900    0.0000302000    0.0000023100
  -0.0000198200    0.0000138100    0.0000249100
  -0.0000298900   -0.0000064400   -0.0000282100
  -0.0000447300   -0.0000042300   -0.0000001000
   0.0003572600   -0.0026747800   -0.0013390500
  -0.0000450600    0.0000009000    0.0000012300
   0.0004106100    0.0026081000    0.0013355300
   0.0443060600   -0.0167464300    0.0295820600
   0.0007586800    0.0002497600   -0.0003930300
   0.0000941500   -0.0000139200    0.0000035600
   0.0000294900   -0.0000732200   -0.0000076800
   0.0000633200    0.0001178800   -0.0001314400
  -0.0000015900   -0.0000173900    0.0000230800
   0.0005010600   -0.0010561300   -0.0000920500
  -0.0000243100    0.0000167200    0.0000185600
  -0.0001138800   -0.0001120000    0.0000420800
  -0.0000820700    0.0004905800    0.0001067500
  -0.0001179800   -0.0005452700   -0.0002974800
  -0.0000337100    0.0000015900    0.0000012500
  -0.0000129000   -0.0000245300   -0.0000091300
  -0.0000079200   -0.0000009000   -0.0000021700
  -0.0000189200    0.0000172300    0.0000185700
   0.0152835400    0.0007119400    0.0006644300
  -0.0000127200    0.0000480800   -0.0001860700
   0.0000088800   -0.0000314200    0.0001899000
  -0.0025292200    0.0001664100    0.0003071900
   0.0000455200   -0.0001561800   -0.0000121400
   0.0000457900    0.0001848200    0.0000310200
  -0.0000927000   -0.0002070900   -0.0000455300
  -0.0000690000    0.0002265600    0.0000455500
   0.0000085900   -0.0000006700   -0.0000002500
  -0.0000638900    0.0000749000   -0.0000788100
   0.0000121800   -0.0000019800   -0.0000006400
  -0.0000429600   -0.0000724400    0.0000707300
   0.0007180800    0.0024100100   -0.0000314700
   0.0000323300    0.0000146100    0.0000060600
  -0.0002123800    0.0001195300    0.0000108900
   0.0000115100   -0.0000110400    0.0000014300
   0.0000205600    0.0000063000   -0.0000217000
   0.0000053800    0.0000067800    0.0000035200
  -0.0001424500    0.0000900400    0.0001164400
   0.0000405600    0.0000094300   -0.0000100000
   0.0012203600    0.0035105100    0.0006090700
  -0.0009538400   -0.0029176300    0.0024488700
   0.0001148600    0.0000703600    0.0000575100
   0.0000012300    0.0000139100    0.0000057200
  -0.0000011900    0.0000026600   -0.0000055500
   0.0000076300    0.0000141200    0.0000091800
  -0.0000002200   -0.0000113400    0.0000067600
  -0.0012585700   -0.0001085800    0.0005975600
   0.0000016700   -0.0000179500   -0.0000082000
   0.0001634100    0.0000665400    0.0000794300
   0.0056392200    0.0005199400   -0.0007729700
   0.0000370000    0.0000029800   -0.0000028900
   0.0068992300   -0.0003674800    0.0008680800
  -0.0000208100    0.0000206800   -0.0000108300
   0.0000335600    0.0000208500    0.0000025500
   0.0000357700   -0.0000162600   -0.0000036800
   0.0000289300   -0.0000214300    0.0000037400
   0.0000314800    0.0000157200   -0.0000050300
   0.0000221400   -0.0000171200    0.0000013900
   0.0012779500   -0.0007972800   -0.0015944100
  -0.0000033800   -0.0000012700   -0.0000011100
   0.0014188400    0.0011335400    0.0019449800
   0.0000450200   -0.0000105200   -0.0000400100
  -0.0000016400    0.0000252600    0.0000036600
   0.0000038800   -0.0000202600    0.0000013100
   0.0000052400    0.0000156600   -0.0000138000
   0.0000072300   -0.0000266400    0.0000167900
  -0.0000018300   -0.0000185000   -0.0000218500
   0.0013341800   -0.0028781300    0.0001558700
  -0.0001714400   -0.0001205000    0.0000061800
   0.0000270900   -0.0000149400   -0.0000065400
   0.0000202400   -0.0000077900    0.0000206800
   0.0000090400    0.0000033100    0.0000014300
   0.0000061800   -0.0000059800   -0.0000040800
   0.0011803100   -0.0033927500   -0.0007996300
   0.0000385100   -0.0000125000    0.0000082500
  -0.0001642800   -0.0001132000   -0.0000927900
  -0.0007266100    0.0024334300   -0.0020690300
   0.0000055600   -0.0000141000   -0.0000040500
   0.0001054000   -0.0000554300   -0.0000293400
   0.0000024700   -0.0000185600    0.0000002300
  -0.0000032300    0.0000006900    0.0000009900
  -0.0000001200    0.0000201700   -0.0000032700
   0.0001629400   -0.0000454200   -0.0000781700
   0.0000007300    0.0000203600    0.0000103100
  -0.0013666400   -0.0000171200   -0.0007005200
  -0.1128558800    0.0014973400   -0.0025005200
  -0.0000096200   -0.0000115500   -0.0000214600
  -0.0000081500   -0.0000107400    0.0000750300
   0.0000112100   -0.0000204600    0.0000413700
   0.0000046700   -0.0000174400   -0.0000189300
   0.0000067600    0.0000000800   -0.0000012000
   0.0000106300   -0.0000163300    0.0000040600
   0.0000066900   -0.0000001600    0.0000009500
   0.0000047100   -0.0000187800    0.0000092300

100  
 -0.0100000000000000   0.0000000000000000   0.0000000000000000
  -0.0405009000   -0.0143725400    0.0274847300
  -0.0000404900   -0.0000041700   -0.0000116600
  -0.0007824100    0.0002044700   -0.0000641300
  -0.0000938600    0.0000969000   -0.0001097000
  -0.0000203300   -0.0000329000   -0.0000129300
   0.0000044800   -0.0000203800    0.0000172700
   0.0001476000   -0.0001994800    0.0000062300
   0.0000434000    0.0000118300    0.0000218100
  -0.0005819100   -0.0010160700   -0.0000300100
   0.0039883800   -0.0000048400   -0.0002304400
   0.0000853600    0.0000289600    0.0000250900
   0.0000946800   -0.0000312900   -0.0000011200
   0.0000198700   -0.0000132900   -0.0000244600
   0.0000298900    0.0000069000    0.0000287500
   0.0000444200    0.0000031100    0.0000003200
  -0.0003221600    0.0026337200    0.0013366700
   0.0000448800   -0.0000004100   -0.0000007900
  -0.0004469300   -0.0026473800   -0.0013377900
  -0.0453717400    0.0173574000   -0.0307559700
  -0.0007215000   -0.0002410400    0.0003945100
  -0.0000962700    0.0000161200   -0.0000035900
  -0.0000313000    0.0000736100    0.0000085300
  -0.0000651800   -0.0001175300    0.0001318700
   0.0000018700    0.0000170200   -0.0000225600
  -0.0004892700    0.0010482800    0.0000838100
   0.0000243600   -0.0000167000   -0.0000184500
   0.0001149300    0.0001133600   -0.0000432300
   0.0000731900   -0.0004915400   -0.0001090700
   0.0001244100    0.0005443600    0.0002954200
   0.0000336700   -0.0000009800   -0.0000007400
   0.0000133000    0.0000237200    0.0000090400
   0.0000079200    0.0000014000    0.0000025700
   0.0000186800   -0.0000178400   -0.0000185600
  -0.0152791800   -0.0005472700   -0.0006052200
   0.0000119400   -0.0000492800    0.0001844300
  -0.0000091300    0.0000303700   -0.0001918700
   0.0025277300   -0.0001670600   -0.0002488300
  -0.0000457500    0.0001538400    0.0000106700
  -0.0000456200   -0.0001875900   -0.0000326000
   0.0000946000    0.0002074500    0.0000446100
   0.0000670800   -0.0002256000   -0.0000461200
  -0.0000085100    0.0000008700    0.0000001700
   0.0000623400   -0.0000755200    0.0000795300
  -0.0000121800    0.0000018600    0.0000006100
   0.0000444200    0.0000720400   -0.0000701000
  -0.0007220100   -0.0023817600    0.0000285900
  -0.0000318500   -0.0000144600   -0.0000061400
   0.0002192200   -0.0001216500   -0.0000125100
  -0.0000115600    0.0000112400   -0.0000013000
  -0.0000208800   -0.0000061000    0.0000216100
  -0.0000053600   -0.0000067500   -0.0000032400
   0.0001414400   -0.0000875200   -0.0001144800
  -0.0000412500   -0.0000099100    0.0000104200
  -0.0012098000   -0.0035234000   -0.0006041500
   0.0009771000    0.0029921400   -0.0024855300
  -0.0001191800   -0.0000707000   -0.0000611300
  -0.0000010000   -0.0000144800   -0.0000058100
   0.0000014100   -0.0000027500    0.0000053700
  -0.0000077400   -0.0000146700   -0.0000091500
   0.0000003000    0.0000119900   -0.0000070400
   0.0012459300    0.0001091400   -0.0005817300
  -0.0000019800    0.0000177000    0.0000082200
  -0.0001657500   -0.0000675800   -0.0000841200
  -0.0054836700   -0.0005163600    0.0007554200
  -0.0000369500   -0.0000037800    0.0000029000
  -0.0070808200    0.0003693200   -0.0008809700
   0.0000206100   -0.0000198100    0.0000101300
  -0.0000334300   -0.0000201600   -0.0000025300
  -0.0000359000    0.0000166600    0.0000037400
  -0.0000290300    0.0000212200   -0.0000040800
  -0.0000317900   -0.0000160300    0.0000047500
  -0.0000219800    0.0000194500    0.0000010700
  -0.0012812700    0.0008130600    0.0015847500
   0.0000034900    0.0000011000    0.0000007700
  -0.0014161100   -0.0011197900   -0.0019578500
  -0.0000452900    0.0000053900    0.0000350300
   0.0000012300   -0.0000245600   -0.0000036100
  -0.0000036300    0.0000209500   -0.0000011200
  -0.0000055600   -0.0000153200    0.0000138300
  -0.0000070600    0.0000271600   -0.0000167700
   0.0000018100    0.0000203600    0.0000201800
  -0.0013317000    0.0029061500   -0.0001532400
   0.0001663700    0.0001185800   -0.0000077600
  -0.0000271700    0.0000151800    0.0000064800
  -0.0000199700    0.0000079800   -0.0000207200
  -0.0000090300   -0.0000029600   -0.0000012100
  -0.0000061900    0.0000061000    0.0000043100
  -0.0011882200    0.0033800900    0.0008024000
  -0.0000381800    0.0000122000   -0.0000079100
   0.0001650000    0.0001160500    0.0000944900
   0.0007033700   -0.0023671200    0.0020372700
  -0.0000057200    0.0000134200    0.0000038300
  -0.0001013000    0.0000551900    0.0000265000
  -0.0000024300    0.0000179300   -0.0000001600
   0.0000029100   -0.0000006700   -0.0000012700
   0.0000000200   -0.0000194300    0.0000030400
  -0.0001614100    0.0000442700    0.0000730900
  -0.0000003500   -0.0000207200   -0.0000102700
   0.0013766400    0.0000195100    0.0007146500
   0.1129829200   -0.0029701200    0.0046993900
   0.0000085800    0.0000118400    0.0000163400
   0.0000100500    0.0000113300   -0.0000804200
  -0.0000109900    0.0000223100   -0.0000434200
  -0.0000043400    0.0000196500    0.0000169200
  -0.0000067300    0.0000001000    0.0000011400
  -0.0000115400    0.0000173500   -0.0000039100
  -0.0000068100   -0.0000001300   -0.0000006400
  -0.0000042800    0.0000196700   -0.0000090900

100  
 -0.0000023916641656  -0.0000013803328390   0.0099999996187312
  -0.0270369900   -0.0156042300    0.0416182300
   0.0000446200    0.0000740800    0.0000329900
   0.0001891300    0.0000029000    0.0008626800
   0.0000231500    0.0001107600   -0.0000167800
   0.0000864800    0.0000015900    0.0000329800
  -0.0000330300   -0.0000190500    0.0000104200
   0.0001074900   -0.0000353700   -0.0000167700
  -0.0000108900   -0.0000062900   -0.0000006400
   0.0000971100    0.0001623100    0.0008626800
   0.0000565900   -0.0005466400    0.0019738800
  -0.0000562300   -0.0000324600    0.0001185500
   0.0000363600   -0.0000072100    0.0000858400
   0.0000103000    0.0000059500    0.0000214200
  -0.0000040700    0.0000095400    0.0000162100
   0.0000119500    0.0000350700    0.0000858400
  -0.0004450100    0.0003224800    0.0019738800
   0.0000062100   -0.0000083000    0.0000162200
   0.0006450600    0.0003722900    0.0022526200
   0.0307181900   -0.0179045800    0.0426338400
  -0.0000177200    0.0000128600    0.0008968700
  -0.0000425400    0.0000689900   -0.0000036600
  -0.0000866800    0.0000194000    0.0000155500
  -0.0000871300    0.0000771400   -0.0000332700
   0.0000219200   -0.0000141500    0.0000091100
   0.0000476100    0.0001246000    0.0008764400
   0.0000135200   -0.0000040400   -0.0000070400
  -0.0001093200    0.0000184800   -0.0000514700
   0.0001317100   -0.0000210700    0.0008764600
   0.0000022600   -0.0000217800    0.0008968700
  -0.0000012900    0.0000260500    0.0000091000
  -0.0000265500   -0.0000847600    0.0000155600
   0.0000032700    0.0000137100   -0.0000070700
   0.0000384400   -0.0000713400   -0.0000036500
  -0.0001356800    0.0355550700    0.0426338100
   0.0000232200   -0.0001140200   -0.0000332500
  -0.0000386700   -0.0001039000   -0.0000514600
  -0.0002331000   -0.0001345100    0.0176406700
   0.0000252600   -0.0000149500   -0.0000000700
  -0.0000390200   -0.0000136800    0.0000057400
   0.0000034700    0.0000207700    0.0000217000
  -0.0000003200    0.0000293500   -0.0000000700
   0.0000018900    0.0000010900   -0.0000077300
   0.0000197300   -0.0000073900    0.0000217100
  -0.0000004100   -0.0000002400   -0.0000014900
  -0.0000313600   -0.0000269200    0.0000057600
   0.0006649400    0.0009037900   -0.0035064900
   0.0000033900   -0.0000204400   -0.0000372900
   0.0001027100   -0.0000711500    0.0000430300
  -0.0000023200    0.0000061500   -0.0000321600
  -0.0000227600    0.0000148400    0.0000037900
   0.0000136300    0.0000123300   -0.0000312100
  -0.0000141800    0.0000040200    0.0000086300
  -0.0000057800   -0.0000013100   -0.0000235600
  -0.0007135200   -0.0011130400   -0.0030945400
  -0.0002885300   -0.0017925900    0.0004173000
  -0.0001521900   -0.0000878400   -0.0003322200
   0.0000074000   -0.0000197200    0.0000058100
   0.0000067700    0.0000039100    0.0000063100
  -0.0000054500   -0.0000063800    0.0000117100
  -0.0000133800    0.0000162700    0.0000058000
  -0.0016965000    0.0006469500    0.0004172800
  -0.0000082600   -0.0000015300    0.0000117000
  -0.0000069800   -0.0000040200   -0.0002176100
   0.0011152100    0.0001235900   -0.0035065000
   0.0000014600   -0.0000271400    0.0000037900
  -0.0013206900   -0.0000610100   -0.0030945200
  -0.0000036100   -0.0000142800    0.0000086300
  -0.0000160100    0.0000131600   -0.0000372900
   0.0000175000    0.0000056300   -0.0000312200
   0.0000041700   -0.0000050900   -0.0000321700
  -0.0000040300   -0.0000043500   -0.0000235600
  -0.0000102300    0.0001245500    0.0000430300
  -0.0012207500    0.0008468800    0.0002682000
   0.0000007100   -0.0000121300    0.0000064700
   0.0014715500    0.0011530500    0.0006178500
  -0.0000181000   -0.0000509600   -0.0002212500
  -0.0000229700    0.0000013000   -0.0000008100
   0.0000253700    0.0000067100    0.0000066200
  -0.0000018300    0.0000066700    0.0000097600
   0.0000024300    0.0000022700    0.0000152900
  -0.0000486300    0.0001074400   -0.0003486100
  -0.0007303000    0.0010233900   -0.0031407100
  -0.0000594000   -0.0000342700    0.0000436600
   0.0000083800   -0.0000127900   -0.0000299800
   0.0000207600    0.0000119900    0.0000045300
  -0.0000020800    0.0000030500   -0.0000222600
  -0.0000068800    0.0000136400   -0.0000299600
   0.0005207700   -0.0011443100   -0.0031407300
   0.0000016000   -0.0000033300   -0.0000222500
   0.0000080300    0.0000046400   -0.0000049100
   0.0001225700   -0.0014806900    0.0002682000
  -0.0000103600   -0.0000205400   -0.0000008200
   0.0000687000   -0.0000958500   -0.0003486100
   0.0000048600   -0.0000049200    0.0000097600
  -0.0000101500    0.0000066700    0.0000064600
   0.0000185000    0.0000186000    0.0000066100
  -0.0000531800    0.0000098300   -0.0002212500
   0.0000031800    0.0000009700    0.0000152800
   0.0017345800    0.0006973300    0.0006178500
  -0.0035049100   -0.0020227900   -0.1355795000
   0.0000756400   -0.0000346700   -0.0003449000
  -0.0000169600   -0.0000103400   -0.0003445200
   0.0000052600    0.0000451800   -0.0003507400
   0.0000078500    0.0000828300   -0.0003448700
   0.0000008400    0.0000004700    0.0000098200
   0.0000417500   -0.0000180300   -0.0003507300
  -0.0000011300   -0.0000006600    0.0000099000
  -0.0000174100   -0.0000095200   -0.0003444900

100  
  0.0000023916641656   0.0000013803328390  -0.0099999996187312
   0.0279179100    0.0161126300   -0.0422636600
  -0.0000469500   -0.0000748300   -0.0000358600
  -0.0002394900   -0.0000010200   -0.0008691400
  -0.0000254400   -0.0001136200    0.0000158700
  -0.0000882500   -0.0000032100   -0.0000358700
   0.0000338600    0.0000195700   -0.0000110000
  -0.0001110700    0.0000348300    0.0000158500
   0.0000106000    0.0000061300    0.0000003900
  -0.0001207700   -0.0002069000   -0.0008691400
  -0.0000532300    0.0005084400   -0.0019771000
   0.0000564800    0.0000326000   -0.0001219900
  -0.0000369200    0.0000070200   -0.0000889900
  -0.0000105900   -0.0000061500   -0.0000225000
   0.0000043200   -0.0000099000   -0.0000172500
  -0.0000123900   -0.0000355500   -0.0000890200
   0.0004136300   -0.0003004100   -0.0019771000
  -0.0000064400    0.0000086500   -0.0000172700
  -0.0006077900   -0.0003507600   -0.0022546600
  -0.0317470800    0.0184858400   -0.0433372600
   0.0000605300   -0.0000102900   -0.0009004100
   0.0000448800   -0.0000694900    0.0000011600
   0.0000884500   -0.0000216100   -0.0000179900
   0.0000899800   -0.0000790800    0.0000334500
  -0.0000225200    0.0000144500   -0.0000097600
  -0.0000268300   -0.0001700700   -0.0008778000
  -0.0000133000    0.0000037700    0.0000067600
   0.0001129300   -0.0000202400    0.0000516800
  -0.0001606500    0.0000618500   -0.0008777500
   0.0000213800    0.0000575600   -0.0009004400
   0.0000012000   -0.0000266900   -0.0000097700
   0.0000255200    0.0000873700   -0.0000179900
  -0.0000034200   -0.0000134100    0.0000067600
  -0.0000377700    0.0000736400    0.0000011700
   0.0001242600   -0.0367366900   -0.0433372500
  -0.0000234500    0.0001175100    0.0000334600
   0.0000390200    0.0001078600    0.0000516800
   0.0002385300    0.0001377100   -0.0180274100
  -0.0000264700    0.0000139600   -0.0000027900
   0.0000400400    0.0000128400   -0.0000091200
  -0.0000022000   -0.0000210600   -0.0000252100
  -0.0000011400   -0.0000299100   -0.0000027800
  -0.0000018400   -0.0000010500    0.0000077300
  -0.0000193400    0.0000086200   -0.0000252200
   0.0000004500    0.0000002600    0.0000013200
   0.0000311400    0.0000282200   -0.0000091100
  -0.0006621200   -0.0009097500    0.0035386700
  -0.0000036700    0.0000207500    0.0000381600
  -0.0000968900    0.0000694700   -0.0000443700
   0.0000026400   -0.0000066400    0.0000321300
   0.0000230200   -0.0000148700   -0.0000031900
  -0.0000140100   -0.0000121800    0.0000319600
   0.0000124700   -0.0000028900   -0.0000038900
   0.0000064200    0.0000011800    0.0000233600
   0.0007313000    0.0011197700    0.0031182100
   0.0002843500    0.0017697200   -0.0004252200
   0.0001534500    0.0000885700    0.0003341500
  -0.0000077300    0.0000201100   -0.0000059100
  -0.0000066600   -0.0000038400   -0.0000065300
   0.0000053600    0.0000065500   -0.0000121100
   0.0000135300   -0.0000167700   -0.0000059000
   0.0016746000   -0.0006391300   -0.0004252300
   0.0000083600    0.0000013600   -0.0000121100
   0.0000011000    0.0000006600    0.0002147500
  -0.0011189500   -0.0001181900    0.0035386500
  -0.0000013700    0.0000273700   -0.0000031800
   0.0013354300    0.0000730600    0.0031181800
   0.0000037100    0.0000122500   -0.0000038700
   0.0000161400   -0.0000135500    0.0000381500
  -0.0000175400   -0.0000060400    0.0000319600
  -0.0000044200    0.0000056100    0.0000321300
   0.0000042500    0.0000049700    0.0000233700
   0.0000116700   -0.0001186600   -0.0000443600
   0.0012046100   -0.0008321200   -0.0002753700
  -0.0000006400    0.0000121500   -0.0000066500
  -0.0014542600   -0.0011334800   -0.0006249300
   0.0000181600    0.0000576800    0.0002181700
   0.0000236400   -0.0000011200    0.0000006800
  -0.0000259400   -0.0000066300   -0.0000068200
   0.0000019800   -0.0000066700   -0.0000101200
  -0.0000026000   -0.0000022200   -0.0000157400
   0.0000491100   -0.0001066800    0.0003506600
   0.0007276500   -0.0010388800    0.0031639800
   0.0000547900    0.0000316400   -0.0000449600
  -0.0000080800    0.0000129300    0.0000306800
  -0.0000208900   -0.0000120700   -0.0000040300
   0.0000018200   -0.0000035500    0.0000220500
   0.0000071400   -0.0000134900    0.0000306600
  -0.0005354900    0.0011497800    0.0031640300
  -0.0000021500    0.0000033400    0.0000220400
  -0.0000068200   -0.0000039200    0.0000091800
  -0.0001178700    0.0014593300   -0.0002753900
   0.0000108500    0.0000210300    0.0000006700
  -0.0000677900    0.0000958800    0.0003506700
  -0.0000047800    0.0000050500   -0.0000101200
   0.0000102200   -0.0000066200   -0.0000066300
  -0.0000187300   -0.0000191500   -0.0000068200
   0.0000590200   -0.0000131200    0.0002181800
  -0.0000032200   -0.0000011600   -0.0000157300
  -0.0017089800   -0.0006921500   -0.0006249300
   0.0036412600    0.0021014500    0.1379472100
  -0.0000797200    0.0000339500    0.0003499300
   0.0000209000    0.0000091900    0.0003503800
  -0.0000026500   -0.0000481200    0.0003559000
  -0.0000105000   -0.0000860000    0.0003499100
  -0.0000008200   -0.0000004700   -0.0000098100
  -0.0000430000    0.0000217600    0.0003559200
   0.0000011600    0.0000006800   -0.0000097400
   0.0000183700    0.0000135000    0.0003503400
