108  
42   

1    
  0.0100000000000000   0.0000000000000000   0.0000000000000000
  -0.2216592800    0.0013752600   -0.0017544400
   0.0014119200    0.0003896100    0.0000592000
   0.0013696600   -0.0002438900   -0.0000541200
  -0.0000446300   -0.0003416100   -0.0000972800
   0.0000795400    0.0005185700    0.0001299500
   0.0000529500    0.0000008200    0.0000044000
  -0.0000380200   -0.0010711800   -0.0000044500
   0.0000528900    0.0000006800   -0.0000077800
   0.0000718100    0.0011367900    0.0000112000
   0.0038059700   -0.0093201200   -0.0010239300
   0.0006093000   -0.0005859700    0.0000041800
  -0.0000281800    0.0000040100    0.0000097500
   0.0000540500   -0.0000805800   -0.0000147000
  -0.0000186600    0.0000736200    0.0000154400
  -0.0000312800   -0.0000668800   -0.0000045400
   0.0038216500    0.0085618100   -0.0016692500
   0.0000068500   -0.0000509800    0.0000360200
   0.0006416300   -0.0006184900    0.0002048600
   0.0072094300   -0.0095516300    0.0000523500
   0.0001793500   -0.0000133900    0.0000066200
   0.0024668800    0.0091136800    0.0003452700
   0.0017862300   -0.0000403300    0.0000498100
   0.0000157100    0.0000463500    0.0000035000
   0.0000071300   -0.0000659700   -0.0000031900
   0.0000196500    0.0000507900   -0.0000118500
  -0.0000001400   -0.0000355900    0.0000034100
   0.0017484600   -0.0000695000    0.0000128700
   0.0042873000    0.0109361900    0.0007909400
  -0.0000439200   -0.0000186300    0.0000238600
   0.0006328300    0.0006652800   -0.0001216700
  -0.0000331500   -0.0000243500   -0.0000569600
   0.0000716400    0.0000767800   -0.0000030600
  -0.0000294800    0.0000514600   -0.0000034300
   0.0007164200    0.0006986700   -0.0000924800
  -0.0000054900    0.0000740000   -0.0000111500
   0.0036588800   -0.0098833100    0.0007584100
   0.0382492800   -0.0162209200   -0.0314023700
   0.0000697300   -0.0000093600    0.0000166000
   0.0005624100   -0.0010109100   -0.0006301400
   0.0007031800    0.0003899400   -0.0000706800
  -0.0001028300   -0.0000074800    0.0000435800
  -0.0000249000    0.0000118000   -0.0000142600
   0.0000612900   -0.0000521700    0.0000436700
   0.0000002700   -0.0000231100   -0.0000056000
   0.0000218400   -0.0000081600    0.0000030900
   0.0009610400    0.0025321000    0.0013518800
  -0.0000223500    0.0000080700    0.0000017700
   0.0011322100   -0.0026220800   -0.0011171100
  -0.0000479700   -0.0000105600   -0.0000167900
  -0.0000145600   -0.0000067000    0.0000045300
  -0.0000206500    0.0000050600    0.0000097500
  -0.0000685800    0.0000057400    0.0000225600
  -0.0000725000   -0.0000159000   -0.0000481400
  -0.0033015900   -0.0000349000   -0.0001501800
   0.0109786200    0.0004765100   -0.0005737400
  -0.0000564200   -0.0001587600    0.0000190900
  -0.0000308000    0.0001361900   -0.0000251800
   0.0000117700    0.0000175100    0.0000238000
  -0.0000018500   -0.0000178700   -0.0000327400
  -0.0000122300   -0.0000073200   -0.0000040300
   0.0001705100   -0.0006177100    0.0005783100
  -0.0000379200   -0.0000002600    0.0000003200
   0.0001406000    0.0005971300   -0.0004578900
   0.0003993400    0.0009711200   -0.0001813400
   0.0000490100    0.0000250100    0.0000418500
   0.0375521600    0.0151241200   -0.0299346700
   0.0006023200   -0.0004258900   -0.0000869900
  -0.0000259600   -0.0000012500   -0.0000157300
  -0.0000696900    0.0000147800    0.0000913300
  -0.0000030400    0.0000175600   -0.0000046000
   0.0000213200    0.0000314900    0.0000623100
   0.0000544000    0.0000547300    0.0000313600
   0.0006193500    0.0009875500    0.0004433900
   0.0000570300    0.0000125500   -0.0000282400
   0.0394173900    0.0164457800    0.0314979700
   0.0006541200   -0.0004548600    0.0001079100
  -0.0000383200   -0.0000118700    0.0000101900
  -0.0001007800    0.0000099000   -0.0000422100
   0.0000009300    0.0000201400    0.0000141700
   0.0000534300    0.0000496500   -0.0000524400
   0.0000824800    0.0000179600   -0.0000035300
   0.0150673700   -0.0000015800    0.0005412800
   0.0000010700   -0.0001789800   -0.0000291700
  -0.0000461500    0.0001473300    0.0000347300
  -0.0000124400   -0.0000485200    0.0000009200
  -0.0000267400    0.0000281400    0.0000171400
  -0.0000122600   -0.0000014100   -0.0000024600
  -0.0000661800   -0.0005257000    0.0001908200
  -0.0000336500    0.0000008600    0.0000015200
  -0.0000411900    0.0008405000    0.0000476300
   0.0007280200    0.0031798800   -0.0012594100
  -0.0000263300   -0.0000025900   -0.0000067500
   0.0008928100   -0.0030139600    0.0012934000
  -0.0000689600    0.0000151000   -0.0000029400
  -0.0000251600   -0.0000024100    0.0000037900
  -0.0000106900    0.0000021800   -0.0000121900
  -0.0000991400    0.0000118100   -0.0000288500
  -0.0001081900   -0.0000214000    0.0000121800
  -0.0044599700    0.0000300900    0.0000503300
   0.0454801800   -0.0173238600    0.0325061400
   0.0000792500   -0.0000498800   -0.0000585400
   0.0008106200   -0.0011202200   -0.0000024400
   0.0005846600    0.0001918300   -0.0001568100
  -0.0001077700   -0.0000181700   -0.0001186300
  -0.0000270900    0.0000043800    0.0000135100
   0.0000112400   -0.0000304900   -0.0000956300
  -0.0000033600   -0.0000172400    0.0000211600
   0.0001010500   -0.0000320600   -0.0000692400

1    
 -0.0100000000000000   0.0000000000000000   0.0000000000000000
   0.2214098600    0.0004674000    0.0017082900
  -0.0013668500   -0.0003822700   -0.0000566100
  -0.0014090400    0.0002500400    0.0000580700
   0.0000431800    0.0003552500    0.0000994900
  -0.0000750800   -0.0005020300   -0.0001280900
  -0.0000529600   -0.0000010400   -0.0000040500
   0.0000498500    0.0010591200    0.0000085000
  -0.0000529900   -0.0000012000    0.0000077600
  -0.0000827800   -0.0011495200   -0.0000083700
  -0.0037933900    0.0093966900    0.0010212500
  -0.0006224000    0.0005695700   -0.0000059400
   0.0000300700   -0.0000015600   -0.0000095800
  -0.0000553900    0.0000818300    0.0000155100
   0.0000178900   -0.0000724300   -0.0000157200
   0.0000325400    0.0000660900    0.0000048000
  -0.0036685500   -0.0086487900    0.0016737900
  -0.0000065000    0.0000512500   -0.0000355100
  -0.0006404300    0.0006324300   -0.0002024400
  -0.0066475700    0.0093329200   -0.0000346600
  -0.0001798200    0.0000122300   -0.0000066300
  -0.0029473800   -0.0093201500   -0.0003572100
  -0.0017884900    0.0000390100   -0.0000454500
  -0.0000136300   -0.0000438900   -0.0000032700
  -0.0000090100    0.0000682700    0.0000035400
  -0.0000197500   -0.0000518500    0.0000117300
  -0.0000001300    0.0000341400   -0.0000035600
  -0.0017494300    0.0001050200   -0.0000128400
  -0.0043037200   -0.0108845000   -0.0007925700
   0.0000416100    0.0000209800   -0.0000234900
  -0.0006209800   -0.0006861800    0.0001190900
   0.0000334300    0.0000260600    0.0000570900
  -0.0000702500   -0.0000754600    0.0000034100
   0.0000281500   -0.0000518500    0.0000036800
  -0.0007155300   -0.0006843500    0.0000953900
   0.0000046400   -0.0000738500    0.0000116500
  -0.0038055000    0.0098116900   -0.0007664000
  -0.0375120600    0.0157392700    0.0303901600
  -0.0000684100    0.0000081100   -0.0000171200
  -0.0005694000    0.0010151200    0.0006190200
  -0.0006970000   -0.0003931200    0.0000857400
   0.0001022500    0.0000098400   -0.0000425300
   0.0000251600   -0.0000118400    0.0000143600
  -0.0000607000    0.0000523600   -0.0000441400
  -0.0000003400    0.0000233500    0.0000056300
  -0.0000227500    0.0000066300   -0.0000032100
  -0.0009661500   -0.0025103000   -0.0013276100
   0.0000225100   -0.0000084400   -0.0000022000
  -0.0011200800    0.0026368500    0.0011359800
   0.0000477100    0.0000141600    0.0000202200
   0.0000143900    0.0000070800   -0.0000048400
   0.0000207600   -0.0000048700   -0.0000099500
   0.0000695100   -0.0000067000   -0.0000208200
   0.0000718400    0.0000151200    0.0000497900
   0.0033041500    0.0000609100    0.0001585700
  -0.0109847200   -0.0002175100    0.0003640800
   0.0000590000    0.0001555000   -0.0000200700
   0.0000277000   -0.0001395200    0.0000244600
  -0.0000117100   -0.0000174800   -0.0000240100
   0.0000016800    0.0000184400    0.0000321800
   0.0000121300    0.0000078600    0.0000041600
  -0.0001739600    0.0006246700   -0.0005754400
   0.0000378400    0.0000002300   -0.0000005200
  -0.0001395400   -0.0005895500    0.0004581500
  -0.0003839000   -0.0009727600    0.0001948300
  -0.0000498400   -0.0000260400   -0.0000427900
  -0.0383123900   -0.0156055100    0.0309340100
  -0.0006050800    0.0004281400    0.0000640500
   0.0000258200    0.0000014600    0.0000155000
   0.0000697300   -0.0000116700   -0.0000913200
   0.0000029100   -0.0000173500    0.0000043800
  -0.0000216800   -0.0000313000   -0.0000627200
  -0.0000525700   -0.0000563200   -0.0000314400
  -0.0006103900   -0.0009847600   -0.0004570700
  -0.0000582900   -0.0000137800    0.0000277200
  -0.0402201500   -0.0169445500   -0.0325316100
  -0.0006608600    0.0004505600   -0.0000885400
   0.0000381100    0.0000121600   -0.0000101100
   0.0001015000   -0.0000076200    0.0000430100
  -0.0000008600   -0.0000198600   -0.0000140000
  -0.0000542100   -0.0000493400    0.0000521400
  -0.0000817500   -0.0000190000    0.0000033000
  -0.0150937700    0.0002411700   -0.0003810800
   0.0000027000    0.0001750800    0.0000294300
   0.0000423300   -0.0001504400   -0.0000338300
   0.0000119400    0.0000490800   -0.0000018400
   0.0000270500   -0.0000280500   -0.0000179500
   0.0000121900    0.0000014500    0.0000023200
   0.0000674900    0.0005232300   -0.0001964500
   0.0000336000   -0.0000008600   -0.0000015200
   0.0000409300   -0.0008405300   -0.0000513400
  -0.0007310500   -0.0031517700    0.0012369000
   0.0000263900    0.0000019400    0.0000074500
  -0.0008889700    0.0030421900   -0.0013122600
   0.0000691400   -0.0000111500   -0.0000007100
   0.0000249500    0.0000027900   -0.0000035200
   0.0000107600   -0.0000019400    0.0000124300
   0.0000995000   -0.0000125900    0.0000271500
   0.0001079300    0.0000204100   -0.0000135200
   0.0044565100    0.0000037500   -0.0000541300
  -0.0444623700    0.0166835600   -0.0313678500
  -0.0000785100    0.0000486300    0.0000570400
  -0.0008281000    0.0011216700    0.0000170300
  -0.0005831500   -0.0001902100    0.0001309800
   0.0001070700    0.0000208500    0.0001176000
   0.0000266900   -0.0000039100   -0.0000134900
  -0.0000110300    0.0000305700    0.0000946800
   0.0000032400    0.0000175500   -0.0000213200
  -0.0001030500    0.0000298600    0.0000678400

1    
  0.0000000000000000   0.0000000000000000   0.0100000000000000
  -0.0017214300   -0.0009939100   -0.2591751000
  -0.0000593800    0.0000409400    0.0006126600
   0.0000628100    0.0001124700    0.0006136500
  -0.0000010900   -0.0001113400    0.0005888900
   0.0000057200   -0.0000718900    0.0006126500
  -0.0000077600   -0.0000044300   -0.0000688500
  -0.0000969600    0.0000547000    0.0005888900
   0.0000043200    0.0000025000   -0.0000688800
   0.0001287700   -0.0000018400    0.0006136300
  -0.0020423000    0.0002575200   -0.0058002400
   0.0001723900    0.0000995400    0.0001169300
   0.0000137000   -0.0000220300   -0.0000066100
  -0.0000381800   -0.0000220500   -0.0000482900
  -0.0000103900    0.0000221500    0.0000242400
  -0.0000122700    0.0000228300   -0.0000066100
  -0.0007981600   -0.0018974400   -0.0058002400
   0.0000140200   -0.0000200800    0.0000242200
  -0.0001117000   -0.0000645100    0.0001649200
   0.0006406400    0.0009802200   -0.0049572600
  -0.0000070700    0.0000384600   -0.0000120700
  -0.0010072700    0.0007400700   -0.0060214500
  -0.0000242500    0.0001798700   -0.0000088800
  -0.0000074000   -0.0000082800   -0.0000044700
   0.0000198200    0.0000373900    0.0000131100
   0.0000180900    0.0000211500    0.0000023400
  -0.0000151200   -0.0000115700    0.0000143600
  -0.0000397800   -0.0001196200   -0.0000223500
   0.0011692400    0.0000647100   -0.0049574400
  -0.0000108800   -0.0000022800   -0.0000044600
  -0.0001234700    0.0000253600   -0.0000223400
   0.0000273700    0.0000050800    0.0000023400
   0.0000298400   -0.0000253600   -0.0000120600
   0.0000422800   -0.0000015300    0.0000131200
   0.0001436700   -0.0001109200   -0.0000088800
  -0.0000176000   -0.0000073000    0.0000143400
   0.0001372700   -0.0012423200   -0.0060213100
  -0.0292715800    0.0169888700    0.0430734300
  -0.0000368500   -0.0000109300   -0.0000297900
   0.0006077800   -0.0002549200    0.0004518300
   0.0005965100   -0.0005159600    0.0005163500
  -0.0000753700   -0.0001514600   -0.0000285700
  -0.0000268200    0.0000125800   -0.0000038600
   0.0000044300    0.0000299100   -0.0000279700
  -0.0000272500    0.0000116600   -0.0000016500
   0.0001000800    0.0001157000   -0.0000145100
   0.0014764300    0.0008524100    0.0023398800
   0.0000006900   -0.0000362000    0.0000018400
  -0.0013603200    0.0009551000    0.0025613500
   0.0000053700   -0.0000326400    0.0000527400
  -0.0000310000    0.0000186900    0.0000018000
   0.0000206400    0.0000119300    0.0000013300
  -0.0000255700    0.0000209800    0.0000527500
   0.0000219300    0.0000126800    0.0000531100
   0.0001469900   -0.0016556100    0.0025613500
   0.0000770100   -0.0338443600    0.0430734300
  -0.0001688800    0.0000104500   -0.0000285800
   0.0001502400    0.0000288100   -0.0000145100
   0.0000281300   -0.0000111100   -0.0000279700
  -0.0000278800   -0.0000264500   -0.0000297900
  -0.0000025300   -0.0000295200   -0.0000038500
  -0.0001485700    0.0007745800    0.0005163300
  -0.0000035100   -0.0000294200   -0.0000016300
   0.0000831200    0.0006538000    0.0004518400
   0.0002689000    0.0002185400    0.0006377700
   0.0000056900    0.0000010700   -0.0000040300
  -0.0289185300   -0.0166961100    0.0454114600
   0.0003237000    0.0001236100    0.0006377900
  -0.0000213700   -0.0000123200   -0.0000023900
  -0.0000670200    0.0001286900   -0.0000422000
  -0.0000142800   -0.0000082400    0.0000026900
   0.0000038000    0.0000043700   -0.0000040300
   0.0000779400   -0.0001224100   -0.0000422000
  -0.0006792300   -0.0003006000    0.0004341700
   0.0000267200   -0.0000178700   -0.0000261700
   0.0305951000    0.0176640800    0.0443103800
  -0.0005999700   -0.0004379400    0.0004341700
   0.0000267600    0.0000154800   -0.0000044900
   0.0000477900   -0.0001284500   -0.0000106600
   0.0000208300    0.0000120400    0.0000074200
  -0.0000020900    0.0000320700   -0.0000261700
  -0.0000873600    0.0001056000   -0.0000106700
  -0.0002036200    0.0359240600    0.0456233600
   0.0001384400   -0.0000501200   -0.0000104800
  -0.0001717500   -0.0000700100   -0.0000106700
  -0.0000032400   -0.0000225000    0.0000034500
   0.0000041900    0.0000001600    0.0000051000
   0.0000013300    0.0000223400   -0.0000007200
   0.0000391600   -0.0002082400    0.0008657100
  -0.0000052400    0.0000194300    0.0000075000
  -0.0000499200   -0.0001867800    0.0007637600
  -0.0017319800   -0.0009999700    0.0021857900
   0.0000006600    0.0000294900    0.0000030100
   0.0017361100   -0.0008895000    0.0024380900
  -0.0000081000    0.0000244600    0.0000869800
   0.0000258600   -0.0000141800    0.0000030200
  -0.0000176400   -0.0000101800    0.0000023600
   0.0000171300   -0.0000192400    0.0000869800
  -0.0000237300   -0.0000136900    0.0000696800
   0.0000977200    0.0019482800    0.0024381100
   0.0310093300   -0.0181383500    0.0456233600
   0.0000022200    0.0000035400    0.0000051000
  -0.0001866900    0.0000501500    0.0007637500
  -0.0001607600    0.0001380300    0.0008656900
   0.0000258400    0.0001449700   -0.0000105000
   0.0000200200   -0.0000100200   -0.0000007100
  -0.0000211100    0.0000084400    0.0000034500
   0.0000141900   -0.0000142500    0.0000075000
  -0.0001465300   -0.0001137300   -0.0000106600

1    
  0.0000000000000000   0.0000000000000000  -0.0100000000000000
   0.0017367500    0.0010028300    0.2594920300
   0.0000525100   -0.0000464200   -0.0006115700
  -0.0000532800   -0.0001186500   -0.0006106100
   0.0000117000    0.0001083100   -0.0005857600
  -0.0000139000    0.0000686500   -0.0006115500
   0.0000076600    0.0000044300    0.0000685800
   0.0000996600   -0.0000440200   -0.0005857700
  -0.0000042600   -0.0000024400    0.0000685600
  -0.0001293600    0.0000131700   -0.0006105800
   0.0018846700   -0.0001400700    0.0058261700
  -0.0001667900   -0.0000962800   -0.0001167000
  -0.0000136600    0.0000232300    0.0000065300
   0.0000374500    0.0000216000    0.0000483300
   0.0000093900   -0.0000217800   -0.0000248500
   0.0000132500   -0.0000234600    0.0000065300
   0.0008210200    0.0017022000    0.0058262000
  -0.0000141500    0.0000190000   -0.0000248600
   0.0001157400    0.0000668200   -0.0001609400
  -0.0005165900   -0.0008957300    0.0049837500
   0.0000068600   -0.0000372800    0.0000119900
   0.0008532800   -0.0006605300    0.0060227300
   0.0000215900   -0.0001829200    0.0000093300
   0.0000083400    0.0000079100    0.0000042900
  -0.0000208800   -0.0000376600   -0.0000139300
  -0.0000175500   -0.0000202000   -0.0000029900
   0.0000142500    0.0000122900   -0.0000150100
   0.0000390300    0.0001174100    0.0000233700
  -0.0010339800    0.0000005300    0.0049839200
   0.0000110300    0.0000032500    0.0000042900
   0.0001212000   -0.0000249000    0.0000233900
  -0.0000262800   -0.0000051000   -0.0000029900
  -0.0000287800    0.0000245900    0.0000119800
  -0.0000430400    0.0000007300   -0.0000139100
  -0.0001476200    0.0001101700    0.0000093600
   0.0000177700    0.0000061900   -0.0000150200
  -0.0001453600    0.0010692600    0.0060225500
   0.0302673200   -0.0175736500   -0.0441013800
   0.0000353500    0.0000112000    0.0000291800
  -0.0005882600    0.0002531700   -0.0004659300
  -0.0005824900    0.0004993100   -0.0005313000
   0.0000771400    0.0001482500    0.0000267500
   0.0000270800   -0.0000126800    0.0000035900
  -0.0000056800   -0.0000285200    0.0000275100
   0.0000275000   -0.0000118500    0.0000015000
  -0.0000956300   -0.0001157200    0.0000126500
  -0.0014567200   -0.0008410300   -0.0023405600
  -0.0000006000    0.0000358300   -0.0000023200
   0.0013406500   -0.0009437700   -0.0025589200
  -0.0000051500    0.0000341800   -0.0000520300
   0.0000307400   -0.0000184500   -0.0000023300
  -0.0000202800   -0.0000117200   -0.0000017700
   0.0000270400   -0.0000215300   -0.0000520200
  -0.0000229400   -0.0000132400   -0.0000527000
  -0.0001470000    0.0016329300   -0.0025589300
  -0.0000855500    0.0349991300   -0.0441014000
   0.0001669600   -0.0000073200    0.0000267400
  -0.0001480200   -0.0000249700    0.0000126500
  -0.0000275300    0.0000093400    0.0000275100
   0.0000273900    0.0000250000    0.0000291800
   0.0000025600    0.0000297900    0.0000035900
   0.0001411900   -0.0007540900   -0.0005313100
   0.0000035000    0.0000297500    0.0000015100
  -0.0000748800   -0.0006360300   -0.0004659300
  -0.0002798800   -0.0002200200   -0.0006283300
  -0.0000042800   -0.0000001900    0.0000033400
   0.0279493600    0.0161365800   -0.0444481400
  -0.0003304800   -0.0001323700   -0.0006283300
   0.0000212600    0.0000122700    0.0000018200
   0.0000656700   -0.0001314100    0.0000416500
   0.0000140600    0.0000081100   -0.0000030600
  -0.0000022900   -0.0000036000    0.0000033400
  -0.0000809700    0.0001225700    0.0000416600
   0.0006615600    0.0002968500   -0.0004481400
  -0.0000252700    0.0000182100    0.0000258600
  -0.0315748000   -0.0182297200   -0.0452676100
   0.0005878400    0.0004245000   -0.0004481400
  -0.0000270100   -0.0000155800    0.0000040400
  -0.0000499200    0.0001251800    0.0000085400
  -0.0000212200   -0.0000122400   -0.0000076700
   0.0000031500   -0.0000309900    0.0000258500
   0.0000834500   -0.0001058300    0.0000085200
   0.0001741800   -0.0347608000   -0.0447832400
  -0.0001408400    0.0000524600    0.0000102400
   0.0001731700    0.0000722800    0.0000102200
   0.0000027800    0.0000205100   -0.0000040900
  -0.0000041300   -0.0000023200   -0.0000060200
  -0.0000013300   -0.0000221800    0.0000001700
  -0.0000427200    0.0002148600   -0.0008590900
   0.0000052600   -0.0000191900   -0.0000081200
   0.0000548200    0.0002014500   -0.0007514700
   0.0017392100    0.0010041300   -0.0021952500
  -0.0000007200   -0.0000298900   -0.0000035800
  -0.0017368200    0.0008919600   -0.0024396200
   0.0000081700   -0.0000227600   -0.0000884500
  -0.0000262400    0.0000143100   -0.0000035700
   0.0000178300    0.0000102800   -0.0000029200
  -0.0000156100    0.0000184600   -0.0000884600
   0.0000220600    0.0000127300   -0.0000712900
  -0.0000959400   -0.0019500900   -0.0024396300
  -0.0300166700    0.0175312400   -0.0447832400
  -0.0000040700   -0.0000024300   -0.0000060300
   0.0002018700   -0.0000532400   -0.0007514700
   0.0001647000   -0.0001444200   -0.0008590800
  -0.0000249900   -0.0001481800    0.0000102300
  -0.0000198600    0.0000099400    0.0000001600
   0.0000191500   -0.0000078600   -0.0000040800
  -0.0000140000    0.0000141500   -0.0000081200
   0.0001491700    0.0001138200    0.0000102300

10   
  0.0100000000000000   0.0000000000000000   0.0000000000000000
   0.0038841600    0.0085398200   -0.0019565700
  -0.0000288700   -0.0000681400    0.0000136800
   0.0006167900   -0.0005708000    0.0001699200
   0.0037504300   -0.0092905400   -0.0008032900
   0.0006343600   -0.0006350700   -0.0001127600
   0.0000076600    0.0000597500    0.0000140000
   0.0000544100   -0.0000806100   -0.0000373700
  -0.0000318600    0.0000051400   -0.0000128400
  -0.0000173100   -0.0000370000   -0.0000098300
  -0.2213453100    0.0011646700   -0.0037463300
   0.0011304000    0.0003540500    0.0000167000
   0.0010929400   -0.0003175500   -0.0000713100
  -0.0001019700   -0.0003881400   -0.0000746400
  -0.0001302000    0.0004029600    0.0001069400
   0.0000499300   -0.0000032700    0.0000061700
  -0.0000946000   -0.0010376100    0.0000088500
   0.0000499700   -0.0000036200   -0.0000109800
  -0.0001370600    0.0010602500   -0.0000698400
   0.0006336400    0.0005491200   -0.0000016600
  -0.0000279900    0.0000647800    0.0000244800
   0.0037217800   -0.0087301100    0.0000136800
   0.0036631300    0.0091679800    0.0004600000
   0.0000129800   -0.0000526600    0.0000591100
   0.0006294300    0.0005858200   -0.0000648800
  -0.0000255900   -0.0000104900   -0.0000734900
   0.0000545600    0.0000779500   -0.0000030100
  -0.0000121300    0.0000266000   -0.0000171300
   0.0043825500   -0.0091023500    0.0003885600
   0.0001881100    0.0000006000    0.0000181000
   0.0039447600    0.0088366700    0.0003768600
   0.0016339700    0.0000074900    0.0000547000
  -0.0000217900    0.0000674500    0.0000105300
  -0.0000195600   -0.0000645000   -0.0000070600
   0.0000301400    0.0000259000   -0.0000347900
   0.0000229800   -0.0000320700    0.0000110500
   0.0017017200    0.0000396400    0.0000313100
   0.0001389200   -0.0007252300    0.0006413000
  -0.0000380900    0.0000029100    0.0000031800
   0.0000261300    0.0003187700   -0.0002322800
   0.0108519700    0.0005038200    0.0001297200
  -0.0001295900   -0.0001125900    0.0000756100
  -0.0000682600    0.0001078000   -0.0000730200
   0.0000006800    0.0000207800    0.0000324400
   0.0000123000    0.0000081600   -0.0000282200
  -0.0000137300   -0.0000024000   -0.0000050700
   0.0002930400    0.0009818300   -0.0003593400
   0.0000589400    0.0000173000    0.0000315300
   0.0354331800    0.0139569800   -0.0285245600
   0.0006414500   -0.0004361000   -0.0001030500
  -0.0000165000   -0.0000021800   -0.0000096200
  -0.0000692000   -0.0000017100    0.0001002800
   0.0000013300    0.0000236000   -0.0000004000
   0.0000275200    0.0000346300    0.0000633100
   0.0000199500    0.0000788500    0.0000251600
   0.0373808400   -0.0160296100   -0.0302390300
   0.0000630300   -0.0000050900    0.0000334600
   0.0001512000   -0.0009772000   -0.0003036400
   0.0006891000    0.0005794300   -0.0000700300
  -0.0000467000   -0.0000372800    0.0000674200
  -0.0000231000    0.0000108900   -0.0000131700
   0.0000580300   -0.0000476500    0.0000504800
   0.0000012800   -0.0000228300   -0.0000038600
   0.0000032200   -0.0000230000   -0.0000002500
  -0.0000865600    0.0000174100    0.0000208400
  -0.0000902600   -0.0000152200   -0.0000493200
  -0.0036236700   -0.0000403100   -0.0000978700
   0.0011606500    0.0026641000    0.0014802700
  -0.0000271100    0.0000090200   -0.0000034900
   0.0012102300   -0.0028544400   -0.0011787000
  -0.0000598700   -0.0000226800   -0.0000104500
  -0.0000110300   -0.0000101200   -0.0000005100
  -0.0000279100    0.0000135900    0.0000105400
  -0.0000778700    0.0000009400   -0.0000314400
  -0.0000702200   -0.0000049800   -0.0000044300
  -0.0037480600    0.0000417600   -0.0000848300
   0.0013371900    0.0030423200   -0.0011203200
  -0.0000475900   -0.0000108900   -0.0000049000
   0.0012636800   -0.0027736500    0.0013995000
  -0.0000630400    0.0000278700   -0.0000188800
  -0.0000229200   -0.0000115100    0.0000069000
  -0.0000110800    0.0000119900    0.0000028800
   0.0448707700   -0.0166065000    0.0321478400
   0.0000798000   -0.0000437900   -0.0000556900
   0.0007719300   -0.0010538100   -0.0000222000
   0.0005626500    0.0002202900   -0.0001027000
  -0.0001287800    0.0000032000   -0.0001431300
  -0.0000249100    0.0000072500    0.0000049700
   0.0000099500   -0.0000344300   -0.0000997100
   0.0000005300   -0.0000171500    0.0000237700
   0.0001321300   -0.0000585100   -0.0000694300
   0.0006166000    0.0010428800   -0.0000932400
   0.0000786800    0.0000291400   -0.0000580200
   0.0454931700    0.0178926400    0.0319625000
   0.0005884400   -0.0003006400   -0.0001462700
  -0.0000338700   -0.0000156400    0.0000040200
  -0.0001101800    0.0000481600   -0.0001022500
  -0.0000035100    0.0000186500    0.0000298600
   0.0000506700    0.0000401900   -0.0000752400
   0.0001129300    0.0000065600   -0.0000352400
  -0.0000748900   -0.0004822800    0.0003093500
  -0.0000310900    0.0000000800    0.0000001400
  -0.0000535300    0.0008021600    0.0001154800
   0.0148277500   -0.0003689800    0.0001336600
   0.0000037900   -0.0001867000   -0.0000830100
  -0.0000624400    0.0001692700    0.0000652500
  -0.0000144900   -0.0000620600   -0.0000066700
  -0.0000051600    0.0000252400    0.0000191300
  -0.0000050000    0.0000046200   -0.0000040800

10   
 -0.0100000000000000   0.0000000000000000   0.0000000000000000
  -0.0037174000   -0.0086066600    0.0019702500
   0.0000292300    0.0000680800   -0.0000136900
  -0.0006150600    0.0005849100   -0.0001693300
  -0.0037379600    0.0093620600    0.0008157700
  -0.0006478900    0.0006157800    0.0001147100
  -0.0000057800   -0.0000575000   -0.0000141900
  -0.0000551700    0.0000818600    0.0000382400
   0.0000318700   -0.0000037600    0.0000126300
   0.0000190800    0.0000364400    0.0000099300
   0.2213873700    0.0007549200    0.0038773100
  -0.0010930100   -0.0003457800   -0.0000189300
  -0.0011304800    0.0003257000    0.0000735100
   0.0000978700    0.0004028400    0.0000761300
   0.0001329600   -0.0003889200   -0.0001064800
  -0.0000499400    0.0000031200   -0.0000060100
   0.0001052800    0.0010236400   -0.0000051000
  -0.0000499000    0.0000027300    0.0000110200
   0.0001261400   -0.0010747100    0.0000704000
  -0.0006351800   -0.0005349100    0.0000034600
   0.0000277200   -0.0000648700   -0.0000245200
  -0.0038912100    0.0086604100   -0.0000240400
  -0.0036788300   -0.0090993500   -0.0004496900
  -0.0000147700    0.0000547700   -0.0000588600
  -0.0006158900   -0.0006050400    0.0000637600
   0.0000256000    0.0000120100    0.0000738400
  -0.0000536100   -0.0000766500    0.0000028900
   0.0000104400   -0.0000270800    0.0000172000
  -0.0038795000    0.0088628000   -0.0003569100
  -0.0001880700   -0.0000016500   -0.0000180800
  -0.0044498900   -0.0090742000   -0.0004100300
  -0.0016331700   -0.0000154300   -0.0000549500
   0.0000236500   -0.0000656800   -0.0000106800
   0.0000177900    0.0000661200    0.0000071800
  -0.0000297800   -0.0000275500    0.0000346700
  -0.0000231800    0.0000303800   -0.0000114000
  -0.0017019500   -0.0000021700   -0.0000293200
  -0.0001406900    0.0007308100   -0.0006367500
   0.0000380700   -0.0000029700   -0.0000033900
  -0.0000275700   -0.0003159200    0.0002364300
  -0.0108339200   -0.0002525600   -0.0003315300
   0.0001322800    0.0001098000   -0.0000779500
   0.0000651800   -0.0001113500    0.0000719400
  -0.0000003400   -0.0000210700   -0.0000326200
  -0.0000122200   -0.0000073500    0.0000277900
   0.0000137400    0.0000026500    0.0000053400
  -0.0002813800   -0.0009787800    0.0003708300
  -0.0000599400   -0.0000182800   -0.0000322500
  -0.0361480700   -0.0144098900    0.0294867700
  -0.0006426500    0.0004377200    0.0000853100
   0.0000163800    0.0000020600    0.0000093100
   0.0000695600    0.0000040300   -0.0001003100
  -0.0000014400   -0.0000233200    0.0000002300
  -0.0000279700   -0.0000347500   -0.0000633400
  -0.0000181600   -0.0000802000   -0.0000252600
  -0.0366567900    0.0155630300    0.0292425500
  -0.0000615700    0.0000041600   -0.0000331500
  -0.0001613100    0.0009803800    0.0002926300
  -0.0006853200   -0.0005803800    0.0000866300
   0.0000466300    0.0000403300   -0.0000672500
   0.0000230500   -0.0000107500    0.0000134300
  -0.0000573500    0.0000478300   -0.0000509800
  -0.0000010500    0.0000230800    0.0000039700
  -0.0000047700    0.0000219800    0.0000001100
   0.0000871200   -0.0000184000   -0.0000193500
   0.0000900200    0.0000145000    0.0000511200
   0.0036291500    0.0000673700    0.0001063700
  -0.0011676100   -0.0026365700   -0.0014574800
   0.0000272200   -0.0000095800    0.0000029900
  -0.0011957500    0.0028749900    0.0011976400
   0.0000596100    0.0000263300    0.0000135000
   0.0000110500    0.0000103400    0.0000002300
   0.0000280600   -0.0000134500   -0.0000106700
   0.0000782800   -0.0000016100    0.0000296000
   0.0000697900    0.0000039300    0.0000030000
   0.0037416200   -0.0000135800    0.0000745200
  -0.0013486600   -0.0030237500    0.0010935400
   0.0000475200    0.0000100100    0.0000050500
  -0.0012600100    0.0027994700   -0.0014291200
   0.0000632400   -0.0000248500    0.0000156600
   0.0000226800    0.0000117600   -0.0000068100
   0.0000113200   -0.0000117300   -0.0000027000
  -0.0438484000    0.0159930900   -0.0310456800
  -0.0000786800    0.0000424900    0.0000547800
  -0.0007886500    0.0010582400    0.0000379800
  -0.0005618400   -0.0002205600    0.0000772700
   0.0001276500   -0.0000007700    0.0001420900
   0.0000251400   -0.0000072100   -0.0000050700
  -0.0000093700    0.0000343100    0.0000988800
  -0.0000005500    0.0000174800   -0.0000240000
  -0.0001337400    0.0000567900    0.0000683900
  -0.0006019400   -0.0010376700    0.0000771100
  -0.0000801500   -0.0000304600    0.0000585700
  -0.0465612400   -0.0185399500   -0.0331338500
  -0.0005891800    0.0002998800    0.0001710700
   0.0000342900    0.0000161200   -0.0000040700
   0.0001111000   -0.0000451500    0.0001031200
   0.0000036400   -0.0000182800   -0.0000297200
  -0.0000514200   -0.0000400900    0.0000755100
  -0.0001112200   -0.0000078300    0.0000355300
   0.0000760200    0.0004798400   -0.0003141800
   0.0000311600   -0.0000001100   -0.0000001400
   0.0000566200   -0.0008030300   -0.0001227500
  -0.0148474400    0.0006461000    0.0000338300
  -0.0000005400    0.0001834100    0.0000832700
   0.0000596200   -0.0001716600   -0.0000640400
   0.0000140800    0.0000628300    0.0000058600
   0.0000056100   -0.0000252900   -0.0000199300
   0.0000050600   -0.0000046800    0.0000039100

10   
  0.0000000000000000   0.0000000000000000   0.0100000000000000
  -0.0010139500   -0.0014250400   -0.0058015000
   0.0000096600   -0.0000116100   -0.0000067300
   0.0000061300    0.0000035100    0.0001192200
  -0.0017411200   -0.0001655500   -0.0058015200
   0.0002052100    0.0001184900    0.0001634900
   0.0000360600   -0.0000019000    0.0000247400
  -0.0000154900   -0.0000090100   -0.0000483200
  -0.0000052200    0.0000141700   -0.0000067200
   0.0000163300    0.0000321900    0.0000247500
  -0.0037957300   -0.0021917100   -0.2593115600
  -0.0000754100   -0.0000428200    0.0005393700
   0.0000210300    0.0001092100    0.0005406000
   0.0000112500   -0.0000922600    0.0005374900
  -0.0000748300   -0.0000438800    0.0005393500
  -0.0000110500   -0.0000063700   -0.0000658200
  -0.0000743200    0.0000559000    0.0005375100
   0.0000061100    0.0000035100   -0.0000658200
   0.0001050800   -0.0000364000    0.0005405400
   0.0000352900   -0.0000610100    0.0001054400
  -0.0000080100    0.0000037800   -0.0000074500
  -0.0005223000   -0.0005278600   -0.0059715500
   0.0003166000   -0.0001007000   -0.0058658800
  -0.0000238800    0.0000463000    0.0000175100
  -0.0000780200   -0.0000624500    0.0001360800
   0.0000453600   -0.0000214100   -0.0000073100
  -0.0000005800   -0.0000184200   -0.0000479200
   0.0000464800   -0.0000247500    0.0000235700
   0.0000711200    0.0003245500   -0.0058658400
  -0.0000162600    0.0000087200   -0.0000478700
  -0.0007183100   -0.0001883600   -0.0059715200
  -0.0000352300    0.0000610900    0.0001054400
   0.0000281600   -0.0000438300    0.0000175100
   0.0000018400    0.0000526400    0.0000235800
   0.0000041700    0.0000500000   -0.0000073000
  -0.0000007000   -0.0000088400   -0.0000074700
  -0.0000931400   -0.0000363000    0.0001360700
  -0.0000268700    0.0006833000    0.0004852500
  -0.0000091900   -0.0000209000   -0.0000006600
  -0.0000479600    0.0004453200    0.0006084700
   0.0000577300   -0.0324426200    0.0431986100
  -0.0001797800   -0.0000154300   -0.0000650600
   0.0001417700    0.0000068200   -0.0000627400
   0.0000108400   -0.0000046700   -0.0000106200
  -0.0000085200    0.0000010100   -0.0000177800
  -0.0000030100   -0.0000313800   -0.0000082000
   0.0002767600    0.0002117600    0.0007103200
   0.0000062500    0.0000079000   -0.0000088600
  -0.0276570700   -0.0159678400    0.0444395500
   0.0003217700    0.0001338000    0.0007103400
  -0.0000255100   -0.0000147200   -0.0000071200
  -0.0000950900    0.0001340400   -0.0000802800
  -0.0000189700   -0.0000109600   -0.0000074500
   0.0000099500    0.0000014600   -0.0000088700
   0.0000685200   -0.0001493500   -0.0000802400
  -0.0280672400    0.0162712900    0.0431986200
  -0.0000033800   -0.0000078900   -0.0000177800
   0.0003616800   -0.0002642000    0.0006084600
   0.0005783000   -0.0003649100    0.0004852700
  -0.0001032600   -0.0001479800   -0.0000650600
  -0.0000286500    0.0000130900   -0.0000081900
   0.0000014000    0.0000117200   -0.0000106500
  -0.0000226800    0.0000025100   -0.0000006600
   0.0000767900    0.0001193500   -0.0000627300
  -0.0000438600    0.0000193600    0.0000386600
   0.0000413500    0.0000238700    0.0000549500
   0.0002631400   -0.0018712300    0.0025343200
   0.0015920900    0.0009191900    0.0024741000
   0.0000014700   -0.0000296600    0.0000056200
  -0.0014889600    0.0011635000    0.0025343400
  -0.0000051900   -0.0000476600    0.0000386600
  -0.0000249600    0.0000161000    0.0000056000
   0.0000214400    0.0000123500    0.0000059700
   0.0000545700   -0.0000310700    0.0000398400
  -0.0000623200   -0.0000359800    0.0000182200
   0.0002933700    0.0018740100    0.0025500100
  -0.0016098900   -0.0009294900    0.0025336900
   0.0000009600    0.0000253800    0.0000006900
   0.0017696400   -0.0006829300    0.0025500100
   0.0000003500    0.0000627900    0.0000398400
   0.0000224700   -0.0000118500    0.0000007100
  -0.0000211800   -0.0000122500    0.0000027000
   0.0309161400   -0.0180995700    0.0457112300
  -0.0000106300    0.0000159700    0.0000063800
  -0.0002790200    0.0001057500    0.0008098600
  -0.0002073200    0.0001188400    0.0008567400
   0.0000195800    0.0001187500   -0.0000178800
   0.0000217800   -0.0000132600   -0.0000065200
  -0.0000154500    0.0000031700    0.0000061300
   0.0000152400   -0.0000175500    0.0000124300
  -0.0001291200   -0.0001215500   -0.0000177100
  -0.0003816800   -0.0001781300    0.0006748300
   0.0000035200   -0.0000199500   -0.0000058100
   0.0316900300    0.0182962400    0.0453874000
  -0.0003450800   -0.0002414800    0.0006748500
   0.0000218500    0.0000126200   -0.0000090000
   0.0000377200   -0.0001546700   -0.0000139400
   0.0000188900    0.0000109100    0.0000161500
  -0.0000155200    0.0000130200   -0.0000058200
  -0.0001151100    0.0001100200   -0.0000139200
  -0.0000007400   -0.0002389400    0.0008567200
  -0.0000076000    0.0000219800    0.0000124300
  -0.0000479300   -0.0002945100    0.0008098500
  -0.0002166200    0.0358239300    0.0457112400
   0.0001126100   -0.0000424200   -0.0000178800
  -0.0001698300   -0.0000510400   -0.0000177200
  -0.0000049800   -0.0000149800    0.0000061000
   0.0000085200   -0.0000172000    0.0000063600
  -0.0000006100    0.0000254900   -0.0000065200

10   
  0.0000000000000000   0.0000000000000000  -0.0100000000000000
   0.0010313300    0.0012545900    0.0058250100
  -0.0000096900    0.0000103700    0.0000064800
  -0.0000040600   -0.0000023300   -0.0001142500
   0.0016021700    0.0002658600    0.0058250200
  -0.0002020800   -0.0001166600   -0.0001624300
  -0.0000354900    0.0000033700   -0.0000242900
   0.0000146700    0.0000084700    0.0000483500
   0.0000041100   -0.0000135800    0.0000064700
  -0.0000148100   -0.0000324200   -0.0000242800
   0.0038213500    0.0022065100    0.2595055500
   0.0000692000    0.0000355000   -0.0005410700
  -0.0000148400   -0.0001166200   -0.0005398500
  -0.0000027200    0.0000898900   -0.0005340900
   0.0000653600    0.0000421800   -0.0005410100
   0.0000109900    0.0000063400    0.0000656400
   0.0000764700   -0.0000473400   -0.0005340800
  -0.0000060500   -0.0000035300    0.0000656400
  -0.0001083700    0.0000454400   -0.0005398100
  -0.0000367300    0.0000618700   -0.0001068500
   0.0000080400   -0.0000050900    0.0000071200
   0.0005048200    0.0003518800    0.0059502200
  -0.0001748200    0.0002066200    0.0058902100
   0.0000234900   -0.0000447200   -0.0000170400
   0.0000749400    0.0000648400   -0.0001341600
  -0.0000439400    0.0000217700    0.0000069100
   0.0000013800    0.0000179800    0.0000477200
  -0.0000479700    0.0000244000   -0.0000247200
   0.0000915600   -0.0002547400    0.0058902400
   0.0000162900   -0.0000078400    0.0000476900
   0.0005571000    0.0002611900    0.0059501900
   0.0000352600   -0.0000627200   -0.0001068500
  -0.0000269900    0.0000427000   -0.0000170400
  -0.0000028700   -0.0000537300   -0.0000247100
  -0.0000031400   -0.0000489600    0.0000069200
  -0.0000003900    0.0000095000    0.0000071000
   0.0000936400    0.0000324900   -0.0001341600
   0.0000206800   -0.0006608800   -0.0005010600
   0.0000091200    0.0000212600    0.0000006000
   0.0000521600   -0.0004365800   -0.0006168500
  -0.0000425100    0.0335587700   -0.0442078800
   0.0001779100    0.0000178200    0.0000639900
  -0.0001391600   -0.0000039000    0.0000615900
  -0.0000102500    0.0000030100    0.0000103600
   0.0000084900   -0.0000025000    0.0000176100
   0.0000029900    0.0000314900    0.0000081400
  -0.0002891400   -0.0002133600   -0.0007004900
  -0.0000047200   -0.0000072100    0.0000084400
   0.0266908500    0.0154099800   -0.0434226600
  -0.0003293600   -0.0001437100   -0.0007004800
   0.0000254700    0.0000147100    0.0000065100
   0.0000941200   -0.0001368300    0.0000797700
   0.0000187200    0.0000108100    0.0000070300
  -0.0000086200   -0.0000004700    0.0000084400
  -0.0000714400    0.0001499300    0.0000797700
   0.0290415100   -0.0168162000   -0.0442078800
   0.0000020900    0.0000086100    0.0000176000
  -0.0003520200    0.0002634600   -0.0006168400
  -0.0005619900    0.0003483400   -0.0005010800
   0.0001043800    0.0001451600    0.0000639900
   0.0000287700   -0.0000131400    0.0000081300
  -0.0000025100   -0.0000103800    0.0000103500
   0.0000229800   -0.0000027400    0.0000006200
  -0.0000729400   -0.0001185800    0.0000615900
   0.0000454100   -0.0000200200   -0.0000378100
  -0.0000422800   -0.0000244200   -0.0000545900
  -0.0002648000    0.0018515800   -0.0025302000
  -0.0015794600   -0.0009119000   -0.0024804500
  -0.0000013500    0.0000293500   -0.0000059100
   0.0014711100   -0.0011551100   -0.0025301900
   0.0000053600    0.0000493300   -0.0000378200
   0.0000247500   -0.0000158500   -0.0000058900
  -0.0000210300   -0.0000121400   -0.0000060800
  -0.0000534400    0.0000305000   -0.0000410800
   0.0000608500    0.0000351400   -0.0000195300
  -0.0002917000   -0.0018866200   -0.0025514300
   0.0016234200    0.0009372800   -0.0025465200
  -0.0000011900   -0.0000258800   -0.0000010800
  -0.0017797200    0.0006907000   -0.0025514300
  -0.0000003000   -0.0000615300   -0.0000410700
  -0.0000229900    0.0000119200   -0.0000010900
   0.0000214500    0.0000123800   -0.0000029000
  -0.0299585100    0.0175258300   -0.0448989300
   0.0000087300   -0.0000151400   -0.0000073800
   0.0002931800   -0.0001111100   -0.0007978900
   0.0002097400   -0.0001239000   -0.0008511900
  -0.0000184900   -0.0001222700    0.0000177300
  -0.0000214200    0.0000130000    0.0000061500
   0.0000136900   -0.0000026600   -0.0000066200
  -0.0000148800    0.0000174000   -0.0000128700
   0.0001314800    0.0001216400    0.0000177400
   0.0003694300    0.0001746500   -0.0006850200
  -0.0000019700    0.0000208900    0.0000061100
  -0.0326789000   -0.0188671700   -0.0462186400
   0.0003359800    0.0002326100   -0.0006850200
  -0.0000220800   -0.0000127500    0.0000086100
  -0.0000389500    0.0001516400    0.0000123000
  -0.0000192800   -0.0000111400   -0.0000162800
   0.0000170800   -0.0000121500    0.0000061000
   0.0001118600   -0.0001095600    0.0000123100
  -0.0000024400    0.0002435700   -0.0008511800
   0.0000076100   -0.0000216000   -0.0000128600
   0.0000503800    0.0003094600   -0.0007978800
   0.0001985600   -0.0347077400   -0.0448989100
  -0.0001151300    0.0000451300    0.0000177200
   0.0001711000    0.0000530400    0.0000177300
   0.0000045500    0.0000131800   -0.0000066100
  -0.0000087400    0.0000151300   -0.0000073800
   0.0000005500   -0.0000250500    0.0000061500

19   
  0.0100000000000000   0.0000000000000000   0.0000000000000000
   0.0066488500    0.0092838300    0.0005917200
   0.0029477000   -0.0093593800   -0.0009304400
   0.0001798100    0.0000129500   -0.0000068000
   0.0000186200   -0.0000545900    0.0000176700
   0.0017499300    0.0000267300   -0.0000407800
   0.0000008800    0.0000721400   -0.0000147700
   0.0017877300    0.0000910200   -0.0000218500
   0.0000081400    0.0000295800    0.0000204100
   0.0000146900   -0.0000535500   -0.0000076900
   0.0006410900    0.0005796700    0.0000375000
   0.0038000300    0.0092196000   -0.0005096300
  -0.0000288500   -0.0000006500   -0.0000078200
  -0.0000262800    0.0000584300    0.0000447800
  -0.0000109600   -0.0000689900    0.0000473300
   0.0000547500    0.0000789400   -0.0000009100
   0.0035956200   -0.0087596500    0.0002495000
   0.0006216300    0.0006511200   -0.0000775500
   0.0000135900    0.0000456300   -0.0000234300
  -0.2216099000    0.0007834400    0.0019726900
   0.0014342000    0.0002571500    0.0000333700
   0.0013915700   -0.0003786700   -0.0000177300
   0.0000557800   -0.0005096500    0.0000232100
  -0.0000738700    0.0003432200   -0.0000212400
   0.0000548400   -0.0000034900   -0.0000016100
   0.0000635600   -0.0011493900    0.0000115800
   0.0000548200   -0.0000038200    0.0000051600
  -0.0000800700    0.0010898100    0.0000539800
   0.0043969400   -0.0107821900    0.0006514000
   0.0006418000   -0.0007066700    0.0000480400
  -0.0000420400    0.0000190500   -0.0000210000
   0.0000722100   -0.0000767500    0.0000237000
  -0.0000349300    0.0000138500   -0.0000054300
  -0.0000316500   -0.0000517300   -0.0000340800
   0.0038147000    0.0097822900    0.0006745700
  -0.0000012500   -0.0000691400   -0.0000046800
   0.0006916800   -0.0007145600   -0.0000330300
   0.0371164000    0.0149071800    0.0297694800
   0.0005998100    0.0011721300    0.0007240300
   0.0000468400    0.0000140800   -0.0000146800
  -0.0000985400    0.0000199300   -0.0000562600
   0.0006713700   -0.0005064500    0.0000368600
  -0.0000260500   -0.0000019300    0.0000149400
   0.0000049300    0.0000801200    0.0000018700
  -0.0000063500    0.0000235800    0.0000044600
   0.0000358200    0.0000339700   -0.0000571200
   0.0113603300    0.0001947500   -0.0005100500
  -0.0000545300   -0.0001364000   -0.0000252900
  -0.0000182700    0.0001497100    0.0000111200
  -0.0000161400    0.0000124400   -0.0000350300
   0.0000079400    0.0000154300    0.0000245000
  -0.0000096400    0.0000043700    0.0000016300
   0.0001171800   -0.0007275700   -0.0004845000
  -0.0000339000    0.0000017200   -0.0000038200
   0.0000491000    0.0003583800    0.0002425300
   0.0009854300   -0.0027740000    0.0013843900
   0.0011110400    0.0026947500   -0.0014449500
  -0.0000254800    0.0000010800    0.0000047000
  -0.0000227500    0.0000183600   -0.0000052700
  -0.0000499000   -0.0000083200   -0.0000062500
  -0.0000086000   -0.0000116000    0.0000097300
  -0.0035439300   -0.0000172800   -0.0000523700
  -0.0000798800    0.0000204000   -0.0000104000
  -0.0000813700   -0.0000191800    0.0000114500
   0.0387242600   -0.0164113700    0.0314309300
   0.0000669800   -0.0000191800   -0.0000483100
   0.0004131800   -0.0008350200    0.0001116100
   0.0006118400    0.0003430900    0.0001196300
  -0.0000585100   -0.0000129900   -0.0000789100
  -0.0000292300    0.0000152800    0.0000140200
   0.0000539800   -0.0000511100   -0.0000531200
   0.0000017600   -0.0000185100    0.0000085700
   0.0000653900    0.0000075500   -0.0000309600
   0.0397059900   -0.0160910900   -0.0319200700
   0.0000389100   -0.0000226800    0.0000219300
   0.0006218100   -0.0011469900   -0.0005316800
   0.0006233400    0.0005256900   -0.0000399800
  -0.0001057900   -0.0000098100    0.0000694100
  -0.0000377700    0.0000026800   -0.0000122100
   0.0000257700   -0.0000334800    0.0000604800
  -0.0000024300   -0.0000151600   -0.0000094000
   0.0000716300   -0.0000811200    0.0000022700
   0.0007624300   -0.0028798200   -0.0011557500
   0.0009055500    0.0030342000    0.0009306700
  -0.0000264600   -0.0000062000   -0.0000030400
  -0.0000194900   -0.0000015600   -0.0000043900
  -0.0000712100    0.0000127500    0.0000226800
  -0.0000183600    0.0000059100   -0.0000106900
  -0.0040772900    0.0000566100    0.0001075100
  -0.0000976800    0.0000135400    0.0000631500
  -0.0000891800   -0.0000065800   -0.0000284400
   0.0147439900   -0.0003725800    0.0004160900
  -0.0000176900   -0.0001652900    0.0000416200
  -0.0000485900    0.0001771600   -0.0000305400
  -0.0000172600   -0.0000216700    0.0000121500
   0.0000035500    0.0000135700   -0.0000094100
  -0.0000130000    0.0000076800    0.0000015300
  -0.0000429000   -0.0007307500    0.0000104500
  -0.0000372100   -0.0000000900    0.0000013100
  -0.0000297000    0.0007500200   -0.0001714100
   0.0450284400    0.0177306800   -0.0320480100
   0.0008237000    0.0009694200    0.0000777200
   0.0000955800    0.0000483400    0.0000630100
  -0.0001050600    0.0000264500    0.0001092700
   0.0005750200   -0.0000389100    0.0001349200
  -0.0000270900   -0.0000138900   -0.0000092100
   0.0001119800   -0.0000325000    0.0000552400
   0.0000002300    0.0000178900   -0.0000266100
   0.0000503400    0.0000446300    0.0000741700

19   
 -0.0100000000000000   0.0000000000000000   0.0000000000000000
  -0.0072081800   -0.0095024100   -0.0005653000
  -0.0024665200    0.0091511200    0.0009301300
  -0.0001793100   -0.0000140300    0.0000071300
  -0.0000207700    0.0000570300   -0.0000180200
  -0.0017475500   -0.0000293300    0.0000380000
   0.0000008000   -0.0000698100    0.0000145800
  -0.0017872500   -0.0000548800    0.0000239600
  -0.0000079100   -0.0000311200   -0.0000203300
  -0.0000146000    0.0000524300    0.0000079900
  -0.0006275300   -0.0005969600   -0.0000345000
  -0.0038106500   -0.0091369200    0.0005175800
   0.0000269900    0.0000029800    0.0000081400
   0.0000250600   -0.0000591100   -0.0000445800
   0.0000118100    0.0000702500   -0.0000471800
  -0.0000532600   -0.0000776900    0.0000010200
  -0.0037481800    0.0086779100   -0.0002419900
  -0.0006235100   -0.0006367000    0.0000753700
  -0.0000139900   -0.0000452800    0.0000238500
   0.2218361400    0.0010404600   -0.0021872600
  -0.0013943500   -0.0002505200   -0.0000281100
  -0.0014370300    0.0003864200    0.0000217700
  -0.0000605700    0.0005255400   -0.0000238000
   0.0000745200   -0.0003301400    0.0000215400
  -0.0000547800    0.0000032000    0.0000015200
  -0.0000527600    0.0011369200   -0.0000143500
  -0.0000547800    0.0000032400   -0.0000051700
   0.0000683500   -0.0011021500   -0.0000546500
  -0.0043820000    0.0108395700   -0.0006466900
  -0.0006532200    0.0006855400   -0.0000453500
   0.0000444900   -0.0000167100    0.0000214300
  -0.0000734700    0.0000781000   -0.0000241300
   0.0000346500   -0.0000121600    0.0000060900
   0.0000330400    0.0000514000    0.0000343900
  -0.0036678200   -0.0098510200   -0.0006792700
   0.0000021200    0.0000694100    0.0000050600
  -0.0006923900    0.0007291400    0.0000317100
  -0.0378358300   -0.0153755900   -0.0307479200
  -0.0005914200   -0.0011697100   -0.0007357800
  -0.0000476300   -0.0000152300    0.0000143600
   0.0000997000   -0.0000171400    0.0000566300
  -0.0006748400    0.0005078800   -0.0000203000
   0.0000259800    0.0000019200   -0.0000148500
  -0.0000029000   -0.0000820600   -0.0000022500
   0.0000062700   -0.0000233200   -0.0000043500
  -0.0000361700   -0.0000339500    0.0000572200
  -0.0113371200    0.0000379100    0.0006923500
   0.0000576000    0.0001341500    0.0000262300
   0.0000153500   -0.0001527700   -0.0000107900
   0.0000161700   -0.0000122600    0.0000351600
  -0.0000077900   -0.0000146500   -0.0000242800
   0.0000097200   -0.0000039000   -0.0000018700
  -0.0001185900    0.0007345400    0.0004840700
   0.0000339600   -0.0000017200    0.0000039000
  -0.0000493300   -0.0003554000   -0.0002462600
  -0.0009752600    0.0027975800   -0.0014122400
  -0.0011209700   -0.0026719100    0.0014201000
   0.0000254500   -0.0000016500   -0.0000044400
   0.0000231200   -0.0000179300    0.0000053200
   0.0000497100    0.0000114700    0.0000035500
   0.0000083700    0.0000119200   -0.0000096600
   0.0035463000    0.0000464300    0.0000402000
   0.0000803800   -0.0000213300    0.0000090700
   0.0000809300    0.0000184700   -0.0000131900
  -0.0379458300    0.0159177600   -0.0303995200
  -0.0000656400    0.0000181500    0.0000475300
  -0.0004271100    0.0008349800   -0.0000992300
  -0.0006066200   -0.0003453800   -0.0001399700
   0.0000588900    0.0000154900    0.0000782700
   0.0000295200   -0.0000151000   -0.0000142200
  -0.0000533000    0.0000514500    0.0000533000
  -0.0000016000    0.0000186600   -0.0000087400
  -0.0000663100   -0.0000088100    0.0000306000
  -0.0389095200    0.0155964900    0.0309048000
  -0.0000381500    0.0000214800   -0.0000224500
  -0.0006322400    0.0011476100    0.0005180100
  -0.0006188500   -0.0005260800    0.0000607600
   0.0001042900    0.0000128100   -0.0000691000
   0.0000378500   -0.0000024100    0.0000123400
  -0.0000251800    0.0000336600   -0.0000601200
   0.0000024800    0.0000154100    0.0000094500
  -0.0000733200    0.0000796400   -0.0000028300
  -0.0007638100    0.0029064900    0.0011762400
  -0.0009111700   -0.0030135100   -0.0009177300
   0.0000263400    0.0000057500    0.0000021300
   0.0000194800    0.0000019200    0.0000039500
   0.0000714100   -0.0000082800   -0.0000185900
   0.0000184100   -0.0000056600    0.0000103400
   0.0040748600   -0.0000263800   -0.0001057200
   0.0000982800   -0.0000143700   -0.0000616100
   0.0000884200    0.0000054900    0.0000300000
  -0.0147365000    0.0006437800   -0.0006013600
   0.0000217500    0.0001610800   -0.0000425500
   0.0000450900   -0.0001811800    0.0000294000
   0.0000168900    0.0000220900   -0.0000115300
  -0.0000029400   -0.0000134600    0.0000100300
   0.0000132000   -0.0000075900   -0.0000015600
   0.0000431600    0.0007308900   -0.0000076000
   0.0000372900    0.0000001400   -0.0000015000
   0.0000326700   -0.0007500200    0.0001784000
  -0.0460585700   -0.0183799300    0.0332141000
  -0.0008077400   -0.0009659800   -0.0000638700
  -0.0000967500   -0.0000497200   -0.0000644800
   0.0001054100   -0.0000243800   -0.0001104900
  -0.0005766900    0.0000386500   -0.0001602800
   0.0000273500    0.0000142900    0.0000092500
  -0.0001110400    0.0000307600   -0.0000561200
  -0.0000000600   -0.0000176000    0.0000263800
  -0.0000508400   -0.0000445800   -0.0000746500

19   
 -0.0050000000000000   0.0086602540378444   0.0000000000000000
  -0.0116577800   -0.0017297700    0.0005336200
   0.0066965900    0.0081288500    0.0010782600
  -0.0001017400    0.0000233500    0.0000364600
   0.0000342100   -0.0000155900    0.0000088000
  -0.0009563400    0.0002310500   -0.0000832300
  -0.0000296600   -0.0000598900   -0.0000030300
  -0.0009221800    0.0002681800    0.0001705300
  -0.0000620100   -0.0000328400    0.0000219800
   0.0000310500   -0.0000234800   -0.0000030800
   0.0001624700    0.0008418100   -0.0000701400
  -0.0094342000   -0.0009971200   -0.0001240000
   0.0000701300    0.0000047600    0.0000078500
   0.0000016800   -0.0000110800   -0.0000410500
   0.0000286500    0.0000377600   -0.0000452500
   0.0000397900    0.0000834400   -0.0000152400
   0.0060388900    0.0078452100   -0.0002458000
   0.0001977900    0.0008407700   -0.0000168700
  -0.0000538600   -0.0000495200    0.0000515100
   0.1100117300   -0.1928432200    0.0022192700
  -0.0010300600   -0.0004900000   -0.0000005200
  -0.0004957800   -0.0001723300    0.0000625300
  -0.0010333900    0.0010504800    0.0000452500
   0.0009887900    0.0005104400    0.0000940800
  -0.0000303300    0.0000441200   -0.0000039100
  -0.0004702800    0.0013272600   -0.0000435700
  -0.0000300700    0.0000442800    0.0000067800
   0.0003232100    0.0001189400   -0.0000547600
   0.0045938600    0.0109678600   -0.0000100400
  -0.0008049900    0.0015681600    0.0000005700
  -0.0000458000   -0.0000072600    0.0000145600
  -0.0000778400    0.0001648700   -0.0000057300
  -0.0000521700   -0.0000122000   -0.0000262600
   0.0000547600    0.0000349900   -0.0000102600
  -0.0090384600   -0.0024732700   -0.0002916900
   0.0000254600    0.0000189000    0.0000448000
  -0.0008324800    0.0015509000   -0.0000594100
  -0.0054858700    0.0094639400   -0.0007653700
  -0.0007341500   -0.0002750800   -0.0005950000
   0.0000296800   -0.0000004600   -0.0000374000
   0.0001274500   -0.0000186700    0.0000337900
   0.0002995000    0.0002378200    0.0003140000
   0.0000113700   -0.0000148600    0.0000038100
  -0.0000081100   -0.0001462700   -0.0000532100
   0.0000231800   -0.0000358600   -0.0000042000
  -0.0000057100    0.0000110500    0.0000196400
  -0.0058081900    0.0393642200    0.0305001400
   0.0000372300    0.0000596000   -0.0000385000
   0.0000275600   -0.0001103700   -0.0000670200
  -0.0000164400    0.0000694400   -0.0000162100
   0.0000172000    0.0000509700   -0.0000616100
   0.0000070100   -0.0000202900    0.0000099700
   0.0005178100    0.0011449500    0.0006938500
   0.0000168000    0.0000086200    0.0000034900
  -0.0005813000    0.0004136000    0.0000629900
  -0.0028666500   -0.0003723700   -0.0013230300
   0.0017261400   -0.0029577900    0.0001216600
   0.0000147000   -0.0000095400   -0.0000083500
   0.0000151800   -0.0000430100   -0.0000015000
   0.0000307600   -0.0000417700   -0.0000013100
   0.0000021000   -0.0000164000   -0.0000068200
   0.0017343500    0.0025183800    0.0010137600
   0.0000367700   -0.0000502700    0.0000251200
   0.0000385700   -0.0000347900    0.0000197800
  -0.0318939700    0.0255001600   -0.0306134600
  -0.0000486400   -0.0000027300    0.0000650700
  -0.0000095400    0.0006826700   -0.0001064600
  -0.0012498400    0.0001948300   -0.0005057300
  -0.0001092800    0.0000562900    0.0000339600
   0.0000207600   -0.0000256900   -0.0000095100
  -0.0000500900    0.0000360000    0.0000257300
  -0.0000155000   -0.0000071700   -0.0000107400
   0.0000864600   -0.0000794600    0.0000740800
  -0.0338560200    0.0253543400    0.0306925300
  -0.0000596500    0.0000242200   -0.0000519800
   0.0001855500    0.0008532900    0.0000533500
  -0.0009773000   -0.0002545900    0.0001232800
  -0.0000244800    0.0000332200   -0.0000068500
   0.0000282000   -0.0000251100    0.0000165900
  -0.0000350600    0.0000375300   -0.0000454900
  -0.0000145300   -0.0000115900    0.0000083100
  -0.0000239700   -0.0000793800   -0.0000689800
  -0.0029189400   -0.0009513600    0.0012355700
   0.0021453500   -0.0037882100   -0.0000587100
   0.0000174000   -0.0000228900   -0.0000073300
   0.0000084700   -0.0000120100    0.0000058100
   0.0000339900   -0.0001063200    0.0000490400
   0.0000069000   -0.0000124300    0.0000133900
   0.0020798000    0.0021496700   -0.0013242300
   0.0000846400   -0.0000871300   -0.0000421800
   0.0000170300   -0.0000686000   -0.0000011400
  -0.0069879100    0.0503651600   -0.0335115200
  -0.0000594200    0.0000698200    0.0000320700
   0.0001070400   -0.0000633700    0.0000981400
  -0.0000059000    0.0000859500    0.0000620300
   0.0000082300    0.0000613800    0.0000678300
   0.0000061000   -0.0000388800   -0.0000128100
   0.0006291600    0.0011080300    0.0000555900
   0.0000205300    0.0000059400   -0.0000260300
  -0.0005330600    0.0003924700    0.0002415100
  -0.0080232200    0.0127009500    0.0005381000
  -0.0006096400   -0.0003793300   -0.0000625800
  -0.0000235400   -0.0000410500    0.0000139100
   0.0001827500    0.0001151300   -0.0000198500
   0.0006548300    0.0003366700   -0.0001288200
   0.0000095900   -0.0000004600    0.0000032400
  -0.0001905600   -0.0000741900    0.0000338300
   0.0000149400   -0.0000269400    0.0000004500
   0.0000257800    0.0000116000   -0.0000144700

19   
  0.0050000000000000  -0.0086602540378444   0.0000000000000000
   0.0116204600    0.0016910500   -0.0005123900
  -0.0065617900   -0.0082210600   -0.0010648600
   0.0000999300   -0.0000228400   -0.0000361100
  -0.0000351200    0.0000123900   -0.0000091800
   0.0009435500   -0.0002382700    0.0000826400
   0.0000306400    0.0000588700    0.0000029400
   0.0009337800   -0.0002473000   -0.0001666200
   0.0000621900    0.0000319500   -0.0000226100
  -0.0000326000    0.0000228700    0.0000031300
  -0.0001418700   -0.0008456400    0.0000724100
   0.0094328800    0.0011768400    0.0001242100
  -0.0000700700   -0.0000033200   -0.0000078500
  -0.0000045600    0.0000114900    0.0000410100
  -0.0000292400   -0.0000377000    0.0000445900
  -0.0000401200   -0.0000853100    0.0000152900
  -0.0061102500   -0.0078695500    0.0002661200
  -0.0002110400   -0.0008463400    0.0000169200
   0.0000530600    0.0000483800   -0.0000509600
  -0.1114904300    0.1917277800   -0.0019157900
   0.0010468100    0.0004870600    0.0000022900
   0.0004789300    0.0001683600   -0.0000613800
   0.0010048100   -0.0010153700   -0.0000476100
  -0.0009837000   -0.0004936900   -0.0000940800
   0.0000305800   -0.0000440600    0.0000039600
   0.0004843400   -0.0013641000    0.0000397200
   0.0000305300   -0.0000440700   -0.0000066100
  -0.0003341000   -0.0001259100    0.0000550400
  -0.0046889500   -0.0103696200   -0.0000087400
   0.0007745300   -0.0015866700    0.0000044100
   0.0000426900    0.0000077700   -0.0000146200
   0.0000790900   -0.0001647400    0.0000058700
   0.0000532600    0.0000126600    0.0000261100
  -0.0000559800   -0.0000376900    0.0000101000
   0.0094591100    0.0021585600    0.0003018200
  -0.0000239900   -0.0000183200   -0.0000449000
   0.0008359700   -0.0015522300    0.0000548500
   0.0053026600   -0.0095957500    0.0005700900
   0.0007290600    0.0002714400    0.0005965200
  -0.0000296700    0.0000004000    0.0000372500
  -0.0001259700    0.0000236600   -0.0000354300
  -0.0003022600   -0.0002370500   -0.0003099100
  -0.0000116300    0.0000145900   -0.0000035800
   0.0000125800    0.0001448700    0.0000506500
  -0.0000231800    0.0000358400    0.0000040700
   0.0000052400   -0.0000113900   -0.0000199300
   0.0058483200   -0.0385288900   -0.0295500900
  -0.0000350000   -0.0000596600    0.0000379500
  -0.0000284800    0.0001088500    0.0000659500
   0.0000170900   -0.0000680500    0.0000163900
  -0.0000173000   -0.0000504700    0.0000616200
  -0.0000069900    0.0000205300   -0.0000100400
  -0.0005165900   -0.0011539700   -0.0006823800
  -0.0000170000   -0.0000087400   -0.0000035600
   0.0005798800   -0.0004100700   -0.0000794600
   0.0028516700    0.0003606800    0.0012911300
  -0.0017515800    0.0029467400   -0.0001313300
  -0.0000149500    0.0000089900    0.0000086500
  -0.0000146900    0.0000434900    0.0000015600
  -0.0000304100    0.0000429800   -0.0000002400
  -0.0000025000    0.0000165000    0.0000069600
  -0.0017501100   -0.0025154700   -0.0010405600
  -0.0000357800    0.0000500600   -0.0000266000
  -0.0000410000    0.0000332000   -0.0000232900
   0.0327035800   -0.0259398200    0.0316053700
   0.0000490300    0.0000021400   -0.0000653400
   0.0000133800   -0.0006858700    0.0000852700
   0.0012429900   -0.0001867400    0.0005195400
   0.0001100500   -0.0000548200   -0.0000343700
  -0.0000208200    0.0000254600    0.0000094100
   0.0000516300   -0.0000360700   -0.0000254000
   0.0000152700    0.0000071000    0.0000106400
  -0.0000885500    0.0000794500   -0.0000751200
   0.0346893800   -0.0257875300   -0.0317477900
   0.0000595700   -0.0000249800    0.0000519000
  -0.0001826200   -0.0008579500   -0.0000316300
   0.0009714200    0.0002669400   -0.0001368800
   0.0000246200   -0.0000310200    0.0000065400
  -0.0000283200    0.0000248800   -0.0000163500
   0.0000363800   -0.0000380300    0.0000462400
   0.0000144600    0.0000113600   -0.0000081700
   0.0000208700    0.0000772600    0.0000689000
   0.0028966100    0.0009303500   -0.0012186300
  -0.0021706500    0.0037702400    0.0000611200
  -0.0000176400    0.0000227500    0.0000071000
  -0.0000081900    0.0000122000   -0.0000066700
  -0.0000333600    0.0001070000   -0.0000474200
  -0.0000070300    0.0000122600   -0.0000136100
  -0.0021090300   -0.0021576900    0.0013382100
  -0.0000835500    0.0000874800    0.0000434800
  -0.0000212400    0.0000664900    0.0000046400
   0.0070387800   -0.0491415300    0.0323298200
   0.0000619800   -0.0000706400   -0.0000314900
  -0.0001096700    0.0000613600   -0.0000971200
   0.0000064600   -0.0000844400   -0.0000607300
  -0.0000086900   -0.0000611400   -0.0000673200
  -0.0000063000    0.0000382900    0.0000127900
  -0.0006233800   -0.0011224800   -0.0000708600
  -0.0000207700   -0.0000061300    0.0000262100
   0.0005311900   -0.0003910300   -0.0002159000
   0.0077863300   -0.0128471000   -0.0003620800
   0.0006083800    0.0003799900    0.0000600200
   0.0000227900    0.0000410900   -0.0000146600
  -0.0001815500   -0.0001114400    0.0000203200
  -0.0006530200   -0.0003408400    0.0001220000
  -0.0000096900    0.0000002400   -0.0000032700
   0.0001947400    0.0000728500   -0.0000335500
  -0.0000148700    0.0000268600   -0.0000003800
  -0.0000257200   -0.0000123400    0.0000136800

19   
  0.0000000000000000   0.0000000000000000   0.0100000000000000
  -0.0000163800    0.0009317900   -0.0049605800
   0.0004272100    0.0007167500   -0.0060244800
   0.0000067400   -0.0000069500   -0.0000120400
  -0.0000122600   -0.0000593300    0.0000030500
   0.0000142700   -0.0001479600   -0.0000213200
   0.0000039600   -0.0000153600    0.0000147400
   0.0000482600   -0.0001371700   -0.0000081300
  -0.0000029900   -0.0000017400    0.0000135100
   0.0000030600    0.0000257100   -0.0000043400
  -0.0000054900    0.0000664900    0.0001074900
   0.0000992200    0.0005028700   -0.0059743600
   0.0000246300   -0.0000005900   -0.0000074800
  -0.0000741500    0.0000020600   -0.0000066000
  -0.0000165500    0.0000018300    0.0000242300
  -0.0000025500    0.0000225000   -0.0000477800
   0.0004432100    0.0000692200   -0.0058661700
  -0.0000657800    0.0000731900    0.0001351200
   0.0000591800   -0.0000223500    0.0000173900
   0.0020522600    0.0036073000   -0.2590830300
  -0.0000243500    0.0000575200    0.0005881800
   0.0000344000    0.0000135400    0.0005873500
   0.0000167500   -0.0000422200    0.0005910800
   0.0000488700   -0.0000334600    0.0005643800
   0.0000052500    0.0000106200   -0.0000657200
   0.0000235200    0.0000726800    0.0005902500
  -0.0000015600   -0.0000054600   -0.0000656900
  -0.0000229800    0.0001018900    0.0005634000
   0.0005816300    0.0004051300   -0.0050447900
  -0.0000882500    0.0000142900   -0.0000066000
  -0.0000319600    0.0000123400   -0.0000011400
   0.0000176100    0.0000167100   -0.0000180500
  -0.0000070300   -0.0000205700   -0.0000008600
   0.0000404300   -0.0000290700    0.0000113700
   0.0003842000    0.0004775400   -0.0059970600
  -0.0000445600   -0.0000144200    0.0000113300
   0.0000468100    0.0000277600   -0.0000094500
   0.0279725100    0.0161513400    0.0430828200
  -0.0005027200   -0.0002488100    0.0004756300
   0.0000198600    0.0000002600   -0.0000131400
   0.0000762400   -0.0001472000   -0.0000634200
  -0.0003637600   -0.0002144300    0.0006500200
   0.0000214400    0.0000122800   -0.0000050100
  -0.0000990000    0.0001609100   -0.0000548100
   0.0000140800    0.0000143300   -0.0000052300
  -0.0000087000    0.0000028200   -0.0000168000
   0.0000568000    0.0333628500    0.0440359800
   0.0001674800   -0.0000171500   -0.0000231200
  -0.0001418200   -0.0000230000   -0.0000293600
  -0.0000171300    0.0000201200   -0.0000163000
   0.0000147200   -0.0000043500   -0.0000234500
   0.0000007200    0.0000297400   -0.0000019500
   0.0000673900   -0.0005340600    0.0005660800
   0.0000039900    0.0000287200   -0.0000053900
  -0.0000831900   -0.0004406000    0.0007560900
   0.0013826500   -0.0010809200    0.0024097900
  -0.0013184300   -0.0009612500    0.0025935800
   0.0000001200    0.0000310300   -0.0000013400
  -0.0000289400   -0.0000158900    0.0000016900
   0.0000115400    0.0000541600    0.0000311800
   0.0000204000   -0.0000122400   -0.0000027800
  -0.0000874000    0.0016500200    0.0025821000
   0.0000397500   -0.0000190800    0.0000360200
  -0.0000418300   -0.0000331900    0.0000493100
   0.0301314500   -0.0173450200    0.0449754900
   0.0000083000    0.0000072200   -0.0000151500
  -0.0003927100    0.0002267600    0.0006632700
  -0.0004977700    0.0003861600    0.0005605100
   0.0000611600    0.0001360400   -0.0000067400
   0.0000275300   -0.0000136800   -0.0000035900
  -0.0000023600   -0.0000197500   -0.0000101900
   0.0000247300   -0.0000057000    0.0000061700
  -0.0000835800   -0.0000762700   -0.0000071500
  -0.0293089500    0.0169414100    0.0442617900
  -0.0000121500   -0.0000032500   -0.0000063300
   0.0005801200   -0.0002914800    0.0004310400
   0.0004154000   -0.0001348600    0.0005258900
  -0.0000416300   -0.0001248600   -0.0000306700
  -0.0000243400    0.0000129400   -0.0000042000
  -0.0000003400    0.0000002200   -0.0000116000
  -0.0000077100    0.0000152500    0.0000064900
   0.0000915900    0.0001383700   -0.0000299600
  -0.0018807900    0.0007421600    0.0022381000
   0.0016679000    0.0008607700    0.0023839400
   0.0000001800   -0.0000351200    0.0000094400
   0.0000285000    0.0000155900    0.0000098100
  -0.0000096100   -0.0000126400    0.0001033300
  -0.0000232200    0.0000125300    0.0000062500
  -0.0002301000   -0.0019324600    0.0024488200
  -0.0000060800    0.0000067200    0.0000888500
   0.0000021700    0.0000165300    0.0000982000
   0.0000477900   -0.0365572700    0.0451242100
  -0.0001552500    0.0000660700   -0.0000006300
   0.0001813800    0.0000573200   -0.0000087900
   0.0000125300   -0.0000085300   -0.0000029300
  -0.0000161500    0.0000087800   -0.0000024900
  -0.0000003100   -0.0000225400   -0.0000042700
  -0.0000231900    0.0003104500    0.0006319300
   0.0000028500   -0.0000186900    0.0000109400
   0.0000739400    0.0004051900    0.0006835800
  -0.0324218600   -0.0186905600    0.0456315100
   0.0003242900    0.0000737800    0.0007850100
  -0.0000238000    0.0000134800   -0.0000025700
  -0.0000315600    0.0001704800    0.0000039100
   0.0002748300    0.0003339800    0.0008443900
  -0.0000224000   -0.0000108500   -0.0000047500
   0.0001238500   -0.0000827800    0.0000081600
  -0.0000272400   -0.0000130600    0.0000105100
   0.0000212100   -0.0000183100   -0.0000049000

19   
  0.0000000000000000   0.0000000000000000  -0.0100000000000000
  -0.0001033500   -0.0008464400    0.0049805400
  -0.0002751700   -0.0006386700    0.0060197100
  -0.0000065000    0.0000082000    0.0000120700
   0.0000113700    0.0000587800   -0.0000022600
  -0.0000113800    0.0001449700    0.0000245300
  -0.0000029200    0.0000150100   -0.0000146000
  -0.0000469300    0.0001348400    0.0000100200
   0.0000038100    0.0000026100   -0.0000135000
  -0.0000036300   -0.0000250300    0.0000044500
  -0.0000003800   -0.0000630800   -0.0001050200
   0.0000613200   -0.0003838900    0.0059473000
  -0.0000243900    0.0000017700    0.0000070100
   0.0000731500   -0.0000028200    0.0000075200
   0.0000177500   -0.0000015700   -0.0000241000
   0.0000033600   -0.0000229300    0.0000477500
  -0.0004663900   -0.0002666200    0.0058898300
   0.0000629100   -0.0000711800   -0.0001350700
  -0.0000588200    0.0000212600   -0.0000172200
  -0.0021034700   -0.0035632100    0.2591399600
   0.0000149700   -0.0000628600   -0.0005850700
  -0.0000272700   -0.0000187800   -0.0005859200
  -0.0000091400    0.0000387500   -0.0005932500
  -0.0000597500    0.0000306000   -0.0005637100
  -0.0000050800   -0.0000107900    0.0000657500
  -0.0000235500   -0.0000619100   -0.0005941100
   0.0000015800    0.0000054400    0.0000658000
   0.0000198000   -0.0000906500   -0.0005647200
  -0.0007152700   -0.0003449700    0.0050209400
   0.0000907200   -0.0000143400    0.0000098700
   0.0000319500   -0.0000112800    0.0000007000
  -0.0000186600   -0.0000175700    0.0000177600
   0.0000061900    0.0000207400    0.0000010000
  -0.0000395300    0.0000283200   -0.0000110600
  -0.0003762900   -0.0006467700    0.0059982300
   0.0000442900    0.0000133400   -0.0000111000
  -0.0000427100   -0.0000283700    0.0000071100
  -0.0289486300   -0.0167423600   -0.0441113700
   0.0004789300    0.0002449500   -0.0004906300
  -0.0000182000    0.0000001800    0.0000130800
  -0.0000773100    0.0001438300    0.0000626000
   0.0003567300    0.0002041400   -0.0006588200
  -0.0000215700   -0.0000123900    0.0000051400
   0.0000957900   -0.0001607300    0.0000541500
  -0.0000142900   -0.0000144600    0.0000053700
   0.0000102600   -0.0000020500    0.0000169300
  -0.0000347200   -0.0322398400   -0.0430265800
  -0.0001688400    0.0000201700    0.0000233300
   0.0001440400    0.0000259700    0.0000297700
   0.0000177200   -0.0000219300    0.0000163400
  -0.0000147900    0.0000026100    0.0000233500
  -0.0000006400   -0.0000295600    0.0000017100
  -0.0000755000    0.0005555100   -0.0005501100
  -0.0000039600   -0.0000284500    0.0000051400
   0.0000883600    0.0004513300   -0.0007469500
  -0.0014007900    0.0010903500   -0.0024163200
   0.0013316300    0.0009691400   -0.0025926000
  -0.0000000500   -0.0000313800    0.0000014900
   0.0000294100    0.0000162500   -0.0000017400
  -0.0000115900   -0.0000526400   -0.0000324200
  -0.0000206200    0.0000125400    0.0000027100
   0.0000863800   -0.0016684000   -0.0025930500
  -0.0000385600    0.0000183900   -0.0000372100
   0.0000408700    0.0000325600   -0.0000503400
  -0.0291507400    0.0167938300   -0.0440141900
  -0.0000094600   -0.0000065700    0.0000149400
   0.0004019000   -0.0002277700   -0.0006545700
   0.0005125600   -0.0004009700   -0.0005444200
  -0.0000591200   -0.0001385800    0.0000073300
  -0.0000273000    0.0000135800    0.0000033700
   0.0000012700    0.0000212000    0.0000100000
  -0.0000243900    0.0000054100   -0.0000063200
   0.0000876300    0.0000763900    0.0000076800
   0.0302870700   -0.0175237900   -0.0452372800
   0.0000106100    0.0000037900    0.0000066300
  -0.0005592100    0.0002860700   -0.0004463000
  -0.0004097500    0.0001272800   -0.0005343900
   0.0000432800    0.0001213200    0.0000297300
   0.0000245600   -0.0000130500    0.0000042500
  -0.0000009100    0.0000003900    0.0000117700
   0.0000081300   -0.0000154000   -0.0000064900
  -0.0000883600   -0.0001383600    0.0000289700
   0.0018708000   -0.0007347500   -0.0022365200
  -0.0016589500   -0.0008537500   -0.0023795200
  -0.0000002500    0.0000346400   -0.0000093600
  -0.0000282100   -0.0000154900   -0.0000098500
   0.0000095700    0.0000142600   -0.0001025200
   0.0000228600   -0.0000124700   -0.0000062000
   0.0002299400    0.0019266100   -0.0024555000
   0.0000077100   -0.0000076600   -0.0000877900
  -0.0000040900   -0.0000175000   -0.0000972100
  -0.0000371500    0.0377114500   -0.0459589300
   0.0001529800   -0.0000629900   -0.0000004800
  -0.0001792000   -0.0000548700    0.0000075400
  -0.0000126500    0.0000067300    0.0000033900
   0.0000163400   -0.0000109100    0.0000032000
   0.0000003900    0.0000228300    0.0000042800
   0.0000185300   -0.0002983700   -0.0006424900
  -0.0000027700    0.0000189500   -0.0000107300
  -0.0000705100   -0.0003908200   -0.0006946300
   0.0314288100    0.0181043500   -0.0448009200
  -0.0003366300   -0.0000756700   -0.0007736700
   0.0000254000   -0.0000126600    0.0000021200
   0.0000301800   -0.0001734000   -0.0000029700
  -0.0002855700   -0.0003436900   -0.0008326200
   0.0000222000    0.0000106800    0.0000046600
  -0.0001276600    0.0000828800   -0.0000074500
   0.0000270000    0.0000127900   -0.0000108700
  -0.0000194400    0.0000194200    0.0000042300

37   
  0.0100000000000000   0.0000000000000000   0.0000000000000000
   0.0375023400   -0.0149646500   -0.0292638200
   0.0005874200    0.0003547100    0.0006048000
   0.0000683400   -0.0000580300   -0.0000356300
   0.0000605900   -0.0000110400    0.0000045900
   0.0000214300    0.0001081600    0.0000979900
   0.0000005500   -0.0000224200   -0.0000274600
   0.0007067900   -0.0009307100    0.0005961800
  -0.0000249300   -0.0000003700   -0.0000271400
  -0.0001018000   -0.0001312700   -0.0000758100
   0.0001340200    0.0008926300   -0.0000205000
   0.0000309100   -0.0009085400   -0.0000491500
  -0.0000379500   -0.0000004200   -0.0000093600
   0.0000006900   -0.0000150100    0.0000105200
  -0.0000138300    0.0000055000   -0.0000031700
   0.0000120600    0.0000238100   -0.0000081800
   0.0108438200   -0.0005984500    0.0000034800
  -0.0000674700    0.0000178700    0.0001418700
  -0.0001299400    0.0000089300   -0.0001776000
   0.0378479100    0.0156290700    0.0289521800
   0.0000482800    0.0000628100    0.0000196300
   0.0005733300   -0.0004919500   -0.0004843600
   0.0000052400   -0.0000093500   -0.0000978200
   0.0000369100    0.0000145700   -0.0000095800
  -0.0000058600    0.0000230900    0.0000140500
  -0.0000992200    0.0000893100    0.0000774600
  -0.0000259500   -0.0000017300    0.0000215100
   0.0006671500    0.0007323500   -0.0003554300
  -0.0036689500   -0.0000923600   -0.0002482600
  -0.0000668400   -0.0000274500   -0.0000500500
  -0.0000546400   -0.0000071600    0.0000507100
  -0.0000256400    0.0000200200   -0.0000288000
  -0.0000121200   -0.0000063200    0.0000269800
  -0.0000473500    0.0000013200    0.0000037100
   0.0012698900   -0.0028208200    0.0013990500
  -0.0000276900   -0.0000005300   -0.0000006300
   0.0011773800    0.0026206400   -0.0014947000
  -0.1073123300    0.0024877400   -0.0003355200
   0.0000381400   -0.0000847700   -0.0000407300
   0.0000396200    0.0000584400    0.0000038600
   0.0000335100   -0.0000757800   -0.0000627000
   0.0000167700    0.0000689400    0.0000506800
   0.0000095600   -0.0000030400    0.0000031300
   0.0000333200    0.0000481600   -0.0000903700
   0.0000095700   -0.0000035100   -0.0000007100
   0.0000166100   -0.0000239500    0.0000316700
  -0.0010026700    0.0021795700    0.0021068900
  -0.0000099300   -0.0000239300   -0.0000006700
   0.0000889300   -0.0000469400   -0.0000271000
  -0.0000006800   -0.0000259500    0.0000076800
  -0.0000055400    0.0000001900    0.0000001000
  -0.0000007700    0.0000125800    0.0000033600
   0.0000580000   -0.0000722800    0.0000948500
  -0.0000092600    0.0000098100   -0.0000044200
  -0.0006514900    0.0001551800    0.0004118600
   0.0016568100   -0.0040696700   -0.0004157400
  -0.0001382700   -0.0000219300   -0.0000157000
   0.0000415700   -0.0000137000    0.0000021000
   0.0000116700   -0.0000301600   -0.0000120000
   0.0000025300    0.0000089600    0.0000021700
  -0.0000013900    0.0000000400    0.0000038400
   0.0015106800   -0.0045671400    0.0006530700
   0.0000365600   -0.0000221000   -0.0000101300
  -0.0001270200   -0.0000272900    0.0001148200
   0.0011250100   -0.0007963200    0.0013802100
  -0.0000057800   -0.0000033600    0.0000027900
   0.0011428400    0.0011423300   -0.0012200300
  -0.0000276800   -0.0000162900   -0.0000509600
  -0.0000023900    0.0000131500    0.0000036100
  -0.0000020700   -0.0000238600   -0.0000009900
  -0.0000023300    0.0000196600    0.0000163500
  -0.0000028000   -0.0000182700   -0.0000149700
  -0.0000150700   -0.0000390700    0.0000139400
   0.0093603300    0.0001889500    0.0015709700
   0.0000562200    0.0000045600    0.0000036200
   0.0090594600   -0.0003022900   -0.0014524300
  -0.0000160100   -0.0000194400    0.0000523600
   0.0000280100    0.0000315700    0.0000098900
   0.0000219400   -0.0000247100   -0.0000119500
   0.0000364800   -0.0000121300   -0.0000078300
   0.0000272800    0.0000241900    0.0000141300
  -0.0000518900   -0.0000277900   -0.0000050300
  -0.0011195400   -0.0026424600   -0.0016154300
   0.0001467300    0.0000258000    0.0000913800
  -0.0000007800    0.0000294100   -0.0000001200
  -0.0000037900    0.0000028700    0.0000071900
  -0.0000012900    0.0000169800   -0.0000126300
  -0.0000009300   -0.0000176600    0.0000019500
  -0.0011376600    0.0000184500   -0.0004148400
  -0.0000029400   -0.0000155400    0.0000154500
   0.0001060600    0.0000275900   -0.0001404500
   0.0012715400    0.0029268200    0.0007057600
   0.0000474000    0.0000071800    0.0000067200
  -0.0001903900    0.0000962700   -0.0000097900
   0.0000110700   -0.0000041700   -0.0000105300
   0.0000125200    0.0000127800    0.0000193000
   0.0000034000   -0.0000110800   -0.0000040000
  -0.0001456300    0.0001429000   -0.0000786900
   0.0000320800    0.0000180600    0.0000101000
   0.0013048100    0.0037982500   -0.0008949800
  -0.0023064400   -0.0000112400   -0.0000354000
   0.0000305100   -0.0001257600   -0.0000395700
   0.0000593100    0.0001648300    0.0000582200
  -0.0000764600   -0.0002564000    0.0000192700
  -0.0000898200    0.0002428600   -0.0000089300
   0.0000093000    0.0000006100    0.0000023900
  -0.0001253800    0.0000893900   -0.0000335800
   0.0000064000    0.0000006700    0.0000009500
  -0.0001010200   -0.0001019800    0.0000250400

37   
 -0.0100000000000000   0.0000000000000000   0.0000000000000000
  -0.0382599500    0.0154041400    0.0302734400
  -0.0005448700   -0.0003401400   -0.0005912700
  -0.0000701100    0.0000603700    0.0000367100
  -0.0000619200    0.0000110400   -0.0000051100
  -0.0000238300   -0.0001078700   -0.0000978200
  -0.0000006600    0.0000223000    0.0000272100
  -0.0006939200    0.0009210100   -0.0005829000
   0.0000249900    0.0000000900    0.0000269700
   0.0001028300    0.0001316000    0.0000769200
  -0.0001455300   -0.0008996700    0.0000266700
  -0.0000227300    0.0009000000    0.0000513900
   0.0000379600    0.0000002300    0.0000089100
  -0.0000002000    0.0000142900   -0.0000102900
   0.0000138500   -0.0000053400    0.0000028200
  -0.0000123400   -0.0000246000    0.0000085400
  -0.0108437500    0.0007661100   -0.0000967000
   0.0000659900   -0.0000188600   -0.0001393400
   0.0001320700   -0.0000107600    0.0001803600
  -0.0371049700   -0.0151892100   -0.0279666300
  -0.0000466000   -0.0000606400   -0.0000186100
  -0.0006184400    0.0005098200    0.0004973400
  -0.0000033300    0.0000098200    0.0000970600
  -0.0000356400   -0.0000145200    0.0000089800
   0.0000061200   -0.0000232600   -0.0000142300
   0.0000984900   -0.0000891500   -0.0000762900
   0.0000259500    0.0000016700   -0.0000216900
  -0.0006796900   -0.0007395900    0.0003651200
   0.0036701200    0.0001100700    0.0002403300
   0.0000658700    0.0000270400    0.0000481500
   0.0000550100    0.0000068800   -0.0000533300
   0.0000257400   -0.0000198400    0.0000283400
   0.0000121300    0.0000065500   -0.0000273800
   0.0000472700   -0.0000025700   -0.0000030500
  -0.0012317600    0.0027809400   -0.0013880100
   0.0000276900    0.0000009500    0.0000002600
  -0.0012119500   -0.0026556700    0.0015020100
   0.1073194500   -0.0036359200   -0.0016332500
  -0.0000395700    0.0000827700    0.0000412100
  -0.0000380700   -0.0000599500   -0.0000030300
  -0.0000339000    0.0000777900    0.0000628000
  -0.0000159900   -0.0000664100   -0.0000507700
  -0.0000095800    0.0000032600   -0.0000030300
  -0.0000341100   -0.0000464600    0.0000895700
  -0.0000095600    0.0000032500    0.0000005000
  -0.0000161600    0.0000251600   -0.0000323700
   0.0009827200   -0.0021265600   -0.0020795400
   0.0000095900    0.0000232600    0.0000006400
  -0.0000844200    0.0000460300    0.0000317000
   0.0000008000    0.0000254500   -0.0000079900
   0.0000055600   -0.0000002200    0.0000000400
   0.0000005200   -0.0000120800   -0.0000032700
  -0.0000560300    0.0000706700   -0.0000885400
   0.0000096600   -0.0000099500    0.0000042500
   0.0006617800   -0.0001562900   -0.0004236900
  -0.0016521700    0.0041038700    0.0004089300
   0.0001356500    0.0000216600    0.0000160400
  -0.0000421000    0.0000138900   -0.0000017400
  -0.0000114900    0.0000304500    0.0000120800
  -0.0000025600   -0.0000087700   -0.0000022600
   0.0000012600    0.0000000400   -0.0000041400
  -0.0015286300    0.0045438100   -0.0006605700
  -0.0000361300    0.0000214400    0.0000097900
   0.0001272200    0.0000276400   -0.0001171500
  -0.0011267500    0.0008121400   -0.0013730400
   0.0000057800    0.0000035200   -0.0000027000
  -0.0011415800   -0.0011294200    0.0012280200
   0.0000280100    0.0000128600    0.0000551800
   0.0000023300   -0.0000127400   -0.0000035700
   0.0000021800    0.0000242800    0.0000009800
   0.0000020900   -0.0000190400   -0.0000164000
   0.0000030800    0.0000187100    0.0000151100
   0.0000148600    0.0000395500   -0.0000127900
  -0.0091301000   -0.0001911500   -0.0015528000
  -0.0000561600   -0.0000053700   -0.0000039800
  -0.0092845100    0.0002993000    0.0014714400
   0.0000153000    0.0000216400   -0.0000526300
  -0.0000279300   -0.0000309600   -0.0000094900
  -0.0000218700    0.0000252500    0.0000125100
  -0.0000365000    0.0000121500    0.0000082700
  -0.0000273300   -0.0000243700   -0.0000138600
   0.0000524200    0.0000300900    0.0000033000
   0.0011467400    0.0027026500    0.0016333100
  -0.0001494700   -0.0000264300   -0.0000860300
   0.0000010700   -0.0000303500    0.0000002800
   0.0000038100   -0.0000028900   -0.0000070300
   0.0000012600   -0.0000174300    0.0000125300
   0.0000010700    0.0000180300   -0.0000018300
   0.0011257300   -0.0000189200    0.0004032000
   0.0000026300    0.0000152900   -0.0000155200
  -0.0001082800   -0.0000279100    0.0001469800
  -0.0012741200   -0.0029013500   -0.0007051600
  -0.0000468400   -0.0000072000   -0.0000064200
   0.0001950800   -0.0000981200    0.0000114600
  -0.0000109900    0.0000044200    0.0000107700
  -0.0000126800   -0.0000125700   -0.0000191400
  -0.0000032700    0.0000111400    0.0000038500
   0.0001447600   -0.0001403400    0.0000762200
  -0.0000325600   -0.0000187100   -0.0000103300
  -0.0012915700   -0.0038166500    0.0008941700
   0.0023045800    0.0000141500   -0.0000475200
  -0.0000317500    0.0001247500    0.0000382300
  -0.0000583800   -0.0001661100   -0.0000600200
   0.0000775200    0.0002576400   -0.0000196300
   0.0000885300   -0.0002418800    0.0000087700
  -0.0000093000   -0.0000004800   -0.0000021800
   0.0001235100   -0.0000891400    0.0000327300
  -0.0000064700   -0.0000007400   -0.0000006700
   0.0001024600    0.0001016600   -0.0000256200

37   
 -0.0050000000000000   0.0086602540378444   0.0000000000000000
  -0.0331639200    0.0251447400    0.0303647700
  -0.0011529200    0.0001545200   -0.0005122500
  -0.0000426500    0.0000422300    0.0000084700
  -0.0000773800    0.0000334100    0.0000233000
  -0.0000176800   -0.0001447700    0.0000517000
  -0.0000204300   -0.0000096200    0.0000236300
  -0.0000068200    0.0007046500   -0.0007253200
   0.0000227000   -0.0000125100    0.0000243200
   0.0000428600    0.0000998600   -0.0000921000
  -0.0007194100    0.0002363300    0.0006020600
   0.0002613100    0.0009250600    0.0004120900
   0.0000216500    0.0000114100   -0.0000137400
   0.0000175100    0.0000695800   -0.0000082300
   0.0000047900   -0.0000266400   -0.0000259200
   0.0000009800    0.0000398600    0.0000053700
  -0.0050946000    0.0396752700   -0.0281108600
   0.0001282300   -0.0000487000   -0.0000651200
  -0.0000304600    0.0000287800    0.0000748400
  -0.0057027600    0.0093577100   -0.0000340700
  -0.0000103600   -0.0000240700   -0.0000091900
   0.0007161100    0.0005693300    0.0000344800
   0.0000693100   -0.0001005600    0.0001895000
   0.0000115900    0.0000211700    0.0000068700
   0.0000234800   -0.0000355100    0.0000051500
   0.0000657400   -0.0000553000   -0.0001632500
   0.0000113200   -0.0000148800   -0.0000001400
  -0.0007704900   -0.0003859000    0.0000009600
   0.0017971300    0.0023418000    0.0016433500
   0.0000253300   -0.0000422300    0.0000080800
   0.0000356000   -0.0000394500   -0.0000415100
   0.0000176800   -0.0000418000   -0.0000009100
   0.0000012600   -0.0000169900   -0.0000272200
   0.0000032800   -0.0000686400    0.0000349200
  -0.0030276000   -0.0002609500   -0.0014734600
   0.0000213400   -0.0000053700    0.0000209700
   0.0016524900   -0.0030035900    0.0001679900
   0.0568110600   -0.0919026300   -0.0020121800
   0.0000309900    0.0000446100    0.0000832400
  -0.0000930000   -0.0000273000    0.0000667100
   0.0000251500    0.0000590300   -0.0000176500
  -0.0000298200    0.0000016000   -0.0000381100
  -0.0000078200    0.0000079900   -0.0000028900
  -0.0000830300   -0.0000013800    0.0000385700
  -0.0000074400    0.0000082000    0.0000006300
   0.0000493600    0.0000473100   -0.0000623700
   0.0005689900   -0.0006662000   -0.0004444400
   0.0000131500    0.0000111800   -0.0000023100
  -0.0001384400    0.0000279800    0.0000155100
   0.0000139600    0.0000036700    0.0000051900
   0.0000021100   -0.0000037000    0.0000015300
  -0.0000139900   -0.0000135400   -0.0000049800
  -0.0001072000    0.0000437400   -0.0001285500
  -0.0000080000   -0.0000105600   -0.0000065100
   0.0023704300    0.0001374500   -0.0018988300
  -0.0048174100    0.0078897900    0.0012014900
   0.0000098500   -0.0000529800   -0.0000042700
  -0.0000331100    0.0000113900    0.0000059800
  -0.0000232600    0.0000507100   -0.0000022400
   0.0000064500    0.0000343100   -0.0000125500
   0.0000111600    0.0000360000   -0.0000044300
  -0.0044075900    0.0079155900   -0.0013079300
  -0.0000262500    0.0000144200    0.0000089500
  -0.0000000900   -0.0000581600   -0.0000587700
   0.0005268200   -0.0009769100    0.0005094700
   0.0000011300   -0.0000016100   -0.0000035900
  -0.0014176200   -0.0019942900    0.0017237000
  -0.0000232500    0.0001039600    0.0001031300
  -0.0000124000   -0.0000078500    0.0000017900
   0.0000137400    0.0000179900    0.0000063600
  -0.0000198800   -0.0000046000   -0.0000120700
   0.0000114000    0.0000051000    0.0000081000
  -0.0000049600    0.0000998600   -0.0000303700
  -0.0047835800   -0.0009280400   -0.0007346700
  -0.0000333300   -0.0000033500    0.0000121200
  -0.0043444200   -0.0006278800    0.0005874300
   0.0000414500   -0.0001035600   -0.0000927100
  -0.0000010000    0.0000002600   -0.0000052500
  -0.0000323200    0.0000306500    0.0000042600
  -0.0000421500    0.0000217400    0.0000071200
   0.0000055200    0.0000043800   -0.0000033400
   0.0000403500   -0.0001160300    0.0000225700
   0.0004297000    0.0018270000    0.0011964400
  -0.0000214100    0.0000188100   -0.0000259900
  -0.0000173400   -0.0000176900   -0.0000007000
   0.0000042000   -0.0000089400   -0.0000025800
  -0.0000151200   -0.0000163700    0.0000255100
   0.0000138800    0.0000050900   -0.0000050800
  -0.0017279300    0.0006253100   -0.0011834500
   0.0000169900    0.0000029200   -0.0000240700
   0.0000271900    0.0000038200    0.0000203100
   0.0025491300    0.0030713800    0.0008587300
  -0.0000109300    0.0000036500    0.0000039300
   0.0001799800   -0.0001019700    0.0000013100
   0.0000024800    0.0000422500   -0.0000064200
   0.0000057100    0.0000174600   -0.0000183300
  -0.0000163100    0.0000414400   -0.0000071400
   0.0001785300   -0.0000952300    0.0000720800
  -0.0000079200    0.0000002500    0.0000091600
   0.0019589400    0.0025003000   -0.0007396600
   0.0011415900   -0.0019828900   -0.0000848800
   0.0001230200   -0.0000576700    0.0000020700
  -0.0002090200   -0.0001952200   -0.0000213400
   0.0001149200    0.0001234100   -0.0000748800
  -0.0000205900   -0.0001183200   -0.0000139400
  -0.0000047500    0.0000066200   -0.0000003500
  -0.0001179900   -0.0000321100    0.0000772600
  -0.0000030200    0.0000050200    0.0000003900
   0.0002701800    0.0000851400    0.0000192400

37   
  0.0050000000000000  -0.0086602540378444   0.0000000000000000
   0.0323952200   -0.0246907400   -0.0293349700
   0.0011677200   -0.0001608200    0.0005259700
   0.0000420300   -0.0000409800   -0.0000087400
   0.0000746300   -0.0000327500   -0.0000222800
   0.0000180000    0.0001442200   -0.0000509100
   0.0000205700    0.0000098200   -0.0000239000
   0.0000157400   -0.0007498100    0.0007435100
  -0.0000226100    0.0000125900   -0.0000245600
  -0.0000441400   -0.0000976700    0.0000914100
   0.0006814200   -0.0002063700   -0.0005857200
  -0.0002614000   -0.0009116200   -0.0004019100
  -0.0000214400   -0.0000113700    0.0000134700
  -0.0000184400   -0.0000722300    0.0000090600
  -0.0000047000    0.0000269800    0.0000256600
  -0.0000002000   -0.0000410900   -0.0000058400
   0.0050921200   -0.0405441700    0.0290963800
  -0.0001284800    0.0000493700    0.0000661800
   0.0000313300   -0.0000311000   -0.0000753600
   0.0055513600   -0.0094351300   -0.0000598400
   0.0000114200    0.0000236900    0.0000092800
  -0.0007167300   -0.0005562300   -0.0000284800
  -0.0000671400    0.0000998000   -0.0001867800
  -0.0000111500   -0.0000206300   -0.0000066100
  -0.0000233300    0.0000355800   -0.0000056300
  -0.0000655800    0.0000575300    0.0001658900
  -0.0000114000    0.0000148600   -0.0000000300
   0.0007811900    0.0003824800    0.0000028500
  -0.0017842400   -0.0022944900   -0.0016288000
  -0.0000247900    0.0000426900   -0.0000075700
  -0.0000355500    0.0000392900    0.0000393200
  -0.0000179300    0.0000416600    0.0000003600
  -0.0000014800    0.0000168500    0.0000268500
  -0.0000035900    0.0000692800   -0.0000366800
   0.0030799900    0.0002427200    0.0014872700
  -0.0000214400    0.0000052000   -0.0000212400
  -0.0016683700    0.0029917000   -0.0001787800
  -0.0558075800    0.0924468900    0.0000237800
  -0.0000327000   -0.0000447500   -0.0000839700
   0.0000909000    0.0000262700   -0.0000666900
  -0.0000230400   -0.0000598600    0.0000181600
   0.0000290800   -0.0000025600    0.0000375300
   0.0000076100   -0.0000080800    0.0000030400
   0.0000837300    0.0000038200   -0.0000383600
   0.0000075800   -0.0000081100   -0.0000008700
  -0.0000514600   -0.0000490700    0.0000622600
  -0.0005615000    0.0006581900    0.0004319700
  -0.0000135300   -0.0000112700    0.0000024400
   0.0001401700   -0.0000312400   -0.0000116300
  -0.0000136400   -0.0000039400   -0.0000053200
  -0.0000020900    0.0000037400   -0.0000014500
   0.0000143000    0.0000143600    0.0000051000
   0.0001098700   -0.0000444900    0.0001345500
   0.0000083100    0.0000107700    0.0000062500
  -0.0024246700   -0.0001472000    0.0019227400
   0.0047099500   -0.0076956600   -0.0011890000
  -0.0000118500    0.0000514300    0.0000022400
   0.0000325600   -0.0000116600   -0.0000056100
   0.0000239100   -0.0000503800    0.0000018300
  -0.0000064500   -0.0000341400    0.0000128000
  -0.0000116900   -0.0000363300    0.0000046500
   0.0045246100   -0.0081083700    0.0013212000
   0.0000262600   -0.0000144200   -0.0000085700
  -0.0000021200    0.0000575300    0.0000586100
  -0.0005284300    0.0009859500   -0.0005178100
  -0.0000011800    0.0000016500    0.0000036800
   0.0013822100    0.0019518700   -0.0017017900
   0.0000227600   -0.0001016800   -0.0000981000
   0.0000120600    0.0000075800   -0.0000016900
  -0.0000129000   -0.0000180000   -0.0000061900
   0.0000198700    0.0000051800    0.0000120500
  -0.0000110800   -0.0000048100   -0.0000082200
   0.0000034900   -0.0000967500    0.0000346200
   0.0047938400    0.0009565600    0.0007260900
   0.0000330900    0.0000031500   -0.0000120600
   0.0043155000    0.0006063300   -0.0005924000
  -0.0000416200    0.0001034700    0.0000902600
   0.0000008200   -0.0000002500    0.0000050800
   0.0000318800   -0.0000302600   -0.0000038900
   0.0000429600   -0.0000217100   -0.0000073700
  -0.0000055400   -0.0000043900    0.0000034200
  -0.0000412700    0.0001183700   -0.0000221800
  -0.0004426100   -0.0018368000   -0.0011909500
   0.0000209900   -0.0000187100    0.0000260800
   0.0000170600    0.0000173600    0.0000005900
  -0.0000045000    0.0000088400    0.0000026700
   0.0000148500    0.0000159800   -0.0000253100
  -0.0000142600   -0.0000051400    0.0000050700
   0.0017133000   -0.0006318000    0.0011888200
  -0.0000175500   -0.0000029300    0.0000241100
  -0.0000250400   -0.0000021600   -0.0000144600
  -0.0025241400   -0.0030727300   -0.0008603200
   0.0000109400   -0.0000037400   -0.0000040700
  -0.0001760700    0.0000990900    0.0000004100
  -0.0000021300   -0.0000414800    0.0000063200
  -0.0000060200   -0.0000174200    0.0000185400
   0.0000165500   -0.0000419300    0.0000074500
  -0.0001808600    0.0000953100   -0.0000745900
   0.0000078200   -0.0000002800   -0.0000089600
  -0.0019817800   -0.0025087800    0.0007421500
  -0.0011435000    0.0019818900    0.0000001500
  -0.0001239100    0.0000588600   -0.0000030100
   0.0002081600    0.0001939600    0.0000210200
  -0.0001135400   -0.0001241700    0.0000728400
   0.0000212200    0.0001172400    0.0000134900
   0.0000046000   -0.0000067100    0.0000005300
   0.0001173100    0.0000337200   -0.0000791900
   0.0000030700   -0.0000049400   -0.0000001200
  -0.0002715700   -0.0000853500   -0.0000192400

37   
  0.0000000000000000   0.0000000000000000   0.0100000000000000
  -0.0314321600    0.0176092600    0.0440921200
  -0.0006093600   -0.0001732700    0.0004641700
   0.0000170500   -0.0000471500   -0.0000280500
   0.0000439700    0.0000020500   -0.0000263600
   0.0000046700   -0.0000310200   -0.0000133000
  -0.0000060000    0.0000038800   -0.0000014200
  -0.0000653800    0.0007017800    0.0005282800
  -0.0000143000    0.0000035400   -0.0000038200
   0.0000443500   -0.0000035200   -0.0000273300
   0.0006370000   -0.0004428600    0.0004979700
  -0.0002307300   -0.0001945900    0.0006178500
   0.0000032200   -0.0000067600   -0.0000003200
   0.0000323500    0.0000399900   -0.0000090200
  -0.0000052300   -0.0000123700   -0.0000081200
  -0.0000276900    0.0000548700   -0.0000164800
   0.0002258600   -0.0350799800    0.0441979500
  -0.0000721700    0.0000434900   -0.0000614300
   0.0000757500    0.0000354300   -0.0000639700
   0.0307830200    0.0170105800    0.0440984900
  -0.0000145800   -0.0000514500   -0.0000116900
   0.0007145400   -0.0002724700    0.0004878600
   0.0000001700   -0.0000585900   -0.0000538900
  -0.0000571700   -0.0000105700   -0.0000157300
   0.0000046500   -0.0000021000   -0.0000049400
  -0.0000576400    0.0000060500   -0.0000620900
   0.0000149100    0.0000128700   -0.0000050000
   0.0000172800    0.0003673900    0.0006588800
   0.0000894000    0.0015447400    0.0024131100
   0.0000340400   -0.0000051200    0.0000521300
  -0.0000054400   -0.0000024400    0.0000345500
  -0.0000070400   -0.0000022600    0.0000022600
  -0.0000036900    0.0000074500   -0.0000008500
   0.0000161900   -0.0000205400    0.0000388900
   0.0009659000   -0.0006119500    0.0025869900
   0.0000028100    0.0000098200   -0.0000022600
  -0.0012928000   -0.0008911000    0.0025945400
   0.0006640900   -0.0008250900   -0.1414931800
   0.0000010500    0.0000791900   -0.0001818100
  -0.0000385300    0.0000730700   -0.0001819900
  -0.0000887400   -0.0000097500   -0.0001782700
   0.0000312100   -0.0000546800   -0.0002090600
  -0.0000005900    0.0000004800    0.0000087700
  -0.0000640300   -0.0000548600   -0.0001781500
   0.0000030800   -0.0000016400    0.0000086900
   0.0000514400   -0.0000130800   -0.0002090500
  -0.0005279900    0.0021207800    0.0004561100
   0.0000052800    0.0000111700    0.0000098100
  -0.0000767800    0.0000618500   -0.0003096400
  -0.0000027400    0.0000008300    0.0000108600
   0.0000008800   -0.0000015400    0.0000156500
  -0.0000019500   -0.0000101100    0.0000116400
   0.0000141600   -0.0000384400   -0.0003445700
  -0.0000042100   -0.0000023800    0.0000124500
  -0.0021305600   -0.0006129400    0.0002057500
   0.0007912200   -0.0009513800   -0.0028185500
   0.0000557300    0.0000997000    0.0000471700
  -0.0000103100    0.0000086600   -0.0000211700
  -0.0000141600   -0.0000057900    0.0000053000
   0.0000075300   -0.0000025000   -0.0000206600
  -0.0000010400   -0.0000107200   -0.0000212500
  -0.0006732300    0.0011582200   -0.0030203400
  -0.0000007900    0.0000049900   -0.0000207000
  -0.0000182900   -0.0000067500    0.0000451200
   0.0014080000   -0.0012733600    0.0002414100
  -0.0000023400    0.0000032700    0.0000131100
  -0.0015990100   -0.0014574400    0.0002175300
  -0.0000113500   -0.0000193500   -0.0003571100
   0.0000125100    0.0000019200    0.0000120500
  -0.0000134400    0.0000060200    0.0000124100
   0.0000011100   -0.0000073300    0.0000112900
  -0.0000021900   -0.0000056200    0.0000129200
   0.0000463500   -0.0000853400   -0.0003075300
  -0.0012229200    0.0000624100   -0.0030743300
  -0.0000040600    0.0000147000    0.0000066800
   0.0011140200   -0.0001675800   -0.0027915700
  -0.0000032300    0.0000058600    0.0000690500
   0.0000074800    0.0000047100   -0.0000239700
  -0.0000136100    0.0000057300   -0.0000231100
  -0.0000018200   -0.0000046100   -0.0000248000
   0.0000034000   -0.0000069800   -0.0000253200
  -0.0000562900   -0.0000972500    0.0000281400
   0.0006267500    0.0026608700    0.0004527000
   0.0001160000    0.0000330300   -0.0002717200
  -0.0000114600    0.0000152400    0.0000150200
  -0.0000051500   -0.0000006200    0.0000100900
   0.0000042600   -0.0000012300    0.0000107400
   0.0000060200   -0.0000165700    0.0000140100
   0.0023694300   -0.0007272100    0.0002450200
   0.0000048300    0.0000028700    0.0000100700
   0.0000319700    0.0000030400   -0.0003875300
  -0.0007301500   -0.0005897000   -0.0031496100
   0.0000072300    0.0000064400   -0.0000269300
  -0.0001255400    0.0000798900   -0.0000017100
  -0.0000084600    0.0000100100   -0.0000349000
   0.0000174100   -0.0000121100    0.0000099700
  -0.0000005500   -0.0000127200   -0.0000263600
   0.0000083400   -0.0000039300    0.0000839600
  -0.0000091600    0.0000038200   -0.0000332600
   0.0001568000    0.0009644400   -0.0030805300
   0.0000612800    0.0000474900    0.0173706000
   0.0000206300    0.0000624600    0.0000736800
  -0.0000118300    0.0000519300    0.0000504100
  -0.0000369100   -0.0000178200    0.0000290900
   0.0000335900   -0.0000355000    0.0000158800
  -0.0000006400   -0.0000003500   -0.0000003300
  -0.0000173900   -0.0000391200    0.0000441700
   0.0000024600   -0.0000003000   -0.0000042600
   0.0000301700   -0.0000144800    0.0000059800

37   
  0.0000000000000000   0.0000000000000000  -0.0100000000000000
   0.0303614600   -0.0169844800   -0.0430813400
   0.0006398600    0.0001632700   -0.0004538000
  -0.0000166900    0.0000469200    0.0000308000
  -0.0000435600   -0.0000023200    0.0000290300
  -0.0000018400    0.0000296000    0.0000133500
   0.0000051200   -0.0000035400    0.0000017800
   0.0000908300   -0.0007206300   -0.0005196200
   0.0000144400   -0.0000036700    0.0000040900
  -0.0000416000    0.0000011800    0.0000275100
  -0.0006409600    0.0004757400   -0.0004887100
   0.0002379000    0.0002232000   -0.0006078000
  -0.0000033400    0.0000059300    0.0000009300
  -0.0000323800   -0.0000394800    0.0000117400
   0.0000051700    0.0000124900    0.0000085700
   0.0000280300   -0.0000542100    0.0000186800
  -0.0002356100    0.0338708100   -0.0432074600
   0.0000724100   -0.0000397300    0.0000623000
  -0.0000774700   -0.0000313400    0.0000645300
  -0.0297358800   -0.0163880500   -0.0430944900
   0.0000144800    0.0000513200    0.0000143500
  -0.0007453400    0.0002605200   -0.0004787000
  -0.0000038300    0.0000586100    0.0000545100
   0.0000568900    0.0000099000    0.0000178300
  -0.0000040500    0.0000024300    0.0000056800
   0.0000551100   -0.0000084400    0.0000633800
  -0.0000150000   -0.0000129600    0.0000055500
  -0.0000396700   -0.0003860400   -0.0006502700
  -0.0000929900   -0.0015782500   -0.0024131700
  -0.0000337600    0.0000054800   -0.0000480000
   0.0000055200    0.0000025700   -0.0000295400
   0.0000067700    0.0000021900   -0.0000013700
   0.0000039900   -0.0000075300    0.0000017800
  -0.0000160900    0.0000206400   -0.0000348100
  -0.0009950100    0.0006270600   -0.0025883300
  -0.0000027800   -0.0000095300    0.0000030200
   0.0013185000    0.0009086500   -0.0025918400
  -0.0006334200    0.0007773200    0.1382528600
  -0.0000059200   -0.0000788200    0.0001789100
   0.0000435000   -0.0000727300    0.0001787300
   0.0000912400    0.0000052700    0.0001750300
  -0.0000329200    0.0000521200    0.0002058600
   0.0000006000   -0.0000005700   -0.0000091600
   0.0000613600    0.0000590400    0.0001751500
  -0.0000031200    0.0000016000   -0.0000092500
  -0.0000499700    0.0000157300    0.0002058800
   0.0005322200   -0.0021327800   -0.0004581600
  -0.0000048000   -0.0000110800   -0.0000100000
   0.0000749100   -0.0000608300    0.0003079100
   0.0000029100   -0.0000008500   -0.0000106700
  -0.0000010100    0.0000016200   -0.0000157300
   0.0000020500    0.0000095700   -0.0000117800
  -0.0000078900    0.0000348800    0.0003475700
   0.0000042500    0.0000022400   -0.0000123600
   0.0021466600    0.0006149400   -0.0002068800
  -0.0007743600    0.0009044400    0.0027956200
  -0.0000588900   -0.0001019900   -0.0000472000
   0.0000105200   -0.0000085300    0.0000201200
   0.0000139900    0.0000056900   -0.0000059500
  -0.0000079100    0.0000020300    0.0000206100
   0.0000013200    0.0000108200    0.0000202900
   0.0006419700   -0.0011178600    0.0029945300
   0.0000003000   -0.0000049300    0.0000208100
   0.0000199000    0.0000077600   -0.0000492100
  -0.0014158500    0.0012819000   -0.0002430600
   0.0000023100   -0.0000033600   -0.0000133200
   0.0016070600    0.0014702200   -0.0002181000
   0.0000116800    0.0000258300    0.0003594400
  -0.0000121400   -0.0000017100   -0.0000122700
   0.0000129800   -0.0000058300   -0.0000126700
  -0.0000011200    0.0000075100   -0.0000112400
   0.0000019200    0.0000056500   -0.0000128700
  -0.0000478900    0.0000835200    0.0003050100
   0.0011709000   -0.0000531800    0.0030440100
   0.0000040800   -0.0000144400   -0.0000074900
  -0.0010626600    0.0001779600    0.0027654900
   0.0000031500   -0.0000071700   -0.0000733200
  -0.0000073700   -0.0000050100    0.0000229000
   0.0000136200   -0.0000060900    0.0000219700
   0.0000014500    0.0000050200    0.0000247700
  -0.0000032400    0.0000074200    0.0000251200
   0.0000568000    0.0001016800   -0.0000286300
  -0.0006358200   -0.0026674900   -0.0004508500
  -0.0001159400   -0.0000309400    0.0002669100
   0.0000109500   -0.0000149800   -0.0000154500
   0.0000052500    0.0000007300   -0.0000103100
  -0.0000044100    0.0000012900   -0.0000108500
  -0.0000061000    0.0000160400   -0.0000142300
  -0.0023800500    0.0007250300   -0.0002438800
  -0.0000050700   -0.0000028800   -0.0000101700
  -0.0000364800   -0.0000059400    0.0003872600
   0.0007228700    0.0005568400    0.0031171700
  -0.0000073600   -0.0000063800    0.0000257100
   0.0001303900   -0.0000826300    0.0000005100
   0.0000087800   -0.0000105800    0.0000348500
  -0.0000171500    0.0000119900   -0.0000109200
   0.0000003500    0.0000129200    0.0000252100
  -0.0000095100    0.0000047700   -0.0000879700
   0.0000096800   -0.0000038300    0.0000332400
  -0.0001320000   -0.0009405000    0.0030492900
  -0.0000617400   -0.0000479000   -0.0170155700
  -0.0000198900   -0.0000631800   -0.0000724800
   0.0000113900   -0.0000528900   -0.0000492400
   0.0000372000    0.0000186400   -0.0000288300
  -0.0000335300    0.0000353500   -0.0000146700
   0.0000007200    0.0000002800    0.0000003200
   0.0000184500    0.0000388800   -0.0000439300
  -0.0000024800    0.0000002500    0.0000042100
  -0.0000302600    0.0000147900   -0.0000047500

46   
  0.0100000000000000   0.0000000000000000   0.0000000000000000
   0.0009491100    0.0025049900    0.0014622000
   0.0011440800   -0.0026222800   -0.0013546500
  -0.0000225800   -0.0000021800    0.0000008600
  -0.0000687300   -0.0000006000   -0.0000251100
  -0.0033020300   -0.0000613900    0.0001541600
  -0.0000725700   -0.0000159000    0.0000233500
  -0.0000479600   -0.0000067800    0.0000048500
  -0.0000206200    0.0000051100    0.0000207600
  -0.0000144000    0.0000036200   -0.0000306800
   0.0002710900   -0.0002270500    0.0002836900
   0.0361507600    0.0143937300   -0.0276488500
   0.0000605700    0.0000175500    0.0000054800
   0.0000017000    0.0000235300   -0.0000186100
   0.0000202800   -0.0000536500    0.0000704900
   0.0000284800    0.0000361300    0.0000094300
   0.0006367900    0.0007713100    0.0003209900
  -0.0000693600    0.0001309700   -0.0000953900
  -0.0000163900   -0.0000021000   -0.0000254600
   0.0113461600   -0.0000976600    0.0000875400
  -0.0000171700    0.0000221400   -0.0001439800
  -0.0000556000    0.0000085700    0.0001673300
   0.0001106300    0.0006634800    0.0000690300
   0.0000550300   -0.0006448100   -0.0000865300
  -0.0000337300   -0.0000002100    0.0000041800
  -0.0000157800   -0.0000291000   -0.0000173600
  -0.0000097400    0.0000025200    0.0000009100
   0.0000077700    0.0000240100    0.0000145000
   0.0361949900   -0.0142700100    0.0279437100
   0.0004168000    0.0001585400   -0.0004290100
   0.0000685500   -0.0000197400    0.0000043900
   0.0000536000   -0.0000280700    0.0000099600
   0.0000409400    0.0001173700   -0.0000922100
   0.0000007200   -0.0000182600    0.0000268200
   0.0006859800   -0.0010613500   -0.0004425800
  -0.0000154000    0.0000073300    0.0000261800
  -0.0000751500   -0.0001238800    0.0000675400
  -0.0009865100    0.0000792000   -0.0005228000
   0.0000876100   -0.0001117600   -0.0000782400
  -0.0000095500    0.0000096200    0.0000050200
   0.0000598400   -0.0000918300    0.0000088800
  -0.0006645400    0.0024157700   -0.0021535400
  -0.0000096700   -0.0000151800   -0.0000042800
  -0.0000008900    0.0000158000   -0.0000028800
  -0.0000005900   -0.0000169700   -0.0000019300
  -0.0000055600   -0.0000007900    0.0000008800
  -0.1008778800    0.0021022400   -0.0000286200
   0.0000286300   -0.0000465000   -0.0000065100
   0.0000282700    0.0000299000    0.0000268900
   0.0000087800   -0.0000602800    0.0000518500
   0.0000129900    0.0000408900   -0.0000517700
   0.0000040800   -0.0000025100   -0.0000013900
   0.0000084600    0.0000603900    0.0000811000
   0.0000040900   -0.0000027200   -0.0000000800
   0.0000129000   -0.0000361800   -0.0000344300
   0.0010788400    0.0009646700    0.0015730800
   0.0011269100   -0.0008679800   -0.0016050500
  -0.0000048100   -0.0000002500   -0.0000009000
  -0.0000123700   -0.0000186900   -0.0000006800
  -0.0000410700    0.0000245100    0.0000131100
  -0.0000095800    0.0000101100   -0.0000041700
  -0.0000495600   -0.0000097300   -0.0000269600
  -0.0000089800    0.0000173000   -0.0000095000
  -0.0000088400   -0.0000238300    0.0000121000
   0.0015811100   -0.0046841500   -0.0007573100
   0.0000286100   -0.0000145000    0.0000067300
  -0.0001020000   -0.0000408400   -0.0000616200
   0.0015966400   -0.0042854800    0.0007697600
  -0.0001280900   -0.0000313600    0.0000287100
   0.0000299500   -0.0000114000    0.0000042900
   0.0000168800   -0.0000209000    0.0000159000
   0.0000009000    0.0000004700    0.0000001100
  -0.0000040100    0.0000044000   -0.0000027000
  -0.0012568000    0.0000737300    0.0006168900
  -0.0000045000   -0.0000143600   -0.0000106100
   0.0000788300    0.0000594000    0.0000494400
  -0.0005745700   -0.0023798700    0.0019168200
   0.0000436500    0.0000406400   -0.0000167200
   0.0000026500    0.0000165700    0.0000053100
  -0.0000029900    0.0000016300   -0.0000025500
   0.0000036100    0.0000143200    0.0000049600
  -0.0000055800   -0.0000149300    0.0000015400
   0.0072307500   -0.0003531000    0.0016030900
   0.0073964000    0.0001929900   -0.0017702900
   0.0000330200    0.0000024100   -0.0000018100
   0.0000191000   -0.0000191600    0.0000066500
   0.0000368600   -0.0000268000   -0.0000486700
   0.0000177500    0.0000217800   -0.0000098500
  -0.0000419900   -0.0000056600   -0.0000014400
   0.0000303300   -0.0000031600    0.0000125300
   0.0000293100    0.0000137200   -0.0000150700
  -0.0022492200    0.0000315800    0.0000014800
   0.0000492900   -0.0001368800    0.0000550200
   0.0000678900    0.0001693800   -0.0000459600
  -0.0000690500   -0.0002439500   -0.0000498700
  -0.0000759400    0.0002498500    0.0000504700
   0.0000040200   -0.0000007200   -0.0000007600
  -0.0001052900    0.0000988600    0.0000168400
   0.0000106500   -0.0000001100    0.0000003000
  -0.0000895400   -0.0000977600   -0.0000197500
   0.0013561900    0.0038831300    0.0009230500
  -0.0001332200    0.0001198200    0.0000540200
   0.0000234400    0.0000100000   -0.0000084300
  -0.0001678700    0.0000773000   -0.0000013000
   0.0011075400    0.0032291800   -0.0008990100
   0.0000318900    0.0000046100   -0.0000092300
   0.0000037600   -0.0000096100   -0.0000001000
   0.0000061700    0.0000008000    0.0000032400
   0.0000156300    0.0000071100   -0.0000211600

46   
 -0.0100000000000000   0.0000000000000000   0.0000000000000000
  -0.0009782000   -0.0025375700   -0.0014705900
  -0.0011085400    0.0025881000    0.0013462400
   0.0000225900    0.0000024000   -0.0000003900
   0.0000692200   -0.0000002700    0.0000275000
   0.0033040200    0.0000833000   -0.0001398000
   0.0000715800    0.0000150100   -0.0000214300
   0.0000477800    0.0000052500   -0.0000055900
   0.0000206600   -0.0000050600   -0.0000203000
   0.0000144200   -0.0000034400    0.0000312600
  -0.0003036400    0.0002366000   -0.0002822600
  -0.0354308600   -0.0139723600    0.0266972100
  -0.0000585100   -0.0000155800   -0.0000053800
  -0.0000015300   -0.0000235600    0.0000189300
  -0.0000183500    0.0000540400   -0.0000696700
  -0.0000274200   -0.0000362800   -0.0000087500
  -0.0006476600   -0.0007794300   -0.0003302000
   0.0000690900   -0.0001305500    0.0000939200
   0.0000164800    0.0000019700    0.0000256800
  -0.0113531400    0.0002605800   -0.0000038000
   0.0000163400   -0.0000232400    0.0001422100
   0.0000564700   -0.0000099200   -0.0001693300
  -0.0001252700   -0.0006673200   -0.0000735400
  -0.0000435100    0.0006394200    0.0000846600
   0.0000337800   -0.0000000200   -0.0000037800
   0.0000165500    0.0000282700    0.0000173000
   0.0000097200   -0.0000024400   -0.0000004500
  -0.0000079300   -0.0000247500   -0.0000147500
  -0.0369168900    0.0146818600   -0.0289141500
  -0.0003838500   -0.0001499500    0.0004290200
  -0.0000707500    0.0000217000   -0.0000044400
  -0.0000544200    0.0000280700   -0.0000094100
  -0.0000429700   -0.0001173700    0.0000933100
  -0.0000008600    0.0000181700   -0.0000265200
  -0.0006742700    0.0010496500    0.0004296600
   0.0000153300   -0.0000074700   -0.0000259900
   0.0000753700    0.0001245800   -0.0000684500
   0.0009987200   -0.0000800100    0.0005371600
  -0.0000857500    0.0001099300    0.0000735000
   0.0000099700   -0.0000098700   -0.0000049800
  -0.0000541400    0.0000929900   -0.0000131000
   0.0006489700   -0.0023627800    0.0021241200
   0.0000092800    0.0000145700    0.0000041700
   0.0000006500   -0.0000152100    0.0000027800
   0.0000007300    0.0000164800    0.0000021700
   0.0000055500    0.0000008000   -0.0000009500
   0.1008811200   -0.0032139200    0.0019630800
  -0.0000281700    0.0000454700    0.0000042000
  -0.0000285200   -0.0000305500   -0.0000294900
  -0.0000089100    0.0000627800   -0.0000523600
  -0.0000124900   -0.0000379400    0.0000511900
  -0.0000040900    0.0000027300    0.0000012600
  -0.0000092400   -0.0000586000   -0.0000802800
  -0.0000040900    0.0000025200    0.0000003000
  -0.0000125600    0.0000374600    0.0000350100
  -0.0010755100   -0.0009509300   -0.0015806700
  -0.0011301300    0.0008817700    0.0015972600
   0.0000047400    0.0000002500    0.0000009400
   0.0000125600    0.0000192200    0.0000007500
   0.0000408700   -0.0000298800   -0.0000172200
   0.0000094300   -0.0000096900    0.0000041400
   0.0000493400    0.0000102700    0.0000255800
   0.0000086800   -0.0000167500    0.0000096300
   0.0000090600    0.0000242900   -0.0000121600
  -0.0015987600    0.0046640600    0.0007653800
  -0.0000282400    0.0000140300   -0.0000063900
   0.0001023700    0.0000418500    0.0000636000
  -0.0015906900    0.0043239200   -0.0007697100
   0.0001249700    0.0000315500   -0.0000295600
  -0.0000303900    0.0000114600   -0.0000046200
  -0.0000167700    0.0000211800   -0.0000159500
  -0.0000010000   -0.0000001600   -0.0000000200
   0.0000037800   -0.0000042900    0.0000029700
   0.0012471000   -0.0000750200   -0.0006069100
   0.0000039800    0.0000140000    0.0000105500
  -0.0000807400   -0.0000598600   -0.0000532800
   0.0005904200    0.0024327300   -0.0019441500
  -0.0000490200   -0.0000398800    0.0000123000
  -0.0000023900   -0.0000172300   -0.0000054800
   0.0000029500   -0.0000015500    0.0000024900
  -0.0000038200   -0.0000148300   -0.0000048900
   0.0000057900    0.0000155400   -0.0000016300
  -0.0074151200    0.0003565000   -0.0016417600
  -0.0072103000   -0.0001921900    0.0017294200
  -0.0000330300   -0.0000030900    0.0000016400
  -0.0000192900    0.0000195400   -0.0000070600
  -0.0000375200    0.0000293400    0.0000479100
  -0.0000176400   -0.0000213600    0.0000095400
   0.0000424000    0.0000083900    0.0000025800
  -0.0000303200    0.0000033500   -0.0000128900
  -0.0000294000   -0.0000136400    0.0000148600
   0.0022493200   -0.0000281500    0.0000777800
  -0.0000503400    0.0001355900   -0.0000538900
  -0.0000671900   -0.0001711600    0.0000470800
   0.0000702300    0.0002448300    0.0000505100
   0.0000749100   -0.0002490100   -0.0000501700
  -0.0000040300    0.0000009200    0.0000006200
   0.0001036800   -0.0000989900   -0.0000157800
  -0.0000107000    0.0000000700   -0.0000005800
   0.0000910100    0.0000975000    0.0000203300
  -0.0013442400   -0.0039032200   -0.0009226100
   0.0001323700   -0.0001174600   -0.0000518700
  -0.0000239000   -0.0000104100    0.0000086500
   0.0001726700   -0.0000779500   -0.0000007100
  -0.0011131300   -0.0032022200    0.0008907900
  -0.0000314200   -0.0000047400    0.0000089600
  -0.0000035200    0.0000096200    0.0000003000
  -0.0000060700   -0.0000004200   -0.0000033200
  -0.0000158800   -0.0000069200    0.0000210200

46   
  0.0000000000000000   0.0000000000000000   0.0100000000000000
   0.0013544200    0.0007819800    0.0023385800
  -0.0011413800    0.0004795600    0.0025592400
   0.0000020000    0.0000043800    0.0000019000
   0.0000215300   -0.0000338000    0.0000502300
  -0.0001554100   -0.0012282600    0.0025592300
  -0.0000487500   -0.0000281500    0.0000512100
  -0.0000185000    0.0000355400    0.0000502500
   0.0000098700    0.0000057000    0.0000014400
   0.0000048000   -0.0000004600    0.0000019100
  -0.0003790800    0.0000977500    0.0007004600
  -0.0284867600   -0.0164468000    0.0434368700
   0.0000316400    0.0000544600   -0.0000095500
   0.0000000700    0.0000000400   -0.0000074300
   0.0000234000    0.0001006400   -0.0000799000
   0.0000629600    0.0000001500   -0.0000095400
  -0.0001049200   -0.0003771800    0.0007004700
   0.0000988900   -0.0000300300   -0.0000799000
  -0.0000095300   -0.0000054900   -0.0000071300
  -0.0006092400    0.0337236900    0.0430404600
   0.0000106700   -0.0000688000   -0.0000294700
  -0.0000259100   -0.0000574100   -0.0000227600
  -0.0004873000    0.0005305000    0.0005530300
   0.0002473100    0.0002368000    0.0007467900
  -0.0000038900    0.0000013700   -0.0000054800
  -0.0000346800   -0.0000388000   -0.0000175000
   0.0000017300    0.0000127600   -0.0000022000
   0.0000242500   -0.0000566100   -0.0000244200
   0.0289009600   -0.0173894300    0.0430404700
   0.0003287400    0.0000957400    0.0007467900
  -0.0000369200    0.0000493300   -0.0000244000
  -0.0000509300   -0.0000106400   -0.0000175100
  -0.0000542300    0.0000436500   -0.0000294500
  -0.0000007500   -0.0000040800   -0.0000054600
   0.0002157700   -0.0006872500    0.0005530500
   0.0000118900   -0.0000048600   -0.0000022100
  -0.0000626700    0.0000062800   -0.0000227800
   0.0020986800    0.0007029800    0.0004579600
  -0.0000261500   -0.0000030000   -0.0003103000
  -0.0000007100   -0.0000032300    0.0000099300
   0.0000900700   -0.0000988700   -0.0003446500
   0.0004193200   -0.0019705200    0.0002072100
  -0.0000041100   -0.0000097200    0.0000126000
   0.0000077900    0.0000103700    0.0000110300
   0.0000034000   -0.0000039000    0.0000117400
  -0.0000000100    0.0000017700    0.0000158800
  -0.0009828700   -0.0005674800   -0.1377272600
   0.0000264500   -0.0000563700   -0.0002053400
  -0.0000036300   -0.0000564500   -0.0002052500
   0.0000819800    0.0000111500   -0.0001787600
  -0.0000355800    0.0000510700   -0.0002053300
  -0.0000001700   -0.0000000900    0.0000073800
   0.0000506500    0.0000654300   -0.0001787500
  -0.0000013100   -0.0000007500    0.0000074500
  -0.0000506900    0.0000250800   -0.0002052400
   0.0016581500    0.0014660200    0.0004579800
  -0.0014968600    0.0013483900    0.0002072200
   0.0000015300   -0.0000008900    0.0000159100
   0.0000128900    0.0000015700    0.0000110400
  -0.0000156900   -0.0000211500   -0.0003103100
  -0.0000104700    0.0000012900    0.0000125900
  -0.0000405900    0.0001274300   -0.0003446700
  -0.0000016600    0.0000049000    0.0000117500
  -0.0000031500    0.0000010000    0.0000099400
   0.0005683900   -0.0009876500   -0.0030037500
  -0.0000032200    0.0000008200   -0.0000236200
   0.0000236700    0.0000136700    0.0000592400
  -0.0005711700    0.0009860500   -0.0030037600
  -0.0000763300   -0.0000440600    0.0000178000
   0.0000077500   -0.0000029100   -0.0000192900
   0.0000145800    0.0000084200    0.0000047100
  -0.0000009000   -0.0000031900   -0.0000236100
   0.0000013600    0.0000081700   -0.0000192800
  -0.0018170100    0.0006518100    0.0002450500
  -0.0000044100   -0.0000053200    0.0000105700
  -0.0000308600   -0.0000178200   -0.0003120600
  -0.0003440400   -0.0018995000    0.0002450700
  -0.0001090700   -0.0000629700   -0.0003359700
   0.0000099700   -0.0000119000    0.0000139200
   0.0000016300    0.0000009400    0.0000142400
  -0.0000068000   -0.0000011400    0.0000105600
  -0.0000053100    0.0000145900    0.0000139000
  -0.0009012000    0.0004174000   -0.0030862400
   0.0010188000    0.0001735600   -0.0033671900
   0.0000018100   -0.0000223400    0.0000089200
   0.0000072000   -0.0000047600   -0.0000217700
   0.0000133500   -0.0000119600    0.0000781300
  -0.0000046700   -0.0000045900   -0.0000207200
   0.0000598100    0.0001348900   -0.0000128800
  -0.0000038100    0.0000050500   -0.0000293600
   0.0000086500    0.0000094900   -0.0000356600
   0.0000226800    0.0000130600    0.0168897600
  -0.0000126500   -0.0000187700    0.0000217700
  -0.0000045600   -0.0000149400    0.0000106400
   0.0000431400   -0.0000112800    0.0000714300
  -0.0000225700   -0.0000015700    0.0000217700
   0.0000005100    0.0000003000    0.0000013700
   0.0000118000    0.0000430000    0.0000714400
  -0.0000019200   -0.0000011100   -0.0000059800
  -0.0000152200    0.0000035300    0.0000106200
  -0.0000891300   -0.0009891700   -0.0030862500
  -0.0000037000    0.0000175300    0.0000781200
   0.0000125500    0.0000027500   -0.0000356700
   0.0001467200   -0.0000156500   -0.0000129100
   0.0006597100    0.0007955200   -0.0033671800
  -0.0000062900   -0.0000017600   -0.0000207100
  -0.0000005200    0.0000086100   -0.0000217800
   0.0000024500   -0.0000058300   -0.0000293400
  -0.0000184600    0.0000127500    0.0000089500

46   
  0.0000000000000000   0.0000000000000000  -0.0100000000000000
  -0.0013246700   -0.0007648100   -0.0023420800
   0.0011110100   -0.0004644100   -0.0025612200
  -0.0000020000   -0.0000039500   -0.0000025300
  -0.0000219800    0.0000339900   -0.0000550600
   0.0001533200    0.0011943500   -0.0025612200
   0.0000492000    0.0000284200   -0.0000551700
   0.0000184500   -0.0000360300   -0.0000550500
  -0.0000100400   -0.0000057900   -0.0000019700
  -0.0000044200    0.0000002500   -0.0000025000
   0.0003512400   -0.0001067000   -0.0007108100
   0.0295257700    0.0170467400   -0.0444244600
  -0.0000322300   -0.0000546300    0.0000074400
   0.0000005500    0.0000003100    0.0000068800
  -0.0000271200   -0.0001016700    0.0000794400
  -0.0000634400   -0.0000006000    0.0000074300
   0.0000832100    0.0003574900   -0.0007108200
  -0.0001015800    0.0000273500    0.0000794400
   0.0000095100    0.0000054800    0.0000066900
   0.0005934800   -0.0349231700   -0.0440210300
  -0.0000109600    0.0000721500    0.0000290700
   0.0000253700    0.0000606200    0.0000230600
   0.0004813200   -0.0004993600   -0.0005634900
  -0.0002414900   -0.0002096400   -0.0007566100
   0.0000038500   -0.0000021700    0.0000050200
   0.0000351500    0.0000393100    0.0000148800
  -0.0000017300   -0.0000125500    0.0000018100
  -0.0000242400    0.0000573800    0.0000221400
  -0.0299476300    0.0179755600   -0.0440210200
  -0.0003022900   -0.0001043300   -0.0007566200
   0.0000375700   -0.0000496600    0.0000221300
   0.0000516200    0.0000107700    0.0000148800
   0.0000570200   -0.0000455700    0.0000290700
   0.0000000500    0.0000044000    0.0000050100
  -0.0001917900    0.0006665200   -0.0005634800
  -0.0000117600    0.0000047800    0.0000018000
   0.0000651700   -0.0000083200    0.0000230600
  -0.0020872700   -0.0007014400   -0.0004564000
   0.0000326400   -0.0000003700    0.0003071500
   0.0000005700    0.0000030700   -0.0000099800
  -0.0000932800    0.0000990800    0.0003474400
  -0.0004162900    0.0019594600   -0.0002055300
   0.0000046300    0.0000100100   -0.0000122800
  -0.0000078000   -0.0000108300   -0.0000105900
  -0.0000032800    0.0000039700   -0.0000117700
  -0.0000000500   -0.0000017100   -0.0000156300
   0.0010095500    0.0005828500    0.1408934600
  -0.0000297400    0.0000563400    0.0002085300
   0.0000070800    0.0000562500    0.0002086100
  -0.0000794200   -0.0000159200    0.0001818300
   0.0000339200   -0.0000539300    0.0002085000
   0.0000002200    0.0000001200   -0.0000069400
  -0.0000534900   -0.0000608200    0.0001818600
   0.0000013600    0.0000007900   -0.0000068700
   0.0000522400   -0.0000219800    0.0002086000
  -0.0016510900   -0.0014569000   -0.0004564300
   0.0014887700   -0.0013402600   -0.0002055600
  -0.0000015100    0.0000008100   -0.0000156400
  -0.0000132700   -0.0000013400   -0.0000106000
   0.0000160000    0.0000284400    0.0003071500
   0.0000109800   -0.0000010000   -0.0000122900
   0.0000391600   -0.0001303400    0.0003474400
   0.0000018200   -0.0000048100   -0.0000117700
   0.0000029400   -0.0000010500   -0.0000099800
  -0.0006021900    0.0010293800    0.0030327000
   0.0000027500   -0.0000006900    0.0000237400
  -0.0000224700   -0.0000129700   -0.0000546900
   0.0005903900   -0.0010361900    0.0030327000
   0.0000735100    0.0000424600   -0.0000172100
  -0.0000075100    0.0000031400    0.0000205800
  -0.0000146800   -0.0000084800   -0.0000037400
   0.0000007900    0.0000027400    0.0000237600
  -0.0000010300   -0.0000080700    0.0000205800
   0.0018069700   -0.0006503100   -0.0002441600
   0.0000045200    0.0000051500   -0.0000105400
   0.0000251100    0.0000145000    0.0003096700
   0.0003402900    0.0018900300   -0.0002441600
   0.0001111700    0.0000642100    0.0003393800
  -0.0000103100    0.0000122900   -0.0000135000
  -0.0000016600   -0.0000009600   -0.0000139100
   0.0000067300    0.0000013600   -0.0000105700
   0.0000055000   -0.0000150700   -0.0000135000
   0.0009344500   -0.0004084600    0.0031174500
  -0.0010532200   -0.0001653100    0.0034013200
  -0.0000017700    0.0000225600   -0.0000078800
  -0.0000071100    0.0000045700    0.0000230400
  -0.0000134900    0.0000104300   -0.0000738800
   0.0000047200    0.0000043200    0.0000218900
  -0.0000595700   -0.0001304300    0.0000140000
   0.0000034400   -0.0000046600    0.0000292500
  -0.0000083000   -0.0000090000    0.0000356700
  -0.0000228500   -0.0000132000   -0.0172472600
   0.0000127800    0.0000188400   -0.0000226200
   0.0000045700    0.0000151500   -0.0000115200
  -0.0000431000    0.0000121200   -0.0000721900
   0.0000227100    0.0000016200   -0.0000226000
  -0.0000004500   -0.0000002600   -0.0000013100
  -0.0000110500   -0.0000434000   -0.0000721900
   0.0000018800    0.0000010900    0.0000060700
   0.0000154200   -0.0000036100   -0.0000115100
   0.0001134900    0.0010134900    0.0031174200
   0.0000022800   -0.0000169000   -0.0000738800
  -0.0000119300   -0.0000026900    0.0000356500
  -0.0001427400    0.0000136400    0.0000140000
  -0.0006697500   -0.0008294500    0.0034012800
   0.0000061100    0.0000019200    0.0000219000
   0.0000004100   -0.0000084400    0.0000230300
  -0.0000023300    0.0000053100    0.0000292500
   0.0000186300   -0.0000128000   -0.0000078900

64   
  0.0100000000000000   0.0000000000000000   0.0000000000000000
   0.0003755700   -0.0002992000    0.0002747900
   0.0383140700    0.0155912600   -0.0289230000
   0.0000506000    0.0000163700    0.0000050600
  -0.0000026000    0.0000175200   -0.0000139900
   0.0000548600   -0.0000576400    0.0000800500
   0.0000223000    0.0000418600    0.0000031600
   0.0005977100    0.0008454500    0.0003226400
  -0.0000696400    0.0001272200   -0.0000669700
  -0.0000256900   -0.0000012600   -0.0000213300
  -0.0000864800   -0.0000093300   -0.0000435000
  -0.0036261400   -0.0000642500    0.0002692600
  -0.0000906800   -0.0000152400    0.0000426400
  -0.0000597600    0.0000015200   -0.0000056600
  -0.0000279400    0.0000137000    0.0000215500
  -0.0000110500   -0.0000000600   -0.0000246800
   0.0011480400    0.0026333300    0.0015824500
   0.0012212600   -0.0028620500   -0.0014851000
  -0.0000273300   -0.0000007600    0.0000015900
   0.0379467100   -0.0149345900    0.0291393800
   0.0004360800    0.0002334500   -0.0003969300
   0.0000654100   -0.0000172900    0.0000091300
   0.0000533700   -0.0000278600   -0.0000014400
   0.0000650500    0.0001391800   -0.0000855400
   0.0000020700   -0.0000169300    0.0000246700
   0.0006157700   -0.0010930000   -0.0005114200
  -0.0000293300    0.0000069000    0.0000275600
  -0.0000582900   -0.0001603300    0.0000597700
   0.0001378500    0.0006103700    0.0000846800
   0.0000789800   -0.0006384000   -0.0000024400
  -0.0000289900   -0.0000008200    0.0000076700
  -0.0000117000   -0.0000139900   -0.0000186100
  -0.0000132600    0.0000059400    0.0000020900
  -0.0000096600    0.0000244500    0.0000101000
   0.0112972200   -0.0004662100    0.0000791200
   0.0000147600    0.0000372200   -0.0001096500
  -0.0000478500   -0.0000209900    0.0001483900
   0.0011261600    0.0012646700    0.0014076900
   0.0011415300   -0.0009501200   -0.0016073500
  -0.0000057700   -0.0000020100   -0.0000023800
  -0.0000021400   -0.0000239600    0.0000012100
  -0.0000147500   -0.0000153800    0.0000451300
  -0.0000029700    0.0000114700   -0.0000020100
  -0.0000279200   -0.0000424500   -0.0000123800
  -0.0000022400    0.0000144000   -0.0000131500
  -0.0000022300   -0.0000152900    0.0000123200
   0.0015934500   -0.0042842200    0.0005866900
  -0.0001037000   -0.0000411900    0.0000225900
   0.0000282400   -0.0000154800   -0.0000031300
   0.0000169300   -0.0000209300    0.0000145900
  -0.0000038600    0.0000083600    0.0000012800
   0.0000008500    0.0000016500   -0.0000006500
   0.0015849500   -0.0046864000   -0.0005768000
   0.0000303700   -0.0000155000    0.0000078500
  -0.0001261200   -0.0000309900   -0.0000741500
   0.0000536200   -0.0000595600   -0.0000272000
  -0.0008624400    0.0023149000   -0.0020842800
  -0.0000077100   -0.0000160900   -0.0000058900
   0.0000013900    0.0000175600   -0.0000059100
   0.0000004300   -0.0000256900   -0.0000014000
  -0.0000067200   -0.0000029200    0.0000016400
  -0.0007143400    0.0002607300   -0.0003934300
   0.0000421500   -0.0000727800   -0.0000521300
  -0.0000026000    0.0000130500    0.0000077300
  -0.1050681800    0.0023279900    0.0004693700
   0.0000341500   -0.0000558700   -0.0000046800
   0.0000337800    0.0000346400    0.0000367100
   0.0000242700   -0.0000568600    0.0000579100
   0.0000103200    0.0000504000   -0.0000500500
   0.0000049000   -0.0000030200   -0.0000015800
   0.0000238400    0.0000642000    0.0000858300
   0.0000049300   -0.0000032800    0.0000000300
   0.0000102600   -0.0000405400   -0.0000289000
  -0.0019902200    0.0000323700   -0.0000012100
   0.0000204700   -0.0001489500    0.0000170300
   0.0000541000    0.0001813400   -0.0000244700
  -0.0000829200   -0.0002300100   -0.0000434900
  -0.0001085300    0.0002064900    0.0000327600
   0.0000089200    0.0000001100   -0.0000023200
  -0.0000903200    0.0000910300    0.0000103300
   0.0000124800   -0.0000009300    0.0000000400
  -0.0000786400   -0.0001065300   -0.0000051900
  -0.0001467000    0.0000838900   -0.0000036400
   0.0011644700    0.0031854500   -0.0009380700
   0.0000337400    0.0000064000   -0.0000047000
   0.0000011700   -0.0000094800    0.0000012500
   0.0000078900   -0.0000028800    0.0000074100
   0.0000198900    0.0000047000   -0.0000227300
   0.0013073900    0.0039799100    0.0008396400
  -0.0001261700    0.0001317200    0.0000422200
   0.0000233000    0.0000109300   -0.0000091500
  -0.0009131000   -0.0027548800    0.0015361300
   0.0001055000    0.0000362700   -0.0000168800
   0.0000043400    0.0000210800    0.0000038800
  -0.0000022000    0.0000049900   -0.0000060900
   0.0000018500    0.0000157500    0.0000069200
  -0.0000012300   -0.0000240700   -0.0000004000
  -0.0012276300   -0.0000618100    0.0003963400
   0.0000026000   -0.0000160400   -0.0000154700
   0.0000749800    0.0000327900    0.0000752500
   0.0072413500   -0.0004140500    0.0015579300
   0.0074275100    0.0002194500   -0.0016755100
   0.0000321100    0.0000028900   -0.0000023300
   0.0000197500   -0.0000182200    0.0000040000
   0.0000339900   -0.0000185200   -0.0000449000
   0.0000284500    0.0000183100   -0.0000068200
   0.0000026700   -0.0000223700   -0.0000000700
   0.0000331100   -0.0000014700    0.0000147500
   0.0000215600    0.0000153000   -0.0000190500

64   
 -0.0100000000000000   0.0000000000000000   0.0000000000000000
  -0.0004081700    0.0003098700   -0.0002737300
  -0.0375510400   -0.0151375800    0.0279433500
  -0.0000486400   -0.0000145600   -0.0000048100
   0.0000026700   -0.0000175600    0.0000141700
  -0.0000528100    0.0000579500   -0.0000789900
  -0.0000213000   -0.0000416700   -0.0000025800
  -0.0006102800   -0.0008537700   -0.0003316000
   0.0000692800   -0.0001264600    0.0000658100
   0.0000258600    0.0000012300    0.0000214500
   0.0000871100    0.0000084700    0.0000457200
   0.0036270700    0.0000886800   -0.0002586800
   0.0000895500    0.0000143400   -0.0000409800
   0.0000598300   -0.0000029700    0.0000048900
   0.0000279800   -0.0000136200   -0.0000210700
   0.0000109700    0.0000002000    0.0000251700
  -0.0011802500   -0.0026675500   -0.0015888800
  -0.0011848800    0.0028224900    0.0014749700
   0.0000273700    0.0000010700   -0.0000012400
  -0.0387242900    0.0153899300   -0.0301416600
  -0.0004046700   -0.0002251400    0.0003971700
  -0.0000675900    0.0000193000   -0.0000087300
  -0.0000544700    0.0000279100    0.0000018200
  -0.0000673800   -0.0001387700    0.0000858100
  -0.0000019400    0.0000168400   -0.0000243000
  -0.0006032400    0.0010821600    0.0004990000
   0.0000291800   -0.0000070500   -0.0000274000
   0.0000586300    0.0001610900   -0.0000606300
  -0.0001517700   -0.0006148000   -0.0000912600
  -0.0000687600    0.0006320700    0.0000005700
   0.0000289100    0.0000007400   -0.0000072900
   0.0000119800    0.0000128300    0.0000184200
   0.0000133300   -0.0000059000   -0.0000017200
   0.0000094000   -0.0000256400   -0.0000104500
  -0.0112963500    0.0006378700    0.0000030800
  -0.0000152600   -0.0000380200    0.0001084300
   0.0000488900    0.0000194600   -0.0001498400
  -0.0011256700   -0.0012538200   -0.0014163700
  -0.0011429300    0.0009636300    0.0015989800
   0.0000057500    0.0000020100    0.0000022500
   0.0000022300    0.0000244700   -0.0000010200
   0.0000151900    0.0000116600   -0.0000490900
   0.0000028800   -0.0000111100    0.0000021100
   0.0000277200    0.0000428300    0.0000106500
   0.0000019800   -0.0000139000    0.0000133100
   0.0000024400    0.0000156300   -0.0000123400
  -0.0015867000    0.0043209800   -0.0005841500
   0.0001006800    0.0000414600   -0.0000235300
  -0.0000286800    0.0000155700    0.0000028700
  -0.0000167800    0.0000211500   -0.0000146700
   0.0000038600   -0.0000080900   -0.0000011300
  -0.0000010800   -0.0000015600    0.0000010100
  -0.0016021900    0.0046659900    0.0005849400
  -0.0000300100    0.0000151300   -0.0000074600
   0.0001268700    0.0000319200    0.0000757300
  -0.0000483900    0.0000605800    0.0000234800
   0.0008450300   -0.0022619500    0.0020546200
   0.0000074300    0.0000155400    0.0000059100
  -0.0000015900   -0.0000169000    0.0000058100
  -0.0000003000    0.0000252800    0.0000016000
   0.0000066400    0.0000029000   -0.0000017600
   0.0007251300   -0.0002618200    0.0004075000
  -0.0000408700    0.0000710500    0.0000470300
   0.0000028600   -0.0000133000   -0.0000077200
   0.1050768400   -0.0035235900    0.0015433800
  -0.0000337000    0.0000545600    0.0000017800
  -0.0000340600   -0.0000354300   -0.0000399700
  -0.0000244400    0.0000589700   -0.0000585600
  -0.0000096900   -0.0000475800    0.0000494100
  -0.0000049000    0.0000032700    0.0000014600
  -0.0000248600   -0.0000622700   -0.0000851100
  -0.0000048900    0.0000030100    0.0000000200
  -0.0000097200    0.0000420100    0.0000295400
   0.0019887800   -0.0000319000    0.0000564700
  -0.0000211600    0.0001470300   -0.0000169800
  -0.0000538700   -0.0001834800    0.0000244700
   0.0000841300    0.0002309000    0.0000434900
   0.0001068700   -0.0002060800   -0.0000329000
  -0.0000088900    0.0000000900    0.0000022600
   0.0000884200   -0.0000908200   -0.0000096000
  -0.0000125100    0.0000008500   -0.0000002000
   0.0000801100    0.0001061700    0.0000057500
   0.0001516900   -0.0000844000    0.0000015400
  -0.0011704600   -0.0031580900    0.0009322200
  -0.0000332500   -0.0000065700    0.0000043900
  -0.0000010700    0.0000094600   -0.0000012400
  -0.0000077100    0.0000032800   -0.0000076500
  -0.0000200900   -0.0000044800    0.0000225100
  -0.0012955100   -0.0039998100   -0.0008389400
   0.0001252700   -0.0001289800   -0.0000405200
  -0.0000237700   -0.0000113800    0.0000093500
   0.0009373800    0.0028141800   -0.0015555700
  -0.0001090900   -0.0000346100    0.0000123000
  -0.0000042600   -0.0000218900   -0.0000040800
   0.0000022300   -0.0000050200    0.0000059800
  -0.0000018700   -0.0000160800   -0.0000068500
   0.0000013200    0.0000246500    0.0000002600
   0.0012154600    0.0000619100   -0.0003819900
  -0.0000028100    0.0000157900    0.0000153700
  -0.0000760400   -0.0000332400   -0.0000801500
  -0.0074270500    0.0004179800   -0.0015950700
  -0.0072374300   -0.0002163900    0.0016381900
  -0.0000320300   -0.0000035800    0.0000020900
  -0.0000200400    0.0000185300   -0.0000045200
  -0.0000348300    0.0000206800    0.0000444200
  -0.0000280900   -0.0000179900    0.0000063700
  -0.0000021200    0.0000252400    0.0000008700
  -0.0000330000    0.0000016100   -0.0000152100
  -0.0000217100   -0.0000153400    0.0000187200

64   
  0.0000000000000000   0.0000000000000000   0.0100000000000000
  -0.0002048100    0.0000175800    0.0006304400
  -0.0299160900   -0.0172720900    0.0444617100
   0.0000417300    0.0000476400   -0.0000045900
  -0.0000041300   -0.0000023800    0.0000024700
   0.0000296900    0.0000868600   -0.0000420600
   0.0000620900    0.0000123400   -0.0000046100
  -0.0000871500   -0.0001861800    0.0006304500
   0.0000900600   -0.0000176900   -0.0000420700
  -0.0000155700   -0.0000090000   -0.0000025400
   0.0000200600   -0.0000253300    0.0000364100
  -0.0001038400   -0.0013293700    0.0025327500
  -0.0000499300   -0.0000288600    0.0000532800
  -0.0000119000    0.0000300400    0.0000364200
   0.0000105300    0.0000061100    0.0000058500
  -0.0000002800   -0.0000036000    0.0000056200
   0.0014819100    0.0008555800    0.0024757700
  -0.0012031700    0.0005747400    0.0025327500
  -0.0000032300    0.0000015800    0.0000055600
   0.0303884200   -0.0177742600    0.0440248800
   0.0001217100   -0.0000529000    0.0006555100
  -0.0000472600    0.0000473900   -0.0000159600
  -0.0000527200   -0.0000014300   -0.0000112500
  -0.0000293500    0.0000670600   -0.0000072200
   0.0000081700   -0.0000072000    0.0000060700
   0.0001430000   -0.0005296100    0.0005497000
   0.0000141300   -0.0000028300   -0.0000037200
  -0.0000770800   -0.0000070200   -0.0000066700
  -0.0003871800    0.0003886500    0.0005497100
   0.0000150600    0.0001318100    0.0006555100
  -0.0000021600    0.0000106400    0.0000060700
  -0.0000276200   -0.0000449200   -0.0000112400
   0.0000046200    0.0000136800   -0.0000037100
   0.0000174400   -0.0000646000   -0.0000159600
  -0.0001987200    0.0352042800    0.0440248600
   0.0000433800   -0.0000589400   -0.0000072300
  -0.0000446100   -0.0000632200   -0.0000066800
   0.0013828100    0.0013957500    0.0002419200
  -0.0012300800    0.0012769400    0.0002183300
   0.0000027600   -0.0000026400    0.0000132800
   0.0000161200   -0.0000043600    0.0000114300
   0.0000134700   -0.0000265100   -0.0003074000
  -0.0000147900    0.0000008200    0.0000130300
  -0.0000538400    0.0000847200   -0.0003574000
  -0.0000009800    0.0000067800    0.0000124800
   0.0000034900    0.0000041300    0.0000121400
  -0.0007530300    0.0013059000   -0.0030072900
  -0.0000638000   -0.0000368500    0.0000566600
   0.0000066100   -0.0000036300   -0.0000232100
   0.0000159000    0.0000091800    0.0000045700
  -0.0000029200    0.0000066000   -0.0000199200
   0.0000001700    0.0000075600   -0.0000232200
   0.0007544000   -0.0013051100   -0.0030073000
   0.0000042500   -0.0000058200   -0.0000199100
   0.0000300500    0.0000173500    0.0000194900
   0.0000464600   -0.0000889900   -0.0003574200
   0.0004908200   -0.0017037400    0.0002183300
  -0.0000066700   -0.0000132300    0.0000130600
   0.0000042900    0.0000161400    0.0000114500
   0.0000053800   -0.0000042300    0.0000124800
  -0.0000009100    0.0000037100    0.0000132800
   0.0019001700    0.0004996600    0.0002419100
  -0.0000162300    0.0000249100   -0.0003073900
   0.0000053200    0.0000009600    0.0000121400
  -0.0005249100   -0.0003030500   -0.1367441700
   0.0000366800   -0.0000559300   -0.0002535700
  -0.0000015800   -0.0000555600   -0.0002534800
   0.0000868100    0.0000155300   -0.0002204000
  -0.0000300900    0.0000597400   -0.0002535300
   0.0000000100    0.0000000000    0.0000024900
   0.0000568500    0.0000674200   -0.0002204200
  -0.0000015200   -0.0000008900    0.0000025400
  -0.0000489200    0.0000264000   -0.0002534500
  -0.0000261300   -0.0000151100    0.0138342500
   0.0000324000   -0.0000137400    0.0000359100
  -0.0000384100    0.0000174800    0.0000121400
  -0.0000065100   -0.0000029300    0.0000292200
   0.0000043000    0.0000349500    0.0000358800
   0.0000007400    0.0000004200    0.0000005200
  -0.0000057900   -0.0000041500    0.0000292400
  -0.0000026900   -0.0000015600   -0.0000007200
  -0.0000040800   -0.0000420100    0.0000121300
   0.0001217700   -0.0000114700    0.0000140300
   0.0006865100    0.0010048600   -0.0034363900
  -0.0000032800   -0.0000030000   -0.0000270500
   0.0000015300    0.0000104400   -0.0000282700
   0.0000038700   -0.0000026600   -0.0000318600
  -0.0000196300    0.0000152800    0.0000065000
  -0.0002467500   -0.0011466600   -0.0030529800
  -0.0000083700    0.0000168900    0.0000558200
   0.0000055600   -0.0000024800   -0.0000366900
  -0.0005436400   -0.0021544400    0.0002499300
  -0.0000928200   -0.0000536000   -0.0003299700
   0.0000111500   -0.0000189700    0.0000157300
   0.0000061800    0.0000035600    0.0000107700
  -0.0000063900   -0.0000000500    0.0000079500
  -0.0000108300    0.0000191600    0.0000157100
  -0.0021376200    0.0006064300    0.0002499800
  -0.0000032400   -0.0000055000    0.0000079500
  -0.0000233100   -0.0000134600   -0.0003405500
  -0.0011164400    0.0003596300   -0.0030530300
   0.0012134900    0.0000921200   -0.0034364200
   0.0000034200   -0.0000246300    0.0000064800
   0.0000098100   -0.0000038700   -0.0000282700
   0.0000104400   -0.0000156900    0.0000558300
  -0.0000042400   -0.0000013500   -0.0000270200
   0.0000509800    0.0001111800    0.0000140100
  -0.0000003800    0.0000046800   -0.0000318600
   0.0000006400    0.0000060600   -0.0000367100

64   
  0.0000000000000000   0.0000000000000000  -0.0100000000000000
   0.0001712300   -0.0000253900   -0.0006359200
   0.0309525400    0.0178704500   -0.0453968100
  -0.0000430100   -0.0000475700    0.0000025700
   0.0000046200    0.0000026600   -0.0000032400
  -0.0000333200   -0.0000875600    0.0000412500
  -0.0000627200   -0.0000134500    0.0000025700
   0.0000636300    0.0001609700   -0.0006359200
  -0.0000925000    0.0000149400    0.0000412500
   0.0000157000    0.0000090600    0.0000020900
  -0.0000202100    0.0000255500   -0.0000406800
   0.0001004000    0.0012956800   -0.0025320900
   0.0000505900    0.0000291700   -0.0000568600
   0.0000120700   -0.0000302900   -0.0000406900
  -0.0000108100   -0.0000062300   -0.0000064500
   0.0000006600    0.0000034200   -0.0000061900
  -0.0014551900   -0.0008401400   -0.0024790900
   0.0011723000   -0.0005609000   -0.0025320900
   0.0000032800   -0.0000010900   -0.0000062100
  -0.0314421500    0.0183721700   -0.0449637400
  -0.0000887600    0.0000467800   -0.0006626600
   0.0000486200   -0.0000475600    0.0000138700
   0.0000534400    0.0000007700    0.0000086600
   0.0000323500   -0.0000694300    0.0000069900
  -0.0000089800    0.0000074200   -0.0000064600
  -0.0001164500    0.0005041300   -0.0005555500
  -0.0000142000    0.0000027700    0.0000035500
   0.0000799300    0.0000045800    0.0000067900
   0.0003783300   -0.0003529400   -0.0005555200
  -0.0000038600   -0.0001003000   -0.0006626600
   0.0000019300   -0.0000115300   -0.0000064600
   0.0000273800    0.0000459200    0.0000086800
  -0.0000046800   -0.0000136800    0.0000035600
  -0.0000168900    0.0000659100    0.0000138500
   0.0001897200   -0.0364157800   -0.0449637200
  -0.0000439600    0.0000627400    0.0000069700
   0.0000439500    0.0000669600    0.0000067700
  -0.0013702100   -0.0013800100   -0.0002426300
   0.0012176500   -0.0012648200   -0.0002174000
  -0.0000028100    0.0000025500   -0.0000132500
  -0.0000166800    0.0000045700   -0.0000112300
  -0.0000133300    0.0000330600    0.0003049900
   0.0000152500   -0.0000006200   -0.0000128700
   0.0000522500   -0.0000863700    0.0003590500
   0.0000009300   -0.0000066200   -0.0000127200
  -0.0000037300   -0.0000041100   -0.0000123000
   0.0007694200   -0.0013504600    0.0030292000
   0.0000613000    0.0000353900   -0.0000572600
  -0.0000064900    0.0000037300    0.0000242000
  -0.0000160100   -0.0000092400   -0.0000038900
   0.0000027200   -0.0000070600    0.0000199400
  -0.0000000100   -0.0000074900    0.0000242000
  -0.0007848000    0.0013415600    0.0030292200
  -0.0000047600    0.0000059000    0.0000199600
  -0.0000282700   -0.0000163200   -0.0000154400
  -0.0000486900    0.0000884400    0.0003590400
  -0.0004865400    0.0016869100   -0.0002174300
   0.0000070900    0.0000135100   -0.0000128600
  -0.0000043600   -0.0000167400   -0.0000112300
  -0.0000052600    0.0000041300   -0.0000127200
   0.0000008100   -0.0000037000   -0.0000132700
  -0.0018802300   -0.0004966200   -0.0002426600
   0.0000219600   -0.0000280700    0.0003049900
  -0.0000054200   -0.0000011900   -0.0000123000
   0.0005487400    0.0003168000    0.1397377800
  -0.0000398200    0.0000557700    0.0002575100
   0.0000048100    0.0000555400    0.0002575900
  -0.0000842000   -0.0000202100    0.0002243600
   0.0000283700   -0.0000623600    0.0002575000
  -0.0000000200   -0.0000000200   -0.0000020500
  -0.0000596100   -0.0000628100    0.0002243500
   0.0000015100    0.0000008600   -0.0000020000
   0.0000504700   -0.0000236000    0.0002575700
   0.0000246500    0.0000142100   -0.0141382800
  -0.0000322700    0.0000138000   -0.0000383100
   0.0000389000   -0.0000176900   -0.0000145800
   0.0000066300    0.0000037700   -0.0000306900
  -0.0000041900   -0.0000348300   -0.0000383300
  -0.0000006000   -0.0000003500   -0.0000004800
   0.0000065800    0.0000038700   -0.0000306700
   0.0000026700    0.0000015300    0.0000007100
   0.0000041100    0.0000425300   -0.0000145800
  -0.0001175800    0.0000095200   -0.0000136500
  -0.0006929800   -0.0010375400    0.0034675400
   0.0000031700    0.0000032000    0.0000280400
  -0.0000017700   -0.0000103300    0.0000293200
  -0.0000036500    0.0000022300    0.0000318000
   0.0000198300   -0.0000153600   -0.0000054400
   0.0002720200    0.0011685700    0.0030800500
   0.0000070100   -0.0000161600   -0.0000518500
  -0.0000051000    0.0000023000    0.0000367400
   0.0005349100    0.0021420000   -0.0002523200
   0.0000933500    0.0000539000    0.0003345800
  -0.0000115600    0.0000193600   -0.0000154100
  -0.0000060800   -0.0000035200   -0.0000106200
   0.0000063100    0.0000000600   -0.0000079800
   0.0000109800   -0.0000196900   -0.0000154300
   0.0021225100   -0.0006077900   -0.0002523600
   0.0000032000    0.0000054400   -0.0000079900
   0.0000193400    0.0000111600    0.0003413100
   0.0011480300   -0.0003487000    0.0030800300
  -0.0012450400   -0.0000813800    0.0034675400
  -0.0000033900    0.0000248600   -0.0000054300
  -0.0000098400    0.0000036400    0.0000293200
  -0.0000105000    0.0000141700   -0.0000518400
   0.0000043600    0.0000011400    0.0000280600
  -0.0000505300   -0.0001065700   -0.0000136600
   0.0000001000   -0.0000042800    0.0000318000
  -0.0000005600   -0.0000055800    0.0000367300

73   
  0.0100000000000000   0.0000000000000000   0.0000000000000000
   0.0005943600   -0.0004207200   -0.0006621500
   0.0402248900    0.0169313300    0.0316037000
   0.0000587300    0.0000485900    0.0000263800
   0.0000011400    0.0000199500    0.0000207800
   0.0000837300   -0.0000968100   -0.0000855800
   0.0000548400    0.0000155700   -0.0000026300
   0.0006510000    0.0009573500   -0.0005874000
  -0.0001013900    0.0001246200    0.0000493000
  -0.0000381200   -0.0000120000    0.0000268800
  -0.0000775200    0.0000348100    0.0000532400
  -0.0037457400    0.0001148500    0.0002889800
  -0.0000701200   -0.0000044100   -0.0000625900
  -0.0000631500   -0.0000076900    0.0000006000
  -0.0000111700    0.0000120900   -0.0000215600
  -0.0000228700   -0.0000247800    0.0000227000
   0.0013218100    0.0030119200   -0.0016086800
   0.0012805500   -0.0028819800    0.0017807900
  -0.0000477700    0.0000028300    0.0000008700
   0.0389024300   -0.0166396300   -0.0292820300
   0.0006492400    0.0005838300    0.0005776100
   0.0000378400   -0.0000457200   -0.0000110700
   0.0000250300   -0.0000265300   -0.0000001000
   0.0000715600    0.0000159200    0.0000896700
  -0.0000021300   -0.0000183800   -0.0000079300
   0.0006278900   -0.0007699600    0.0004177000
  -0.0000378200    0.0000107600   -0.0000245900
  -0.0001044700   -0.0000890600   -0.0000420800
   0.0000496200    0.0008500500    0.0000950200
   0.0001576900   -0.0008775300    0.0000385100
  -0.0000314800    0.0000015400    0.0000090900
  -0.0000013600   -0.0000184500    0.0000001300
  -0.0000242800   -0.0000052800   -0.0000010400
  -0.0000085900    0.0000044200   -0.0000084800
   0.0109455900    0.0006237600   -0.0000220700
  -0.0001133700    0.0000255600    0.0001660600
  -0.0000460400   -0.0000454900   -0.0001270100
   0.0091303700   -0.0001937300   -0.0011925900
   0.0092840500    0.0002932000    0.0010934900
   0.0000561400   -0.0000063600   -0.0000042500
   0.0000364000   -0.0000278300   -0.0000015100
  -0.0000517600    0.0000178800   -0.0000567700
   0.0000272800    0.0000224000    0.0000034700
  -0.0000159600    0.0000402000   -0.0000040600
   0.0000219400   -0.0000245400   -0.0000135200
   0.0000279800    0.0000150500    0.0000076300
  -0.0012416900   -0.0019940700   -0.0018004100
   0.0000781900    0.0000596400   -0.0000263400
  -0.0000040700    0.0000188300   -0.0000044600
  -0.0000029400    0.0000015400    0.0000017000
  -0.0000056300    0.0000214800   -0.0000055500
   0.0000037700   -0.0000185400   -0.0000066900
  -0.0005868400   -0.0003134500   -0.0003482300
   0.0000024300   -0.0000200200    0.0000100600
   0.0000455600    0.0000393500   -0.0001069300
  -0.0000934400    0.0000248900    0.0000042600
   0.0016231400    0.0040726700    0.0003911700
   0.0000415000    0.0000163400   -0.0000044700
   0.0000052700    0.0000059200   -0.0000051400
  -0.0000004100   -0.0000121000   -0.0000017000
   0.0000129400    0.0000300900    0.0000106000
   0.0015855800    0.0046055400   -0.0005529400
  -0.0001324200    0.0000174000   -0.0001155700
   0.0000405900    0.0000235300    0.0000077800
  -0.0019883800    0.0000313400   -0.0000545400
   0.0000536200   -0.0001840800   -0.0000390300
   0.0000213900    0.0001316000    0.0000320000
  -0.0000888400   -0.0002266900   -0.0000059300
  -0.0000797500    0.0002600100   -0.0000038400
   0.0000124700   -0.0000008000   -0.0000026200
  -0.0000842100    0.0000875100   -0.0000068900
   0.0000089200   -0.0000000600    0.0000007500
  -0.0001068700   -0.0000735600    0.0000038400
  -0.1121439500   -0.0036159500   -0.0017130900
   0.0000500000   -0.0000610800   -0.0000015400
   0.0000517300    0.0000848200    0.0000384000
   0.0000133400   -0.0000801100   -0.0000546100
   0.0000354400    0.0000959700    0.0000687600
   0.0000122600    0.0000029200   -0.0000029900
   0.0000133000    0.0000234500   -0.0000291000
   0.0000122400    0.0000026600    0.0000009900
   0.0000357800   -0.0000503200    0.0000869600
   0.0001570000   -0.0000250800   -0.0000312500
  -0.0013766500    0.0025459600    0.0013677600
   0.0000087200   -0.0000263100    0.0000048100
   0.0000034400    0.0000227900    0.0000025700
  -0.0000050400   -0.0000142200    0.0000129500
  -0.0000002800   -0.0000042600   -0.0000085700
  -0.0010407700    0.0001529500    0.0002957200
   0.0000984500   -0.0000054800    0.0001277500
   0.0000116000    0.0000223400   -0.0000168500
   0.0012308600   -0.0028872000   -0.0007505300
  -0.0001592400   -0.0001080200    0.0000122000
   0.0000464400   -0.0000092500   -0.0000002100
   0.0000152500   -0.0000113600   -0.0000193100
   0.0000049500    0.0000100100    0.0000129000
   0.0000064300    0.0000066300    0.0000064200
   0.0013364100   -0.0038421600    0.0007631900
   0.0000360400   -0.0000223500   -0.0000077500
  -0.0001651200   -0.0001266700    0.0000618800
   0.0014332700    0.0012893000   -0.0012279300
   0.0013917600   -0.0015785900    0.0010778600
  -0.0000125600    0.0000037200   -0.0000036000
   0.0000050700   -0.0000146400   -0.0000043300
   0.0000196900    0.0000100100    0.0000259700
   0.0000034700    0.0000283600    0.0000013400
   0.0000435400    0.0000369600   -0.0000098900
  -0.0000002300    0.0000118500    0.0000260500
   0.0000005000   -0.0000136000   -0.0000267100

73   
 -0.0100000000000000   0.0000000000000000   0.0000000000000000
  -0.0006358200    0.0004352500    0.0006786700
  -0.0394134200   -0.0164584700   -0.0305652700
  -0.0000569000   -0.0000463000   -0.0000256800
  -0.0000012600   -0.0000201700   -0.0000211100
  -0.0000811600    0.0000970600    0.0000854000
  -0.0000533700   -0.0000153700    0.0000022900
  -0.0006645400   -0.0009656700    0.0006005900
   0.0001004800   -0.0001242700   -0.0000485800
   0.0000381800    0.0000118500   -0.0000270000
   0.0000785900   -0.0000350400   -0.0000547500
   0.0037443400   -0.0000931600   -0.0002961300
   0.0000698700    0.0000044000    0.0000605200
   0.0000632700    0.0000070200   -0.0000000900
   0.0000112500   -0.0000118900    0.0000212100
   0.0000227400    0.0000249500   -0.0000229400
  -0.0013641700   -0.0030545300    0.0016245800
  -0.0012430500    0.0028440700   -0.0017683100
   0.0000477700   -0.0000024800   -0.0000013100
  -0.0397136700    0.0171206700    0.0303130400
  -0.0006052500   -0.0005651700   -0.0005615500
  -0.0000395700    0.0000478000    0.0000117800
  -0.0000264600    0.0000267800   -0.0000003500
  -0.0000740700   -0.0000157400   -0.0000904700
   0.0000021600    0.0000180800    0.0000077500
  -0.0006148800    0.0007631000   -0.0004076000
   0.0000375900   -0.0000107000    0.0000244200
   0.0001051600    0.0000892700    0.0000429900
  -0.0000562600   -0.0008581400   -0.0000911000
  -0.0001479700    0.0008701900   -0.0000306200
   0.0000314500   -0.0000016100   -0.0000095300
   0.0000016400    0.0000174200    0.0000002400
   0.0000242100    0.0000052900    0.0000009100
   0.0000081500   -0.0000054300    0.0000087300
  -0.0109443800   -0.0004431900   -0.0000718700
   0.0001113600   -0.0000272700   -0.0001638900
   0.0000474500    0.0000445500    0.0001289800
  -0.0093600300    0.0001916400    0.0012016800
  -0.0090598600   -0.0002965700   -0.0010836400
  -0.0000562300    0.0000056000    0.0000038400
  -0.0000365600    0.0000283800    0.0000016900
   0.0000524900   -0.0000161200    0.0000563600
  -0.0000272800   -0.0000219000   -0.0000031200
   0.0000154400   -0.0000376100    0.0000022900
  -0.0000218800    0.0000243100    0.0000137600
  -0.0000279800   -0.0000151100   -0.0000072700
   0.0012623800    0.0020454700    0.0018239200
  -0.0000813800   -0.0000596000    0.0000296400
   0.0000044400   -0.0000195100    0.0000044100
   0.0000029900   -0.0000016200   -0.0000015900
   0.0000056900   -0.0000218000    0.0000053000
  -0.0000036500    0.0000190500    0.0000067900
   0.0005780200    0.0003108800    0.0003360200
  -0.0000026800    0.0000199100   -0.0000101400
  -0.0000470800   -0.0000411900    0.0001133400
   0.0000956600   -0.0000250700   -0.0000038500
  -0.0016279100   -0.0040384100   -0.0003982600
  -0.0000409800   -0.0000161300    0.0000047300
  -0.0000052200   -0.0000058300    0.0000048400
   0.0000003300    0.0000121100    0.0000016700
  -0.0000130900   -0.0000298300   -0.0000105900
  -0.0015666100   -0.0046285800    0.0005441200
   0.0001320500   -0.0000172000    0.0001133500
  -0.0000410100   -0.0000241700   -0.0000081500
   0.0019897500   -0.0000330900   -0.0000036400
  -0.0000543300    0.0001826200    0.0000382300
  -0.0000202000   -0.0001325800   -0.0000326400
   0.0000899900    0.0002274800    0.0000064500
   0.0000790500   -0.0002587700    0.0000043300
  -0.0000124800    0.0000009700    0.0000027200
   0.0000828800   -0.0000875700    0.0000062200
  -0.0000088600   -0.0000000800   -0.0000005900
   0.0001085500    0.0000740400   -0.0000046200
   0.1121490000    0.0023919400   -0.0003425100
  -0.0000517200    0.0000594900    0.0000027400
  -0.0000499900   -0.0000868500   -0.0000376300
  -0.0000139600    0.0000825700    0.0000544700
  -0.0000352000   -0.0000939700   -0.0000687200
  -0.0000122100   -0.0000026400    0.0000030900
  -0.0000139800   -0.0000221500    0.0000285100
  -0.0000122400   -0.0000029000   -0.0000011200
  -0.0000348300    0.0000520100   -0.0000876900
  -0.0001554800    0.0000252500    0.0000354500
   0.0013480900   -0.0024870100   -0.0013540500
  -0.0000089800    0.0000254200   -0.0000046800
  -0.0000034400   -0.0000223500   -0.0000024300
   0.0000050100    0.0000139300   -0.0000130200
   0.0000002500    0.0000042000    0.0000086900
   0.0010511800   -0.0001547400   -0.0003078600
  -0.0000968300    0.0000050200   -0.0001214500
  -0.0000114900   -0.0000225500    0.0000168700
  -0.0012261300    0.0029113100    0.0007504700
   0.0001546900    0.0001061200   -0.0000104400
  -0.0000470100    0.0000093600    0.0000005300
  -0.0000151200    0.0000115300    0.0000194700
  -0.0000050000   -0.0000098900   -0.0000126100
  -0.0000063800   -0.0000066200   -0.0000065000
  -0.0013491600    0.0038216200   -0.0007652000
  -0.0000355600    0.0000216400    0.0000075700
   0.0001665400    0.0001292000   -0.0000641300
  -0.0014335600   -0.0012744200    0.0012346000
  -0.0013910100    0.0015904300   -0.0010712400
   0.0000125900   -0.0000034300    0.0000038300
  -0.0000050000    0.0000149900    0.0000042200
  -0.0000198300   -0.0000114200   -0.0000204000
  -0.0000035900   -0.0000280100   -0.0000015200
  -0.0000432000   -0.0000368300    0.0000103600
   0.0000000300   -0.0000115200   -0.0000259000
  -0.0000003400    0.0000140000    0.0000266800

73   
  0.0000000000000000   0.0000000000000000   0.0100000000000000
   0.0004324300   -0.0001515900    0.0004441000
   0.0325461100    0.0187904900    0.0452613900
  -0.0000285800   -0.0000441500   -0.0000247500
   0.0000143900    0.0000083100    0.0000075900
  -0.0000052500   -0.0000479400   -0.0000093000
  -0.0000525400   -0.0000026700   -0.0000247600
   0.0000849400    0.0004503000    0.0004441000
  -0.0000441400    0.0000194300   -0.0000093200
   0.0000101900    0.0000058700   -0.0000045400
  -0.0000306400   -0.0000022900    0.0000424100
  -0.0000778800    0.0016636500    0.0025507000
  -0.0000037500   -0.0000022000    0.0000212300
  -0.0000173000   -0.0000253900    0.0000424100
   0.0000025000    0.0000014600    0.0000031800
   0.0000070300   -0.0000098600    0.0000012500
  -0.0010926300   -0.0006308200    0.0025378800
   0.0014018400   -0.0008993000    0.0025507000
  -0.0000050200    0.0000110500    0.0000012200
  -0.0319412000    0.0182242900    0.0452276400
  -0.0005067100   -0.0002596400    0.0004408600
   0.0000226600   -0.0000469900   -0.0000052600
   0.0000605000   -0.0000188800   -0.0000107100
   0.0000047100   -0.0000780900   -0.0000288600
  -0.0000095800    0.0000042200    0.0000067200
  -0.0000389700    0.0001085100    0.0005331000
  -0.0000123900    0.0000119800   -0.0000043100
   0.0000707100    0.0000310100   -0.0000293900
   0.0000744700   -0.0000880200    0.0005331100
  -0.0004781900   -0.0003090300    0.0004408700
  -0.0000011500   -0.0000104500    0.0000067300
   0.0000139000    0.0000618600   -0.0000106900
   0.0000041900   -0.0000166900   -0.0000043100
  -0.0000293600    0.0000431500   -0.0000052600
  -0.0001878900   -0.0367740700    0.0452276500
  -0.0000652800    0.0000431400   -0.0000288800
   0.0000622100    0.0000457600   -0.0000294000
   0.0015844700    0.0000623900   -0.0030709400
  -0.0014844000   -0.0001578200   -0.0027881700
   0.0000037500    0.0000162400    0.0000066800
  -0.0000080700    0.0000035800   -0.0000253100
  -0.0000041600    0.0000224800    0.0000263900
   0.0000139500    0.0000040100   -0.0000257700
   0.0000522100   -0.0000732300    0.0000714200
  -0.0000123600   -0.0000021100   -0.0000227100
   0.0000098600   -0.0000001900   -0.0000235500
   0.0006081300    0.0018654300    0.0002444800
   0.0000518400    0.0000299300   -0.0003113400
  -0.0000108300    0.0000118800    0.0000104100
  -0.0000024600   -0.0000014100    0.0000139600
   0.0000015200    0.0000052900    0.0000136800
   0.0000048700   -0.0000153200    0.0000104200
   0.0019195700   -0.0004060800    0.0002445100
   0.0000053400   -0.0000013200    0.0000136900
  -0.0000172400   -0.0000099500   -0.0003367000
  -0.0000373200    0.0000818300    0.0000714000
  -0.0008788100   -0.0012065500   -0.0027881800
   0.0000104400    0.0000100600   -0.0000257600
  -0.0000009200   -0.0000087900   -0.0000253100
  -0.0000080000   -0.0000096400   -0.0000227100
   0.0000159400   -0.0000048600    0.0000066700
   0.0008462100    0.0013409200   -0.0030709700
   0.0000173900   -0.0000148400    0.0000264000
   0.0000047800    0.0000086300   -0.0000235500
  -0.0000284500   -0.0000164100    0.0141337500
  -0.0000243300    0.0000073200    0.0000140800
   0.0000166900    0.0000276900    0.0000378700
   0.0000102300   -0.0000560300    0.0000311500
  -0.0000058400   -0.0000247200    0.0000141100
   0.0000000800    0.0000000500   -0.0000008700
  -0.0000434200    0.0000368700    0.0000311300
  -0.0000022900   -0.0000013300    0.0000003700
   0.0000323200    0.0000006200    0.0000378800
  -0.0006922100   -0.0003996700   -0.1406568000
   0.0000355900    0.0000790700   -0.0002203000
   0.0000001900    0.0000807200   -0.0002201700
  -0.0000280400   -0.0000474600   -0.0002566900
   0.0000862800   -0.0000086900   -0.0002203000
   0.0000010400    0.0000006000    0.0000037400
  -0.0000551300   -0.0000005200   -0.0002566700
  -0.0000030000   -0.0000017400    0.0000036800
   0.0000699900   -0.0000402200   -0.0002201300
  -0.0000849700    0.0000025100   -0.0002888100
  -0.0006537100    0.0023227100    0.0002339800
   0.0000147400    0.0000140300    0.0000143900
  -0.0000090800   -0.0000180800    0.0000135600
  -0.0000040400    0.0000040500    0.0000105300
   0.0000081300   -0.0000019500    0.0000082800
  -0.0021490500   -0.0005520200    0.0002442300
  -0.0000146500    0.0000284600   -0.0003920600
  -0.0000051600    0.0000044800    0.0000075000
   0.0007766500   -0.0008073500   -0.0031119100
   0.0000983700    0.0000567900    0.0000338200
  -0.0000076500    0.0000079000   -0.0000317200
  -0.0000199500   -0.0000115300    0.0000071500
   0.0000080600    0.0000041300   -0.0000368300
   0.0000030200   -0.0000105800   -0.0000317300
  -0.0003108300    0.0010762400   -0.0031118900
   0.0000076000    0.0000049300   -0.0000368500
  -0.0000107300   -0.0000062100    0.0000667200
  -0.0015525900   -0.0015851300    0.0002442500
   0.0016846800   -0.0017274800    0.0002339800
   0.0000023700    0.0000080300    0.0000082900
  -0.0000202100    0.0000011800    0.0000135600
   0.0000173200   -0.0000269000   -0.0003920500
   0.0000195200    0.0000057600    0.0000144100
  -0.0000403000   -0.0000748400   -0.0002888100
   0.0000014800   -0.0000055300    0.0000105200
   0.0000013000   -0.0000067100    0.0000074900

73   
  0.0000000000000000   0.0000000000000000  -0.0100000000000000
  -0.0004680200    0.0001416400   -0.0004382200
  -0.0314831300   -0.0181768100   -0.0443149700
   0.0000274400    0.0000439800    0.0000272800
  -0.0000135700   -0.0000078200   -0.0000073000
   0.0000017400    0.0000463400    0.0000095100
   0.0000517900    0.0000017900    0.0000272600
  -0.0001113100   -0.0004761600   -0.0004382300
   0.0000409900   -0.0000216400    0.0000095000
  -0.0000102200   -0.0000059000    0.0000045700
   0.0000304800    0.0000022900   -0.0000389800
   0.0000814400   -0.0016939800   -0.0025508700
   0.0000036000    0.0000020400   -0.0000170200
   0.0000172300    0.0000252600   -0.0000389600
  -0.0000029400   -0.0000016900   -0.0000025200
  -0.0000068900    0.0000096100   -0.0000006300
   0.0011203900    0.0006468800   -0.0025424700
  -0.0014263000    0.0009175200   -0.0025508800
   0.0000049100   -0.0000107500   -0.0000006700
   0.0308833000   -0.0176033300   -0.0442699500
   0.0005427300    0.0002482900   -0.0004365900
  -0.0000217700    0.0000470300    0.0000076900
  -0.0000598700    0.0000176100    0.0000126300
  -0.0000005000    0.0000779600    0.0000296700
   0.0000091000   -0.0000038000   -0.0000061000
   0.0000615700   -0.0001335500   -0.0005272800
   0.0000122600   -0.0000119300    0.0000046600
  -0.0000677100   -0.0000332500    0.0000306100
  -0.0000849100    0.0001200900   -0.0005272700
   0.0004864200    0.0003458400   -0.0004366000
   0.0000012400    0.0000097400   -0.0000060900
  -0.0000147000   -0.0000606300    0.0000126500
  -0.0000042000    0.0000166000    0.0000046700
   0.0000298600   -0.0000423500    0.0000076900
   0.0001967700    0.0355473900   -0.0442699500
   0.0000672500   -0.0000394300    0.0000296400
  -0.0000626500   -0.0000419800    0.0000305900
  -0.0015385900   -0.0000542100    0.0030475900
   0.0014388400    0.0001678900    0.0027691100
  -0.0000037800   -0.0000160200   -0.0000073300
   0.0000080000   -0.0000038200    0.0000244400
   0.0000041800   -0.0000243400   -0.0000301600
  -0.0000139900   -0.0000043500    0.0000248200
  -0.0000527700    0.0000773600   -0.0000708100
   0.0000121600    0.0000025900    0.0000225100
  -0.0000095800    0.0000005500    0.0000234800
  -0.0006158200   -0.0018857500   -0.0002445300
  -0.0000509100   -0.0000294000    0.0003105500
   0.0000103700   -0.0000117300   -0.0000105400
   0.0000025700    0.0000014900   -0.0000139800
  -0.0000017200   -0.0000054100   -0.0000135800
  -0.0000049600    0.0000148500   -0.0000105600
  -0.0019410200    0.0004095500   -0.0002445500
  -0.0000055600    0.0000012200   -0.0000135700
   0.0000117600    0.0000067900    0.0003387500
   0.0000406100   -0.0000843800   -0.0000708200
   0.0008647600    0.0011620500    0.0027690800
  -0.0000107600   -0.0000099500    0.0000248400
   0.0000007000    0.0000088300    0.0000244500
   0.0000083200    0.0000092500    0.0000225100
  -0.0000157700    0.0000047500   -0.0000073400
  -0.0008161900   -0.0013052800    0.0030475700
  -0.0000189900    0.0000158000   -0.0000301400
  -0.0000043100   -0.0000085800    0.0000234700
   0.0000292600    0.0000169100   -0.0138348200
   0.0000246700   -0.0000082900   -0.0000123600
  -0.0000173700   -0.0000284400   -0.0000360700
  -0.0000097300    0.0000559600   -0.0000285100
   0.0000051500    0.0000255200   -0.0000123500
  -0.0000001400   -0.0000000900    0.0000008200
   0.0000436000   -0.0000364000   -0.0000285300
   0.0000022900    0.0000013100   -0.0000003600
  -0.0000333400   -0.0000008200   -0.0000360600
   0.0006787900    0.0003918000    0.1376092400
  -0.0000404800   -0.0000787400    0.0002162600
   0.0000045900   -0.0000804700    0.0002164100
   0.0000296100    0.0000451100    0.0002527800
  -0.0000884400    0.0000043400    0.0002162100
  -0.0000010600   -0.0000006100   -0.0000041800
   0.0000538800    0.0000031000    0.0002528000
   0.0000030700    0.0000017700   -0.0000042300
  -0.0000674200    0.0000442100    0.0002163700
   0.0000859900   -0.0000007300    0.0002847600
   0.0006659500   -0.0023388700   -0.0002305200
  -0.0000142700   -0.0000137500   -0.0000147300
   0.0000090700    0.0000176000   -0.0000137800
   0.0000042400   -0.0000040400   -0.0000106400
  -0.0000082800    0.0000020700   -0.0000084000
   0.0021661800    0.0005520800   -0.0002428400
   0.0000184100   -0.0000307700    0.0003913100
   0.0000054700   -0.0000044600   -0.0000074400
  -0.0007714100    0.0007752400    0.0030834200
  -0.0001032300   -0.0000596000   -0.0000343700
   0.0000078700   -0.0000077300    0.0000307300
   0.0000197900    0.0000114100   -0.0000081800
  -0.0000083900   -0.0000044700    0.0000367600
  -0.0000027500    0.0000106900    0.0000307200
   0.0002856700   -0.0010556700    0.0030834400
  -0.0000080700   -0.0000050300    0.0000367600
   0.0000119900    0.0000069200   -0.0000704000
   0.0015611900    0.0015999300   -0.0002429200
  -0.0016925600    0.0017461600   -0.0002305400
  -0.0000023400   -0.0000081900   -0.0000084200
   0.0000197800   -0.0000009300   -0.0000137800
  -0.0000174500    0.0000313300    0.0003913200
  -0.0000190400   -0.0000054900   -0.0000147100
   0.0000423800    0.0000748300    0.0002847500
  -0.0000013900    0.0000056800   -0.0000106400
  -0.0000011300    0.0000069600   -0.0000074600

82   
  0.0100000000000000   0.0000000000000000   0.0000000000000000
   0.0150864000    0.0003473400   -0.0001539000
  -0.0000442800    0.0000527200   -0.0001729600
  -0.0000003100   -0.0000818600    0.0001390700
  -0.0000698400    0.0005651200    0.0000395900
  -0.0000360700   -0.0006252500   -0.0000545800
  -0.0000334700    0.0000002000   -0.0000049100
  -0.0000118400   -0.0000175500   -0.0000030200
  -0.0000120100   -0.0000043100    0.0000015800
  -0.0000270000    0.0000112400    0.0000042800
   0.0438396300   -0.0172576900    0.0298690300
   0.0008021300    0.0003263600   -0.0002874400
   0.0000780900   -0.0000225000   -0.0000095900
   0.0000087400   -0.0000760400   -0.0000140300
   0.0001316500    0.0000588700   -0.0001300600
   0.0000005400   -0.0000183700    0.0000153200
   0.0005679900   -0.0008510400   -0.0002127000
  -0.0000252700    0.0000163100    0.0000219100
  -0.0001280200   -0.0001094800    0.0000184600
   0.0007798900   -0.0029380200   -0.0018812400
  -0.0000263500    0.0000049900    0.0000005500
   0.0008880900    0.0029944700    0.0016587300
  -0.0040769600    0.0000794500   -0.0002251500
  -0.0000888400   -0.0000293600    0.0000041900
  -0.0000970200    0.0000402100   -0.0000059800
  -0.0000193800   -0.0000014900    0.0000287000
  -0.0000183900   -0.0000025000   -0.0000227900
  -0.0000711400   -0.0000026200   -0.0000096100
   0.0460544400    0.0183697800   -0.0324914300
   0.0000886100    0.0000245900   -0.0000063600
   0.0008538000   -0.0002064200    0.0004314100
   0.0001601400   -0.0001268500    0.0001337800
   0.0000446600    0.0000796700   -0.0000006900
  -0.0000002700    0.0000178500   -0.0000245200
  -0.0001315800    0.0001091200   -0.0000093200
  -0.0000211600   -0.0000176600   -0.0000203900
   0.0006066800    0.0010821100    0.0002248700
  -0.0011378700   -0.0001520800    0.0006394400
  -0.0000010000   -0.0000204600   -0.0000111000
   0.0001472800    0.0000601600    0.0001130700
  -0.0011210400   -0.0026045700    0.0023559200
   0.0001050700    0.0000922700    0.0000326500
  -0.0000025400    0.0000179000    0.0000049400
  -0.0000035800    0.0000027800   -0.0000052200
  -0.0000009800    0.0000155100    0.0000061700
  -0.0000013100   -0.0000177100    0.0000043100
   0.0074169400    0.0004462900   -0.0009231700
   0.0000333900   -0.0000032600    0.0000018100
   0.0072079500   -0.0003591900    0.0010299900
  -0.0000417900    0.0000044300    0.0000597500
   0.0000298000    0.0000071100    0.0000084300
   0.0000305900   -0.0000131700   -0.0000036300
   0.0000196200   -0.0000187100    0.0000070400
   0.0000180300    0.0000127100   -0.0000048600
   0.0000370900    0.0000216600    0.0000144600
  -0.0023092000   -0.0000121100    0.0001019600
   0.0000703700   -0.0002022200    0.0000021400
   0.0000531700    0.0001595600   -0.0000140800
  -0.0000960500   -0.0002453800   -0.0000346200
  -0.0001008500    0.0002577400    0.0000393100
   0.0000066800    0.0000006600    0.0000009700
  -0.0000729600    0.0000588400   -0.0000422000
   0.0000086400    0.0000008800   -0.0000006200
  -0.0000807500   -0.0000602200    0.0000652000
  -0.0001493500    0.0000645600    0.0001209400
   0.0000333400    0.0000149800   -0.0000030700
   0.0011741000    0.0037689200    0.0006932900
   0.0013002200    0.0030807000   -0.0002568800
   0.0000238300    0.0000145200    0.0000053600
  -0.0001238100    0.0000720700   -0.0000081600
   0.0000012200   -0.0000072300    0.0000017800
   0.0000203900    0.0000102100   -0.0000196900
   0.0000078400    0.0000131900    0.0000040100
   0.0001573300   -0.0000284800   -0.0000880100
   0.0000090500    0.0000249300    0.0000145100
  -0.0013580500    0.0000035800   -0.0006537300
  -0.0010571600    0.0027500300   -0.0021755000
   0.0000114700   -0.0000207200   -0.0000053200
   0.0000997200   -0.0000341700   -0.0000183600
   0.0000034400   -0.0000142100   -0.0000089700
  -0.0000001400   -0.0000036100    0.0000081300
  -0.0000050600    0.0000147000   -0.0000042400
  -0.1210377300   -0.0029845100    0.0025352400
   0.0000285700   -0.0000170000   -0.0000442000
   0.0000303600    0.0000396500    0.0000207500
   0.0000233100   -0.0000420800    0.0000388800
   0.0000254100    0.0000489400   -0.0000677800
   0.0000052800    0.0000011600    0.0000018300
   0.0000231300    0.0000172300   -0.0000025700
   0.0000052700    0.0000009300    0.0000006600
   0.0000258300   -0.0000181600   -0.0000312000
   0.0017728700   -0.0014564800   -0.0016038700
  -0.0000106900    0.0000009100    0.0000014300
   0.0017538600    0.0013394900    0.0015436100
   0.0000659900   -0.0000136500   -0.0000157000
  -0.0000036900    0.0000312200    0.0000040600
   0.0000007800   -0.0000216500    0.0000008400
   0.0000008700    0.0000243100   -0.0000266700
   0.0000010000   -0.0000190600    0.0000244900
   0.0000732300    0.0000067700    0.0000265900
   0.0010872100   -0.0032608800   -0.0006989800
   0.0000300000   -0.0000163000    0.0000047200
  -0.0001854200   -0.0001305500   -0.0000826400
   0.0009721100   -0.0023477700    0.0004587400
  -0.0001687500   -0.0001452200   -0.0000101800
   0.0000269300   -0.0000055900   -0.0000004400
   0.0000218300    0.0000019400    0.0000256300
   0.0000040900    0.0000079000   -0.0000051900
   0.0000129600   -0.0000063700   -0.0000030500

82   
 -0.0100000000000000   0.0000000000000000   0.0000000000000000
  -0.0150770500   -0.0001640300    0.0002235600
   0.0000438700   -0.0000543600    0.0001717200
   0.0000009700    0.0000802700   -0.0001402200
   0.0000636200   -0.0005684500   -0.0000422700
   0.0000457800    0.0006233100    0.0000499400
   0.0000335500   -0.0000000800    0.0000054900
   0.0000122700    0.0000165100    0.0000029800
   0.0000120800    0.0000042900   -0.0000011800
   0.0000265200   -0.0000124200   -0.0000043100
  -0.0448798100    0.0178484600   -0.0310072300
  -0.0007588100   -0.0003142000    0.0002848800
  -0.0000803600    0.0000246800    0.0000096300
  -0.0000106100    0.0000765600    0.0000151200
  -0.0001344200   -0.0000580300    0.0001305700
  -0.0000004400    0.0000180000   -0.0000147800
  -0.0005566300    0.0008473900    0.0002044200
   0.0000248800   -0.0000161900   -0.0000215800
   0.0001283500    0.0001102100   -0.0000195200
  -0.0007467900    0.0028961700    0.0018701700
   0.0000265000   -0.0000050400    0.0000001800
  -0.0009292400   -0.0030383900   -0.0016675000
   0.0040750400   -0.0000507700    0.0002349600
   0.0000883400    0.0000287900   -0.0000019300
   0.0000985100   -0.0000408000    0.0000078000
   0.0000195900    0.0000016700   -0.0000279700
   0.0000182400    0.0000025900    0.0000233800
   0.0000713100    0.0000018800    0.0000096500
  -0.0449803500   -0.0177709000    0.0313000100
  -0.0000859200   -0.0000223900    0.0000062100
  -0.0008964000    0.0002161600   -0.0004357600
  -0.0001574200    0.0001270700   -0.0001331000
  -0.0000424800   -0.0000793000    0.0000013900
   0.0000003600   -0.0000181800    0.0000250500
   0.0001313600   -0.0001084300    0.0000083900
   0.0000211800    0.0000174800    0.0000206300
  -0.0006188000   -0.0010876200   -0.0002350200
   0.0011281400    0.0001490700   -0.0006227600
   0.0000008300    0.0000202100    0.0000112300
  -0.0001489600   -0.0000617900   -0.0001189200
   0.0011425400    0.0026763900   -0.0023940300
  -0.0001092900   -0.0000916400   -0.0000357900
   0.0000030200   -0.0000188500   -0.0000048900
   0.0000038200   -0.0000029500    0.0000051600
   0.0000011400   -0.0000160100   -0.0000058900
   0.0000014200    0.0000181900   -0.0000044100
  -0.0072285900   -0.0004450900    0.0009126400
  -0.0000332600    0.0000025600   -0.0000016900
  -0.0073984000    0.0003598200   -0.0010425700
   0.0000425900   -0.0000029500   -0.0000595700
  -0.0000295100   -0.0000067400   -0.0000084700
  -0.0000306600    0.0000135600    0.0000037100
  -0.0000193600    0.0000184700   -0.0000072100
  -0.0000180000   -0.0000127700    0.0000046000
  -0.0000371800   -0.0000193500   -0.0000123100
   0.0023093600    0.0000088800   -0.0000423600
  -0.0000702700    0.0001999900   -0.0000027600
  -0.0000527000   -0.0001612300    0.0000137500
   0.0000975400    0.0002460000    0.0000340000
   0.0000993900   -0.0002569000   -0.0000398700
  -0.0000065800   -0.0000005400   -0.0000010300
   0.0000715700   -0.0000592800    0.0000432500
  -0.0000084800   -0.0000010700    0.0000006100
   0.0000825500    0.0000599700   -0.0000639200
   0.0001488700   -0.0000627800   -0.0001185000
  -0.0000336600   -0.0000155900    0.0000033100
  -0.0011607700   -0.0037844000   -0.0006864300
  -0.0013030900   -0.0030522300    0.0002620500
  -0.0000232800   -0.0000143600   -0.0000054300
   0.0001275900   -0.0000735800    0.0000071600
  -0.0000010400    0.0000074400   -0.0000015600
  -0.0000204200   -0.0000100600    0.0000197500
  -0.0000077600   -0.0000132400   -0.0000035900
  -0.0001551300    0.0000279100    0.0000830000
  -0.0000086600   -0.0000252700   -0.0000144200
   0.0013664600   -0.0000069300    0.0006658200
   0.0010350200   -0.0026773300    0.0021401900
  -0.0000116000    0.0000197500    0.0000052500
  -0.0000955500    0.0000341400    0.0000146300
  -0.0000033000    0.0000136900    0.0000091500
   0.0000002000    0.0000034600   -0.0000082900
   0.0000051700   -0.0000141900    0.0000041000
   0.1209917300    0.0014687900   -0.0001890700
  -0.0000303500    0.0000168300    0.0000396100
  -0.0000285500   -0.0000403200   -0.0000251000
  -0.0000235900    0.0000444800   -0.0000403900
  -0.0000253800   -0.0000471500    0.0000660500
  -0.0000051800   -0.0000010800   -0.0000018100
  -0.0000237800   -0.0000163200    0.0000027300
  -0.0000051800   -0.0000011300   -0.0000003500
  -0.0000249800    0.0000191000    0.0000314400
  -0.0017709100    0.0014728100    0.0015920800
   0.0000108900   -0.0000009000   -0.0000017700
  -0.0017545600   -0.0013223700   -0.0015551700
  -0.0000654600    0.0000109000    0.0000095000
   0.0000033600   -0.0000306600   -0.0000039400
  -0.0000003200    0.0000221200   -0.0000008200
  -0.0000009500   -0.0000239500    0.0000264700
  -0.0000006400    0.0000195000   -0.0000245400
  -0.0000728900   -0.0000059400   -0.0000271400
  -0.0010963200    0.0032456100    0.0007007100
  -0.0000294000    0.0000157300   -0.0000045100
   0.0001867000    0.0001337700    0.0000851100
  -0.0009702200    0.0023714400   -0.0004608500
   0.0001631500    0.0001423500    0.0000079300
  -0.0000272800    0.0000053800    0.0000004200
  -0.0000215000   -0.0000018600   -0.0000258300
  -0.0000040200   -0.0000077200    0.0000053300
  -0.0000128900    0.0000062700    0.0000034700

82   
 -0.0050000000000000   0.0086602540378444   0.0000000000000000
  -0.0076343300    0.0467774700    0.0301163300
   0.0001504400    0.0000023900    0.0000239700
  -0.0001524500    0.0000446400   -0.0001137000
  -0.0004311700    0.0004007000   -0.0001999900
   0.0007486200    0.0011698700   -0.0001462200
   0.0000176000    0.0000053600    0.0000194800
  -0.0000363400    0.0000563100   -0.0000167800
   0.0000048400   -0.0000224300    0.0000186500
   0.0000380000    0.0000722900   -0.0000007200
  -0.0367997400    0.0303282600   -0.0312129600
  -0.0012982300   -0.0000841200    0.0002327200
  -0.0000774400    0.0000166500    0.0000186900
  -0.0000360300    0.0000747800    0.0000102000
  -0.0001168300   -0.0001389400   -0.0000407700
  -0.0000151000   -0.0000093300   -0.0000223600
  -0.0000852000    0.0004760800    0.0002133500
   0.0000187500   -0.0000182400   -0.0000222500
   0.0000646700    0.0001494100    0.0000948900
  -0.0028606700   -0.0009322500    0.0015740400
   0.0000080400   -0.0000284200   -0.0000298900
   0.0021491300   -0.0037838900   -0.0000847000
   0.0020818700    0.0021670600   -0.0015565100
   0.0000398400   -0.0000556700    0.0000131700
   0.0000618700   -0.0001005000    0.0000105400
   0.0000082700   -0.0000122600   -0.0000003800
   0.0000140600   -0.0000081900    0.0000227100
   0.0000452000   -0.0000993400   -0.0000060100
  -0.0079539000    0.0127402600    0.0000029800
  -0.0000102900   -0.0000089100    0.0000265500
   0.0003524100    0.0001722100   -0.0001568300
  -0.0000808900   -0.0000388100   -0.0001647000
   0.0000299500   -0.0000100500   -0.0000238100
   0.0000153100   -0.0000265500   -0.0000021400
   0.0000507500    0.0000672000    0.0001342000
   0.0000036600   -0.0000036900   -0.0000015700
  -0.0004019200   -0.0002670500    0.0000983300
  -0.0017538300    0.0005671500    0.0019856000
   0.0000261100    0.0000073900    0.0000187500
  -0.0000497600    0.0000019300   -0.0000325000
   0.0005767200    0.0019557700   -0.0018225700
  -0.0000300000   -0.0000293100   -0.0000141000
  -0.0000120900   -0.0000144400    0.0000002000
   0.0000044500   -0.0000088900    0.0000019400
  -0.0000149500   -0.0000120600   -0.0000169900
   0.0000153600    0.0000012700   -0.0000031600
  -0.0039632500   -0.0008148700    0.0008180300
  -0.0000142600    0.0000104200   -0.0000203300
  -0.0034960000   -0.0005725900   -0.0003707700
   0.0000142700   -0.0001856400    0.0000858900
  -0.0000029900    0.0000050400    0.0000039900
  -0.0000181500    0.0000133300    0.0000060400
  -0.0000262000    0.0000266800   -0.0000074000
   0.0000095000    0.0000076900   -0.0000013200
  -0.0000437200   -0.0001678400   -0.0000172000
   0.0011454000   -0.0019800900    0.0000183800
   0.0000985500   -0.0000131500    0.0000281200
  -0.0001629800   -0.0002009300    0.0000474700
   0.0001350200    0.0001360600   -0.0000032000
  -0.0000486700   -0.0001033600   -0.0000506600
  -0.0000032400    0.0000047900    0.0000014800
  -0.0001686600   -0.0000624300    0.0000242800
  -0.0000038600    0.0000070500   -0.0000000500
   0.0002356200    0.0000076900   -0.0000443200
   0.0001459800   -0.0000603400   -0.0000679800
  -0.0000111300    0.0000044700   -0.0000010000
   0.0021479100    0.0027607400    0.0005404600
   0.0028133800    0.0030308900   -0.0008712100
  -0.0000019700   -0.0000015900   -0.0000046300
   0.0001776900   -0.0000643800    0.0000174100
  -0.0000085600    0.0000352100    0.0000083000
  -0.0000063700    0.0000189700    0.0000231200
  -0.0000062200    0.0000243500   -0.0000040400
  -0.0000987900    0.0000454900    0.0000414600
  -0.0000265400   -0.0000107600    0.0000048900
   0.0028235600    0.0007267000    0.0023287000
   0.0006591800   -0.0008374500    0.0006080000
   0.0000133300    0.0000059000    0.0000064600
  -0.0000520700    0.0000287000    0.0000322400
   0.0000180600    0.0000073300   -0.0000108000
  -0.0000035400   -0.0000087400   -0.0000059200
  -0.0000094200   -0.0000060400    0.0000055600
   0.0592227700   -0.1005533800    0.0006193600
   0.0000191400    0.0000333400   -0.0000213900
  -0.0000301700    0.0000044100   -0.0000561900
   0.0000026500    0.0000490900   -0.0000561900
  -0.0000292300   -0.0000195500    0.0000114200
  -0.0000017500    0.0000012500    0.0000003600
  -0.0000491100    0.0000188400    0.0000322600
  -0.0000014600    0.0000014000   -0.0000013000
   0.0000280500    0.0000139900    0.0000485800
   0.0005358500   -0.0011824600   -0.0004721100
   0.0000068200    0.0000007800    0.0000069000
  -0.0025204400   -0.0024828800   -0.0020097800
  -0.0000020400    0.0001567300   -0.0000893700
  -0.0000198200   -0.0000125100   -0.0000027300
   0.0000139800    0.0000080600   -0.0000016100
  -0.0000159300   -0.0000120200    0.0000164300
   0.0000189800    0.0000115300   -0.0000056800
  -0.0000078200    0.0001391700   -0.0000142100
  -0.0025084300    0.0052801000    0.0011263600
  -0.0000193800    0.0000249200   -0.0000105100
  -0.0000325400    0.0000660100   -0.0000096100
  -0.0034521000    0.0049582100   -0.0012321200
  -0.0000530300    0.0000539900   -0.0000050100
  -0.0000261600    0.0000094900   -0.0000024500
  -0.0000089000    0.0000158700    0.0000007000
  -0.0000029200    0.0000227800    0.0000134500
  -0.0000026600    0.0000343900   -0.0000007100

82   
  0.0050000000000000  -0.0086602540378444   0.0000000000000000
   0.0076544600   -0.0479847000   -0.0312889800
  -0.0001515900   -0.0000031500   -0.0000250800
   0.0001537000   -0.0000471700    0.0001148300
   0.0004107600   -0.0003779000    0.0002073700
  -0.0007479700   -0.0011540900    0.0001377600
  -0.0000173500   -0.0000053800   -0.0000191100
   0.0000361200   -0.0000594900    0.0000174100
  -0.0000047000    0.0000224400   -0.0000185500
  -0.0000373900   -0.0000738400    0.0000013700
   0.0357910100   -0.0297275400    0.0300786400
   0.0013111500    0.0000779300   -0.0002412600
   0.0000765100   -0.0000155500   -0.0000179500
   0.0000331600   -0.0000736300   -0.0000093500
   0.0001159800    0.0001380200    0.0000394200
   0.0000153300    0.0000091600    0.0000229200
   0.0000956100   -0.0005036200   -0.0002055200
  -0.0000189600    0.0000185400    0.0000223400
  -0.0000668900   -0.0001474200   -0.0000948500
   0.0029139100    0.0009252200   -0.0015806400
  -0.0000080700    0.0000281500    0.0000306900
  -0.0021799300    0.0037668400    0.0000938200
  -0.0020659800   -0.0021173100    0.0015549700
  -0.0000384000    0.0000561500   -0.0000132300
  -0.0000599700    0.0001003900   -0.0000087900
  -0.0000082500    0.0000120900    0.0000009900
  -0.0000142500    0.0000081400   -0.0000220800
  -0.0000442700    0.0001007800    0.0000075500
   0.0078035800   -0.0128409000    0.0000630600
   0.0000114600    0.0000091300   -0.0000266500
  -0.0003575200   -0.0001604800    0.0001497600
   0.0000826600    0.0000389400    0.0001638100
  -0.0000290400    0.0000109900    0.0000234600
  -0.0000154500    0.0000264100    0.0000025100
  -0.0000500300   -0.0000668400   -0.0001350100
  -0.0000035600    0.0000035300    0.0000019900
   0.0004101500    0.0002575400   -0.0001027200
   0.0017417900   -0.0005750700   -0.0019979100
  -0.0000265800   -0.0000075300   -0.0000185000
   0.0000532700   -0.0000008300    0.0000281200
  -0.0005870600   -0.0019603100    0.0018101200
   0.0000292700    0.0000287500    0.0000123900
   0.0000118300    0.0000138000    0.0000000700
  -0.0000042600    0.0000088000   -0.0000020500
   0.0000148100    0.0000114500    0.0000171900
  -0.0000159000   -0.0000014200    0.0000035000
   0.0039725400    0.0008301900   -0.0008150500
   0.0000143200   -0.0000108000    0.0000203000
   0.0034730600    0.0005527000    0.0003720500
  -0.0000157400    0.0001834100   -0.0000842700
   0.0000029800   -0.0000050200   -0.0000036000
   0.0000181400   -0.0000131400   -0.0000060700
   0.0000267900   -0.0000270100    0.0000078000
  -0.0000097900   -0.0000080200    0.0000016600
   0.0000420400    0.0001731800    0.0000155700
  -0.0011470700    0.0019804000    0.0000395300
  -0.0000991200    0.0000150500   -0.0000274200
   0.0001630200    0.0001988100   -0.0000474800
  -0.0001328700   -0.0001345100    0.0000022800
   0.0000505100    0.0001023100    0.0000517200
   0.0000032400   -0.0000049300   -0.0000014600
   0.0001712500    0.0000635600   -0.0000253100
   0.0000040400   -0.0000070900    0.0000000800
  -0.0002369700   -0.0000059700    0.0000442900
  -0.0001488200    0.0000595000    0.0000699000
   0.0000108200   -0.0000049100    0.0000011700
  -0.0021778600   -0.0027719200   -0.0005388200
  -0.0027953600   -0.0030303800    0.0008746500
   0.0000020900    0.0000014200    0.0000049000
  -0.0001737200    0.0000596600   -0.0000188700
   0.0000087200   -0.0000347300   -0.0000079800
   0.0000062100   -0.0000190900   -0.0000231500
   0.0000065800   -0.0000247100    0.0000040500
   0.0001009000   -0.0000462500   -0.0000468600
   0.0000271200    0.0000107500   -0.0000046200
  -0.0028977000   -0.0007464300   -0.0023686900
  -0.0006534100    0.0008289900   -0.0005933000
  -0.0000139800   -0.0000061900   -0.0000066300
   0.0000544800   -0.0000344100   -0.0000355200
  -0.0000175500   -0.0000075100    0.0000109500
   0.0000036300    0.0000087200    0.0000057900
   0.0000099500    0.0000063300   -0.0000055000
  -0.0579356400    0.1013579200    0.0017193200
  -0.0000208400   -0.0000332500    0.0000217100
   0.0000284000   -0.0000052600    0.0000544300
  -0.0000028200   -0.0000490100    0.0000506000
   0.0000284200    0.0000177400   -0.0000109200
   0.0000016700   -0.0000014700   -0.0000003000
   0.0000494500   -0.0000192100   -0.0000375400
   0.0000017700   -0.0000014000    0.0000015700
  -0.0000297900   -0.0000153800   -0.0000501900
  -0.0005437800    0.0011948500    0.0004921600
  -0.0000066100   -0.0000009200   -0.0000071000
   0.0024616800    0.0024178300    0.0019791900
   0.0000028500   -0.0001548600    0.0000830200
   0.0000194500    0.0000120200    0.0000024900
  -0.0000131600   -0.0000078000    0.0000014300
   0.0000161800    0.0000122000   -0.0000164900
  -0.0000186300   -0.0000114400    0.0000057900
   0.0000037800   -0.0001362800    0.0000101200
   0.0025850100   -0.0054285800   -0.0011567400
   0.0000193900   -0.0000251000    0.0000103600
   0.0000312000   -0.0000667600    0.0000091700
   0.0033645600   -0.0048181100    0.0011992200
   0.0000509600   -0.0000555100    0.0000063500
   0.0000258100   -0.0000096000    0.0000024400
   0.0000095400   -0.0000157000   -0.0000011200
   0.0000029600   -0.0000229300   -0.0000136000
   0.0000025700   -0.0000350100    0.0000006900

82   
  0.0000000000000000   0.0000000000000000   0.0100000000000000
   0.0004705000    0.0360068900    0.0448230700
   0.0000348000   -0.0000971700   -0.0000103800
  -0.0000293200   -0.0001175200   -0.0000106700
   0.0001826400   -0.0002575200    0.0008621000
   0.0000610300   -0.0000182500    0.0007577600
   0.0000015900    0.0000231900    0.0000077100
   0.0000006200   -0.0001093800    0.0000029800
  -0.0000024000    0.0000169600   -0.0000003900
   0.0000183000   -0.0000757600    0.0000046000
   0.0310852000   -0.0178824400    0.0449340400
  -0.0000056400    0.0001540400    0.0008030800
  -0.0000539900    0.0000544200    0.0000058700
  -0.0000985100    0.0000487500    0.0000055700
  -0.0000668700    0.0001135600   -0.0000176800
   0.0000235200   -0.0000133800    0.0000126000
  -0.0000785300    0.0003902300    0.0008523900
   0.0000047700   -0.0000074000   -0.0000062100
  -0.0001404500   -0.0000145200   -0.0000179200
  -0.0011798600    0.0007533600    0.0022392000
  -0.0000025500   -0.0000096500    0.0000092500
   0.0009382500    0.0004729300    0.0023845300
   0.0001077700   -0.0014903300    0.0024528000
  -0.0000291600   -0.0000202800    0.0000961900
   0.0000622500   -0.0000135100    0.0000871600
  -0.0000043400    0.0000046400    0.0000096400
  -0.0000103600    0.0000094200    0.0000060800
   0.0000206300    0.0000673900    0.0001017600
  -0.0316529600   -0.0187984500    0.0448371000
   0.0000590600    0.0000509700   -0.0000056900
  -0.0000005000    0.0001561600    0.0008376900
   0.0000880500    0.0000738300    0.0000034800
   0.0000772800    0.0000272700   -0.0000034600
  -0.0000256100   -0.0000152700    0.0000106600
   0.0000875300    0.0000118900    0.0000079700
  -0.0000060000   -0.0000072900   -0.0000045700
  -0.0000026700    0.0000552700    0.0007779800
  -0.0016364500    0.0004455900    0.0004497800
  -0.0000002200   -0.0000010400    0.0000151000
   0.0000857200    0.0000193700   -0.0002709300
  -0.0004117500   -0.0016200300    0.0002412100
  -0.0001431200   -0.0000626200   -0.0003869200
   0.0000152000   -0.0000186500    0.0000101400
   0.0000071500    0.0000011000    0.0000104100
   0.0000017500   -0.0000047600    0.0000140600
  -0.0000125000    0.0000217100    0.0000108300
   0.0016136100    0.0001339800   -0.0030920800
  -0.0000016800   -0.0000233300    0.0000088900
  -0.0017407100   -0.0000199100   -0.0033726600
  -0.0000019000   -0.0000007300   -0.0000114400
  -0.0000148900   -0.0000013200   -0.0000350800
   0.0000126900   -0.0000036500   -0.0000287700
   0.0000067700   -0.0000038600   -0.0000222500
  -0.0000095500   -0.0000046500   -0.0000212000
  -0.0000485000    0.0000911500    0.0000750700
  -0.0000359600    0.0000290400    0.0170016300
   0.0000442800    0.0000030500    0.0000039400
  -0.0000223500    0.0000023600    0.0000139600
  -0.0000535900    0.0000532200    0.0000270100
   0.0000370400    0.0000460300    0.0000476600
   0.0000010400    0.0000002900   -0.0000040500
   0.0000448600   -0.0000636400    0.0000420600
   0.0000018400    0.0000015800   -0.0000001700
  -0.0000364800   -0.0000234000    0.0000709900
  -0.0000035500    0.0000016300    0.0000159200
  -0.0000043100   -0.0000050900   -0.0000273100
  -0.0009260600   -0.0013669500   -0.0034388300
   0.0008394200    0.0013237800   -0.0030561600
  -0.0000093300   -0.0000162500   -0.0000360400
   0.0000433300   -0.0000770300    0.0000532300
   0.0000015300    0.0000040500   -0.0000285100
  -0.0000225200    0.0000104400    0.0000065700
   0.0000073800    0.0000128500   -0.0000312000
  -0.0000306500    0.0000059100   -0.0002880500
   0.0000048200   -0.0000012100    0.0000145300
   0.0013719800    0.0004594200    0.0002297000
   0.0003050000   -0.0016092600    0.0002400800
  -0.0000165800   -0.0000208300    0.0000076000
   0.0001246600   -0.0000443800   -0.0003907300
   0.0000026700   -0.0000062400    0.0000137100
  -0.0000086000    0.0000007200    0.0000086300
   0.0000128600    0.0000221400    0.0000107000
   0.0013323500    0.0001607200   -0.1418470200
   0.0000205800   -0.0000509800   -0.0003594200
  -0.0000398000   -0.0000493000   -0.0003595900
  -0.0000016600    0.0000375800   -0.0003799200
  -0.0000324800    0.0000369200   -0.0003620600
   0.0000004900   -0.0000013600    0.0000025800
   0.0000393300   -0.0000373900   -0.0003797700
   0.0000018300    0.0000014300    0.0000025800
  -0.0000658100   -0.0000237600   -0.0003621700
  -0.0016854300    0.0014321400    0.0004490500
  -0.0000014200   -0.0000095200    0.0000067600
   0.0014986900    0.0012672500    0.0002422200
   0.0000145700   -0.0000093000   -0.0003493700
  -0.0000299800    0.0000002600    0.0000098800
   0.0000295100   -0.0000004500    0.0000108400
   0.0000046900    0.0000021600    0.0000095200
  -0.0000015000    0.0000029200    0.0000098600
   0.0000010300    0.0001448100   -0.0003988900
   0.0004331300   -0.0010626400   -0.0034447600
  -0.0000042500   -0.0000015300   -0.0000390300
  -0.0000135600   -0.0000013700    0.0000289900
  -0.0007589800    0.0009593100   -0.0033606800
  -0.0000958600   -0.0000447100    0.0000265300
   0.0000083600   -0.0000108100   -0.0000362700
   0.0000265200    0.0000143400   -0.0000019100
  -0.0000030500    0.0000009300   -0.0000367100
  -0.0000057800    0.0000086900   -0.0000385400

82   
  0.0000000000000000   0.0000000000000000  -0.0100000000000000
  -0.0004520100   -0.0372108800   -0.0455817100
  -0.0000337900    0.0001007800    0.0000102100
   0.0000294100    0.0001214700    0.0000097900
  -0.0002049800    0.0002988100   -0.0008626600
  -0.0000375700    0.0000614600   -0.0007574100
  -0.0000014600   -0.0000240800   -0.0000081500
  -0.0000019900    0.0001119100   -0.0000047400
   0.0000024400   -0.0000170200    0.0000002900
  -0.0000169200    0.0000779900   -0.0000066900
  -0.0321038600    0.0184841500   -0.0456743300
   0.0000548800   -0.0001555000   -0.0008047100
   0.0000564400   -0.0000545700   -0.0000081300
   0.0001001600   -0.0000513400   -0.0000074400
   0.0000709800   -0.0001155000    0.0000173800
  -0.0000242000    0.0000138500   -0.0000130500
   0.0001016500   -0.0004341600   -0.0008555900
  -0.0000049400    0.0000074600    0.0000061800
   0.0001448700    0.0000128800    0.0000173000
   0.0011520400   -0.0007340200   -0.0022355400
   0.0000026300    0.0000100600   -0.0000098300
  -0.0009102100   -0.0004559600   -0.0023790100
  -0.0001054500    0.0014609100   -0.0024516600
   0.0000294100    0.0000201600   -0.0000996000
  -0.0000626200    0.0000134600   -0.0000898800
   0.0000039700   -0.0000049900   -0.0000102900
   0.0000107400   -0.0000096700   -0.0000066400
  -0.0000206100   -0.0000679600   -0.0001044800
   0.0327055900    0.0193985500   -0.0455935000
  -0.0000615100   -0.0000513100    0.0000032000
  -0.0000452500   -0.0001590400   -0.0008393700
  -0.0000915000   -0.0000763500   -0.0000037600
  -0.0000788000   -0.0000297500    0.0000009800
   0.0000265300    0.0000157800   -0.0000110300
  -0.0000912100   -0.0000134800   -0.0000080300
   0.0000060100    0.0000071600    0.0000045800
  -0.0000216200   -0.0000975600   -0.0007807200
   0.0016119000   -0.0004355500   -0.0004539300
   0.0000001400    0.0000008500   -0.0000153900
  -0.0000915900   -0.0000228400    0.0002678100
   0.0004063000    0.0015914100   -0.0002478600
   0.0001443000    0.0000632500    0.0003880200
  -0.0000157200    0.0000189900   -0.0000101100
  -0.0000070500   -0.0000010700   -0.0000102400
  -0.0000019100    0.0000047400   -0.0000141900
   0.0000125700   -0.0000223400   -0.0000107900
  -0.0016297700   -0.0001240500    0.0031118900
   0.0000017500    0.0000234200   -0.0000082200
   0.0017580200    0.0000263400    0.0033962000
   0.0000021500   -0.0000023500    0.0000154800
   0.0000149800    0.0000011200    0.0000361000
  -0.0000126600    0.0000034800    0.0000296700
  -0.0000069900    0.0000044800    0.0000224100
   0.0000099000    0.0000051000    0.0000212500
   0.0000480900   -0.0000868700   -0.0000770000
   0.0000369700   -0.0000267900   -0.0173830000
  -0.0000448200   -0.0000040600   -0.0000065700
   0.0000228800   -0.0000033200   -0.0000163400
   0.0000553200   -0.0000545600   -0.0000306900
  -0.0000388100   -0.0000467500   -0.0000517500
  -0.0000010400   -0.0000003800    0.0000042600
  -0.0000452300    0.0000650000   -0.0000458500
  -0.0000017600   -0.0000016200    0.0000003100
   0.0000363000    0.0000244200   -0.0000749200
   0.0000016700   -0.0000002900   -0.0000117200
   0.0000048400    0.0000049600    0.0000276000
   0.0009438300    0.0013788900    0.0034653700
  -0.0008388400   -0.0013471600    0.0030771800
   0.0000091900    0.0000165600    0.0000372300
  -0.0000393600    0.0000738200   -0.0000544900
  -0.0000009900   -0.0000044600    0.0000289100
   0.0000227600   -0.0000106100   -0.0000056900
  -0.0000076200   -0.0000129800    0.0000323000
   0.0000360600   -0.0000092500    0.0002855000
  -0.0000046400    0.0000010400   -0.0000147100
  -0.0013495700   -0.0004506300   -0.0002350400
  -0.0002986400    0.0015824300   -0.0002472800
   0.0000170900    0.0000212500   -0.0000074600
  -0.0001244800    0.0000459200    0.0003926600
  -0.0000024000    0.0000063900   -0.0000137500
   0.0000086600   -0.0000007000   -0.0000084400
  -0.0000130200   -0.0000227700   -0.0000106000
  -0.0013938900   -0.0001431000    0.1443737400
  -0.0000251000    0.0000503100    0.0003655400
   0.0000441600    0.0000489000    0.0003653800
   0.0000036800   -0.0000398100    0.0003855500
   0.0000301700   -0.0000410000    0.0003682000
  -0.0000004800    0.0000013300   -0.0000021300
  -0.0000399100    0.0000402700    0.0003857100
  -0.0000017500   -0.0000014600   -0.0000021200
   0.0000680600    0.0000277100    0.0003681000
   0.0016710600   -0.0014135900   -0.0004569400
   0.0000014500    0.0000093200   -0.0000066000
  -0.0014837600   -0.0012498300   -0.0002501800
  -0.0000147400    0.0000141500    0.0003494300
   0.0000306300   -0.0000000700   -0.0000096300
  -0.0000301400    0.0000006000   -0.0000107700
  -0.0000045300   -0.0000021200   -0.0000094800
   0.0000015200   -0.0000028500   -0.0000099000
   0.0000007000   -0.0001447000    0.0004029100
  -0.0004495000    0.0010628200    0.0034697300
   0.0000036300    0.0000014500    0.0000391700
   0.0000159300    0.0000025300   -0.0000251800
   0.0007522900   -0.0009747500    0.0033842300
   0.0000906600    0.0000412800   -0.0000276900
  -0.0000081100    0.0000108800    0.0000373300
  -0.0000266000   -0.0000144500    0.0000030200
   0.0000027100   -0.0000014000    0.0000368700
   0.0000058800   -0.0000086200    0.0000396500

91   
  0.0100000000000000   0.0000000000000000   0.0000000000000000
   0.0007116200    0.0031427600   -0.0017298600
   0.0009106600   -0.0030965900    0.0017398800
  -0.0000264600   -0.0000018500    0.0000003100
  -0.0000987100    0.0000301600    0.0000156000
  -0.0044579600    0.0000761600    0.0000946100
  -0.0001083500   -0.0000211700   -0.0000236700
  -0.0000690800   -0.0000056500   -0.0000083000
  -0.0000106900    0.0000021400   -0.0000180600
  -0.0000251500   -0.0000029400    0.0000257100
   0.0005895800   -0.0003066500   -0.0003728500
   0.0465669000    0.0185203500    0.0327784000
   0.0000805100    0.0000248100    0.0000028500
  -0.0000037000    0.0000183000    0.0000187800
   0.0001136600   -0.0000817400   -0.0001133700
   0.0000520400    0.0000463200   -0.0000166700
   0.0005825800    0.0010491700   -0.0003356600
  -0.0001110800    0.0001361200    0.0000389900
  -0.0000341400   -0.0000159800    0.0000218600
   0.0147358500    0.0005048200    0.0000044800
  -0.0000473700    0.0000972100    0.0001809500
  -0.0000193400   -0.0000820500   -0.0001534600
  -0.0000473900    0.0006963900   -0.0000177000
  -0.0000267000   -0.0006345900    0.0000765500
  -0.0000371900    0.0000024500    0.0000025500
  -0.0000167200   -0.0000175500    0.0000128000
  -0.0000130600   -0.0000004600   -0.0000005300
   0.0000031700    0.0000111600   -0.0000162800
   0.0459702000   -0.0185493200   -0.0315395900
   0.0007279200    0.0003299000    0.0003840400
   0.0000695300   -0.0000244400    0.0000004500
   0.0000423700   -0.0000565200   -0.0000006500
   0.0001304700    0.0000757900    0.0001384200
  -0.0000031500   -0.0000199400   -0.0000151400
   0.0006314500   -0.0011195000    0.0002582100
  -0.0000301800    0.0000175600   -0.0000199700
  -0.0001202900   -0.0001044200   -0.0000205800
   0.0012775400    0.0036560300   -0.0007287000
  -0.0001933500    0.0000954900   -0.0001292600
   0.0000467900    0.0000144300    0.0000070400
  -0.0001427000    0.0001226700    0.0000093600
   0.0012960700    0.0030373400    0.0001409900
   0.0000324600    0.0000096800   -0.0000095000
   0.0000109700    0.0000091500   -0.0000089000
   0.0000031800   -0.0000168300   -0.0000006300
   0.0000128400    0.0000140500    0.0000171800
  -0.0022493500    0.0000282600   -0.0000064200
   0.0000676600   -0.0001898700   -0.0000044500
   0.0000498800    0.0001759800   -0.0000125200
  -0.0001036700   -0.0002239200    0.0000115700
  -0.0000909700    0.0002621800   -0.0000151400
   0.0000106000   -0.0000000600   -0.0000019500
  -0.0000705100    0.0000783700    0.0000423700
   0.0000039500   -0.0000008600    0.0000004300
  -0.0000745900   -0.0000638900   -0.0000232500
   0.0069953000   -0.0004419900   -0.0008547100
   0.0071947100    0.0004581700    0.0009033800
   0.0000355000   -0.0000008000   -0.0000019300
   0.0000392700   -0.0000202800    0.0000045100
  -0.0000102900   -0.0000077400    0.0000058800
   0.0000286100    0.0000209100   -0.0000014900
   0.0000571100    0.0000258200   -0.0000005700
   0.0000201500   -0.0000207900   -0.0000113100
   0.0000276600    0.0000184600    0.0000092100
  -0.0009295200   -0.0002342400   -0.0005459500
   0.0000041200   -0.0000277200    0.0000111400
   0.0001061500    0.0000345300   -0.0000899000
  -0.0012102400   -0.0025778400   -0.0021136400
   0.0000735600    0.0000329200   -0.0000200000
   0.0000027300    0.0000150900   -0.0000033300
  -0.0000021600    0.0000049600    0.0000060600
  -0.0000014100    0.0000245600   -0.0000110900
   0.0000017400   -0.0000151200   -0.0000063900
   0.0012238000   -0.0037733700    0.0007718300
   0.0000469200   -0.0000171800   -0.0000080300
  -0.0001563900   -0.0001055000    0.0000994900
   0.0013451900   -0.0029517500   -0.0003021500
  -0.0001686300   -0.0001288200   -0.0000109500
   0.0000355300   -0.0000080600    0.0000077900
   0.0000155400   -0.0000112700   -0.0000199200
   0.0000063900    0.0000139300    0.0000027500
   0.0000049600   -0.0000043000    0.0000080200
   0.0017699400    0.0016540500   -0.0016725200
   0.0017561500   -0.0018572300    0.0014966900
  -0.0000108700    0.0000015700   -0.0000014100
   0.0000009800   -0.0000178100    0.0000043900
   0.0000727400    0.0000352600    0.0000031900
   0.0000006100    0.0000223900   -0.0000016900
   0.0000656700    0.0000355300    0.0000148600
   0.0000003800    0.0000161700    0.0000297800
  -0.0000034700   -0.0000244900   -0.0000303900
  -0.1229965200   -0.0010829700   -0.0007562500
   0.0000613800   -0.0000412100    0.0000507400
   0.0000624400    0.0000449000   -0.0000252400
   0.0000132500   -0.0000701200   -0.0000583400
   0.0000322100    0.0000638700    0.0000673200
   0.0000061300    0.0000004500   -0.0000002300
   0.0000128900    0.0000199800   -0.0000180600
   0.0000061100    0.0000002600    0.0000012200
   0.0000325700   -0.0000225700    0.0000299300
  -0.0011356300    0.0002169900    0.0003838500
   0.0001593600   -0.0000437500    0.0001292600
   0.0000045900    0.0000261400   -0.0000151400
   0.0001570900   -0.0000640000   -0.0000012400
  -0.0013527800    0.0031572500    0.0018480000
   0.0000028800   -0.0000210200    0.0000017100
   0.0000027900    0.0000232300    0.0000041900
  -0.0000051700   -0.0000187900    0.0000143000
  -0.0000006300   -0.0000051000   -0.0000088700

91   
 -0.0100000000000000   0.0000000000000000   0.0000000000000000
  -0.0007478500   -0.0031890700    0.0017417900
  -0.0008715600    0.0030539300   -0.0017333500
   0.0000263900    0.0000018600   -0.0000009700
   0.0000996300   -0.0000308900   -0.0000169800
   0.0044584600   -0.0000442600   -0.0000989800
   0.0001074600    0.0000205800    0.0000221000
   0.0000689500    0.0000049000    0.0000080600
   0.0000108100   -0.0000019600    0.0000174700
   0.0000250300    0.0000031900   -0.0000263300
  -0.0006293800    0.0003175500    0.0003782000
  -0.0454880000   -0.0179112900   -0.0315911100
  -0.0000783300   -0.0000227400   -0.0000028100
   0.0000034800   -0.0000186000   -0.0000194000
  -0.0001107200    0.0000821300    0.0001135600
  -0.0000501500   -0.0000460400    0.0000159200
  -0.0005951300   -0.0010551700    0.0003454800
   0.0001101700   -0.0001354500   -0.0000376600
   0.0000340100    0.0000158300   -0.0000221000
  -0.0147470300   -0.0003151700   -0.0000807700
   0.0000460200   -0.0000989800   -0.0001795500
   0.0000198700    0.0000810500    0.0001547000
   0.0000384700   -0.0007004400    0.0000239700
   0.0000354500    0.0006303000   -0.0000679100
   0.0000371800   -0.0000021500   -0.0000030900
   0.0000172200    0.0000164500   -0.0000125200
   0.0000128800    0.0000004100    0.0000001500
  -0.0000035500   -0.0000120300    0.0000163100
  -0.0470498300    0.0191536900    0.0327378900
  -0.0006872000   -0.0003175800   -0.0003778200
  -0.0000717800    0.0000263400   -0.0000002600
  -0.0000442200    0.0000567900   -0.0000000300
  -0.0001336400   -0.0000762000   -0.0001390200
   0.0000031500    0.0000195800    0.0000146300
  -0.0006178100    0.0011128100   -0.0002483000
   0.0000301900   -0.0000176200    0.0000196800
   0.0001209400    0.0001053800    0.0000217000
  -0.0012679300   -0.0036711200    0.0007243300
   0.0001920600   -0.0000929100    0.0001267700
  -0.0000473300   -0.0000149300   -0.0000075000
   0.0001477700   -0.0001244700   -0.0000084200
  -0.0013006300   -0.0030116700   -0.0001479900
  -0.0000321300   -0.0000097500    0.0000093900
  -0.0000110300   -0.0000091300    0.0000083800
  -0.0000034200    0.0000169900    0.0000003300
  -0.0000130800   -0.0000138200   -0.0000173300
   0.0022503900   -0.0000314500   -0.0000518800
  -0.0000675300    0.0001876600    0.0000046900
  -0.0000498700   -0.0001782700    0.0000128900
   0.0001054800    0.0002247800   -0.0000112900
   0.0000897200   -0.0002607600    0.0000154700
  -0.0000106900    0.0000001300    0.0000018500
   0.0000688900   -0.0000790700   -0.0000438800
  -0.0000040100    0.0000007600   -0.0000005400
   0.0000763800    0.0000638200    0.0000220400
  -0.0071844300    0.0004459200    0.0008648400
  -0.0070075300   -0.0004569600   -0.0008912300
  -0.0000356300    0.0000000800    0.0000017000
  -0.0000395600    0.0000208300   -0.0000046600
   0.0000103200    0.0000085800   -0.0000068500
  -0.0000285600   -0.0000204000    0.0000014000
  -0.0000574200   -0.0000235000   -0.0000019000
  -0.0000201500    0.0000205900    0.0000114200
  -0.0000277900   -0.0000185700   -0.0000091100
   0.0009208600    0.0002318400    0.0005325500
  -0.0000044000    0.0000274200   -0.0000114400
  -0.0001083500   -0.0000362000    0.0000964000
   0.0012330900    0.0026492400    0.0021470000
  -0.0000774300   -0.0000329300    0.0000227000
  -0.0000025400   -0.0000157800    0.0000031100
   0.0000022000   -0.0000050700   -0.0000061300
   0.0000013800   -0.0000249100    0.0000107400
  -0.0000017100    0.0000156500    0.0000064200
  -0.0012330500    0.0037578100   -0.0007763200
  -0.0000465100    0.0000164900    0.0000075600
   0.0001574100    0.0001085900   -0.0001021200
  -0.0013408100    0.0029784900    0.0002946100
   0.0001629800    0.0001269600    0.0000118000
  -0.0000360400    0.0000080200   -0.0000079200
  -0.0000155700    0.0000114700    0.0000198500
  -0.0000064400   -0.0000137000   -0.0000029700
  -0.0000049800    0.0000043300   -0.0000084300
  -0.0017738300   -0.0016383900    0.0016842500
  -0.0017522300    0.0018692500   -0.0014860000
   0.0000107400   -0.0000014600    0.0000014500
  -0.0000008300    0.0000182200   -0.0000048100
  -0.0000733500   -0.0000357300    0.0000028300
  -0.0000009400   -0.0000220100    0.0000013100
  -0.0000657800   -0.0000347100   -0.0000144400
  -0.0000006900   -0.0000157900   -0.0000299000
   0.0000036200    0.0000249100    0.0000302200
   0.1230153700   -0.0004696000   -0.0016191000
  -0.0000625300    0.0000405000   -0.0000464600
  -0.0000614500   -0.0000457600    0.0000292200
  -0.0000135800    0.0000720900    0.0000592200
  -0.0000319000   -0.0000620100   -0.0000663300
  -0.0000062400   -0.0000002900    0.0000000900
  -0.0000139700   -0.0000184900    0.0000174300
  -0.0000062300   -0.0000004800   -0.0000016400
  -0.0000315700    0.0000239200   -0.0000304500
   0.0011485100   -0.0002182300   -0.0004022500
  -0.0001574300    0.0000421000   -0.0001216900
  -0.0000045500   -0.0000263700    0.0000149200
  -0.0001547700    0.0000646900    0.0000044600
   0.0013223900   -0.0030754100   -0.0018236700
  -0.0000032100    0.0000201600   -0.0000017800
  -0.0000028800   -0.0000227900   -0.0000041300
   0.0000049400    0.0000185100   -0.0000146100
   0.0000004400    0.0000049700    0.0000088800

91   
  0.0000000000000000   0.0000000000000000   0.0100000000000000
  -0.0012336400   -0.0007122400    0.0021869000
   0.0012900500   -0.0006840100    0.0024367800
  -0.0000071500    0.0000085400    0.0000038100
  -0.0000282200    0.0000148800    0.0000892600
   0.0000526500    0.0014592000    0.0024368000
   0.0000129100    0.0000074700    0.0000720500
  -0.0000012200   -0.0000318800    0.0000892600
  -0.0000125200   -0.0000072300    0.0000031500
   0.0000038200   -0.0000104400    0.0000038200
  -0.0001100300   -0.0001344500    0.0006814100
   0.0330765200    0.0190967700    0.0461871700
  -0.0000595800   -0.0000534300   -0.0000046100
   0.0000302000    0.0000174200    0.0000167200
  -0.0000374300   -0.0000993600   -0.0000124400
  -0.0000760900   -0.0000248900   -0.0000046000
  -0.0001714600   -0.0000280700    0.0006814300
  -0.0001047400    0.0000172900   -0.0000124400
   0.0000040700    0.0000023500   -0.0000086100
   0.0005055400   -0.0383235100    0.0459222600
  -0.0000296900    0.0000975500   -0.0000075700
   0.0000418100    0.0000628900    0.0000005000
  -0.0000032200    0.0000997100    0.0006376300
  -0.0001644900    0.0001845900    0.0006890400
   0.0000014100   -0.0000298000    0.0000112000
   0.0000111100    0.0000789300   -0.0000019900
   0.0000015200   -0.0000139100   -0.0000041200
  -0.0000091600    0.0000734900   -0.0000017000
  -0.0329363500    0.0195995700    0.0459222700
   0.0000776100   -0.0002347700    0.0006890100
   0.0000590700   -0.0000446600   -0.0000017000
   0.0000739100   -0.0000298500   -0.0000020000
   0.0000696700   -0.0000744900   -0.0000075600
  -0.0000251000    0.0000161000    0.0000112000
   0.0000847400   -0.0000526400    0.0006376600
  -0.0000113000    0.0000082800   -0.0000041300
   0.0000753600    0.0000047800    0.0000004900
   0.0007130000    0.0014037800   -0.0031444500
  -0.0000119600   -0.0000048700   -0.0000029400
   0.0000068800    0.0000084300   -0.0000263200
  -0.0000752400    0.0000385600    0.0000870300
  -0.0008948500   -0.0013813100   -0.0030750700
   0.0000100500    0.0000164700   -0.0000335900
  -0.0000107800   -0.0000134000   -0.0000352300
  -0.0000038000   -0.0000109200   -0.0000258000
   0.0000192600   -0.0000102100    0.0000103500
  -0.0000375900   -0.0000217100    0.0172568900
  -0.0000470400    0.0000029500    0.0000124300
   0.0000547400    0.0000260700    0.0000236300
   0.0000172200   -0.0000676100    0.0000738800
  -0.0000209500   -0.0000422300    0.0000124300
   0.0000004000    0.0000002300   -0.0000060300
  -0.0000499300    0.0000487300    0.0000738900
  -0.0000007400   -0.0000004200    0.0000014100
   0.0000499500    0.0000343800    0.0000236200
   0.0015722100   -0.0000844200   -0.0031444500
  -0.0016437000   -0.0000843200   -0.0030751000
   0.0000007900    0.0000217800    0.0000103600
  -0.0000169900   -0.0000026300   -0.0000352300
  -0.0000102100   -0.0000079300   -0.0000029400
   0.0000192900    0.0000004600   -0.0000335900
  -0.0000042300   -0.0000844500    0.0000870200
  -0.0000113400    0.0000021700   -0.0000257900
   0.0000107400    0.0000017400   -0.0000263200
   0.0015317300   -0.0004387800    0.0002540600
   0.0000038300   -0.0000027400    0.0000156100
  -0.0000171800   -0.0000099200   -0.0003312400
   0.0003858600    0.0015459200    0.0002540500
   0.0000777200    0.0000448900   -0.0003417800
  -0.0000156700    0.0000169100    0.0000079600
  -0.0000060000   -0.0000034700    0.0000107900
  -0.0000004400    0.0000047000    0.0000156300
   0.0000068200   -0.0000220200    0.0000079600
  -0.0007602600    0.0013205400   -0.0031092100
  -0.0000006400    0.0000076100   -0.0000312800
   0.0000123000    0.0000071100    0.0000322500
   0.0007634900   -0.0013186900   -0.0031092000
   0.0000604500    0.0000349100    0.0000693400
  -0.0000075700    0.0000193200   -0.0000371900
  -0.0000195400   -0.0000112900    0.0000075200
   0.0000062700   -0.0000043400   -0.0000313000
   0.0000129500   -0.0000162200   -0.0000372000
  -0.0015894800   -0.0014696100    0.0004561500
   0.0015406000   -0.0013968800    0.0002503800
   0.0000016800    0.0000088400    0.0000066400
  -0.0000267100    0.0000037800    0.0000094200
   0.0000269000    0.0000037000   -0.0004009400
   0.0000248400    0.0000076500    0.0000098300
  -0.0000124400   -0.0001064300   -0.0003512600
   0.0000009000   -0.0000011900    0.0000107500
   0.0000041300   -0.0000006100    0.0000097500
   0.0004375900    0.0002526800   -0.1458415900
  -0.0000294000    0.0000504600   -0.0003521300
   0.0000505300    0.0000488600   -0.0003522100
  -0.0000167300   -0.0000595100   -0.0003605500
   0.0000290400   -0.0000507200   -0.0003520600
   0.0000013800    0.0000008000    0.0000033600
  -0.0000599000    0.0000152600   -0.0003605400
  -0.0000002300   -0.0000001300    0.0000033300
   0.0000676000    0.0000193200   -0.0003521700
  -0.0020674600   -0.0006417200    0.0004561200
   0.0000166700    0.0000214400   -0.0004009500
   0.0000015500    0.0000038800    0.0000097600
  -0.0000983900    0.0000424600   -0.0003512600
  -0.0004394200    0.0020326400    0.0002503700
   0.0000190500    0.0000176900    0.0000098500
  -0.0000100800   -0.0000250200    0.0000094100
  -0.0000005900    0.0000013800    0.0000107400
   0.0000084700   -0.0000029600    0.0000066300

91   
  0.0000000000000000   0.0000000000000000  -0.0100000000000000
   0.0012618600    0.0007285100   -0.0021945600
  -0.0013147900    0.0006992800   -0.0024413500
   0.0000070300   -0.0000081600   -0.0000033500
   0.0000278800   -0.0000149300   -0.0000867800
  -0.0000518400   -0.0014882900   -0.0024413600
  -0.0000129200   -0.0000074600   -0.0000695600
   0.0000010200    0.0000316000   -0.0000868000
   0.0000121300    0.0000070000   -0.0000027100
  -0.0000035500    0.0000101700   -0.0000033500
   0.0000607000    0.0001335100   -0.0006788200
  -0.0320164400   -0.0184846600   -0.0454173800
   0.0000569100    0.0000533600    0.0000067400
  -0.0000294000   -0.0000169700   -0.0000163700
   0.0000332800    0.0000970200    0.0000131000
   0.0000746500    0.0000225700    0.0000067400
   0.0001459500   -0.0000142000   -0.0006788200
   0.0001007200   -0.0000196800    0.0000131000
  -0.0000041100   -0.0000023600    0.0000084100
  -0.0005118800    0.0371112700   -0.0451590700
   0.0000304300   -0.0000933200    0.0000083200
  -0.0000423800   -0.0000590900    0.0000001900
  -0.0000209600   -0.0000566700   -0.0006368500
   0.0001851100   -0.0001419300   -0.0006892900
  -0.0000013400    0.0000289000   -0.0000108800
  -0.0000126200   -0.0000764600    0.0000040100
  -0.0000015600    0.0000139400    0.0000040900
   0.0000104700   -0.0000712700    0.0000036700
   0.0318833500   -0.0189989000   -0.0451590700
  -0.0000303200    0.0002312600   -0.0006892900
  -0.0000565300    0.0000447100    0.0000036800
  -0.0000725100    0.0000273000    0.0000040100
  -0.0000656100    0.0000729700    0.0000083300
   0.0000243800   -0.0000156200   -0.0000108700
  -0.0000595800    0.0000101900   -0.0006368400
   0.0000112900   -0.0000082800    0.0000040800
  -0.0000723400   -0.0000071200    0.0000001900
  -0.0006972500   -0.0013949500    0.0031224800
   0.0000093300    0.0000063200   -0.0000008700
  -0.0000062100   -0.0000085100    0.0000260000
   0.0000797000   -0.0000414000   -0.0000851400
   0.0008941300    0.0013620800    0.0030549100
  -0.0000103100   -0.0000162600    0.0000325600
   0.0000105400    0.0000135200    0.0000341800
   0.0000041600    0.0000104500    0.0000254400
  -0.0000191300    0.0000101200   -0.0000109900
   0.0000388400    0.0000224400   -0.0168830600
   0.0000461400   -0.0000044100   -0.0000096300
  -0.0000541400   -0.0000272000   -0.0000207100
  -0.0000153400    0.0000671800   -0.0000696800
   0.0000192400    0.0000421400   -0.0000096500
  -0.0000004000   -0.0000002300    0.0000056600
   0.0000505100   -0.0000468800   -0.0000696500
   0.0000007100    0.0000004300   -0.0000016400
  -0.0000506000   -0.0000332700   -0.0000207000
  -0.0015566800    0.0000936600    0.0031224800
   0.0016266500    0.0000933000    0.0030549100
  -0.0000008000   -0.0000216100   -0.0000109700
   0.0000169900    0.0000023800    0.0000341900
   0.0000101300    0.0000049200   -0.0000008700
  -0.0000192300   -0.0000008000    0.0000325600
   0.0000040000    0.0000897200   -0.0000851500
   0.0000111500   -0.0000016100    0.0000254500
  -0.0000104700   -0.0000011300    0.0000259900
  -0.0015596400    0.0004472500   -0.0002485000
  -0.0000040600    0.0000025400   -0.0000156400
   0.0000120900    0.0000069800    0.0003333200
  -0.0003924900   -0.0015743100   -0.0002485100
  -0.0000776300   -0.0000448100    0.0003401400
   0.0000151600   -0.0000166700   -0.0000080900
   0.0000061100    0.0000035300   -0.0000109800
   0.0000001800   -0.0000047800   -0.0000156300
  -0.0000068500    0.0000214700   -0.0000080900
   0.0007404300   -0.0013103200    0.0030861200
   0.0000001100   -0.0000077900    0.0000307500
  -0.0000102700   -0.0000059300   -0.0000362000
  -0.0007645700    0.0012963800    0.0030861300
  -0.0000655000   -0.0000378000   -0.0000681400
   0.0000078000   -0.0000189300    0.0000359900
   0.0000193200    0.0000111600   -0.0000083700
  -0.0000066800    0.0000040000    0.0000307200
  -0.0000124900    0.0000162200    0.0000359700
   0.0016060800    0.0014891200   -0.0004499600
  -0.0015581400    0.0014196100   -0.0002422000
  -0.0000016600   -0.0000090700   -0.0000068700
   0.0000262700   -0.0000034300   -0.0000097200
  -0.0000269600    0.0000009100    0.0004007000
  -0.0000243000   -0.0000073000   -0.0000100600
   0.0000126400    0.0001072100    0.0003474200
  -0.0000008900    0.0000014500   -0.0000110100
  -0.0000040400    0.0000008900   -0.0000098700
  -0.0004275000   -0.0002469800    0.1432934400
   0.0000253200   -0.0000506500    0.0003461600
  -0.0000464200   -0.0000492800    0.0003460600
   0.0000188700    0.0000558100    0.0003544600
  -0.0000312200    0.0000472700    0.0003461100
  -0.0000013600   -0.0000007800   -0.0000039600
   0.0000577700   -0.0000115900    0.0003544700
   0.0000002200    0.0000001400   -0.0000039600
  -0.0000659000   -0.0000155400    0.0003460100
   0.0020926500    0.0006463400   -0.0004499900
  -0.0000127100   -0.0000238100    0.0004007000
  -0.0000012400   -0.0000039300   -0.0000098900
   0.0000991600   -0.0000426500    0.0003473900
   0.0004503600   -0.0020591900   -0.0002422200
  -0.0000184600   -0.0000174100   -0.0000100500
   0.0000101700    0.0000244600   -0.0000097200
   0.0000007900   -0.0000015000   -0.0000110000
  -0.0000087000    0.0000031000   -0.0000068500
