W,Mo,Se,S,formula,n_elements,n_vac_Me,n_vac_X,n_atoms,n_configs,sum_weight,onset_T_K,dGhull_0K,dGhull_10K,dGhull_20K,dGhull_30K,dGhull_40K,dGhull_50K,dGhull_60K,dGhull_70K,dGhull_80K,dGhull_90K,dGhull_100K,dGhull_110K,dGhull_120K,dGhull_130K,dGhull_140K,dGhull_150K,dGhull_160K,dGhull_170K,dGhull_180K,dGhull_190K,dGhull_200K,dGhull_210K,dGhull_220K,dGhull_230K,dGhull_240K,dGhull_250K,dGhull_260K,dGhull_270K,dGhull_280K,dGhull_290K,dGhull_300K,dGhull_310K,dGhull_320K,dGhull_330K,dGhull_340K,dGhull_350K,dGhull_360K,dGhull_370K,dGhull_380K,dGhull_390K,dGhull_400K,dGhull_410K,dGhull_420K,dGhull_430K,dGhull_440K,dGhull_450K,dGhull_460K,dGhull_470K,dGhull_480K,dGhull_490K,dGhull_500K,dGhull_510K,dGhull_520K,dGhull_530K,dGhull_540K,dGhull_550K,dGhull_560K,dGhull_570K,dGhull_580K,dGhull_590K,dGhull_600K,dGhull_610K,dGhull_620K,dGhull_630K,dGhull_640K,dGhull_650K,dGhull_660K,dGhull_670K,dGhull_680K,dGhull_690K,dGhull_700K,dGhull_710K,dGhull_720K,dGhull_730K,dGhull_740K,dGhull_750K,dGhull_760K,dGhull_770K,dGhull_780K,dGhull_790K,dGhull_800K,dGhull_810K,dGhull_820K,dGhull_830K,dGhull_840K,dGhull_850K,dGhull_860K,dGhull_870K,dGhull_880K,dGhull_890K,dGhull_900K,dGhull_910K,dGhull_920K,dGhull_930K,dGhull_940K,dGhull_950K,dGhull_960K,dGhull_970K,dGhull_980K,dGhull_990K,dGhull_1000K,dGhull_1010K,dGhull_1020K,dGhull_1030K,dGhull_1040K,dGhull_1050K,dGhull_1060K,dGhull_1070K,dGhull_1080K,dGhull_1090K,dGhull_1100K,dGhull_1110K,dGhull_1120K,dGhull_1130K,dGhull_1140K,dGhull_1150K,dGhull_1160K,dGhull_1170K,dGhull_1180K,dGhull_1190K,dGhull_1200K
0,2,0,4,W0Mo2Se0S4,2,2,4,6,16,420,,448.9974,448.4752,447.8517,447.1908,446.5096,445.8158,445.1136,444.4052,443.6922,442.9756,442.2563,441.5347,440.8112,440.0863,439.3601,438.6329,437.9047,437.1758,436.4463,435.7162,434.9855,434.2545,433.5230,432.7913,432.0592,431.3268,430.5942,429.8614,429.1284,428.3952,427.6618,426.9283,426.1946,425.4608,424.7269,423.9929,423.2588,422.5246,421.7904,421.0560,420.3216,419.5871,418.8525,418.1179,417.3832,416.6485,415.9137,415.1789,414.4441,413.7092,412.9742,412.2392,411.5042,410.7692,410.0341,409.2990,408.5638,407.8286,407.0934,406.3582,405.6230,404.8877,404.1524,403.4171,402.6817,401.9464,401.2110,400.4756,399.7401,399.0047,398.2692,397.5337,396.7982,396.0627,395.3272,394.5916,393.8560,393.1204,392.3848,391.6492,390.9135,390.1779,389.4422,388.7065,387.9707,387.2350,386.4992,385.7634,385.0276,384.2918,383.5559,382.8201,382.0842,381.3483,380.6124,379.8764,379.1404,378.4044,377.6684,376.9324,376.1963,375.4602,374.7241,373.9880,373.2518,372.5156,371.7794,371.0431,370.3069,369.5706,368.8342,368.0979,367.3615,366.6251,365.8886,365.1521,364.4156,363.6791,362.9425,362.2059,361.4693
0,2,0,5,W0Mo2Se0S5,2,2,3,7,10,336,,295.5219,295.0453,294.5688,294.0922,293.6156,293.1390,292.6621,292.1846,291.7058,291.2250,290.7414,290.2545,289.7637,289.2687,288.7692,288.2653,287.7568,287.2438,286.7265,286.2051,285.6797,285.1506,284.6180,284.0821,283.5431,283.0012,282.4566,281.9095,281.3600,280.8084,280.2548,279.6993,279.1420,278.5831,278.0227,277.4608,276.8976,276.3332,275.7676,275.2009,274.6332,274.0645,273.4949,272.9245,272.3533,271.7814,271.2087,270.6354,270.0614,269.4869,268.9117,268.3361,267.7599,267.1833,266.6062,266.0287,265.4508,264.8725,264.2938,263.7148,263.1354,262.5557,261.9757,261.3955,260.8149,260.2341,259.6530,259.0716,258.4900,257.9082,257.3262,256.7440,256.1616,255.5789,254.9961,254.4131,253.8300,253.2466,252.6631,252.0794,251.4956,250.9116,250.3275,249.7433,249.1589,248.5743,247.9897,247.4049,246.8200,246.2349,245.6498,245.0645,244.4791,243.8936,243.3080,242.7223,242.1364,241.5505,240.9644,240.3783,239.7920,239.2056,238.6192,238.0326,237.4459,236.8591,236.2723,235.6853,235.0982,234.5111,233.9238,233.3364,232.7490,232.1614,231.5737,230.9860,230.3981,229.8102,229.2221,228.6340,228.0457
0,2,0,6,W0Mo2Se0S6,2,2,2,8,8,168,,280.6622,280.3670,279.9692,279.5418,279.1072,278.6698,278.2311,277.7917,277.3519,276.9118,276.4715,276.0310,275.5905,275.1499,274.7092,274.2685,273.8277,273.3869,272.9461,272.5052,272.0644,271.6235,271.1826,270.7417,270.3008,269.8599,269.4189,268.9780,268.5370,268.0961,267.6551,267.2142,266.7732,266.3322,265.8912,265.4503,265.0093,264.5683,264.1273,263.6863,263.2453,262.8043,262.3633,261.9223,261.4813,261.0403,260.5993,260.1583,259.7173,259.2763,258.8352,258.3942,257.9532,257.5121,257.0711,256.6300,256.1890,255.7479,255.3069,254.8658,254.4247,253.9836,253.5425,253.1013,252.6602,252.2190,251.7779,251.3367,250.8955,250.4543,250.0130,249.5718,249.1305,248.6892,248.2479,247.8066,247.3652,246.9238,246.4824,246.0409,245.5995,245.1579,244.7164,244.2748,243.8332,243.3916,242.9499,242.5082,242.0664,241.6246,241.1828,240.7409,240.2989,239.8570,239.4149,238.9729,238.5307,238.0886,237.6463,237.2040,236.7617,236.3193,235.8768,235.4343,234.9917,234.5491,234.1063,233.6636,233.2207,232.7778,232.3348,231.8917,231.4486,231.0054,230.5621,230.1187,229.6752,229.2317,228.7881,228.3444,227.9006
0,2,0,7,W0Mo2Se0S7,2,2,1,9,2,48,,364.9590,364.6547,364.3505,364.0462,363.7419,363.4376,363.1333,362.8290,362.5247,362.2204,361.9161,361.6118,361.3075,361.0032,360.6989,360.3946,360.0904,359.7861,359.4818,359.1775,358.8732,358.5689,358.2646,357.9603,357.6560,357.3517,357.0474,356.7431,356.4387,356.1344,355.8300,355.5257,355.2213,354.9168,354.6123,354.3078,354.0032,353.6986,353.3939,353.0891,352.7843,352.4793,352.1742,351.8690,351.5637,351.2582,350.9526,350.6468,350.3409,350.0348,349.7284,349.4219,349.1152,348.8082,348.5010,348.1935,347.8858,347.5778,347.2695,346.9609,346.6521,346.3429,346.0334,345.7236,345.4135,345.1030,344.7922,344.4810,344.1695,343.8576,343.5454,343.2328,342.9198,342.6064,342.2926,341.9784,341.6639,341.3489,341.0336,340.7178,340.4016,340.0851,339.7681,339.4507,339.1329,338.8147,338.4960,338.1770,337.8575,337.5377,337.2174,336.8967,336.5756,336.2541,335.9321,335.6098,335.2870,334.9638,334.6403,334.3163,333.9919,333.6671,333.3419,333.0164,332.6904,332.3640,332.0372,331.7101,331.3826,331.0546,330.7263,330.3976,330.0686,329.7392,329.4094,329.0792,328.7486,328.4177,328.0865,327.7549,327.4229
0,2,0,8,W0Mo2Se0S8,2,2,0,10,1,6,,394.5672,394.4128,394.2584,394.1040,393.9496,393.7952,393.6408,393.4864,393.3320,393.1776,393.0232,392.8688,392.7144,392.5600,392.4056,392.2512,392.0968,391.9424,391.7880,391.6336,391.4792,391.3248,391.1704,391.0160,390.8616,390.7072,390.5528,390.3984,390.2440,390.0896,389.9352,389.7807,389.6263,389.4719,389.3175,389.1631,389.0087,388.8543,388.6999,388.5455,388.3911,388.2367,388.0823,387.9279,387.7735,387.6191,387.4647,387.3103,387.1559,387.0015,386.8471,386.6927,386.5383,386.3839,386.2295,386.0751,385.9207,385.7663,385.6119,385.4575,385.3031,385.1487,384.9943,384.8399,384.6855,384.5311,384.3767,384.2223,384.0679,383.9135,383.7591,383.6047,383.4503,383.2959,383.1415,382.9871,382.8327,382.6783,382.5239,382.3695,382.2151,382.0607,381.9063,381.7519,381.5974,381.4430,381.2886,381.1342,380.9798,380.8254,380.6710,380.5166,380.3622,380.2078,380.0534,379.8990,379.7446,379.5902,379.4358,379.2814,379.1270,378.9726,378.8182,378.6638,378.5094,378.3550,378.2006,378.0462,377.8918,377.7374,377.5830,377.4286,377.2742,377.1198,376.9654,376.8110,376.6566,376.5022,376.3478,376.1934,376.0390
0,2,1,3,W0Mo2Se1S3,3,2,4,6,42,1680,,439.6869,439.3002,438.8000,438.1871,437.5264,436.8450,436.1535,435.4570,434.7583,434.0589,433.3599,432.6618,431.9650,431.2697,430.5760,429.8839,429.1933,428.5042,427.8164,427.1300,426.4447,425.7604,425.0772,424.3949,423.7133,423.0326,422.3524,421.6728,420.9938,420.3152,419.6370,418.9591,418.2816,417.6042,416.9271,416.2502,415.5733,414.8966,414.2200,413.5433,412.8667,412.1901,411.5135,410.8368,410.1600,409.4832,408.8062,408.1292,407.4520,406.7747,406.0972,405.4196,404.7418,404.0639,403.3858,402.7074,402.0290,401.3503,400.6714,399.9923,399.3130,398.6335,397.9538,397.2740,396.5938,395.9135,395.2330,394.5523,393.8713,393.1902,392.5088,391.8272,391.1455,390.4635,389.7813,389.0989,388.4163,387.7335,387.0505,386.3672,385.6838,385.0002,384.3164,383.6324,382.9483,382.2639,381.5793,380.8946,380.2096,379.5245,378.8392,378.1538,377.4681,376.7823,376.0963,375.4101,374.7238,374.0372,373.3506,372.6637,371.9767,371.2896,370.6022,369.9147,369.2271,368.5393,367.8514,367.1633,366.4750,365.7866,365.0981,364.4094,363.7205,363.0316,362.3424,361.6532,360.9638,360.2742,359.5846,358.8948,358.2048
0,2,1,4,W0Mo2Se1S4,3,2,3,7,42,1680,,319.2088,318.6590,318.0974,317.5356,316.9738,316.4119,315.8500,315.2882,314.7263,314.1643,313.6023,313.0401,312.4776,311.9146,311.3509,310.7862,310.2202,309.6526,309.0831,308.5114,307.9371,307.3600,306.7798,306.1962,305.6089,305.0179,304.4229,303.8237,303.2203,302.6127,302.0006,301.3842,300.7633,300.1381,299.5085,298.8746,298.2365,297.5942,296.9478,296.2974,295.6431,294.9850,294.3233,293.6579,292.9891,292.3169,291.6415,290.9629,290.2813,289.5968,288.9095,288.2194,287.5267,286.8315,286.1339,285.4340,284.7318,284.0274,283.3210,282.6125,281.9021,281.1899,280.4759,279.7601,279.0427,278.3237,277.6032,276.8812,276.1577,275.4329,274.7067,273.9793,273.2506,272.5208,271.7897,271.0576,270.3244,269.5901,268.8548,268.1185,267.3813,266.6432,265.9042,265.1643,264.4235,263.6820,262.9397,262.1966,261.4527,260.7081,259.9628,259.2168,258.4702,257.7229,256.9749,256.2263,255.4771,254.7273,253.9770,253.2260,252.4745,251.7225,250.9699,250.2168,249.4631,248.7090,247.9544,247.1993,246.4437,245.6876,244.9311,244.1741,243.4167,242.6589,241.9006,241.1418,240.3827,239.6231,238.8632,238.1028,237.3420
0,2,1,5,W0Mo2Se1S5,3,2,2,8,26,1008,,292.1740,291.7856,291.3212,290.8259,290.3146,289.7949,289.2703,288.7424,288.2119,287.6788,287.1429,286.6040,286.0617,285.5157,284.9657,284.4117,283.8534,283.2909,282.7242,282.1533,281.5784,280.9996,280.4170,279.8309,279.2413,278.6485,278.0526,277.4538,276.8523,276.2482,275.6416,275.0328,274.4218,273.8088,273.1940,272.5773,271.9589,271.3390,270.7176,270.0948,269.4706,268.8453,268.2187,267.5911,266.9624,266.3327,265.7020,265.0705,264.4382,263.8051,263.1712,262.5366,261.9013,261.2654,260.6288,259.9917,259.3540,258.7158,258.0771,257.4379,256.7983,256.1582,255.5177,254.8768,254.2355,253.5938,252.9518,252.3095,251.6668,251.0238,250.3806,249.7370,249.0932,248.4491,247.8047,247.1601,246.5153,245.8702,245.2249,244.5794,243.9337,243.2878,242.6417,241.9954,241.3490,240.7023,240.0555,239.4086,238.7614,238.1142,237.4667,236.8192,236.1714,235.5236,234.8756,234.2274,233.5792,232.9308,232.2823,231.6337,230.9849,230.3360,229.6871,229.0380,228.3888,227.7395,227.0900,226.4405,225.7909,225.1412,224.4913,223.8414,223.1914,222.5413,221.8911,221.2407,220.5903,219.9398,219.2892,218.6386,217.9878
0,2,1,6,W0Mo2Se1S6,3,2,1,9,10,336,,284.3471,283.9748,283.5885,283.1913,282.7890,282.3843,281.9781,281.5710,281.1634,280.7554,280.3471,279.9386,279.5300,279.1212,278.7123,278.3034,277.8943,277.4853,277.0761,276.6670,276.2578,275.8486,275.4394,275.0301,274.6208,274.2115,273.8022,273.3929,272.9836,272.5742,272.1649,271.7555,271.3461,270.9368,270.5274,270.1180,269.7086,269.2992,268.8898,268.4804,268.0710,267.6616,267.2522,266.8428,266.4333,266.0239,265.6145,265.2051,264.7956,264.3862,263.9767,263.5673,263.1579,262.7484,262.3390,261.9295,261.5201,261.1106,260.7012,260.2917,259.8823,259.4728,259.0633,258.6539,258.2444,257.8349,257.4255,257.0160,256.6065,256.1970,255.7875,255.3780,254.9685,254.5589,254.1494,253.7399,253.3303,252.9208,252.5112,252.1016,251.6920,251.2823,250.8727,250.4630,250.0534,249.6436,249.2339,248.8242,248.4144,248.0046,247.5947,247.1848,246.7749,246.3650,245.9550,245.5449,245.1348,244.7247,244.3145,243.9043,243.4940,243.0836,242.6732,242.2628,241.8522,241.4416,241.0309,240.6202,240.2093,239.7984,239.3874,238.9763,238.5651,238.1538,237.7424,237.3309,236.9193,236.5076,236.0958,235.6839,235.2718
0,2,1,7,W0Mo2Se1S7,3,2,0,10,2,48,,354.6746,354.4007,354.1268,353.8530,353.5791,353.3053,353.0314,352.7575,352.4837,352.2098,351.9359,351.6621,351.3882,351.1143,350.8405,350.5666,350.2928,350.0189,349.7450,349.4712,349.1973,348.9234,348.6496,348.3757,348.1018,347.8280,347.5541,347.2803,347.0064,346.7325,346.4587,346.1848,345.9109,345.6370,345.3632,345.0893,344.8154,344.5415,344.2675,343.9936,343.7197,343.4457,343.1717,342.8977,342.6237,342.3496,342.0755,341.8014,341.5272,341.2529,340.9786,340.7043,340.4298,340.1554,339.8808,339.6061,339.3314,339.0566,338.7816,338.5066,338.2315,337.9562,337.6808,337.4053,337.1296,336.8538,336.5779,336.3018,336.0255,335.7491,335.4725,335.1958,334.9188,334.6417,334.3644,334.0868,333.8091,333.5312,333.2530,332.9747,332.6961,332.4173,332.1382,331.8590,331.5794,331.2997,331.0197,330.7395,330.4590,330.1782,329.8972,329.6159,329.3344,329.0526,328.7705,328.4882,328.2056,327.9227,327.6396,327.3561,327.0724,326.7884,326.5042,326.2196,325.9348,325.6496,325.3642,325.0785,324.7925,324.5063,324.2197,323.9328,323.6457,323.3583,323.0705,322.7825,322.4942,322.2056,321.9168,321.6276,321.3381
0,2,2,2,W0Mo2Se2S2,3,2,4,6,68,2520,,17.5436,17.3154,17.0874,16.8631,16.6513,16.4577,16.2829,16.1246,15.9799,15.8464,15.7222,15.6056,15.4956,15.3913,15.2918,15.1966,15.1051,15.0169,14.9315,14.8488,14.7683,14.6899,14.6133,14.5384,14.4650,14.3930,14.3221,14.2524,14.1837,14.1159,14.0490,13.9829,13.9175,13.8528,13.7887,13.7251,13.6621,13.5996,13.5376,13.4760,13.4148,13.3539,13.2935,13.2333,13.1735,13.1140,13.0547,12.9957,12.9370,12.8785,12.8202,12.7621,12.7043,12.6466,12.5891,12.5318,12.4746,12.4176,12.3608,12.3041,12.2475,12.1911,12.1348,12.0786,12.0225,11.9666,11.9107,11.8550,11.7993,11.7438,11.6883,11.6329,11.5776,11.5224,11.4673,11.4123,11.3573,11.3024,11.2475,11.1928,11.1380,11.0834,11.0288,10.9743,10.9198,10.8654,10.8110,10.7567,10.7024,10.6482,10.5940,10.5399,10.4858,10.4318,10.3778,10.3871,10.4009,10.4147,10.4285,10.4422,10.4560,10.4698,10.4836,10.4973,10.5111,10.5249,10.5386,10.5524,10.5662,10.5800,10.5937,10.6075,10.6213,10.6351,10.6488,10.6626,10.6764,10.6901,10.7039,10.7177,10.7315
0,2,2,3,W0Mo2Se2S3,3,2,3,7,80,3360,,294.4937,294.1701,293.8465,293.5231,293.2007,292.8797,292.5607,292.2439,291.9295,291.6176,291.3082,291.0012,290.6966,290.3939,290.0931,289.7937,289.4954,289.1980,288.9010,288.6042,288.3072,288.0097,287.7113,287.4118,287.1110,286.8084,286.5039,286.1973,285.8882,285.5765,285.2620,284.9444,284.6237,284.2996,283.9720,283.6407,283.3057,282.9668,282.6239,282.2769,281.9258,281.5705,281.2109,280.8469,280.4787,280.1060,279.7290,279.3476,278.9619,278.5717,278.1773,277.7784,277.3754,276.9680,276.5565,276.1408,275.7210,275.2972,274.8694,274.4377,274.0021,273.5627,273.1196,272.6729,272.2226,271.7688,271.3116,270.8510,270.3871,269.9201,269.4498,268.9765,268.5002,268.0210,267.5389,267.0540,266.5664,266.0761,265.5832,265.0878,264.5899,264.0896,263.5869,263.0819,262.5746,262.0651,261.5535,261.0398,260.5240,260.0063,259.4865,258.9649,258.4414,257.9160,257.3889,256.8600,256.3294,255.7971,255.2632,254.7276,254.1905,253.6518,253.1117,252.5700,252.0269,251.4824,250.9364,250.3891,249.8404,249.2905,248.7392,248.1866,247.6328,247.0777,246.5214,245.9639,245.4053,244.8454,244.2845,243.7224,243.1592
0,2,2,4,W0Mo2Se2S4,3,2,2,8,68,2520,,284.4144,283.9974,283.5804,283.1634,282.7464,282.3294,281.9124,281.4954,281.0782,280.6610,280.2434,279.8254,279.4069,278.9876,278.5676,278.1467,277.7247,277.3016,276.8773,276.4517,276.0246,275.5961,275.1660,274.7342,274.3006,273.8652,273.4278,272.9883,272.5466,272.1025,271.6560,271.2070,270.7552,270.3006,269.8430,269.3822,268.9183,268.4510,267.9802,267.5058,267.0277,266.5457,266.0598,265.5699,265.0759,264.5777,264.0752,263.5685,263.0574,262.5419,262.0219,261.4976,260.9688,260.4355,259.8978,259.3556,258.8090,258.2581,257.7028,257.1432,256.5793,256.0113,255.4391,254.8628,254.2825,253.6982,253.1101,252.5181,251.9225,251.3231,250.7202,250.1138,249.5040,248.8908,248.2744,247.6547,247.0320,246.4063,245.7776,245.1460,244.5116,243.8745,243.2347,242.5924,241.9475,241.3002,240.6506,239.9986,239.3443,238.6879,238.0294,237.3688,236.7062,236.0416,235.3751,234.7068,234.0367,233.3648,232.6913,232.0161,231.3393,230.6609,229.9810,229.2996,228.6168,227.9326,227.2471,226.5602,225.8720,225.1826,224.4919,223.8001,223.1070,222.4129,221.7177,221.0213,220.3240,219.6256,218.9262,218.2258,217.5245
0,2,2,5,W0Mo2Se2S5,3,2,1,9,26,1008,,289.9470,289.5293,289.0932,288.6564,288.2195,287.7826,287.3456,286.9086,286.4714,286.0341,285.5965,285.1585,284.7201,284.2812,283.8417,283.4015,282.9605,282.5187,282.0759,281.6321,281.1872,280.7411,280.2938,279.8452,279.3951,278.9437,278.4908,278.0364,277.5805,277.1230,276.6640,276.2033,275.7411,275.2772,274.8118,274.3448,273.8763,273.4061,272.9345,272.4613,271.9867,271.5106,271.0330,270.5541,270.0738,269.5921,269.1092,268.6249,268.1394,267.6527,267.1648,266.6758,266.1857,265.6944,265.2021,264.7088,264.2144,263.7191,263.2229,262.7257,262.2277,261.7288,261.2290,260.7284,260.2271,259.7250,259.2221,258.7185,258.2142,257.7092,257.2035,256.6972,256.1903,255.6828,255.1746,254.6659,254.1567,253.6468,253.1365,252.6256,252.1142,251.6023,251.0900,250.5771,250.0638,249.5501,249.0359,248.5212,248.0062,247.4907,246.9749,246.4586,245.9419,245.4249,244.9075,244.3897,243.8716,243.3531,242.8342,242.3150,241.7955,241.2756,240.7554,240.2348,239.7139,239.1928,238.6713,238.1494,237.6273,237.1049,236.5821,236.0591,235.5357,235.0121,234.4881,233.9639,233.4393,232.9145,232.3894,231.8640,231.3382
0,2,2,6,W0Mo2Se2S6,3,2,0,10,8,168,,298.2749,298.0608,297.8467,297.6325,297.4184,297.2043,296.9902,296.7760,296.5619,296.3478,296.1336,295.9195,295.7054,295.4912,295.2771,295.0630,294.8488,294.6347,294.4206,294.2064,293.9923,293.7782,293.5640,293.3499,293.1358,292.9216,292.7075,292.4934,292.2792,292.0651,291.8510,291.6368,291.4227,291.2086,290.9944,290.7803,290.5662,290.3520,290.1379,289.9238,289.7096,289.4955,289.2814,289.0672,288.8531,288.6390,288.4248,288.2107,287.9966,287.7824,287.5683,287.3542,287.1400,286.9259,286.7117,286.4976,286.2835,286.0693,285.8552,285.6410,285.4268,285.2127,284.9985,284.7843,284.5702,284.3560,284.1418,283.9276,283.7133,283.4991,283.2849,283.0706,282.8564,282.6421,282.4278,282.2134,281.9991,281.7847,281.5703,281.3559,281.1415,280.9270,280.7125,280.4979,280.2834,280.0687,279.8541,279.6394,279.4246,279.2098,278.9949,278.7800,278.5650,278.3500,278.1349,277.9197,277.7044,277.4891,277.2737,277.0581,276.8425,276.6269,276.4111,276.1952,275.9792,275.7630,275.5468,275.3305,275.1140,274.8974,274.6806,274.4637,274.2467,274.0295,273.8121,273.5946,273.3769,273.1590,272.9410,272.7227,272.5043
0,2,3,1,W0Mo2Se3S1,3,2,4,6,42,1680,,343.3892,342.8976,342.4060,342.0186,341.6432,341.2701,340.8996,340.5321,340.1677,339.8064,339.4482,339.0931,338.7410,338.3915,338.0446,337.6999,337.3575,337.0170,336.6782,336.3411,336.0054,335.6710,335.3379,335.0059,334.6749,334.3447,334.0155,333.6870,333.3592,333.0320,332.7054,332.3794,332.0539,331.7289,331.4042,331.0800,330.7562,330.4327,330.1095,329.7866,329.4640,329.1416,328.8195,328.4976,328.1758,327.8543,327.5329,327.2117,326.8906,326.5696,326.2487,325.9278,325.6070,325.2862,324.9654,324.6446,324.3238,324.0029,323.6818,323.3607,323.0394,322.7179,322.4212,322.1386,321.8557,321.5724,321.2887,321.0046,320.7200,320.4349,320.1492,319.8629,319.5760,319.2883,318.9998,318.7106,318.4205,318.1294,317.8374,317.5444,317.2503,316.9550,316.6586,316.3609,316.0619,315.7615,315.4597,315.1564,314.8516,314.5452,314.2372,313.9274,313.6159,313.3026,312.9875,312.6704,312.3513,312.0303,311.7072,311.3819,311.0546,310.7250,310.3931,310.0590,309.7226,309.3837,309.0425,308.6989,308.3527,308.0041,307.6529,307.2992,306.9428,306.5838,306.2222,305.8579,305.4910,305.1213,304.7489,304.3737,304.0204
0,2,3,2,W0Mo2Se3S2,3,2,3,7,80,3360,,290.8353,290.4199,289.9541,289.4744,288.9977,288.5329,288.0821,287.6441,287.2169,286.7986,286.3876,285.9826,285.5825,285.1866,284.7939,284.4038,284.0158,283.6294,283.2441,282.8596,282.4755,282.0915,281.7075,281.3231,280.9382,280.5526,280.1662,279.7788,279.3904,279.0008,278.6099,278.2177,277.8240,277.4289,277.0323,276.6341,276.2343,275.8329,275.4297,275.0249,274.6184,274.2101,273.8001,273.3883,272.9748,272.5595,272.1424,271.7236,271.3030,270.8806,270.4565,270.0306,269.6030,269.1737,268.7426,268.3099,267.8754,267.4393,267.0015,266.5621,266.1210,265.6783,265.2341,264.7882,264.3408,263.8918,263.4414,262.9894,262.5359,262.0810,261.6246,261.1668,260.7075,260.2469,259.7848,259.3214,258.8567,258.3906,257.9232,257.4545,256.9845,256.5133,256.0407,255.5670,255.0920,254.6158,254.1384,253.6598,253.1801,252.6991,252.2171,251.7339,251.2496,250.7641,250.2776,249.8442,249.4135,248.9817,248.5488,248.1149,247.6798,247.2437,246.8066,246.3684,245.9291,245.4889,245.0476,244.6054,244.1621,243.7178,243.2726,242.8264,242.3792,241.9311,241.4820,241.0319,240.5810,240.1291,239.6762,239.2225,238.7678
0,2,3,3,W0Mo2Se3S3,3,2,2,8,80,3360,,264.9014,264.6182,264.3351,264.0521,263.7700,263.4892,263.2100,262.9328,262.6576,262.3845,262.1134,261.8441,261.5762,261.3095,261.0435,260.7778,260.5121,260.2459,259.9789,259.7108,259.4413,259.1700,258.8967,258.6211,258.3430,258.0622,257.7783,257.4913,257.2009,256.9069,256.6090,256.3071,256.0010,255.6905,255.3754,255.0556,254.7309,254.4012,254.0663,253.7260,253.3804,253.0294,252.6727,252.3104,251.9425,251.5689,251.1896,250.8045,250.4138,250.0174,249.6154,249.2078,248.7947,248.3761,247.9522,247.5229,247.0885,246.6489,246.2044,245.7549,245.3007,244.8418,244.3783,243.9104,243.4381,242.9616,242.4810,241.9964,241.5080,241.0158,240.5199,240.0205,239.5176,239.0114,238.5020,237.9894,237.4738,236.9552,236.4339,235.9097,235.3829,234.8535,234.3216,233.7873,233.2506,232.7116,232.1705,231.6272,231.0818,230.5345,229.9852,229.4340,228.8811,228.3263,227.7699,227.2117,226.6520,226.0907,225.5279,224.9637,224.3980,223.8309,223.2625,222.6928,222.1219,221.5497,220.9763,220.4017,219.8260,219.2493,218.6714,218.0925,217.5126,216.9318,216.3499,215.7672,215.1835,214.5989,214.0135,213.4272,212.8402
0,2,3,4,W0Mo2Se3S4,3,2,1,9,42,1680,,276.3547,276.0504,275.7461,275.4418,275.1376,274.8333,274.5290,274.2247,273.9204,273.6161,273.3118,273.0075,272.7032,272.3989,272.0946,271.7903,271.4859,271.1814,270.8769,270.5722,270.2673,269.9620,269.6564,269.3503,269.0436,268.7361,268.4277,268.1183,267.8077,267.4958,267.1823,266.8672,266.5502,266.2312,265.9100,265.5865,265.2605,264.9319,264.6005,264.2661,263.9288,263.5883,263.2446,262.8975,262.5470,262.1930,261.8355,261.4743,261.1094,260.7408,260.3685,259.9925,259.6126,259.2290,258.8416,258.4505,258.0556,257.6570,257.2547,256.8487,256.4391,256.0259,255.6092,255.1890,254.7653,254.3383,253.9079,253.4742,253.0374,252.5973,252.1542,251.7080,251.2588,250.8068,250.3518,249.8941,249.4337,248.9706,248.5048,248.0366,247.5658,247.0926,246.6170,246.1391,245.6590,245.1766,244.6921,244.2055,243.7168,243.2262,242.7336,242.2390,241.7426,241.2444,240.7445,240.2428,239.7394,239.2343,238.7277,238.2195,237.7097,237.1984,236.6857,236.1716,235.6560,235.1391,234.6209,234.1013,233.5805,233.0584,232.5351,232.0106,231.4850,230.9582,230.4302,229.9012,229.3711,228.8399,228.3077,227.7744,227.2402
0,2,3,5,W0Mo2Se3S5,3,2,0,10,10,336,,285.3085,285.0346,284.7608,284.4869,284.2131,283.9392,283.6653,283.3915,283.1176,282.8437,282.5699,282.2960,282.0221,281.7483,281.4744,281.2004,280.9265,280.6524,280.3783,280.1040,279.8296,279.5550,279.2802,279.0051,278.7296,278.4538,278.1776,277.9010,277.6239,277.3463,277.0681,276.7893,276.5100,276.2300,275.9493,275.6679,275.3859,275.1031,274.8196,274.5354,274.2504,273.9647,273.6782,273.3910,273.1030,272.8142,272.5247,272.2344,271.9433,271.6516,271.3590,271.0658,270.7718,270.4771,270.1817,269.8857,269.5889,269.2914,268.9933,268.6946,268.3952,268.0951,267.7945,267.4932,267.1914,266.8889,266.5859,266.2823,265.9782,265.6736,265.3684,265.0627,264.7565,264.4498,264.1426,263.8349,263.5268,263.2182,262.9091,262.5997,262.2898,261.9795,261.6688,261.3577,261.0461,260.7343,260.4220,260.1094,259.7964,259.4830,259.1693,258.8553,258.5410,258.2263,257.9113,257.5960,257.2804,256.9645,256.6483,256.3318,256.0150,255.6979,255.3806,255.0630,254.7451,254.4270,254.1086,253.7900,253.4711,253.1520,252.8326,252.5130,252.1932,251.8731,251.5528,251.2323,250.9115,250.5906,250.2694,249.9480,249.6263
0,2,4,0,W0Mo2Se4S0,2,2,4,6,16,420,300,7.6574,7.4001,7.1427,6.8854,6.6281,6.3707,6.1134,5.8561,5.5987,5.3414,5.0841,4.8267,4.5694,4.3120,4.0547,3.7974,3.5400,3.2827,3.0254,2.7680,2.5107,2.2534,1.9960,1.7387,1.4813,1.2240,0.9667,0.7093,0.4520,0.1947,0.0000,-0.0000,-0.0000,-0.0000,-0.0000,-0.0000,-0.0000,-0.0000,-0.0000,-0.0000,-0.0000,-0.0000,0.0000,0.0000,0.0000,-0.0000,-0.0000,-0.0000,-0.0000,-0.0000,-0.0000,-0.0000,-0.0000,-0.0000,-0.0000,-0.0000,0.0000,-0.0000,-0.0000,-0.0000,-0.0000,-0.0000,-0.0000,-0.0000,-0.0000,-0.0000,-0.0000,-0.0000,0.0000,-0.0000,-0.0000,-0.0000,-0.0000,-0.0000,-0.0000,-0.0000,-0.0000,-0.0000,-0.0000,-0.0000,0.0000,-0.0000,-0.0000,-0.0000,-0.0000,-0.0000,-0.0000,-0.0000,-0.0000,-0.0000,-0.0000,-0.0000,-0.0000,-0.0000,-0.0000,-0.0000,-0.0000,-0.0000,-0.0000,-0.0000,-0.0000,-0.0000,-0.0000,-0.0000,0.0000,-0.0000,-0.0000,-0.0000,-0.0000,-0.0000,-0.0000,-0.0000,-0.0000,-0.0000,0.0000,-0.0000,-0.0000,-0.0000,-0.0000,-0.0000,-0.0000
0,2,4,1,W0Mo2Se4S1,3,2,3,7,42,1680,,286.7539,286.3325,285.9112,285.5791,285.2573,284.9375,284.6198,284.3043,283.9906,283.6779,283.3655,283.0524,282.7374,282.4198,282.0986,281.7732,281.4432,281.1081,280.7679,280.4223,280.0714,279.7153,279.3540,278.9878,278.6169,278.2413,277.8615,277.4774,277.0895,276.6978,276.3027,275.9042,275.5025,275.0979,274.6904,274.2803,273.8677,273.4527,273.0354,272.6160,272.1946,271.7712,271.3460,270.9190,270.4904,270.0601,269.6284,269.1951,268.7605,268.3246,267.8874,267.4489,267.0093,266.5685,266.1267,265.6838,265.2398,264.7949,264.3490,263.9022,263.4545,263.0059,262.5780,262.1615,261.7441,261.3260,260.9071,260.4874,260.0670,259.6458,259.2239,258.8013,258.3780,257.9540,257.5294,257.1040,256.6780,256.2513,255.8240,255.3961,254.9675,254.5383,254.1084,253.6780,253.2469,252.8152,252.3829,251.9500,251.5164,251.0823,250.6476,250.2123,249.7763,249.3398,248.9027,248.4650,248.0266,247.5877,247.1482,246.7081,246.2674,245.8261,245.3842,244.9417,244.4986,244.0549,243.6106,243.1658,242.7203,242.2742,241.8275,241.3802,240.9323,240.4838,240.0347,239.5850,239.1347,238.6838,238.2323,237.7801,237.3485
0,2,4,2,W0Mo2Se4S2,3,2,2,8,68,2520,,250.3718,250.0513,249.7309,249.4134,249.1052,248.8107,248.5303,248.2622,248.0044,247.7549,247.5123,247.2755,247.0433,246.8151,246.5900,246.3672,246.1459,245.9255,245.7052,245.4842,245.2617,245.0370,244.8095,244.5784,244.3432,244.1032,243.8581,243.6073,243.3505,243.0873,242.8176,242.5410,242.2576,241.9671,241.6695,241.3648,241.0532,240.7345,240.4090,240.0767,239.7378,239.3924,239.0406,238.6827,238.3189,237.9492,237.5739,237.1932,236.8073,236.4163,236.0204,235.6197,235.2146,234.8050,234.3913,233.9735,233.5517,233.1263,232.6972,232.2646,231.8286,231.3895,230.9472,230.5019,230.0538,229.6028,229.1492,228.6930,228.2344,227.7733,227.3099,226.8443,226.3765,225.9067,225.4349,224.9611,224.4854,224.0079,223.5287,223.0478,222.5652,222.0811,221.5954,221.1083,220.6197,220.1297,219.6384,219.1457,218.6518,218.1566,217.6603,217.1627,216.6641,216.1643,215.6635,215.2092,214.7571,214.3040,213.8499,213.3949,212.9389,212.4820,212.0243,211.5656,211.1062,210.6459,210.1849,209.7230,209.2604,208.7971,208.3330,207.8683,207.4028,206.9367,206.4699,206.0025,205.5344,205.0657,204.5964,204.1266,203.6561
0,2,4,3,W0Mo2Se4S3,3,2,1,9,42,1680,,259.8723,259.6870,259.5016,259.3165,259.1321,258.9488,258.7671,258.5870,258.4089,258.2326,258.0584,257.8860,257.7155,257.5465,257.3789,257.2123,257.0465,256.8811,256.7158,256.5503,256.3841,256.2170,256.0487,255.8788,255.7070,255.5331,255.3567,255.1778,254.9960,254.8111,254.6231,254.4316,254.2367,254.0381,253.8359,253.6298,253.4199,253.2061,252.9884,252.7667,252.5410,252.3113,252.0777,251.8402,251.5988,251.3535,251.1043,250.8514,250.5948,250.3345,250.0706,249.8032,249.5323,249.2580,248.9803,248.6994,248.4154,248.1282,247.8380,247.5448,247.2487,246.9498,246.6481,246.3438,246.0369,245.7274,245.4154,245.1011,244.7844,244.4654,244.1442,243.8208,243.4953,243.1678,242.8383,242.5068,242.1735,241.8383,241.5013,241.1626,240.8221,240.4800,240.1363,239.7911,239.4442,239.0959,238.7462,238.3950,238.0424,237.6884,237.3332,236.9766,236.6188,236.2597,235.8994,235.5379,235.1753,234.8115,234.4467,234.0807,233.7137,233.3456,232.9765,232.6064,232.2353,231.8633,231.4902,231.1163,230.7414,230.3657,229.9890,229.6115,229.2331,228.8539,228.4738,228.0929,227.7112,227.3287,226.9454,226.5614,226.1765
0,2,4,4,W0Mo2Se4S4,3,2,0,10,16,420,,241.7510,241.4771,241.2033,240.9294,240.6555,240.3817,240.1078,239.8339,239.5601,239.2862,239.0124,238.7385,238.4646,238.1908,237.9169,237.6430,237.3692,237.0953,236.8214,236.5476,236.2737,235.9999,235.7260,235.4521,235.1783,234.9044,234.6305,234.3567,234.0828,233.8089,233.5351,233.2612,232.9874,232.7135,232.4396,232.1658,231.8919,231.6180,231.3442,231.0703,230.7964,230.5226,230.2487,229.9748,229.7009,229.4271,229.1532,228.8793,228.6054,228.3315,228.0576,227.7837,227.5097,227.2358,226.9618,226.6878,226.4139,226.1399,225.8658,225.5918,225.3177,225.0436,224.7695,224.4953,224.2211,223.9469,223.6726,223.3982,223.1239,222.8495,222.5750,222.3005,222.0259,221.7512,221.4765,221.2018,220.9269,220.6520,220.3770,220.1019,219.8267,219.5515,219.2761,219.0007,218.7251,218.4495,218.1737,217.8978,217.6219,217.3458,217.0696,216.7932,216.5168,216.2402,215.9635,215.6866,215.4096,215.1325,214.8552,214.5777,214.3002,214.0224,213.7445,213.4665,213.1882,212.9099,212.6313,212.3526,212.0737,211.7946,211.5153,211.2359,210.9563,210.6765,210.3965,210.1163,209.8359,209.5554,209.2746,208.9936,208.7124
0,2,5,0,W0Mo2Se5S0,2,2,3,7,10,336,,289.1735,288.6970,288.2204,287.7438,287.2673,286.7907,286.3142,285.8376,285.3610,284.8845,284.4079,283.9313,283.4548,282.9782,282.5016,282.0251,281.5485,281.0720,280.5954,280.1188,279.6423,279.1657,278.6891,278.2126,277.7360,277.2595,276.7829,276.3063,275.8298,275.3532,274.9304,274.6744,274.4184,274.1624,273.9064,273.6504,273.3944,273.1384,272.8824,272.6264,272.3704,272.1143,271.8583,271.6023,271.3462,271.0901,270.8340,270.5779,270.3217,270.0655,269.8093,269.5530,269.2967,269.0403,268.7838,268.5273,268.2706,268.0139,267.7571,267.5001,267.2431,266.9859,266.7285,266.4710,266.2134,265.9555,265.6975,265.4392,265.1807,264.9220,264.6630,264.4037,264.1442,263.8843,263.6242,263.3637,263.1029,262.8417,262.5801,262.3182,262.0558,261.7930,261.5298,261.2661,261.0019,260.7372,260.4721,260.2064,259.9402,259.6734,259.4060,259.1381,258.8696,258.6005,258.3307,258.0603,257.7893,257.5176,257.2452,256.9721,256.6984,256.4239,256.1486,255.8727,255.5960,255.3185,255.0403,254.7613,254.4815,254.2009,253.9194,253.6372,253.3542,253.0703,252.7855,252.5000,252.2135,251.9262,251.6381,251.3491,251.0592
0,2,5,1,W0Mo2Se5S1,3,2,2,8,26,1008,,243.6187,243.2500,242.8810,242.5859,242.2888,241.9787,241.6560,241.3226,240.9808,240.6326,240.2793,239.9221,239.5617,239.1987,238.8334,238.4659,238.0966,237.7254,237.3524,236.9778,236.6013,236.2232,235.8433,235.4617,235.0784,234.6933,234.3064,233.9178,233.5273,233.1351,232.7411,232.3454,231.9478,231.5485,231.1474,230.7446,230.3401,229.9339,229.5260,229.1165,228.7053,228.2925,227.8782,227.4624,227.0450,226.6262,226.2059,225.7842,225.3611,224.9367,224.5109,224.0839,223.6556,223.2261,222.7954,222.3636,221.9306,221.4965,221.0613,220.6251,220.1878,219.7495,219.3291,218.9185,218.5069,218.0944,217.6810,217.2668,216.8517,216.4357,216.0190,215.6015,215.1832,214.7641,214.3443,213.9238,213.5026,213.0807,212.6581,212.2349,211.8111,211.3866,210.9615,210.5358,210.1095,209.6826,209.2551,208.8271,208.3986,207.9695,207.5399,207.1098,206.6791,206.2480,205.8164,205.3842,204.9517,204.5186,204.0851,203.6511,203.2167,202.7819,202.3466,201.9109,201.4747,201.0382,200.6012,200.1639,199.7261,199.2880,198.8494,198.4105,197.9712,197.5315,197.0914,196.6510,196.2102,195.7690,195.3275,194.8856,194.4619
0,2,5,2,W0Mo2Se5S2,3,2,1,9,26,1008,,254.9017,254.6163,254.3183,254.0024,253.6801,253.3596,253.0436,252.7322,252.4249,252.1209,251.8196,251.5208,251.2240,250.9290,250.6355,250.3432,250.0522,249.7620,249.4727,249.1841,248.8960,248.6084,248.3212,248.0343,247.7477,247.4612,247.1748,246.8885,246.6022,246.3159,246.0295,245.7430,245.4565,245.1697,244.8829,244.5958,244.3086,244.0211,243.7334,243.4455,243.1572,242.8688,242.5800,242.2910,242.0016,241.7120,241.4220,241.1317,240.8411,240.5502,240.2589,239.9673,239.6753,239.3830,239.0903,238.7972,238.5038,238.2100,237.9158,237.6213,237.3263,237.0310,236.7353,236.4391,236.1426,235.8457,235.5483,235.2506,234.9524,234.6539,234.3549,234.0554,233.7556,233.4553,233.1546,232.8534,232.5518,232.2498,231.9473,231.6444,231.3410,231.0372,230.7329,230.4282,230.1230,229.8174,229.5113,229.2047,228.8977,228.5902,228.2822,227.9738,227.6649,227.3555,227.0456,226.7775,226.5118,226.2457,225.9790,225.7118,225.4441,225.1759,224.9072,224.6380,224.3683,224.0981,223.8274,223.5562,223.2845,223.0122,222.7395,222.4663,222.1925,221.9183,221.6435,221.3683,221.0925,220.8163,220.5395,220.2623,219.9845
0,2,5,3,W0Mo2Se5S3,3,2,0,10,10,336,,225.6092,225.4424,225.2756,225.1090,224.9430,224.7780,224.6145,224.4524,224.2921,224.1335,223.9767,223.8217,223.6684,223.5168,223.3667,223.2180,223.0707,222.9246,222.7796,222.6357,222.4927,222.3506,222.2092,222.0686,221.9287,221.7893,221.6505,221.5122,221.3744,221.2370,221.1000,220.9633,220.8270,220.6911,220.5554,220.4199,220.2848,220.1498,220.0151,219.8806,219.7463,219.6121,219.4782,219.3443,219.2107,219.0771,218.9437,218.8104,218.6773,218.5442,218.4113,218.2784,218.1456,218.0130,217.8804,217.7478,217.6154,217.4830,217.3507,217.2185,217.0863,216.9542,216.8222,216.6902,216.5582,216.4263,216.2944,216.1626,216.0309,215.8991,215.7674,215.6358,215.5042,215.3726,215.2410,215.1095,214.9780,214.8466,214.7152,214.5838,214.4524,214.3210,214.1897,214.0584,213.9271,213.7959,213.6646,213.5334,213.4022,213.2710,213.1399,213.0087,212.8776,212.7465,212.6154,212.4843,212.3532,212.2221,212.0911,211.9600,211.8290,211.6980,211.5670,211.4359,211.3049,211.1739,211.0429,210.9120,210.7810,210.6500,210.5190,210.3880,210.2570,210.1261,209.9951,209.8641,209.7331,209.6021,209.4711,209.3401,209.2091
0,2,6,0,W0Mo2Se6S0,2,2,2,8,8,168,,230.5347,230.1177,229.6979,229.2702,228.8343,228.3923,227.9458,227.4961,227.0440,226.5900,226.1344,225.6774,225.2191,224.7597,224.2993,223.8380,223.3758,222.9127,222.4489,221.9844,221.5193,221.0535,220.5871,220.1202,219.6528,219.1849,218.7166,218.2479,217.7787,217.3093,216.8864,216.6093,216.3319,216.0541,215.7761,215.4979,215.2194,214.9407,214.6618,214.3826,214.1033,213.8238,213.5442,213.2643,212.9843,212.7042,212.4240,212.1435,211.8630,211.5824,211.3016,211.0207,210.7398,210.4587,210.1775,209.8962,209.6149,209.3335,209.0519,208.7703,208.4887,208.2069,207.9251,207.6433,207.3613,207.0793,206.7973,206.5152,206.2330,205.9508,205.6685,205.3862,205.1038,204.8214,204.5390,204.2565,203.9739,203.6913,203.4087,203.1261,202.8434,202.5606,202.2779,201.9951,201.7122,201.4294,201.1464,200.8635,200.5805,200.2975,200.0145,199.7315,199.4484,199.1652,198.8821,198.5989,198.3157,198.0325,197.7492,197.4659,197.1826,196.8992,196.6158,196.3324,196.0490,195.7655,195.4820,195.1985,194.9149,194.6314,194.3477,194.0641,193.7804,193.4967,193.2130,192.9292,192.6454,192.3615,192.0777,191.7937,191.5098
0,2,6,1,W0Mo2Se6S1,3,2,1,9,10,336,,221.3567,221.0289,220.7012,220.4429,220.1926,219.9439,219.6969,219.4519,219.2089,218.9681,218.7293,218.4926,218.2578,218.0248,217.7935,217.5638,217.3355,217.1085,216.8826,216.6579,216.4341,216.2112,215.9891,215.7677,215.5471,215.3270,215.1075,214.8885,214.6699,214.4518,214.2341,214.0167,213.7997,213.5829,213.3665,213.1503,212.9343,212.7186,212.5030,212.2876,212.0724,211.8573,211.6423,211.4275,211.2128,210.9981,210.7835,210.5690,210.3546,210.1402,209.9258,209.7114,209.4970,209.2827,209.0683,208.8539,208.6395,208.4250,208.2105,207.9959,207.7812,207.5665,207.3685,207.1798,206.9911,206.8022,206.6133,206.4242,206.2349,206.0455,205.8560,205.6663,205.4764,205.2864,205.0962,204.9058,204.7153,204.5245,204.3336,204.1424,203.9510,203.7595,203.5677,203.3757,203.1834,202.9909,202.7982,202.6053,202.4121,202.2186,202.0249,201.8310,201.6367,201.4423,201.2475,201.0525,200.8572,200.6616,200.4657,200.2695,200.0731,199.8763,199.6793,199.4819,199.2843,199.0863,198.8880,198.6894,198.4905,198.2913,198.0918,197.8919,197.6917,197.4912,197.2903,197.0891,196.8876,196.6857,196.4835,196.2810,196.0945
0,2,6,2,W0Mo2Se6S2,3,2,0,10,8,168,,194.8748,194.7378,194.6010,194.4665,194.3394,194.2232,194.1183,194.0234,193.9365,193.8564,193.7819,193.7120,193.6460,193.5834,193.5237,193.4665,193.4116,193.3587,193.3075,193.2579,193.2096,193.1625,193.1166,193.0717,193.0276,192.9844,192.9419,192.9000,192.8588,192.8182,192.7780,192.7383,192.6991,192.6603,192.6218,192.5837,192.5459,192.5084,192.4711,192.4342,192.3974,192.3610,192.3247,192.2886,192.2527,192.2170,192.1814,192.1460,192.1108,192.0757,192.0407,192.0059,191.9712,191.9365,191.9021,191.8677,191.8334,191.7992,191.7651,191.7310,191.6971,191.6632,191.6295,191.5958,191.5621,191.5285,191.4950,191.4616,191.4282,191.3949,191.3616,191.3283,191.2952,191.2620,191.2290,191.1959,191.1629,191.1300,191.0971,191.0642,191.0314,190.9986,190.9658,190.9331,190.9004,190.8677,190.8351,190.8025,190.7699,190.7374,190.7049,190.6724,190.6399,190.6074,190.5750,190.5806,190.5888,190.5970,190.6052,190.6134,190.6216,190.6298,190.6380,190.6462,190.6544,190.6625,190.6707,190.6788,190.6870,190.6951,190.7032,190.7113,190.7194,190.7275,190.7356,190.7436,190.7516,190.7596,190.7676,190.7756,190.7836
0,2,7,0,W0Mo2Se7S0,2,2,1,9,2,48,,229.0260,228.7217,228.4174,228.1131,227.8088,227.5045,227.2002,226.8960,226.5917,226.2874,225.9831,225.6788,225.3745,225.0702,224.7659,224.4616,224.1573,223.8530,223.5487,223.2444,222.9401,222.6359,222.3316,222.0273,221.7230,221.4187,221.1144,220.8101,220.5058,220.2015,219.9390,219.8063,219.6735,219.5408,219.4081,219.2753,219.1426,219.0099,218.8771,218.7444,218.6117,218.4789,218.3462,218.2134,218.0807,217.9480,217.8152,217.6825,217.5498,217.4170,217.2843,217.1516,217.0188,216.8861,216.7534,216.6206,216.4879,216.3552,216.2224,216.0897,215.9569,215.8242,215.6915,215.5587,215.4260,215.2933,215.1605,215.0278,214.8951,214.7623,214.6296,214.4969,214.3641,214.2314,214.0987,213.9659,213.8332,213.7004,213.5677,213.4350,213.3022,213.1695,213.0368,212.9040,212.7713,212.6386,212.5058,212.3731,212.2403,212.1076,211.9749,211.8421,211.7094,211.5766,211.4439,211.3112,211.1784,211.0457,210.9129,210.7802,210.6474,210.5147,210.3819,210.2492,210.1164,209.9837,209.8509,209.7182,209.5854,209.4526,209.3199,209.1871,209.0543,208.9215,208.7888,208.6560,208.5232,208.3904,208.2576,208.1248,207.9920
0,2,7,1,W0Mo2Se7S1,3,2,0,10,2,48,,263.6379,263.4026,263.1674,262.9947,262.8292,262.6650,262.5025,262.3417,262.1828,262.0257,261.8706,261.7172,261.5657,261.4157,261.2673,261.1202,260.9745,260.8299,260.6864,260.5438,260.4022,260.2613,260.1211,259.9817,259.8428,259.7044,259.5666,259.4292,259.2923,259.1557,259.0195,258.8836,258.7480,258.6127,258.4777,258.3429,258.2083,258.0740,257.9398,257.8058,257.6720,257.5383,257.4048,257.2714,257.1381,257.0049,256.8719,256.7389,256.6061,256.4733,256.3407,256.2081,256.0755,255.9431,255.8106,255.6783,255.5460,255.4137,255.2814,255.1492,255.0171,254.8849,254.7678,254.6593,254.5508,254.4423,254.3337,254.2252,254.1166,254.0080,253.8994,253.7907,253.6820,253.5732,253.4644,253.3556,253.2467,253.1377,253.0287,252.9196,252.8104,252.7011,252.5918,252.4823,252.3728,252.2632,252.1535,252.0437,251.9338,251.8237,251.7136,251.6033,251.4929,251.3824,251.2718,251.1610,251.0501,250.9391,250.8279,250.7165,250.6051,250.4934,250.3816,250.2697,250.1576,250.0453,249.9329,249.8203,249.7075,249.5946,249.4814,249.3681,249.2547,249.1410,249.0271,248.9131,248.7989,248.6845,248.5699,248.4551,248.3548
0,2,8,0,W0Mo2Se8S0,2,2,0,10,1,6,,365.3980,365.2436,365.0892,364.9348,364.7803,364.6259,364.4715,364.3171,364.1627,364.0083,363.8539,363.6995,363.5451,363.3907,363.2363,363.0819,362.9275,362.7731,362.6187,362.4643,362.3099,362.1555,362.0011,361.8467,361.6923,361.5379,361.3835,361.2291,361.0747,360.9203,360.8035,360.8035,360.8035,360.8035,360.8035,360.8035,360.8035,360.8035,360.8035,360.8035,360.8035,360.8035,360.8035,360.8035,360.8035,360.8035,360.8035,360.8035,360.8035,360.8035,360.8035,360.8035,360.8035,360.8035,360.8035,360.8035,360.8035,360.8035,360.8035,360.8035,360.8035,360.8035,360.8035,360.8035,360.8035,360.8035,360.8035,360.8035,360.8035,360.8035,360.8035,360.8035,360.8035,360.8035,360.8035,360.8035,360.8035,360.8035,360.8035,360.8035,360.8035,360.8035,360.8035,360.8035,360.8035,360.8035,360.8035,360.8035,360.8035,360.8035,360.8035,360.8035,360.8035,360.8035,360.8035,360.8035,360.8035,360.8035,360.8035,360.8035,360.8035,360.8035,360.8035,360.8035,360.8035,360.8035,360.8035,360.8035,360.8035,360.8035,360.8035,360.8035,360.8035,360.8035,360.8035,360.8035,360.8035,360.8035,360.8035,360.8035,360.8035
0,3,0,4,W0Mo3Se0S4,2,1,4,7,12,280,,433.0778,432.6013,432.1245,431.6457,431.1621,430.6725,430.1773,429.6771,429.1728,428.6652,428.1549,427.6423,427.1280,426.6122,426.0951,425.5770,425.0580,424.5382,424.0178,423.4969,422.9754,422.4535,421.9313,421.4087,420.8858,420.3626,419.8392,419.3156,418.7919,418.2679,417.7438,417.2195,416.6951,416.1706,415.6460,415.1213,414.5965,414.0716,413.5466,413.0215,412.4964,411.9712,411.4460,410.9207,410.3954,409.8700,409.3445,408.8191,408.2935,407.7680,407.2424,406.7167,406.1911,405.6654,405.1397,404.6139,404.0882,403.5624,403.0365,402.5107,401.9848,401.4590,400.9331,400.4071,399.8812,399.3552,398.8293,398.3033,397.7773,397.2512,396.7252,396.1992,395.6731,395.1470,394.6209,394.0948,393.5687,393.0426,392.5164,391.9903,391.4641,390.9379,390.4117,389.8855,389.3593,388.8331,388.3068,387.7806,387.2543,386.7280,386.2017,385.6754,385.1491,384.6227,384.0964,383.5700,383.0436,382.5172,381.9908,381.4644,380.9379,380.4115,379.8850,379.3585,378.8320,378.3055,377.7789,377.2523,376.7258,376.1992,375.6725,375.1459,374.6192,374.0925,373.5658,373.0391,372.5124,371.9856,371.4588,370.9320,370.4051
0,3,0,5,W0Mo3Se0S5,2,1,3,8,8,224,,233.4672,233.0503,232.6333,232.2163,231.7993,231.3823,230.9653,230.5483,230.1313,229.7143,229.2973,228.8803,228.4633,228.0463,227.6293,227.2124,226.7954,226.3784,225.9614,225.5444,225.1274,224.7104,224.2934,223.8764,223.4594,223.0424,222.6253,222.2083,221.7912,221.3741,220.9570,220.5399,220.1227,219.7054,219.2882,218.8708,218.4534,218.0359,217.6183,217.2007,216.7829,216.3650,215.9471,215.5289,215.1107,214.6923,214.2738,213.8551,213.4362,213.0171,212.5979,212.1785,211.7589,211.3391,210.9190,210.4988,210.0783,209.6576,209.2367,208.8155,208.3941,207.9725,207.5506,207.1284,206.7060,206.2833,205.8603,205.4371,205.0136,204.5898,204.1657,203.7414,203.3168,202.8919,202.4667,202.0412,201.6154,201.1894,200.7630,200.3364,199.9094,199.4822,199.0547,198.6269,198.1987,197.7703,197.3416,196.9126,196.4833,196.0538,195.6239,195.1937,194.7632,194.3325,193.9014,193.4700,193.0384,192.6065,192.1743,191.7417,191.3089,190.8759,190.4425,190.0088,189.5749,189.1407,188.7061,188.2713,187.8363,187.4009,186.9653,186.5294,186.0932,185.6567,185.2200,184.7830,184.3457,183.9081,183.4703,183.0322,182.5939
0,3,0,6,W0Mo3Se0S6,2,1,2,9,6,112,,347.5159,347.2116,346.9073,346.6030,346.2987,345.9944,345.6902,345.3859,345.0816,344.7773,344.4730,344.1687,343.8644,343.5601,343.2558,342.9515,342.6472,342.3429,342.0386,341.7343,341.4301,341.1258,340.8215,340.5172,340.2129,339.9086,339.6043,339.3000,338.9957,338.6914,338.3871,338.0828,337.7785,337.4742,337.1700,336.8657,336.5614,336.2571,335.9528,335.6485,335.3442,335.0399,334.7356,334.4313,334.1270,333.8227,333.5184,333.2141,332.9099,332.6056,332.3013,331.9970,331.6927,331.3884,331.0841,330.7798,330.4755,330.1712,329.8669,329.5626,329.2583,328.9541,328.6498,328.3455,328.0412,327.7369,327.4326,327.1283,326.8240,326.5197,326.2154,325.9111,325.6068,325.3025,324.9982,324.6940,324.3897,324.0854,323.7811,323.4768,323.1725,322.8682,322.5639,322.2596,321.9553,321.6510,321.3467,321.0424,320.7381,320.4339,320.1296,319.8253,319.5210,319.2167,318.9124,318.6081,318.3038,317.9995,317.6952,317.3909,317.0866,316.7823,316.4780,316.1738,315.8695,315.5652,315.2609,314.9566,314.6523,314.3480,314.0437,313.7394,313.4351,313.1308,312.8265,312.5222,312.2179,311.9136,311.6094,311.3051,311.0008
0,3,0,7,W0Mo3Se0S7,2,1,1,10,2,32,,307.1882,306.9143,306.6405,306.3666,306.0927,305.8189,305.5450,305.2711,304.9973,304.7234,304.4496,304.1757,303.9018,303.6280,303.3541,303.0802,302.8064,302.5325,302.2586,301.9848,301.7109,301.4371,301.1632,300.8893,300.6155,300.3416,300.0677,299.7939,299.5200,299.2462,298.9723,298.6984,298.4246,298.1507,297.8768,297.6030,297.3291,297.0552,296.7814,296.5075,296.2337,295.9598,295.6859,295.4121,295.1382,294.8643,294.5905,294.3166,294.0427,293.7689,293.4950,293.2212,292.9473,292.6734,292.3996,292.1257,291.8518,291.5780,291.3041,291.0302,290.7564,290.4825,290.2087,289.9348,289.6609,289.3871,289.1132,288.8393,288.5655,288.2916,288.0177,287.7439,287.4700,287.1962,286.9223,286.6484,286.3746,286.1007,285.8268,285.5530,285.2791,285.0052,284.7314,284.4575,284.1837,283.9098,283.6359,283.3621,283.0882,282.8143,282.5405,282.2666,281.9928,281.7189,281.4450,281.1712,280.8973,280.6234,280.3496,280.0757,279.8018,279.5280,279.2541,278.9803,278.7064,278.4325,278.1587,277.8848,277.6109,277.3371,277.0632,276.7893,276.5155,276.2416,275.9678,275.6939,275.4200,275.1462,274.8723,274.5984,274.3246
0,3,0,8,W0Mo3Se0S8,2,1,0,11,1,4,,373.8704,373.7618,373.6532,373.5446,373.4360,373.3274,373.2188,373.1102,373.0016,372.8930,372.7844,372.6758,372.5672,372.4586,372.3500,372.2414,372.1328,372.0242,371.9156,371.8070,371.6984,371.5897,371.4811,371.3725,371.2639,371.1553,371.0467,370.9381,370.8295,370.7209,370.6123,370.5037,370.3951,370.2865,370.1779,370.0693,369.9607,369.8521,369.7435,369.6349,369.5263,369.4177,369.3091,369.2005,369.0919,368.9833,368.8747,368.7661,368.6575,368.5489,368.4403,368.3317,368.2231,368.1145,368.0059,367.8973,367.7887,367.6801,367.5715,367.4629,367.3543,367.2457,367.1371,367.0285,366.9199,366.8113,366.7027,366.5941,366.4855,366.3769,366.2683,366.1597,366.0511,365.9425,365.8339,365.7253,365.6167,365.5081,365.3995,365.2909,365.1823,365.0737,364.9651,364.8565,364.7479,364.6393,364.5307,364.4221,364.3135,364.2049,364.0962,363.9876,363.8790,363.7704,363.6618,363.5532,363.4446,363.3360,363.2274,363.1188,363.0102,362.9016,362.7930,362.6844,362.5758,362.4672,362.3586,362.2500,362.1414,362.0328,361.9242,361.8156,361.7070,361.5984,361.4898,361.3812,361.2726,361.1640,361.0554,360.9468,360.8382
0,3,1,3,W0Mo3Se1S3,3,1,4,7,31,1120,,236.4885,236.1649,235.8413,235.5180,235.1955,234.8745,234.5555,234.2387,233.9243,233.6124,233.3031,232.9964,232.6921,232.3901,232.0904,231.7927,231.4969,231.2028,230.9104,230.6195,230.3298,230.0415,229.7542,229.4680,229.1827,228.8983,228.6147,228.3318,228.0496,227.7680,227.4869,227.2064,226.9264,226.6468,226.3676,226.0888,225.8104,225.5323,225.2545,224.9770,224.6998,224.4228,224.1461,223.8696,223.5933,223.3172,223.0413,222.7656,222.4900,222.2146,221.9393,221.6642,221.3892,221.1143,220.8396,220.5649,220.2904,220.0160,219.7416,219.4674,219.1933,218.9192,218.6452,218.3713,218.0975,217.8237,217.5500,217.2764,217.0028,216.7293,216.4558,216.1824,215.9091,215.6358,215.3625,215.0893,214.8162,214.5430,214.2700,213.9969,213.7239,213.4510,213.1780,212.9051,212.6323,212.3595,212.0867,211.8139,211.5412,211.2684,210.9958,210.7231,210.4505,210.1779,209.9053,209.6327,209.3602,209.0877,208.8152,208.5427,208.2703,207.9978,207.7254,207.4530,207.1806,206.9083,206.6359,206.3636,206.0913,205.8190,205.5467,205.2744,205.0021,204.7299,204.4577,204.1854,203.9132,203.6410,203.3688,203.0967,202.8245
0,3,1,4,W0Mo3Se1S4,3,1,3,8,31,1120,,217.9751,217.7666,217.5581,217.3498,217.1423,216.9361,216.7317,216.5291,216.3287,216.1305,215.9345,215.7407,215.5513,215.3796,215.2093,215.0403,214.8725,214.7059,214.5402,214.3753,214.2111,214.0475,213.8842,213.7212,213.5582,213.3950,213.2315,213.0675,212.9027,212.7370,212.5702,212.4020,212.2322,212.0607,211.8872,211.7116,211.5336,211.3531,211.1700,210.9841,210.7952,210.6032,210.4080,210.2094,210.0075,209.8021,209.5931,209.3805,209.1642,208.9443,208.7205,208.4931,208.2618,208.0268,207.7881,207.5456,207.2993,207.0494,206.7958,206.5385,206.2776,206.0132,205.7453,205.4740,205.1992,204.9211,204.6396,204.3550,204.0671,203.7762,203.4821,203.1851,202.8851,202.5822,202.2765,201.9680,201.6569,201.3430,201.0266,200.7077,200.3862,200.0623,199.7361,199.4075,199.0767,198.7436,198.4084,198.0710,197.7316,197.3901,197.0467,196.7013,196.3541,196.0049,195.6540,195.3013,194.9468,194.5907,194.2329,193.8735,193.5125,193.1499,192.7858,192.4203,192.0533,191.6848,191.3150,190.9438,190.5712,190.1974,189.8223,189.4459,189.0682,188.6894,188.3094,187.9282,187.5459,187.1625,186.7780,186.3924,186.0058
0,3,1,5,W0Mo3Se1S5,3,1,2,9,19,672,,31.3993,31.2140,31.0287,30.8435,30.6591,30.4759,30.2941,30.1140,29.9359,29.7597,29.5855,29.4133,29.2469,29.1101,28.9741,28.8389,28.7045,28.5707,28.4376,28.3050,28.1730,28.0414,27.9103,27.7796,27.6492,27.5192,27.3895,27.2601,27.1309,27.0020,26.8733,26.7448,26.6164,26.4883,26.3603,26.2325,26.1048,25.9773,25.8498,25.7225,25.5953,25.4681,25.3411,25.2142,25.0873,24.9605,24.8338,24.7072,24.5806,24.4541,24.3276,24.2012,24.0749,23.9486,23.8223,23.6961,23.5699,23.4438,23.3177,23.1916,23.0656,22.9396,22.8137,22.6877,22.5618,22.4360,22.3101,22.1843,22.0585,21.9327,21.8069,21.6812,21.5555,21.4298,21.3041,21.1785,21.0528,20.9272,20.8016,20.6760,20.5504,20.4249,20.2993,20.1738,20.0483,19.9227,19.7972,19.6718,19.5463,19.4208,19.2954,19.1699,19.0445,18.9191,18.7936,18.6682,18.5428,18.4175,18.2921,18.1667,18.0413,17.9160,17.7906,17.6653,17.5399,17.4146,17.2893,17.1640,17.0387,16.9134,16.7881,16.6628,16.5375,16.4122,16.2869,16.1617,16.0364,15.9111,15.7859,15.6606,15.5354
0,3,1,6,W0Mo3Se1S6,3,1,1,10,8,224,,325.4478,325.0553,324.6620,324.2687,323.8753,323.4820,323.0886,322.6949,322.3010,321.9064,321.5112,321.1150,320.7179,320.3196,319.9202,319.5195,319.1177,318.7147,318.3106,317.9053,317.4989,317.0915,316.6831,316.2738,315.8635,315.4524,315.0405,314.6277,314.2143,313.8001,313.3853,312.9698,312.5537,312.1370,311.7198,311.3021,310.8838,310.4650,310.0458,309.6261,309.2059,308.7854,308.3644,307.9431,307.5213,307.0992,306.6768,306.2540,305.8308,305.4073,304.9836,304.5595,304.1351,303.7104,303.2854,302.8601,302.4346,302.0088,301.5828,301.1565,300.7300,300.3032,299.8762,299.4489,299.0215,298.5938,298.1659,297.7378,297.3095,296.8809,296.4522,296.0233,295.5943,295.1650,294.7355,294.3059,293.8761,293.4462,293.0160,292.5857,292.1553,291.7247,291.2939,290.8630,290.4319,290.0007,289.5694,289.1379,288.7063,288.2745,287.8427,287.4106,286.9785,286.5463,286.1139,285.6814,285.2487,284.8160,284.3832,283.9502,283.5171,283.0840,282.6507,282.2173,281.7838,281.3502,280.9166,280.4828,280.0489,279.6150,279.1809,278.7468,278.3125,277.8782,277.4438,277.0093,276.5747,276.1401,275.7054,275.2705,274.8357
0,3,1,7,W0Mo3Se1S7,3,1,0,11,2,32,,314.4897,314.2407,313.9918,313.7428,313.4938,313.2449,312.9959,312.7469,312.4980,312.2490,312.0000,311.7511,311.5021,311.2531,311.0042,310.7552,310.5062,310.2573,310.0083,309.7593,309.5104,309.2614,309.0124,308.7634,308.5144,308.2654,308.0164,307.7674,307.5184,307.2693,307.0202,306.7711,306.5220,306.2728,306.0236,305.7743,305.5250,305.2756,305.0262,304.7767,304.5271,304.2774,304.0277,303.7779,303.5279,303.2779,303.0278,302.7776,302.5273,302.2768,302.0263,301.7756,301.5248,301.2739,301.0229,300.7717,300.5204,300.2689,300.0174,299.7656,299.5138,299.2617,299.0096,298.7573,298.5048,298.2522,297.9995,297.7466,297.4935,297.2403,296.9870,296.7335,296.4798,296.2260,295.9720,295.7179,295.4636,295.2092,294.9547,294.6999,294.4451,294.1900,293.9349,293.6795,293.4241,293.1684,292.9127,292.6568,292.4007,292.1445,291.8882,291.6317,291.3751,291.1183,290.8614,290.6044,290.3472,290.0899,289.8325,289.5749,289.3172,289.0594,288.8014,288.5433,288.2851,288.0267,287.7683,287.5097,287.2510,286.9922,286.7332,286.4741,286.2149,285.9556,285.6962,285.4367,285.1771,284.9173,284.6575,284.3975,284.1374
0,3,2,2,W0Mo3Se2S2,3,1,4,7,47,1680,,390.5392,390.1729,389.8068,389.4439,389.0917,388.7551,388.4346,388.1283,387.8336,387.5485,387.2713,387.0008,386.7358,386.4757,386.2197,385.9672,385.7179,385.4712,385.2267,384.9842,384.7434,384.5039,384.2655,384.0280,383.7911,383.5547,383.3186,383.0826,382.8465,382.6103,382.3737,382.1366,381.8990,381.6607,381.4215,381.1814,380.9403,380.6980,380.4545,380.2097,379.9634,379.7156,379.4662,379.2152,378.9623,378.7076,378.4510,378.1923,377.9316,377.6687,377.4035,377.1361,376.8663,376.5940,376.3193,376.0421,375.7622,375.4797,375.1945,374.9066,374.6160,374.3225,374.0262,373.7271,373.4250,373.1201,372.8122,372.5014,372.1877,371.8710,371.5513,371.2287,370.9031,370.5745,370.2430,369.9085,369.5711,369.2308,368.8876,368.5414,368.1924,367.8405,367.4858,367.1283,366.7680,366.4050,366.0392,365.6707,365.2995,364.9257,364.5493,364.1702,363.7887,363.4046,363.0180,362.6833,362.3499,362.0140,361.6758,361.3353,360.9924,360.6473,360.2999,359.9503,359.5986,359.2447,358.8887,358.5307,358.1706,357.8086,357.4445,357.0786,356.7107,356.3410,355.9694,355.5961,355.2210,354.8441,354.4656,354.0853,353.7034
0,3,2,3,W0Mo3Se2S3,3,1,3,8,57,2240,,197.6720,197.3943,197.1167,196.8413,196.5733,196.3163,196.0707,195.8353,195.6086,195.3893,195.1763,194.9688,194.7735,194.6035,194.4355,194.2694,194.1048,193.9417,193.7798,193.6191,193.4593,193.3004,193.1423,192.9849,192.8281,192.6718,192.5159,192.3603,192.2050,192.0498,191.8947,191.7395,191.5842,191.4286,191.2726,191.1162,190.9592,190.8016,190.6431,190.4838,190.3235,190.1621,189.9995,189.8356,189.6703,189.5035,189.3351,189.1650,188.9931,188.8195,188.6438,188.4662,188.2865,188.1047,187.9206,187.7343,187.5456,187.3546,187.1611,186.9651,186.7666,186.5655,186.3619,186.1556,185.9466,185.7350,185.5206,185.3036,185.0838,184.8612,184.6359,184.4078,184.1769,183.9432,183.7068,183.4675,183.2255,182.9808,182.7332,182.4830,182.2299,181.9742,181.7157,181.4546,181.1907,180.9243,180.6551,180.3834,180.1090,179.8321,179.5526,179.2706,178.9861,178.6991,178.4096,178.1296,177.8481,177.5641,177.2778,176.9891,176.6982,176.4050,176.1096,175.8119,175.5121,175.2101,174.9059,174.5997,174.2914,173.9811,173.6688,173.3544,173.0381,172.7199,172.3998,172.0778,171.7540,171.4284,171.1009,170.7717,170.4408
0,3,2,4,W0Mo3Se2S4,3,1,2,9,47,1680,,28.0807,28.0046,27.9286,27.8541,27.7843,27.7219,27.6672,27.6197,27.5786,27.5433,27.5130,27.4872,27.4722,27.4796,27.4889,27.4999,27.5125,27.5264,27.5416,27.5580,27.5754,27.5937,27.6130,27.6330,27.6538,27.6753,27.6974,27.7201,27.7433,27.7671,27.7913,27.8160,27.8411,27.8666,27.8925,27.9187,27.9452,27.9721,27.9992,28.0267,28.0543,28.0823,28.1104,28.1388,28.1674,28.1962,28.2252,28.2543,28.2836,28.3131,28.3428,28.3726,28.4025,28.4326,28.4628,28.4932,28.5236,28.5542,28.5849,28.6157,28.6465,28.6775,28.7086,28.7398,28.7710,28.8024,28.8338,28.8653,28.8968,28.9285,28.9602,28.9920,29.0238,29.0557,29.0877,29.1197,29.1518,29.1839,29.2161,29.2483,29.2806,29.3130,29.3453,29.3778,29.4102,29.4427,29.4753,29.5079,29.5405,29.5732,29.6059,29.6386,29.6714,29.7042,29.7370,29.7699,29.8028,29.8358,29.8687,29.9017,29.9347,29.9678,30.0008,30.0339,30.0670,30.1002,30.1333,30.1665,30.1997,30.2330,30.2662,30.2995,30.3328,30.3661,30.3995,30.4328,30.4662,30.4996,30.5330,30.5664,30.5999
0,3,2,5,W0Mo3Se2S5,3,1,1,10,19,672,,311.0576,310.8371,310.6107,310.3844,310.1587,309.9336,309.7089,309.4835,309.2561,309.0256,308.7909,308.5511,308.3091,308.0861,307.8562,307.6194,307.3760,307.1262,306.8703,306.6087,306.3417,306.0696,305.7927,305.5115,305.2260,304.9367,304.6438,304.3475,304.0479,303.7454,303.4401,303.1321,302.8217,302.5089,302.1939,301.8768,301.5577,301.2367,300.9139,300.5894,300.2633,299.9356,299.6065,299.2760,298.9441,298.6109,298.2764,297.9408,297.6040,297.2661,296.9272,296.5873,296.2463,295.9044,295.5616,295.2180,294.8734,294.5280,294.1819,293.8350,293.4873,293.1389,292.7897,292.4400,292.0895,291.7384,291.3867,291.0344,290.6815,290.3280,289.9740,289.6194,289.2643,288.9087,288.5526,288.1960,287.8389,287.4814,287.1234,286.7650,286.4062,286.0470,285.6873,285.3273,284.9669,284.6061,284.2450,283.8834,283.5216,283.1594,282.7969,282.4340,282.0708,281.7074,281.3436,280.9795,280.6151,280.2505,279.8856,279.5204,279.1549,278.7892,278.4232,278.0570,277.6906,277.3239,276.9569,276.5898,276.2224,275.8548,275.4870,275.1190,274.7508,274.3823,274.0137,273.6449,273.2759,272.9067,272.5374,272.1678,271.7981
0,3,2,6,W0Mo3Se2S6,3,1,0,11,6,112,,317.1152,316.8663,316.6173,316.3683,316.1193,315.8703,315.6209,315.3707,315.1194,314.8665,314.6117,314.3546,314.0953,313.8335,313.5694,313.3029,313.0342,312.7633,312.4904,312.2156,311.9390,311.6608,311.3810,311.0998,310.8172,310.5333,310.2482,309.9621,309.6749,309.3867,309.0975,308.8075,308.5165,308.2248,307.9322,307.6389,307.3448,307.0499,306.7544,306.4581,306.1611,305.8634,305.5651,305.2660,304.9663,304.6659,304.3649,304.0631,303.7608,303.4578,303.1541,302.8498,302.5448,302.2393,301.9330,301.6262,301.3187,301.0106,300.7019,300.3925,300.0826,299.7720,299.4608,299.1491,298.8367,298.5237,298.2102,297.8961,297.5814,297.2661,296.9503,296.6339,296.3170,295.9995,295.6815,295.3629,295.0438,294.7242,294.4040,294.0834,293.7622,293.4406,293.1184,292.7958,292.4727,292.1491,291.8250,291.5005,291.1755,290.8500,290.5242,290.1978,289.8711,289.5439,289.2162,288.8882,288.5598,288.2309,287.9016,287.5720,287.2419,286.9115,286.5807,286.2495,285.9180,285.5860,285.2538,284.9211,284.5881,284.2548,283.9211,283.5871,283.2528,282.9181,282.5831,282.2478,281.9122,281.5763,281.2400,280.9035,280.5667
0,3,3,1,W0Mo3Se3S1,3,1,4,7,31,1120,,366.5837,366.1621,365.7318,365.3692,364.9992,364.6197,364.2354,363.8488,363.4618,363.0753,362.6898,362.3058,361.9234,361.5426,361.1634,360.7857,360.4095,360.0347,359.6611,359.2887,358.9173,358.5470,358.1775,357.8089,357.4410,357.0738,356.7072,356.3412,355.9757,355.6107,355.2462,354.8821,354.5183,354.1549,353.7917,353.4289,353.0662,352.7038,352.3416,351.9795,351.6176,351.2558,350.8940,350.5323,350.1706,349.8089,349.4471,349.0853,348.7234,348.3614,347.9993,347.6369,347.2744,346.9116,346.5486,346.1852,345.8216,345.4576,345.0932,344.7284,344.3631,343.9974,343.6526,343.3196,342.9860,342.6518,342.3170,341.9815,341.6453,341.3084,340.9707,340.6323,340.2930,339.9529,339.6119,339.2701,338.9274,338.5837,338.2390,337.8934,337.5468,337.1992,336.8505,336.5007,336.1499,335.7979,335.4448,335.0906,334.7352,334.3787,334.0209,333.6620,333.3018,332.9404,332.5777,332.2138,331.8486,331.4821,331.1143,330.7452,330.3748,330.0031,329.6301,329.2557,328.8800,328.5029,328.1245,327.7448,327.3636,326.9812,326.5973,326.2121,325.8255,325.4375,325.0482,324.6575,324.2654,323.8720,323.4772,323.0810,322.7046
0,3,3,2,W0Mo3Se3S2,3,1,3,8,57,2240,,191.8280,191.5075,191.1870,190.9057,190.6298,190.3567,190.0863,189.8185,189.5528,189.2892,189.0276,188.7679,188.5100,188.2701,188.0425,187.8150,187.5876,187.3603,187.1332,186.9063,186.6796,186.4530,186.2264,186.0000,185.7736,185.5472,185.3207,185.0941,184.8674,184.6405,184.4133,184.1857,183.9578,183.7295,183.5007,183.2714,183.0415,182.8109,182.5797,182.3478,182.1151,181.8816,181.6473,181.4121,181.1760,180.9390,180.7010,180.4621,180.2221,179.9810,179.7390,179.4958,179.2515,179.0062,178.7597,178.5120,178.2632,178.0133,177.7621,177.5098,177.2563,177.0016,176.7457,176.4886,176.2303,175.9707,175.7100,175.4480,175.1849,174.9205,174.6548,174.3880,174.1199,173.8507,173.5802,173.3085,173.0356,172.7615,172.4862,172.2097,171.9320,171.6531,171.3730,171.0917,170.8093,170.5257,170.2409,169.9549,169.6678,169.3796,169.0901,168.7996,168.5079,168.2151,167.9211,167.6379,167.3544,167.0698,166.7841,166.4973,166.2094,165.9203,165.6303,165.3391,165.0468,164.7535,164.4592,164.1638,163.8673,163.5698,163.2713,162.9717,162.6712,162.3696,162.0670,161.7634,161.4588,161.1533,160.8467,160.5392,160.2585
0,3,3,3,W0Mo3Se3S3,3,1,2,9,57,2240,950,8.4649,8.2229,7.9811,7.7430,7.5174,7.3101,7.1215,6.9494,6.7910,6.6437,6.5057,6.3754,6.2516,6.1335,6.0202,5.9112,5.8060,5.7040,5.6049,5.5083,5.4141,5.3219,5.2316,5.1429,5.0557,4.9699,4.8853,4.8018,4.7193,4.6378,4.5571,4.4772,4.3980,4.3195,4.2416,4.1643,4.0876,4.0113,3.9355,3.8601,3.7851,3.7105,3.6363,3.5623,3.4887,3.4154,3.3424,3.2697,3.1971,3.1249,3.0528,2.9810,2.9093,2.8379,2.7666,2.6955,2.6246,2.5538,2.4832,2.4127,2.3424,2.2722,2.2021,2.1322,2.0623,1.9926,1.9230,1.8535,1.7840,1.7147,1.6455,1.5763,1.5073,1.4383,1.3694,1.3006,1.2318,1.1631,1.0945,1.0260,0.9575,0.8891,0.8207,0.7524,0.6841,0.6160,0.5478,0.4797,0.4117,0.3437,0.2758,0.2079,0.1400,0.0722,0.0044,-0.0000,-0.0000,-0.0000,0.0000,-0.0000,-0.0000,-0.0000,-0.0000,-0.0000,-0.0000,-0.0000,-0.0000,-0.0000,0.0000,0.0000,-0.0000,0.0000,-0.0000,0.0000,-0.0000,0.0000,0.0000,-0.0000,-0.0000,-0.0000,-0.0000
0,3,3,4,W0Mo3Se3S4,3,1,1,10,31,1120,,299.2267,299.0487,298.8612,298.6746,298.4916,298.3124,298.1354,297.9583,297.7796,297.5985,297.4146,297.2281,297.0449,296.8760,296.7036,296.5276,296.3482,296.1655,295.9795,295.7903,295.5978,295.4020,295.2030,295.0007,294.7953,294.5867,294.3751,294.1603,293.9426,293.7219,293.4984,293.2721,293.0430,292.8113,292.5771,292.3404,292.1012,291.8597,291.6159,291.3700,291.1219,290.8717,290.6195,290.3654,290.1095,289.8517,289.5921,289.3309,289.0680,288.8035,288.5374,288.2699,288.0008,287.7304,287.4586,287.1855,286.9110,286.6353,286.3584,286.0803,285.8011,285.5207,285.2393,284.9568,284.6733,284.3887,284.1032,283.8168,283.5294,283.2412,282.9520,282.6620,282.3712,282.0796,281.7872,281.4941,281.2002,280.9055,280.6102,280.3142,280.0175,279.7201,279.4221,279.1235,278.8243,278.5245,278.2241,277.9231,277.6216,277.3195,277.0169,276.7138,276.4102,276.1061,275.8015,275.4964,275.1909,274.8850,274.5786,274.2717,273.9645,273.6568,273.3487,273.0402,272.7314,272.4221,272.1125,271.8026,271.4922,271.1816,270.8705,270.5592,270.2475,269.9355,269.6232,269.3106,268.9976,268.6844,268.3709,268.0571,267.7430
0,3,3,5,W0Mo3Se3S5,3,1,0,11,8,224,,295.3276,295.1760,295.0244,294.8729,294.7220,294.5721,294.4234,294.2761,294.1303,293.9861,293.8436,293.7027,293.5666,293.4546,293.3433,293.2327,293.1227,293.0132,292.9042,292.7957,292.6875,292.5796,292.4720,292.3645,292.2572,292.1499,292.0426,291.9353,291.8278,291.7201,291.6121,291.5038,291.3950,291.2858,291.1761,291.0657,290.9547,290.8430,290.7305,290.6171,290.5029,290.3877,290.2716,290.1544,290.0361,289.9168,289.7962,289.6745,289.5516,289.4275,289.3020,289.1753,289.0472,288.9178,288.7870,288.6548,288.5213,288.3863,288.2499,288.1121,287.9728,287.8321,287.6900,287.5464,287.4013,287.2549,287.1069,286.9575,286.8067,286.6544,286.5007,286.3456,286.1891,286.0311,285.8718,285.7110,285.5489,285.3854,285.2205,285.0543,284.8868,284.7180,284.5478,284.3763,284.2036,284.0296,283.8543,283.6778,283.5001,283.3211,283.1410,282.9597,282.7772,282.5936,282.4088,282.2229,282.0359,281.8478,281.6586,281.4684,281.2771,281.0848,280.8915,280.6971,280.5018,280.3055,280.1082,279.9100,279.7109,279.5108,279.3098,279.1079,278.9052,278.7016,278.4971,278.2918,278.0856,277.8787,277.6709,277.4624,277.2530
0,3,4,0,W0Mo3Se4S0,2,1,4,7,12,280,,377.7225,377.2366,376.7086,376.1613,375.6071,375.0501,374.4914,373.9318,373.3717,372.8112,372.2504,371.6894,371.1283,370.5670,370.0057,369.4442,368.8828,368.3212,367.7597,367.1981,366.6364,366.0748,365.5131,364.9514,364.3897,363.8279,363.2662,362.7044,362.1426,361.5808,361.0727,360.7314,360.3901,360.0488,359.7074,359.3660,359.0245,358.6831,358.3415,358.0000,357.6583,357.3166,356.9749,356.6330,356.2911,355.9492,355.6071,355.2649,354.9227,354.5804,354.2379,353.8954,353.5527,353.2099,352.8670,352.5240,352.1808,351.8375,351.4941,351.1505,350.8067,350.4628,350.1188,349.7746,349.4302,349.0857,348.7410,348.3961,348.0510,347.7058,347.3603,347.0147,346.6689,346.3229,345.9767,345.6303,345.2837,344.9368,344.5898,344.2426,343.8951,343.5475,343.1996,342.8515,342.5032,342.1547,341.8059,341.4569,341.1077,340.7583,340.4086,340.0587,339.7086,339.3582,339.0076,338.6568,338.3057,337.9544,337.6029,337.2511,336.8991,336.5468,336.1943,335.8416,335.4886,335.1354,334.7820,334.4283,334.0743,333.7202,333.3657,333.0111,332.6562,332.3010,331.9456,331.5900,331.2342,330.8780,330.5217,330.1651,329.8083
0,3,4,1,W0Mo3Se4S1,3,1,3,8,31,1120,,214.9718,214.6031,214.2344,213.9438,213.6623,213.3824,213.1046,212.8290,212.5556,212.2847,212.0161,211.7497,211.4856,211.2256,210.9822,210.7401,210.4992,210.2594,210.0205,209.7825,209.5453,209.3087,209.0728,208.8374,208.6024,208.3678,208.1335,207.8994,207.6655,207.4317,207.1980,206.9642,206.7304,206.4965,206.2624,206.0280,205.7934,205.5716,205.3722,205.1725,204.9723,204.7717,204.5706,204.3689,204.1667,203.9637,203.7601,203.5558,203.3507,203.1448,202.9381,202.7304,202.5219,202.3124,202.1020,201.8905,201.6780,201.4644,201.2498,201.0340,200.8171,200.5990,200.3986,200.2077,200.0156,199.8222,199.6276,199.4317,199.2346,199.0361,198.8364,198.6353,198.4329,198.2292,198.0242,197.8179,197.6102,197.4012,197.1909,196.9792,196.7662,196.5519,196.3362,196.1192,195.9009,195.6813,195.4604,195.2382,195.0146,194.7898,194.5637,194.3363,194.1077,193.8778,193.6466,193.4142,193.1806,192.9457,192.7096,192.4724,192.2339,191.9943,191.7535,191.5115,191.2684,191.0241,190.7788,190.5323,190.2847,190.0360,189.7863,189.5354,189.2836,189.0306,188.7767,188.5217,188.2658,188.0088,187.7509,187.4920,187.2506
0,3,4,2,W0Mo3Se4S2,3,1,2,9,47,1680,,291.7438,291.4257,291.0902,290.8108,290.5351,290.2624,289.9950,289.7333,289.4771,289.2260,288.9794,288.7371,288.4986,288.2779,288.0697,287.8630,287.6576,287.4534,287.2503,287.0482,286.8470,286.6466,286.4470,286.2481,286.0498,285.8522,285.6551,285.4585,285.2623,285.0666,284.8713,284.6763,284.4816,284.2872,284.0931,283.8992,283.7055,283.5120,283.3186,283.1253,282.9321,282.7390,282.5459,282.3528,282.1597,281.9665,281.7733,281.5800,281.3866,281.1930,280.9993,280.8054,280.6114,280.4171,280.2226,280.0278,279.8328,279.6375,279.4418,279.2459,279.0497,278.8531,278.6645,278.4803,278.2957,278.1107,277.9253,277.7394,277.5532,277.3665,277.1793,276.9917,276.8036,276.6150,276.4260,276.2364,276.0464,275.8558,275.6648,275.4732,275.2810,275.0884,274.8952,274.7015,274.5072,274.3124,274.1170,273.9210,273.7245,273.5275,273.3298,273.1316,272.9328,272.7334,272.5334,272.3329,272.1317,271.9300,271.7276,271.5247,271.3212,271.1170,270.9123,270.7070,270.5010,270.2944,270.0873,269.8795,269.6711,269.4621,269.2524,269.0422,268.8313,268.6198,268.4077,268.1950,267.9816,267.7676,267.5530,267.3378,267.1547
0,3,4,3,W0Mo3Se4S3,3,1,1,10,31,1120,,290.7396,290.5784,290.3823,290.1571,289.9236,289.6914,289.4636,289.2408,289.0226,288.8085,288.5977,288.3898,288.1843,287.9806,287.7784,287.5772,287.3766,287.1764,286.9761,286.7756,286.5746,286.3729,286.1704,285.9669,285.7624,285.5567,285.3497,285.1415,284.9319,284.7209,284.5085,284.2948,284.0795,283.8629,283.6448,283.4252,283.2043,282.9819,282.7581,282.5328,282.3063,282.0783,281.8490,281.6184,281.3864,281.1531,280.9186,280.6828,280.4458,280.2076,279.9682,279.7276,279.4859,279.2430,278.9990,278.7540,278.5079,278.2607,278.0125,277.7633,277.5131,277.2620,277.0099,276.7569,276.5030,276.2482,275.9925,275.7360,275.4787,275.2205,274.9615,274.7018,274.4413,274.1800,273.9180,273.6553,273.3918,273.1277,272.8629,272.5974,272.3313,272.0646,271.7972,271.5292,271.2606,270.9914,270.7217,270.4514,270.1805,269.9091,269.6372,269.3647,269.0917,268.8183,268.5443,268.3269,268.1129,267.8984,267.6834,267.4679,267.2520,267.0356,266.8188,266.6015,266.3838,266.1656,265.9470,265.7281,265.5087,265.2889,265.0687,264.8482,264.6272,264.4060,264.1843,263.9623,263.7399,263.5172,263.2941,263.0708,262.8470
0,3,4,4,W0Mo3Se4S4,3,1,0,11,12,280,,290.4609,290.3444,290.2279,290.1125,290.0004,289.8928,289.7895,289.6898,289.5927,289.4977,289.4042,289.3119,289.2255,289.1547,289.0827,289.0091,288.9339,288.8570,288.7782,288.6975,288.6148,288.5302,288.4437,288.3552,288.2648,288.1726,288.0785,287.9827,287.8852,287.7859,287.6850,287.5826,287.4786,287.3731,287.2661,287.1577,287.0479,286.9367,286.8243,286.7105,286.5955,286.4793,286.3618,286.2432,286.1234,286.0025,285.8805,285.7574,285.6332,285.5080,285.3817,285.2545,285.1262,284.9969,284.8667,284.7355,284.6034,284.4703,284.3363,284.2015,284.0657,283.9290,283.7915,283.6531,283.5139,283.3738,283.2329,283.0912,282.9486,282.8053,282.6612,282.5163,282.3706,282.2241,282.0770,281.9290,281.7803,281.6309,281.4808,281.3300,281.1785,281.0262,280.8733,280.7197,280.5655,280.4105,280.2550,280.0987,279.9419,279.7844,279.6262,279.4675,279.3082,279.1482,278.9877,278.8265,278.6648,278.5025,278.3397,278.1763,278.0123,277.8478,277.6827,277.5171,277.3510,277.1844,277.0172,276.8495,276.6814,276.5127,276.3436,276.1740,276.0038,275.8333,275.6622,275.4907,275.3188,275.1464,274.9735,274.8002,274.6265
0,3,5,0,W0Mo3Se5S0,2,1,3,8,8,224,,239.8111,239.3941,238.9771,238.5601,238.1431,237.7261,237.3092,236.8922,236.4752,236.0582,235.6412,235.2242,234.8072,234.3902,233.9732,233.5562,233.1392,232.7222,232.3052,231.8882,231.4713,231.0543,230.6373,230.2203,229.8033,229.3863,228.9693,228.5523,228.1353,227.7183,227.3601,227.1843,227.0086,226.8329,226.6571,226.4814,226.3056,226.1299,225.9542,225.7784,225.6027,225.4269,225.2512,225.0755,224.8997,224.7240,224.5482,224.3725,224.1968,224.0210,223.8453,223.6695,223.4938,223.3181,223.1423,222.9666,222.7908,222.6151,222.4394,222.2636,222.0879,221.9121,221.7364,221.5607,221.3849,221.2092,221.0334,220.8577,220.6820,220.5062,220.3305,220.1547,219.9790,219.8033,219.6275,219.4518,219.2760,219.1003,218.9246,218.7488,218.5731,218.3973,218.2216,218.0459,217.8701,217.6944,217.5186,217.3429,217.1672,216.9914,216.8157,216.6399,216.4642,216.2885,216.1127,215.9370,215.7612,215.5855,215.4098,215.2340,215.0583,214.8825,214.7068,214.5311,214.3553,214.1796,214.0038,213.8281,213.6524,213.4766,213.3009,213.1251,212.9494,212.7737,212.5979,212.4222,212.2464,212.0707,211.8950,211.7192,211.5435
0,3,5,1,W0Mo3Se5S1,3,1,2,9,19,672,,303.3379,303.0013,302.6445,302.3513,302.0644,301.7781,301.4932,301.2100,300.9287,300.6494,300.3722,300.0969,299.8235,299.5556,299.3155,299.0762,298.8376,298.5996,298.3621,298.1252,297.8888,297.6528,297.4173,297.1820,296.9471,296.7125,296.4782,296.2441,296.0103,295.7766,295.5432,295.3099,295.0767,294.8437,294.6108,294.3780,294.1453,293.9360,293.7673,293.5986,293.4302,293.2618,293.0935,292.9253,292.7571,292.5889,292.4207,292.2525,292.0843,291.9161,291.7477,291.5793,291.4108,291.2422,291.0734,290.9045,290.7354,290.5662,290.3967,290.2271,290.0572,289.8870,289.7334,289.5890,289.4443,289.2993,289.1540,289.0084,288.8624,288.7161,288.5694,288.4224,288.2749,288.1271,287.9789,287.8302,287.6812,287.5317,287.3817,287.2314,287.0806,286.9293,286.7775,286.6253,286.4726,286.3195,286.1658,286.0116,285.8570,285.7018,285.5462,285.3900,285.2333,285.0761,284.9183,284.7601,284.6013,284.4419,284.2821,284.1217,283.9607,283.7993,283.6372,283.4747,283.3116,283.1479,282.9837,282.8189,282.6536,282.4878,282.3214,282.1544,281.9869,281.8189,281.6503,281.4811,281.3114,281.1412,280.9704,280.7991,280.6436
0,3,5,2,W0Mo3Se5S2,3,1,1,10,19,672,,283.5107,283.2558,282.9995,282.8069,282.6251,282.4500,282.2814,282.1179,281.9579,281.7998,281.6421,281.4840,281.3248,281.1769,281.0356,280.8910,280.7432,280.5923,280.4385,280.2819,280.1225,279.9607,279.7964,279.6298,279.4610,279.2900,279.1170,278.9420,278.7650,278.5862,278.4054,278.2228,278.0384,277.8522,277.6642,277.4745,277.2831,277.0900,276.8951,276.6986,276.5005,276.3007,276.0993,275.8963,275.6917,275.4856,275.2779,275.0687,274.8580,274.6458,274.4322,274.2171,274.0007,273.7828,273.5636,273.3431,273.1212,272.8981,272.6737,272.4480,272.2211,271.9930,271.7713,271.5527,271.3330,271.1122,270.8902,270.6672,270.4432,270.2181,269.9920,269.7649,269.5369,269.3079,269.0780,268.8472,268.6155,268.3829,268.1495,267.9152,267.6802,267.4443,267.2076,266.9702,266.7320,266.4931,266.2534,266.0131,265.7720,265.5303,265.2879,265.0449,264.8012,264.5569,264.3120,264.0665,263.8204,263.5737,263.3264,263.0786,262.8303,262.5814,262.3320,262.0821,261.8316,261.5807,261.3293,261.0774,260.8251,260.5723,260.3190,260.0653,259.8112,259.5567,259.3017,259.0463,258.7906,258.5344,258.2778,258.0209,257.7931
0,3,5,3,W0Mo3Se5S3,3,1,0,11,8,224,,281.2520,281.1083,280.9648,280.8243,280.6940,280.5787,280.4787,280.3922,280.3167,280.2501,280.1906,280.1368,280.0873,280.0412,279.9974,279.9553,279.9141,279.8734,279.8325,279.7911,279.7489,279.7057,279.6612,279.6152,279.5677,279.5186,279.4678,279.4153,279.3610,279.3049,279.2472,279.1877,279.1265,279.0636,278.9991,278.9330,278.8653,278.7961,278.7254,278.6532,278.5796,278.5046,278.4282,278.3505,278.2715,278.1913,278.1098,278.0271,277.9432,277.8582,277.7720,277.6847,277.5963,277.5068,277.4163,277.3247,277.2322,277.1386,277.0441,276.9486,276.8521,276.7547,276.6564,276.5571,276.4570,276.3560,276.2541,276.1514,276.0478,275.9434,275.8382,275.7322,275.6253,275.5177,275.4093,275.3001,275.1902,275.0796,274.9681,274.8560,274.7432,274.6296,274.5153,274.4004,274.2847,274.1684,274.0515,273.9338,273.8156,273.6967,273.5771,273.4570,273.3362,273.2148,273.0928,273.0221,272.9543,272.8860,272.8170,272.7474,272.6773,272.6066,272.5353,272.4635,272.3912,272.3182,272.2448,272.1708,272.0963,272.0213,271.9458,271.8698,271.7933,271.7163,271.6389,271.5609,271.4826,271.4037,271.3244,271.2447,271.1645
0,3,6,0,W0Mo3Se6S0,2,1,2,9,6,112,,317.4822,317.1779,316.8736,316.5693,316.2650,315.9607,315.6564,315.3521,315.0478,314.7435,314.4393,314.1350,313.8307,313.5264,313.2221,312.9178,312.6135,312.3092,312.0049,311.7006,311.3963,311.0920,310.7877,310.4834,310.1792,309.8749,309.5706,309.2663,308.9620,308.6577,308.4161,308.3691,308.3222,308.2752,308.2282,308.1813,308.1343,308.0874,308.0404,307.9935,307.9465,307.8996,307.8526,307.8056,307.7587,307.7117,307.6648,307.6178,307.5709,307.5239,307.4769,307.4300,307.3830,307.3361,307.2891,307.2422,307.1952,307.1483,307.1013,307.0543,307.0074,306.9604,306.9135,306.8665,306.8196,306.7726,306.7256,306.6787,306.6317,306.5848,306.5378,306.4909,306.4439,306.3970,306.3500,306.3030,306.2561,306.2091,306.1622,306.1152,306.0683,306.0213,305.9743,305.9274,305.8804,305.8335,305.7865,305.7396,305.6926,305.6456,305.5987,305.5517,305.5048,305.4578,305.4109,305.3639,305.3170,305.2700,305.2230,305.1761,305.1291,305.0822,305.0352,304.9883,304.9413,304.8943,304.8474,304.8004,304.7535,304.7065,304.6596,304.6126,304.5657,304.5187,304.4717,304.4248,304.3778,304.3309,304.2839,304.2369,304.1900
0,3,6,1,W0Mo3Se6S1,3,1,1,10,8,224,,276.4813,276.2460,276.0108,275.8381,275.6726,275.5084,275.3459,275.1851,275.0261,274.8691,274.7139,274.5605,274.4088,274.2619,274.1397,274.0179,273.8961,273.7742,273.6520,273.5292,273.4055,273.2807,273.1546,273.0270,272.8977,272.7664,272.6331,272.4976,272.3597,272.2194,272.0765,271.9311,271.7830,271.6322,271.4787,271.3226,271.1637,271.0231,270.9164,270.8071,270.6954,270.5811,270.4645,270.3455,270.2242,270.1007,269.9750,269.8471,269.7171,269.5852,269.4512,269.3154,269.1777,269.0382,268.8970,268.7540,268.6095,268.4633,268.3157,268.1665,268.0159,267.8639,267.7256,267.5946,267.4622,267.3287,267.1939,267.0580,266.9209,266.7827,266.6435,266.5032,266.3619,266.2196,266.0764,265.9322,265.7872,265.6413,265.4945,265.3469,265.1984,265.0492,264.8993,264.7485,264.5971,264.4449,264.2921,264.1386,263.9844,263.8295,263.6741,263.5180,263.3614,263.2041,263.0463,262.8879,262.7290,262.5695,262.4095,262.2490,262.0880,261.9265,261.7646,261.6021,261.4392,261.2759,261.1121,260.9478,260.7832,260.6181,260.4526,260.2868,260.1205,259.9538,259.7868,259.6194,259.4516,259.2835,259.1150,258.9462,258.7918
0,3,6,2,W0Mo3Se6S2,3,1,0,11,6,112,,267.6079,267.4291,267.2504,267.1296,267.0187,266.9140,266.8159,266.7239,266.6373,266.5554,266.4778,266.4040,266.3335,266.2777,266.2323,266.1880,266.1448,266.1024,266.0605,266.0192,265.9781,265.9371,265.8961,265.8548,265.8132,265.7711,265.7285,265.6851,265.6408,265.5957,265.5496,265.5024,265.4541,265.4046,265.3539,265.3019,265.2486,265.1940,265.1381,265.0808,265.0222,264.9622,264.9008,264.8381,264.7741,264.7088,264.6421,264.5741,264.5049,264.4343,264.3626,264.2896,264.2154,264.1400,264.0634,263.9857,263.9069,263.8270,263.7460,263.6640,263.5809,263.4968,263.4186,263.3433,263.2671,263.1899,263.1119,263.0329,262.9531,262.8724,262.7909,262.7085,262.6254,262.5415,262.4568,262.3714,262.2852,262.1983,262.1108,262.0225,261.9336,261.8440,261.7537,261.6629,261.5714,261.4793,261.3866,261.2933,261.1995,261.1051,261.0102,260.9147,260.8187,260.7221,260.6251,260.5276,260.4295,260.3310,260.2321,260.1326,260.0327,259.9324,259.8316,259.7304,259.6288,259.5268,259.4243,259.3215,259.2182,259.1146,259.0106,258.9062,258.8015,258.6964,258.5909,258.4851,258.3790,258.2725,258.1657,258.0585,257.9779
0,3,7,0,W0Mo3Se7S0,2,1,1,10,2,32,,297.3833,297.1095,296.8356,296.5617,296.2879,296.0140,295.7401,295.4663,295.1924,294.9186,294.6447,294.3708,294.0970,293.8231,293.5492,293.2754,293.0015,292.7276,292.4538,292.1799,291.9061,291.6322,291.3583,291.0845,290.8106,290.5367,290.2629,289.9890,289.7151,289.4413,289.2238,289.1816,289.1393,289.0970,289.0548,289.0125,288.9703,288.9280,288.8857,288.8435,288.8012,288.7590,288.7167,288.6744,288.6322,288.5899,288.5477,288.5054,288.4631,288.4209,288.3786,288.3364,288.2941,288.2518,288.2096,288.1673,288.1250,288.0828,288.0405,287.9983,287.9560,287.9137,287.8715,287.8292,287.7870,287.7447,287.7024,287.6602,287.6179,287.5757,287.5334,287.4911,287.4489,287.4066,287.3644,287.3221,287.2798,287.2376,287.1953,287.1531,287.1108,287.0685,287.0263,286.9840,286.9418,286.8995,286.8572,286.8150,286.7727,286.7304,286.6882,286.6459,286.6037,286.5614,286.5191,286.4769,286.4346,286.3924,286.3501,286.3078,286.2656,286.2233,286.1811,286.1388,286.0965,286.0543,286.0120,285.9698,285.9275,285.8852,285.8430,285.8007,285.7585,285.7162,285.6739,285.6317,285.5894,285.5471,285.5049,285.4626,285.4204
0,3,7,1,W0Mo3Se7S1,3,1,0,11,2,32,,261.3173,261.1034,260.8896,260.7326,260.5821,260.4329,260.2851,260.1389,259.9945,259.8517,259.7106,259.5713,259.4335,259.3003,259.1898,259.0799,258.9706,258.8619,258.7536,258.6458,258.5383,258.4312,258.3245,258.2180,258.1119,258.0059,257.9002,257.7947,257.6893,257.5841,257.4790,257.3741,257.2693,257.1645,257.0598,256.9552,256.8507,256.7652,256.7129,256.6607,256.6086,256.5566,256.5046,256.4527,256.4008,256.3489,256.2970,256.2451,256.1931,256.1412,256.0892,256.0372,255.9851,255.9330,255.8808,255.8285,255.7762,255.7238,255.6713,255.6187,255.5660,255.5132,255.4740,255.4425,255.4109,255.3792,255.3473,255.3154,255.2833,255.2510,255.2187,255.1862,255.1536,255.1208,255.0879,255.0549,255.0218,254.9885,254.9551,254.9215,254.8878,254.8540,254.8201,254.7860,254.7518,254.7175,254.6830,254.6484,254.6136,254.5788,254.5438,254.5087,254.4734,254.4380,254.4025,254.3669,254.3311,254.2953,254.2593,254.2231,254.1869,254.1505,254.1140,254.0774,254.0407,254.0039,253.9669,253.9299,253.8927,253.8554,253.8180,253.7805,253.7429,253.7051,253.6673,253.6293,253.5913,253.5531,253.5149,253.4765,253.4515
0,3,8,0,W0Mo3Se8S0,2,1,0,11,1,4,,279.5002,279.3916,279.2830,279.1744,279.0658,278.9572,278.8486,278.7400,278.6314,278.5228,278.4142,278.3056,278.1970,278.0884,277.9798,277.8712,277.7626,277.6540,277.5454,277.4368,277.3282,277.2196,277.1110,277.0024,276.8938,276.7852,276.6766,276.5680,276.4594,276.3508,276.2935,276.3954,276.4974,276.5993,276.7013,276.8032,276.9051,277.0071,277.1090,277.2110,277.3129,277.4149,277.5168,277.6188,277.7207,277.8227,277.9246,278.0266,278.1285,278.2305,278.3324,278.4343,278.5363,278.6382,278.7402,278.8421,278.9441,279.0460,279.1480,279.2499,279.3519,279.4538,279.5558,279.6577,279.7597,279.8616,279.9635,280.0655,280.1674,280.2694,280.3713,280.4733,280.5752,280.6772,280.7791,280.8811,280.9830,281.0850,281.1869,281.2888,281.3908,281.4927,281.5947,281.6966,281.7986,281.9005,282.0025,282.1044,282.2064,282.3083,282.4103,282.5122,282.6142,282.7161,282.8180,282.9200,283.0219,283.1239,283.2258,283.3278,283.4297,283.5317,283.6336,283.7356,283.8375,283.9395,284.0414,284.1434,284.2453,284.3472,284.4492,284.5511,284.6531,284.7550,284.8570,284.9589,285.0609,285.1628,285.2648,285.3667,285.4687
0,4,0,4,W0Mo4Se0S4,2,0,4,8,6,70,,254.2039,254.0109,253.8179,253.6249,253.4319,253.2389,253.0459,252.8529,252.6599,252.4669,252.2739,252.0809,251.8879,251.6949,251.5019,251.3089,251.1159,250.9229,250.7299,250.5369,250.3439,250.1509,249.9579,249.7649,249.5719,249.3789,249.1859,248.9929,248.7999,248.6069,248.4138,248.2208,248.0278,247.8348,247.6418,247.4488,247.2558,247.0628,246.8698,246.6768,246.4838,246.2908,246.0978,245.9048,245.7118,245.5188,245.3258,245.1328,244.9398,244.7468,244.5538,244.3608,244.1678,243.9748,243.7818,243.5888,243.3958,243.2028,243.0098,242.8168,242.6238,242.4308,242.2378,242.0448,241.8518,241.6588,241.4658,241.2728,241.0798,240.8868,240.6938,240.5008,240.3078,240.1147,239.9217,239.7287,239.5357,239.3427,239.1497,238.9567,238.7637,238.5707,238.3777,238.1847,237.9917,237.7987,237.6057,237.4127,237.2197,237.0267,236.8337,236.6407,236.4477,236.2547,236.0617,235.8687,235.6757,235.4827,235.2897,235.0967,234.9037,234.7107,234.5177,234.3247,234.1317,233.9387,233.7457,233.5527,233.3597,233.1667,232.9737,232.7807,232.5877,232.3947,232.2017,232.0086,231.8156,231.6226,231.4296,231.2366,231.0436
0,4,0,5,W0Mo4Se0S5,2,0,3,9,3,56,,410.7763,410.4720,410.1677,409.8634,409.5591,409.2548,408.9505,408.6462,408.3419,408.0376,407.7333,407.4289,407.1244,406.8198,406.5149,406.2098,405.9042,405.5982,405.2915,404.9842,404.6762,404.3672,404.0574,403.7466,403.4348,403.1218,402.8078,402.4926,402.1762,401.8586,401.5398,401.2198,400.8986,400.5762,400.2527,399.9279,399.6020,399.2750,398.9468,398.6175,398.2872,397.9558,397.6234,397.2899,396.9556,396.6202,396.2839,395.9468,395.6088,395.2699,394.9302,394.5897,394.2484,393.9064,393.5637,393.2202,392.8761,392.5313,392.1859,391.8398,391.4932,391.1460,390.7982,390.4498,390.1010,389.7516,389.4017,389.0513,388.7005,388.3492,387.9975,387.6453,387.2928,386.9398,386.5864,386.2327,385.8786,385.5241,385.1693,384.8142,384.4587,384.1029,383.7468,383.3904,383.0338,382.6768,382.3195,381.9620,381.6042,381.2462,380.8879,380.5293,380.1706,379.8115,379.4523,379.0929,378.7332,378.3733,378.0132,377.6529,377.2925,376.9318,376.5709,376.2099,375.8487,375.4873,375.1257,374.7640,374.4021,374.0400,373.6778,373.3154,372.9529,372.5902,372.2274,371.8644,371.5013,371.1381,370.7747,370.4112,370.0475
0,4,0,6,W0Mo4Se0S6,2,0,2,10,3,28,,258.1232,258.0038,257.8843,257.7648,257.6454,257.5259,257.4064,257.2870,257.1674,257.0476,256.9273,256.8060,256.6833,256.5585,256.4310,256.3001,256.1652,256.0256,255.8810,255.7309,255.5750,255.4133,255.2456,255.0720,254.8925,254.7073,254.5164,254.3203,254.1190,253.9128,253.7021,253.4869,253.2677,253.0446,252.8179,252.5879,252.3546,252.1184,251.8795,251.6379,251.3939,251.1477,250.8994,250.6491,250.3970,250.1431,249.8876,249.6307,249.3723,249.1125,248.8516,248.5894,248.3262,248.0619,247.7967,247.5305,247.2635,246.9956,246.7270,246.4577,246.1876,245.9169,245.6456,245.3737,245.1013,244.8283,244.5548,244.2809,244.0065,243.7316,243.4564,243.1808,242.9047,242.6284,242.3517,242.0746,241.7973,241.5197,241.2418,240.9636,240.6851,240.4064,240.1275,239.8483,239.5689,239.2893,239.0095,238.7295,238.4493,238.1690,237.8884,237.6077,237.3268,237.0458,236.7646,236.4833,236.2018,235.9202,235.6385,235.3567,235.0747,234.7926,234.5104,234.2281,233.9457,233.6631,233.3805,233.0978,232.8150,232.5321,232.2491,231.9660,231.6828,231.3996,231.1163,230.8329,230.5494,230.2659,229.9823,229.6986,229.4149
0,4,0,7,W0Mo4Se0S7,2,0,1,11,1,8,,125.4697,125.3068,125.1439,124.9810,124.8181,124.6552,124.4923,124.3294,124.1665,124.0036,123.8407,123.6778,123.5149,123.3520,123.1891,123.0262,122.8633,122.7004,122.5375,122.3746,122.2117,122.0488,121.8859,121.7230,121.5601,121.3972,121.2343,121.0714,120.9085,120.7456,120.5827,120.4198,120.2569,120.0940,119.9311,119.7682,119.6053,119.4424,119.2795,119.1166,118.9537,118.7908,118.6278,118.4649,118.3020,118.1391,117.9762,117.8133,117.6504,117.4875,117.3246,117.1617,116.9988,116.8359,116.6730,116.5101,116.3472,116.1843,116.0214,115.8585,115.6956,115.5327,115.3698,115.2069,115.0440,114.8811,114.7182,114.5553,114.3924,114.2295,114.0666,113.9037,113.7408,113.5779,113.4150,113.2521,113.0892,112.9263,112.7634,112.6005,112.4376,112.2747,112.1118,111.9489,111.7860,111.6231,111.4602,111.2972,111.1343,110.9714,110.8085,110.6456,110.4827,110.3198,110.1569,109.9940,109.8311,109.6682,109.5053,109.3424,109.1795,109.0166,108.8537,108.6908,108.5279,108.3650,108.2021,108.0392,107.8763,107.7134,107.5505,107.3876,107.2247,107.0618,106.8989,106.7360,106.5731,106.4102,106.2473,106.0844,105.9215
0,4,0,8,W0Mo4Se0S8,2,0,0,12,1,1,0,-0.0000,0.0000,-0.0000,-0.0000,0.0000,0.0000,0.0000,-0.0000,0.0000,-0.0000,-0.0000,0.0000,0.0000,-0.0000,-0.0000,-0.0000,-0.0000,-0.0000,-0.0000,0.0000,-0.0000,0.0000,-0.0000,-0.0000,0.0000,0.0000,-0.0000,-0.0000,0.0000,-0.0000,-0.0000,-0.0000,-0.0000,-0.0000,0.0000,0.0000,0.0000,0.0000,-0.0000,-0.0000,-0.0000,-0.0000,0.0000,0.0000,-0.0000,-0.0000,-0.0000,-0.0000,0.0000,-0.0000,0.0000,-0.0000,-0.0000,-0.0000,0.0000,0.0000,0.0000,0.0000,-0.0000,0.0000,-0.0000,-0.0000,-0.0000,-0.0000,-0.0000,0.0000,0.0000,0.0000,0.0000,0.0000,0.0000,0.0000,0.0000,-0.0000,0.0000,-0.0000,-0.0000,0.0000,-0.0000,-0.0000,-0.0000,-0.0000,-0.0000,-0.0000,-0.0000,0.0000,-0.0000,-0.0000,-0.0000,-0.0000,-0.0000,-0.0000,-0.0000,0.0000,0.0000,-0.0000,-0.0000,-0.0000,0.0000,0.0000,-0.0000,-0.0000,-0.0000,0.0000,-0.0000,0.0000,-0.0000,-0.0000,-0.0000,-0.0000,0.0000,0.0000,0.0000,0.0000,-0.0000,0.0000,-0.0000,-0.0000,0.0000,-0.0000,0.0000
0,4,1,3,W0Mo4Se1S3,3,0,4,8,10,280,,260.5995,260.2856,259.9590,259.6325,259.3067,258.9822,258.6594,258.3385,258.0197,257.7032,257.3889,257.0768,256.7668,256.4590,256.1530,255.8488,255.5464,255.2454,254.9459,254.6476,254.3505,254.0545,253.7595,253.4654,253.1721,252.8796,252.5877,252.2965,252.0059,251.7158,251.4262,251.1371,250.8484,250.5600,250.2721,249.9845,249.6972,249.4102,249.1234,248.8370,248.5507,248.2647,247.9789,247.6933,247.4078,247.1226,246.8375,246.5525,246.2677,245.9831,245.6985,245.4141,245.1298,244.8456,244.5616,244.2776,243.9937,243.7099,243.4262,243.1426,242.8590,242.5755,242.2921,242.0088,241.7255,241.4423,241.1591,240.8760,240.5929,240.3099,240.0270,239.7441,239.4612,239.1784,238.8956,238.6129,238.3302,238.0476,237.7650,237.4824,237.1998,236.9173,236.6348,236.3524,236.0699,235.7875,235.5052,235.2228,234.9405,234.6582,234.3759,234.0937,233.8115,233.5293,233.2471,232.9649,232.6828,232.4006,232.1185,231.8364,231.5544,231.2723,230.9903,230.7083,230.4263,230.1443,229.8623,229.5803,229.2984,229.0164,228.7345,228.4526,228.1707,227.8888,227.6070,227.3251,227.0432,226.7614,226.4796,226.1978,225.9159
0,4,1,4,W0Mo4Se1S4,3,0,3,9,10,280,,406.3513,406.1660,405.9806,405.7955,405.6111,405.4278,405.2459,405.0656,404.8866,404.7087,404.5317,404.3552,404.1809,404.0202,403.8586,403.6958,403.5318,403.3663,403.1992,403.0303,402.8597,402.6871,402.5126,402.3360,402.1573,401.9764,401.7933,401.6079,401.4202,401.2300,401.0375,400.8425,400.6450,400.4449,400.2423,400.0371,399.8294,399.6190,399.4060,399.1905,398.9723,398.7515,398.5281,398.3021,398.0736,397.8425,397.6089,397.3729,397.1343,396.8934,396.6500,396.4043,396.1562,395.9059,395.6533,395.3985,395.1415,394.8824,394.6213,394.3580,394.0928,393.8257,393.5566,393.2856,393.0128,392.7382,392.4619,392.1839,391.9042,391.6229,391.3400,391.0555,390.7695,390.4821,390.1932,389.9029,389.6113,389.3183,389.0241,388.7285,388.4317,388.1338,387.8346,387.5343,387.2329,386.9304,386.6269,386.3223,386.0167,385.7101,385.4026,385.0941,384.7847,384.4745,384.1633,383.8513,383.5385,383.2249,382.9105,382.5954,382.2795,381.9628,381.6455,381.3274,381.0087,380.6893,380.3692,380.0486,379.7273,379.4054,379.0829,378.7598,378.4362,378.1120,377.7873,377.4620,377.1362,376.8100,376.4832,376.1559,375.8282
0,4,1,5,W0Mo4Se1S5,3,0,2,10,6,168,,259.8512,259.6844,259.5165,259.3423,259.1588,258.9669,258.7691,258.5674,258.3633,258.1580,257.9523,257.7465,257.5447,257.3682,257.1916,257.0147,256.8378,256.6606,256.4832,256.3054,256.1273,255.9486,255.7694,255.5895,255.4087,255.2271,255.0446,254.8610,254.6764,254.4906,254.3036,254.1153,253.9258,253.7349,253.5427,253.3491,253.1542,252.9578,252.7600,252.5609,252.3603,252.1583,251.9549,251.7501,251.5439,251.3364,251.1276,250.9174,250.7058,250.4930,250.2789,250.0636,249.8470,249.6292,249.4102,249.1901,248.9687,248.7463,248.5228,248.2982,248.0725,247.8458,247.6181,247.3894,247.1597,246.9291,246.6975,246.4650,246.2317,245.9975,245.7624,245.5265,245.2898,245.0523,244.8140,244.5750,244.3353,244.0948,243.8536,243.6117,243.3692,243.1260,242.8821,242.6376,242.3925,242.1468,241.9006,241.6537,241.4063,241.1584,240.9099,240.6608,240.4113,240.1613,239.9108,239.6598,239.4083,239.1564,238.9040,238.6512,238.3980,238.1443,237.8902,237.6358,237.3809,237.1257,236.8700,236.6141,236.3577,236.1010,235.8439,235.5865,235.3288,235.0708,234.8124,234.5537,234.2947,234.0354,233.7759,233.5160,233.2558
0,4,1,6,W0Mo4Se1S6,3,0,1,11,3,56,,126.1547,126.0030,125.8514,125.6999,125.5482,125.3956,125.2412,125.0844,124.9251,124.7634,124.5996,124.4339,124.2716,124.1420,124.0104,123.8771,123.7422,123.6059,123.4685,123.3300,123.1907,123.0505,122.9096,122.7681,122.6260,122.4833,122.3402,122.1966,122.0526,121.9082,121.7635,121.6184,121.4730,121.3272,121.1812,121.0349,120.8883,120.7415,120.5944,120.4471,120.2995,120.1517,120.0037,119.8555,119.7070,119.5584,119.4095,119.2605,119.1112,118.9618,118.8122,118.6624,118.5124,118.3623,118.2120,118.0615,117.9109,117.7601,117.6092,117.4581,117.3068,117.1554,117.0039,116.8522,116.7004,116.5485,116.3964,116.2442,116.0918,115.9394,115.7868,115.6341,115.4813,115.3283,115.1753,115.0221,114.8689,114.7155,114.5620,114.4084,114.2548,114.1010,113.9471,113.7931,113.6391,113.4849,113.3307,113.1764,113.0220,112.8675,112.7129,112.5582,112.4035,112.2486,112.0937,111.9388,111.7837,111.6286,111.4734,111.3182,111.1628,111.0074,110.8520,110.6964,110.5408,110.3852,110.2295,110.0737,109.9178,109.7620,109.6060,109.4500,109.2939,109.1378,108.9816,108.8254,108.6691,108.5128,108.3564,108.2000,108.0435
0,4,1,7,W0Mo4Se1S7,3,0,0,12,1,8,120,0.6647,0.6045,0.5444,0.4845,0.4251,0.3665,0.3091,0.2529,0.1982,0.1450,0.0932,0.0429,0.0000,-0.0000,-0.0000,0.0000,-0.0000,-0.0000,-0.0000,-0.0000,-0.0000,0.0000,-0.0000,0.0000,0.0000,-0.0000,0.0000,0.0000,-0.0000,-0.0000,0.0000,-0.0000,-0.0000,0.0000,-0.0000,-0.0000,-0.0000,0.0000,-0.0000,-0.0000,-0.0000,-0.0000,-0.0000,0.0000,-0.0000,0.0000,-0.0000,-0.0000,-0.0000,-0.0000,-0.0000,-0.0000,-0.0000,0.0000,-0.0000,-0.0000,-0.0000,-0.0000,-0.0000,-0.0000,-0.0000,-0.0000,-0.0000,-0.0000,-0.0000,-0.0000,-0.0000,0.0000,-0.0000,-0.0000,-0.0000,-0.0000,-0.0000,-0.0000,-0.0000,-0.0000,-0.0000,-0.0000,-0.0000,-0.0000,-0.0000,-0.0000,-0.0000,0.0000,-0.0000,-0.0000,-0.0000,-0.0000,-0.0000,-0.0000,-0.0000,-0.0000,-0.0000,0.0000,0.0000,-0.0000,-0.0000,-0.0000,-0.0000,-0.0000,0.0000,0.0000,-0.0000,0.0000,0.0000,0.0000,-0.0000,0.0000,-0.0000,-0.0000,-0.0000,-0.0000,-0.0000,-0.0000,-0.0000,-0.0000,-0.0000,-0.0000,-0.0000,-0.0000,-0.0000
0,4,2,2,W0Mo4Se2S2,3,0,4,8,16,420,,254.6276,254.3434,254.0276,253.7117,253.4043,253.1103,252.8301,252.5622,252.3044,252.0547,251.8117,251.5740,251.3409,251.1114,250.8850,250.6612,250.4396,250.2198,250.0014,249.7844,249.5684,249.3533,249.1390,248.9252,248.7121,248.4993,248.2870,248.0749,247.8631,247.6516,247.4402,247.2289,247.0178,246.8068,246.5958,246.3849,246.1741,245.9632,245.7525,245.5417,245.3309,245.1202,244.9094,244.6987,244.4879,244.2771,244.0663,243.8555,243.6447,243.4338,243.2230,243.0121,242.8012,242.5902,242.3793,242.1683,241.9573,241.7463,241.5352,241.3242,241.1131,240.9019,240.6908,240.4796,240.2685,240.0573,239.8460,239.6348,239.4235,239.2123,239.0010,238.7896,238.5783,238.3669,238.1556,237.9442,237.7328,237.5213,237.3099,237.0985,236.8870,236.6755,236.4640,236.2525,236.0410,235.8294,235.6179,235.4063,235.1947,234.9832,234.7716,234.5599,234.3483,234.1367,233.9250,233.7609,233.6000,233.4390,233.2781,233.1171,232.9560,232.7949,232.6338,232.4727,232.3115,232.1503,231.9891,231.8278,231.6665,231.5052,231.3438,231.1824,231.0210,230.8596,230.6981,230.5367,230.3752,230.2136,230.0521,229.8905,229.7289
0,4,2,3,W0Mo4Se2S3,3,0,3,9,17,560,,396.5855,396.4050,396.2247,396.0463,395.8744,395.7123,395.5603,395.4174,395.2823,395.1538,395.0308,394.9127,394.8055,394.7207,394.6376,394.5562,394.4761,394.3971,394.3190,394.2417,394.1650,394.0888,394.0130,393.9373,393.8618,393.7862,393.7105,393.6345,393.5582,393.4814,393.4040,393.3260,393.2472,393.1676,393.0869,393.0052,392.9223,392.8382,392.7527,392.6657,392.5772,392.4870,392.3951,392.3013,392.2056,392.1079,392.0081,391.9061,391.8019,391.6953,391.5864,391.4749,391.3610,391.2444,391.1252,391.0033,390.8787,390.7513,390.6210,390.4879,390.3520,390.2131,390.0713,389.9266,389.7789,389.6283,389.4747,389.3182,389.1587,388.9962,388.8309,388.6626,388.4914,388.3173,388.1404,387.9606,387.7780,387.5926,387.4045,387.2136,387.0200,386.8238,386.6250,386.4236,386.2196,386.0131,385.8041,385.5927,385.3789,385.1627,384.9442,384.7235,384.5005,384.2752,384.0479,383.8289,383.6086,383.3863,383.1619,382.9356,382.7073,382.4772,382.2451,382.0113,381.7757,381.5383,381.2992,381.0584,380.8160,380.5719,380.3263,380.0791,379.8304,379.5803,379.3286,379.0756,378.8211,378.5653,378.3081,378.0497,377.7899
0,4,2,4,W0Mo4Se2S4,3,0,2,10,16,420,,256.3899,256.3214,256.2530,256.1859,256.1232,256.0669,256.0171,255.9727,255.9320,255.8932,255.8548,255.8153,255.7796,255.7576,255.7307,255.6984,255.6605,255.6170,255.5678,255.5130,255.4527,255.3870,255.3162,255.2403,255.1596,255.0742,254.9844,254.8903,254.7921,254.6899,254.5840,254.4745,254.3616,254.2452,254.1257,254.0031,253.8774,253.7489,253.6176,253.4835,253.3468,253.2076,253.0659,252.9217,252.7752,252.6264,252.4754,252.3221,252.1667,252.0093,251.8497,251.6882,251.5247,251.3592,251.1919,251.0228,250.8518,250.6791,250.5046,250.3284,250.1505,249.9710,249.7899,249.6072,249.4230,249.2372,249.0499,248.8612,248.6711,248.4795,248.2866,248.0923,247.8967,247.6998,247.5016,247.3022,247.1015,246.8997,246.6966,246.4924,246.2871,246.0806,245.8730,245.6644,245.4548,245.2441,245.0323,244.8196,244.6060,244.3914,244.1758,243.9593,243.7420,243.5237,243.3046,243.0846,242.8638,242.6422,242.4198,242.1967,241.9727,241.7480,241.5225,241.2964,241.0695,240.8419,240.6136,240.3847,240.1551,239.9249,239.6940,239.4625,239.2304,238.9977,238.7644,238.5305,238.2961,238.0611,237.8255,237.5894,237.3528
0,4,2,5,W0Mo4Se2S5,3,0,1,11,6,168,,127.3898,127.2501,127.1104,126.9709,126.8316,126.6921,126.5519,126.4108,126.2689,126.1266,125.9841,125.8418,125.7025,125.5712,125.4399,125.3085,125.1771,125.0457,124.9143,124.7829,124.6515,124.5200,124.3885,124.2568,124.1251,123.9932,123.8612,123.7290,123.5966,123.4640,123.3311,123.1981,123.0648,122.9312,122.7974,122.6633,122.5290,122.3943,122.2594,122.1242,121.9886,121.8528,121.7167,121.5802,121.4435,121.3064,121.1691,121.0314,120.8935,120.7552,120.6166,120.4778,120.3386,120.1992,120.0595,119.9194,119.7791,119.6386,119.4977,119.3566,119.2152,119.0735,118.9316,118.7894,118.6470,118.5043,118.3613,118.2181,118.0747,117.9311,117.7872,117.6430,117.4987,117.3541,117.2094,117.0644,116.9192,116.7738,116.6282,116.4823,116.3363,116.1901,116.0438,115.8972,115.7504,115.6035,115.4564,115.3091,115.1617,115.0141,114.8663,114.7184,114.5703,114.4220,114.2736,114.1251,113.9764,113.8275,113.6786,113.5294,113.3802,113.2308,113.0813,112.9316,112.7819,112.6320,112.4819,112.3318,112.1815,112.0311,111.8807,111.7301,111.5793,111.4285,111.2776,111.1265,110.9754,110.8242,110.6728,110.5214,110.3699
0,4,2,6,W0Mo4Se2S6,3,0,0,12,3,28,0,0.0000,-0.0000,-0.0000,-0.0000,-0.0000,0.0000,0.0000,0.0000,-0.0000,-0.0000,0.0000,-0.0000,-0.0000,-0.0000,-0.0000,-0.0000,-0.0000,-0.0000,-0.0000,0.0000,0.0000,-0.0000,-0.0000,-0.0000,-0.0000,-0.0000,-0.0000,-0.0000,-0.0000,-0.0000,-0.0000,-0.0000,-0.0000,0.0000,-0.0000,-0.0000,-0.0000,-0.0000,0.0000,-0.0000,-0.0000,0.0000,0.0000,0.0000,-0.0000,0.0000,-0.0000,-0.0000,-0.0000,-0.0000,-0.0000,-0.0000,-0.0000,0.0000,-0.0000,-0.0000,-0.0000,-0.0000,-0.0000,-0.0000,-0.0000,-0.0000,-0.0000,-0.0000,-0.0000,0.0000,-0.0000,-0.0000,-0.0000,-0.0000,0.0000,-0.0000,-0.0000,-0.0000,0.0000,-0.0000,-0.0000,-0.0000,0.0000,-0.0000,0.0000,-0.0000,-0.0000,-0.0000,-0.0000,-0.0000,-0.0000,-0.0000,-0.0000,-0.0000,-0.0000,-0.0000,-0.0000,-0.0000,-0.0000,-0.0000,-0.0000,-0.0000,-0.0000,-0.0000,-0.0000,-0.0000,-0.0000,-0.0000,0.0000,-0.0000,-0.0000,-0.0000,0.0000,-0.0000,-0.0000,0.0000,-0.0000,-0.0000,0.0000,-0.0000,-0.0000,-0.0000,-0.0000,-0.0000,-0.0000
0,4,3,1,W0Mo4Se3S1,3,0,4,8,10,280,,251.6968,251.4027,251.1087,250.8928,250.6860,250.4808,250.2776,250.0766,249.8779,249.6816,249.4877,249.2960,249.1066,248.9191,248.7336,248.5498,248.3676,248.1869,248.0075,247.8293,247.6522,247.4761,247.3009,247.1266,246.9529,246.7800,246.6077,246.4360,246.2648,246.0941,245.9239,245.7540,245.5845,245.4154,245.2466,245.0781,244.9099,244.7420,244.5742,244.4067,244.2395,244.0724,243.9055,243.7388,243.5722,243.4058,243.2395,243.0734,242.9074,242.7415,242.5757,242.4100,242.2445,242.0790,241.9136,241.7483,241.5831,241.4180,241.2529,241.0880,240.9230,240.7582,240.6122,240.4770,240.3419,240.2068,240.0717,239.9367,239.8017,239.6668,239.5319,239.3970,239.2621,239.1273,238.9925,238.8577,238.7230,238.5883,238.4536,238.3189,238.1843,238.0497,237.9151,237.7805,237.6460,237.5115,237.3770,237.2425,237.1080,236.9736,236.8391,236.7047,236.5703,236.4359,236.3016,236.1672,236.0329,235.8986,235.7643,235.6300,235.4957,235.3615,235.2272,235.0930,234.9588,234.8246,234.6904,234.5562,234.4220,234.2879,234.1537,234.0196,233.8855,233.7514,233.6173,233.4832,233.3491,233.2150,233.0809,232.9469,232.8313
0,4,3,2,W0Mo4Se3S2,3,0,3,9,17,560,,402.2843,402.0658,401.8474,401.6656,401.4940,401.3323,401.1809,401.0388,400.9044,400.7767,400.6545,400.5371,400.4237,400.3280,400.2445,400.1617,400.0794,399.9972,399.9146,399.8315,399.7475,399.6625,399.5761,399.4883,399.3988,399.3076,399.2145,399.1194,399.0222,398.9230,398.8216,398.7180,398.6121,398.5041,398.3937,398.2811,398.1662,398.0490,397.9296,397.8078,397.6838,397.5574,397.4288,397.2980,397.1648,397.0294,396.8917,396.7518,396.6096,396.4651,396.3184,396.1694,396.0182,395.8647,395.7091,395.5511,395.3910,395.2286,395.0641,394.8973,394.7283,394.5571,394.3837,394.2082,394.0305,393.8507,393.6687,393.4845,393.2983,393.1100,392.9195,392.7270,392.5324,392.3358,392.1372,391.9365,391.7339,391.5293,391.3227,391.1142,390.9038,390.6915,390.4773,390.2613,390.0434,389.8238,389.6023,389.3791,389.1541,388.9274,388.6990,388.4689,388.2372,388.0038,387.7689,387.5428,387.3160,387.0876,386.8577,386.6263,386.3934,386.1590,385.9232,385.6860,385.4473,385.2074,384.9660,384.7234,384.4794,384.2341,383.9876,383.7398,383.4908,383.2406,382.9891,382.7366,382.4828,382.2280,381.9720,381.7149,381.4814
0,4,3,3,W0Mo4Se3S3,3,0,2,10,17,560,,262.5899,262.4318,262.2738,262.1173,261.9639,261.8132,261.6639,261.5148,261.3658,261.2170,261.0688,260.9214,260.7751,260.6301,260.4863,260.3439,260.2027,260.0626,259.9236,259.7856,259.6484,259.5119,259.3761,259.2407,259.1058,258.9711,258.8367,258.7023,258.5680,258.4337,258.2992,258.1646,258.0297,257.8945,257.7589,257.6228,257.4863,257.3493,257.2117,257.0735,256.9346,256.7950,256.6547,256.5136,256.3716,256.2289,256.0852,255.9407,255.7953,255.6488,255.5015,255.3531,255.2037,255.0533,254.9018,254.7492,254.5956,254.4409,254.2850,254.1281,253.9700,253.8108,253.6504,253.4889,253.3263,253.1625,252.9976,252.8315,252.6642,252.4958,252.3262,252.1555,251.9837,251.8106,251.6365,251.4612,251.2848,251.1073,250.9286,250.7488,250.5680,250.3860,250.2030,250.0189,249.8337,249.6474,249.4602,249.2718,249.0825,248.8921,248.7007,248.5084,248.3150,248.1207,247.9254,247.7862,247.6499,247.5127,247.3745,247.2354,247.0954,246.9545,246.8126,246.6699,246.5263,246.3818,246.2365,246.0904,245.9434,245.7956,245.6470,245.4976,245.3474,245.1964,245.0447,244.8923,244.7391,244.5852,244.4305,244.2752,244.1192
0,4,3,4,W0Mo4Se3S4,3,0,1,11,10,280,,128.6202,128.5076,128.3952,128.2842,128.1766,128.0713,127.9657,127.8576,127.7462,127.6315,127.5137,127.3936,127.2771,127.1745,127.0698,126.9634,126.8555,126.7465,126.6365,126.5257,126.4141,126.3019,126.1892,126.0758,125.9620,125.8476,125.7328,125.6175,125.5017,125.3854,125.2687,125.1515,125.0338,124.9155,124.7968,124.6776,124.5579,124.4377,124.3169,124.1956,124.0738,123.9515,123.8287,123.7053,123.5814,123.4570,123.3321,123.2067,123.0807,122.9543,122.8273,122.6999,122.5719,122.4435,122.3146,122.1852,122.0553,121.9250,121.7942,121.6630,121.5313,121.3992,121.2667,121.1337,121.0003,120.8665,120.7323,120.5977,120.4628,120.3274,120.1917,120.0556,119.9191,119.7823,119.6452,119.5077,119.3698,119.2317,119.0932,118.9544,118.8153,118.6758,118.5361,118.3961,118.2558,118.1152,117.9744,117.8333,117.6919,117.5502,117.4083,117.2662,117.1238,116.9811,116.8382,116.7210,116.6054,116.4895,116.3734,116.2570,116.1404,116.0236,115.9066,115.7894,115.6720,115.5543,115.4365,115.3185,115.2002,115.0818,114.9632,114.8444,114.7255,114.6063,114.4870,114.3675,114.2479,114.1281,114.0081,113.8880,113.7677
0,4,3,5,W0Mo4Se3S5,3,0,0,12,3,56,120,0.6921,0.6174,0.5428,0.4693,0.3993,0.3344,0.2745,0.2190,0.1672,0.1187,0.0732,0.0304,0.0000,0.0000,0.0000,-0.0000,0.0000,0.0000,-0.0000,-0.0000,-0.0000,0.0000,-0.0000,-0.0000,-0.0000,-0.0000,-0.0000,0.0000,-0.0000,-0.0000,-0.0000,-0.0000,0.0000,-0.0000,0.0000,0.0000,-0.0000,-0.0000,-0.0000,-0.0000,-0.0000,0.0000,0.0000,-0.0000,-0.0000,-0.0000,-0.0000,-0.0000,0.0000,0.0000,-0.0000,0.0000,-0.0000,0.0000,-0.0000,-0.0000,0.0000,0.0000,-0.0000,-0.0000,-0.0000,-0.0000,-0.0000,-0.0000,-0.0000,-0.0000,0.0000,-0.0000,-0.0000,-0.0000,-0.0000,-0.0000,-0.0000,-0.0000,-0.0000,0.0000,-0.0000,-0.0000,-0.0000,0.0000,-0.0000,0.0000,0.0000,-0.0000,-0.0000,-0.0000,-0.0000,-0.0000,-0.0000,-0.0000,-0.0000,-0.0000,-0.0000,-0.0000,-0.0000,-0.0000,-0.0000,-0.0000,-0.0000,0.0000,-0.0000,-0.0000,-0.0000,0.0000,-0.0000,-0.0000,0.0000,-0.0000,0.0000,-0.0000,-0.0000,-0.0000,-0.0000,-0.0000,-0.0000,-0.0000,0.0000,-0.0000,-0.0000,0.0000,-0.0000
0,4,4,0,W0Mo4Se4S0,2,0,4,8,6,70,,247.0125,246.8195,246.6265,246.4335,246.2405,246.0475,245.8545,245.6615,245.4685,245.2754,245.0824,244.8894,244.6964,244.5034,244.3104,244.1174,243.9244,243.7314,243.5384,243.3454,243.1524,242.9594,242.7664,242.5734,242.3804,242.1874,241.9944,241.8014,241.6084,241.4154,241.2694,241.2694,241.2694,241.2694,241.2694,241.2694,241.2694,241.2694,241.2694,241.2694,241.2694,241.2694,241.2694,241.2694,241.2694,241.2694,241.2694,241.2694,241.2694,241.2694,241.2694,241.2694,241.2694,241.2694,241.2694,241.2694,241.2694,241.2694,241.2694,241.2694,241.2694,241.2694,241.2694,241.2694,241.2694,241.2694,241.2694,241.2694,241.2694,241.2694,241.2694,241.2694,241.2694,241.2694,241.2694,241.2694,241.2694,241.2694,241.2694,241.2694,241.2694,241.2694,241.2694,241.2694,241.2694,241.2694,241.2694,241.2694,241.2694,241.2694,241.2694,241.2694,241.2694,241.2694,241.2694,241.2694,241.2694,241.2694,241.2694,241.2694,241.2694,241.2694,241.2694,241.2694,241.2694,241.2694,241.2694,241.2694,241.2694,241.2694,241.2694,241.2694,241.2694,241.2694,241.2694,241.2694,241.2694,241.2694,241.2694,241.2693,241.2693
0,4,4,1,W0Mo4Se4S1,3,0,3,9,10,280,,407.2837,406.9559,406.6282,406.3699,406.1197,405.8709,405.6239,405.3789,405.1359,404.8951,404.6563,404.4196,404.1848,403.9537,403.7374,403.5222,403.3081,403.0949,402.8826,402.6712,402.4604,402.2504,402.0409,401.8320,401.6235,401.4155,401.2079,401.0006,400.7936,400.5869,400.3805,400.1742,399.9681,399.7621,399.5562,399.3504,399.1445,398.9504,398.7764,398.6025,398.4285,398.2544,398.0802,397.9059,397.7314,397.5567,397.3817,397.2065,397.0310,396.8552,396.6790,396.5025,396.3255,396.1482,395.9704,395.7921,395.6133,395.4340,395.2542,395.0738,394.8929,394.7114,394.5459,394.3894,394.2322,394.0744,393.9158,393.7566,393.5966,393.4359,393.2745,393.1123,392.9493,392.7856,392.6211,392.4557,392.2896,392.1227,391.9549,391.7863,391.6169,391.4466,391.2755,391.1035,390.9307,390.7570,390.5825,390.4071,390.2308,390.0536,389.8756,389.6966,389.5168,389.3362,389.1546,388.9722,388.7888,388.6046,388.4195,388.2336,388.0467,387.8590,387.6704,387.4810,387.2906,387.0994,386.9074,386.7144,386.5206,386.3260,386.1305,385.9342,385.7370,385.5390,385.3401,385.1404,384.9399,384.7386,384.5364,384.3334,384.1461
0,4,4,2,W0Mo4Se4S2,3,0,2,10,16,420,,265.2520,265.0496,264.8294,264.6664,264.5120,264.3632,264.2203,264.0827,263.9496,263.8201,263.6934,263.5691,263.4467,263.3386,263.2400,263.1410,263.0415,262.9413,262.8403,262.7386,262.6361,262.5327,262.4285,262.3234,262.2175,262.1107,262.0030,261.8945,261.7851,261.6749,261.5638,261.4519,261.3391,261.2254,261.1109,260.9955,260.8792,260.7620,260.6440,260.5250,260.4052,260.2845,260.1628,260.0402,259.9167,259.7922,259.6668,259.5404,259.4130,259.2846,259.1552,259.0248,258.8934,258.7609,258.6274,258.4929,258.3573,258.2206,258.0828,257.9439,257.8040,257.6629,257.5282,257.3968,257.2641,257.1304,256.9955,256.8594,256.7222,256.5839,256.4444,256.3037,256.1619,256.0189,255.8747,255.7294,255.5829,255.4353,255.2865,255.1366,254.9854,254.8332,254.6798,254.5252,254.3695,254.2127,254.0547,253.8957,253.7355,253.5742,253.4117,253.2482,253.0836,252.9179,252.7511,252.5833,252.4144,252.2444,252.0734,251.9014,251.7283,251.5543,251.3792,251.2031,251.0260,250.8479,250.6689,250.4889,250.3080,250.1261,249.9433,249.7596,249.5749,249.3894,249.2030,249.0156,248.8274,248.6384,248.4485,248.2578,248.0958
0,4,4,3,W0Mo4Se4S3,3,0,1,11,10,280,,130.9754,130.7774,130.5795,130.4122,130.2550,130.1079,129.9703,129.8404,129.7163,129.5966,129.4802,129.3664,129.2548,129.1566,129.0674,128.9783,128.8891,128.7997,128.7101,128.6202,128.5299,128.4392,128.3481,128.2564,128.1642,128.0714,127.9780,127.8839,127.7892,127.6937,127.5974,127.5004,127.4025,127.3039,127.2044,127.1041,127.0029,126.9008,126.7978,126.6940,126.5893,126.4837,126.3772,126.2698,126.1616,126.0524,125.9424,125.8316,125.7199,125.6073,125.4939,125.3797,125.2646,125.1488,125.0322,124.9148,124.7966,124.6777,124.5580,124.4376,124.3165,124.1947,124.0722,123.9491,123.8252,123.7008,123.5757,123.4500,123.3236,123.1967,123.0692,122.9411,122.8125,122.6834,122.5536,122.4234,122.2927,122.1615,122.0297,121.8975,121.7649,121.6317,121.4982,121.3642,121.2297,121.0949,120.9596,120.8240,120.6879,120.5515,120.4147,120.2775,120.1400,120.0021,119.8639,119.7513,119.6401,119.5286,119.4167,119.3045,119.1920,119.0792,118.9662,118.8528,118.7391,118.6251,118.5109,118.3964,118.2816,118.1666,118.0513,117.9358,117.8200,117.7040,117.5877,117.4712,117.3545,117.2376,117.1205,117.0031,116.9057
0,4,4,4,W0Mo4Se4S4,3,0,0,12,6,70,0,0.0000,-0.0000,-0.0000,-0.0000,0.0000,-0.0000,-0.0000,-0.0000,-0.0000,0.0000,-0.0000,0.0000,-0.0000,-0.0000,-0.0000,-0.0000,-0.0000,-0.0000,0.0000,-0.0000,-0.0000,-0.0000,-0.0000,-0.0000,0.0000,-0.0000,-0.0000,0.0000,0.0000,0.0000,-0.0000,-0.0000,-0.0000,-0.0000,0.0000,-0.0000,-0.0000,-0.0000,-0.0000,-0.0000,0.0000,-0.0000,-0.0000,0.0000,-0.0000,0.0000,-0.0000,-0.0000,-0.0000,-0.0000,0.0000,0.0000,-0.0000,-0.0000,-0.0000,0.0000,0.0000,-0.0000,-0.0000,-0.0000,-0.0000,0.0000,-0.0000,-0.0000,-0.0000,-0.0000,-0.0000,-0.0000,0.0000,0.0000,-0.0000,0.0000,-0.0000,-0.0000,-0.0000,-0.0000,-0.0000,-0.0000,0.0000,-0.0000,-0.0000,0.0000,-0.0000,0.0000,-0.0000,0.0000,-0.0000,-0.0000,-0.0000,-0.0000,-0.0000,-0.0000,-0.0000,-0.0000,-0.0000,0.0633,0.1310,0.1987,0.2663,0.3339,0.4014,0.4689,0.5364,0.6038,0.6712,0.7386,0.8060,0.8733,0.9406,1.0079,1.0751,1.1423,1.2095,1.2767,1.3438,1.4109,1.4780,1.5451,1.6121,1.6791,1.7461
0,4,5,0,W0Mo4Se5S0,2,0,3,9,3,56,,447.1867,446.8824,446.5781,446.2738,445.9695,445.6652,445.3609,445.0565,444.7518,444.4467,444.1410,443.8343,443.5265,443.2172,442.9063,442.5936,442.2791,441.9626,441.6441,441.3236,441.0011,440.6766,440.3502,440.0219,439.6918,439.3599,439.0263,438.6912,438.3545,438.0163,437.7290,437.6026,437.4749,437.3460,437.2160,437.0849,436.9528,436.8197,436.6857,436.5508,436.4151,436.2787,436.1415,436.0035,435.8649,435.7257,435.5859,435.4455,435.3045,435.1630,435.0210,434.8786,434.7356,434.5923,434.4485,434.3044,434.1599,434.0150,433.8697,433.7242,433.5783,433.4321,433.2856,433.1389,432.9919,432.8446,432.6971,432.5493,432.4013,432.2531,432.1047,431.9561,431.8073,431.6583,431.5092,431.3598,431.2103,431.0606,430.9108,430.7608,430.6107,430.4604,430.3100,430.1595,430.0088,429.8580,429.7071,429.5561,429.4049,429.2537,429.1023,428.9509,428.7993,428.6477,428.4960,428.3441,428.1922,428.0402,427.8881,427.7360,427.5837,427.4314,427.2790,427.1266,426.9740,426.8214,426.6688,426.5160,426.3632,426.2104,426.0575,425.9045,425.7515,425.5984,425.4452,425.2920,425.1388,424.9855,424.8322,424.6788,424.5253
0,4,5,1,W0Mo4Se5S1,3,0,2,10,6,168,,270.2947,270.0594,269.8242,269.6515,269.4860,269.3219,269.1593,268.9985,268.8396,268.6826,268.5274,268.3741,268.2225,268.0760,267.9544,267.8336,267.7134,267.5937,267.4746,267.3560,267.2378,267.1200,267.0025,266.8854,266.7685,266.6518,266.5354,266.4191,266.3029,266.1869,266.0709,265.9549,265.8390,265.7230,265.6069,265.4908,265.3746,265.2791,265.2200,265.1607,265.1013,265.0417,264.9819,264.9218,264.8614,264.8007,264.7397,264.6782,264.6164,264.5541,264.4913,264.4280,264.3642,264.2998,264.2348,264.1692,264.1030,264.0361,263.9685,263.9002,263.8312,263.7614,263.7059,263.6581,263.6096,263.5602,263.5099,263.4587,263.4067,263.3537,263.2998,263.2449,263.1891,263.1323,263.0745,263.0158,262.9560,262.8952,262.8333,262.7705,262.7065,262.6416,262.5755,262.5084,262.4403,262.3710,262.3007,262.2292,262.1567,262.0831,262.0084,261.9326,261.8558,261.7778,261.6987,261.6185,261.5373,261.4549,261.3715,261.2869,261.2013,261.1146,261.0268,260.9379,260.8480,260.7570,260.6650,260.5719,260.4777,260.3825,260.2863,260.1890,260.0907,259.9914,259.8911,259.7897,259.6874,259.5841,259.4798,259.3746,259.2831
0,4,5,2,W0Mo4Se5S2,3,0,1,11,6,168,,133.3161,133.1373,132.9585,132.8634,132.7747,132.6837,132.5908,132.4968,132.4025,132.3085,132.2153,132.1233,132.0325,131.9490,131.8707,131.7932,131.7163,131.6401,131.5645,131.4893,131.4145,131.3398,131.2653,131.1906,131.1159,131.0408,130.9653,130.8893,130.8127,130.7354,130.6572,130.5783,130.4983,130.4174,130.3354,130.2523,130.1681,130.0827,129.9960,129.9082,129.8190,129.7287,129.6370,129.5441,129.4499,129.3544,129.2576,129.1596,129.0603,128.9598,128.8581,128.7552,128.6511,128.5458,128.4394,128.3318,128.2231,128.1133,128.0025,127.8906,127.7777,127.6638,127.5660,127.4771,127.3872,127.2963,127.2046,127.1120,127.0185,126.9242,126.8291,126.7332,126.6365,126.5390,126.4408,126.3419,126.2423,126.1421,126.0411,125.9395,125.8373,125.7345,125.6311,125.5271,125.4225,125.3174,125.2118,125.1056,124.9989,124.8917,124.7841,124.6759,124.5673,124.4583,124.3488,124.2389,124.1285,124.0178,123.9067,123.7952,123.6833,123.5710,123.4584,123.3454,123.2321,123.1185,123.0045,122.8902,122.7756,122.6607,122.5455,122.4300,122.3142,122.1982,122.0819,121.9653,121.8485,121.7314,121.6140,121.4965,121.4055
0,4,5,3,W0Mo4Se5S3,3,0,0,12,3,56,130,0.8444,0.7127,0.5810,0.5020,0.4313,0.3653,0.3042,0.2476,0.1949,0.1458,0.0998,0.0567,0.0163,-0.0000,-0.0000,-0.0000,0.0000,-0.0000,-0.0000,-0.0000,-0.0000,0.0000,-0.0000,-0.0000,0.0000,0.0000,0.0000,-0.0000,0.0000,0.0000,-0.0000,0.0000,-0.0000,-0.0000,0.0000,-0.0000,-0.0000,-0.0000,-0.0000,0.0000,-0.0000,-0.0000,-0.0000,-0.0000,-0.0000,0.0000,-0.0000,0.0000,-0.0000,-0.0000,-0.0000,-0.0000,-0.0000,-0.0000,-0.0000,-0.0000,-0.0000,0.0000,0.0000,-0.0000,-0.0000,-0.0000,-0.0000,0.0000,0.0000,0.0000,0.0000,-0.0000,0.0000,-0.0000,0.0000,-0.0000,-0.0000,-0.0000,-0.0000,-0.0000,0.0000,0.0000,-0.0000,-0.0000,-0.0000,-0.0000,0.0000,-0.0000,0.0000,-0.0000,-0.0000,-0.0000,-0.0000,-0.0000,-0.0000,-0.0000,-0.0000,0.0000,-0.0000,-0.0000,-0.0000,0.0000,-0.0000,0.0000,0.0000,-0.0000,0.0000,-0.0000,-0.0000,-0.0000,-0.0000,-0.0000,-0.0000,-0.0000,-0.0000,0.0000,-0.0000,0.0000,0.0000,-0.0000,0.0000,-0.0000,-0.0000,0.0000,0.0370
0,4,6,0,W0Mo4Se6S0,2,0,2,10,3,28,,273.5638,273.4443,273.3249,273.2054,273.0860,272.9665,272.8470,272.7276,272.6081,272.4886,272.3692,272.2497,272.1303,272.0108,271.8913,271.7719,271.6524,271.5330,271.4135,271.2940,271.1746,271.0551,270.9356,270.8162,270.6967,270.5773,270.4578,270.3383,270.2189,270.0994,270.0364,270.1485,270.2606,270.3728,270.4849,270.5970,270.7091,270.8213,270.9334,271.0455,271.1575,271.2696,271.3816,271.4936,271.6056,271.7175,271.8294,271.9413,272.0531,272.1648,272.2764,272.3879,272.4994,272.6107,272.7219,272.8330,272.9439,273.0547,273.1653,273.2757,273.3859,273.4958,273.6055,273.7150,273.8241,273.9330,274.0415,274.1497,274.2576,274.3651,274.4721,274.5788,274.6850,274.7908,274.8960,275.0008,275.1051,275.2088,275.3119,275.4145,275.5165,275.6178,275.7186,275.8186,275.9180,276.0167,276.1146,276.2118,276.3083,276.4040,276.4990,276.5931,276.6864,276.7789,276.8705,276.9613,277.0512,277.1402,277.2283,277.3155,277.4018,277.4871,277.5715,277.6550,277.7375,277.8190,277.8995,277.9791,278.0577,278.1352,278.2118,278.2873,278.3618,278.4354,278.5078,278.5793,278.6497,278.7191,278.7875,278.8548,278.9211
0,4,6,1,W0Mo4Se6S1,3,0,1,11,3,56,,135.2636,135.1358,135.0080,134.9371,134.8727,134.8095,134.7478,134.6877,134.6293,134.5726,134.5176,134.4643,134.4125,134.3668,134.3544,134.3421,134.3299,134.3176,134.3051,134.2922,134.2787,134.2645,134.2494,134.2331,134.2156,134.1965,134.1758,134.1532,134.1286,134.1018,134.0728,134.0413,134.0074,133.9708,133.9316,133.8896,133.8449,133.8259,133.8539,133.8791,133.9016,133.9214,133.9385,133.9530,133.9648,133.9740,133.9806,133.9848,133.9864,133.9857,133.9826,133.9773,133.9697,133.9599,133.9481,133.9342,133.9183,133.9005,133.8809,133.8594,133.8363,133.8114,133.7986,133.7921,133.7840,133.7745,133.7635,133.7512,133.7375,133.7226,133.7065,133.6891,133.6707,133.6511,133.6304,133.6087,133.5861,133.5624,133.5379,133.5124,133.4861,133.4590,133.4311,133.4023,133.3729,133.3427,133.3118,133.2802,133.2480,133.2152,133.1817,133.1476,133.1130,133.0778,133.0421,133.0059,132.9691,132.9319,132.8942,132.8561,132.8175,132.7784,132.7390,132.6991,132.6589,132.6183,132.5773,132.5360,132.4943,132.4522,132.4099,132.3672,132.3242,132.2809,132.2373,132.1935,132.1493,132.1049,132.0602,132.0153,131.9836
0,4,6,2,W0Mo4Se6S2,3,0,0,12,3,28,30,0.2386,0.1245,0.0105,-0.0000,0.0000,-0.0000,-0.0000,0.0000,-0.0000,-0.0000,0.0000,-0.0000,-0.0000,-0.0000,-0.0000,-0.0000,-0.0000,-0.0000,-0.0000,-0.0000,-0.0000,0.0000,0.0000,0.0000,-0.0000,-0.0000,0.0000,0.0000,-0.0000,0.0000,0.0000,-0.0000,0.0000,0.0000,-0.0000,0.0000,-0.0000,-0.0000,0.0000,0.0000,-0.0000,0.0000,-0.0000,-0.0000,-0.0000,0.0000,-0.0000,-0.0000,-0.0000,-0.0000,-0.0000,-0.0000,-0.0000,-0.0000,-0.0000,-0.0000,-0.0000,-0.0000,-0.0000,0.0000,0.0000,-0.0000,0.0251,0.0645,0.1039,0.1432,0.1826,0.2219,0.2612,0.3005,0.3398,0.3791,0.4184,0.4576,0.4969,0.5361,0.5753,0.6146,0.6538,0.6930,0.7322,0.7714,0.8106,0.8498,0.8889,0.9281,0.9673,1.0064,1.0456,1.0848,1.1239,1.1631,1.2022,1.2414,1.2805,1.3197,1.3588,1.3979,1.4371,1.4762,1.5153,1.5545,1.5936,1.6327,1.6718,1.7110,1.7501,1.7892,1.8283,1.8675,1.9066,1.9457,1.9848,2.0240,2.0631,2.1022,2.1413,2.1804,2.2196,2.2587,2.3224
0,4,7,0,W0Mo4Se7S0,2,0,1,11,1,8,,148.8241,148.6612,148.4983,148.3354,148.1725,148.0096,147.8467,147.6838,147.5209,147.3580,147.1951,147.0322,146.8693,146.7064,146.5435,146.3806,146.2177,146.0548,145.8918,145.7289,145.5660,145.4031,145.2402,145.0773,144.9144,144.7515,144.5886,144.4257,144.2628,144.0999,143.9968,144.0796,144.1623,144.2451,144.3278,144.4105,144.4933,144.5760,144.6587,144.7415,144.8242,144.9070,144.9897,145.0724,145.1552,145.2379,145.3206,145.4034,145.4861,145.5689,145.6516,145.7343,145.8171,145.8998,145.9825,146.0653,146.1480,146.2308,146.3135,146.3962,146.4790,146.5617,146.6444,146.7272,146.8099,146.8926,146.9754,147.0581,147.1409,147.2236,147.3063,147.3891,147.4718,147.5545,147.6373,147.7200,147.8028,147.8855,147.9682,148.0510,148.1337,148.2164,148.2992,148.3819,148.4647,148.5474,148.6301,148.7129,148.7956,148.8783,148.9611,149.0438,149.1266,149.2093,149.2920,149.3748,149.4575,149.5402,149.6230,149.7057,149.7885,149.8712,149.9539,150.0367,150.1194,150.2021,150.2849,150.3676,150.4503,150.5331,150.6158,150.6986,150.7813,150.8640,150.9468,151.0295,151.1122,151.1950,151.2777,151.3605,151.4432
0,4,7,1,W0Mo4Se7S1,3,0,0,12,1,8,130,0.8205,0.7033,0.5862,0.5212,0.4621,0.4042,0.3477,0.2926,0.2390,0.1871,0.1367,0.0878,0.0404,-0.0000,0.0000,-0.0000,-0.0000,0.0000,0.0000,-0.0000,-0.0000,-0.0000,0.0000,-0.0000,0.0000,-0.0000,0.0000,0.0000,-0.0000,-0.0000,-0.0000,-0.0000,-0.0000,0.0000,-0.0000,-0.0000,0.0000,0.0349,0.1307,0.2266,0.3226,0.4188,0.5151,0.6115,0.7080,0.8046,0.9014,0.9982,1.0951,1.1920,1.2891,1.3862,1.4834,1.5806,1.6779,1.7753,1.8727,1.9702,2.0677,2.1653,2.2629,2.3606,2.4708,2.5882,2.7057,2.8232,2.9407,3.0583,3.1758,3.2934,3.4111,3.5287,3.6463,3.7640,3.8817,3.9994,4.1172,4.2349,4.3527,4.4705,4.5883,4.7061,4.8239,4.9418,5.0597,5.1775,5.2954,5.4133,5.5312,5.6492,5.7671,5.8851,6.0030,6.1210,6.2390,6.3570,6.4750,6.5930,6.7111,6.8291,6.9471,7.0652,7.1833,7.3013,7.4194,7.5375,7.6556,7.7737,7.8918,8.0099,8.1281,8.2462,8.3644,8.4825,8.6007,8.7188,8.8370,8.9552,9.0734,9.1915,9.3221
0,4,8,0,W0Mo4Se8S0,2,0,0,12,1,1,0,0.0000,-0.0000,-0.0000,-0.0000,0.0000,-0.0000,-0.0000,-0.0000,-0.0000,-0.0000,-0.0000,-0.0000,0.0000,-0.0000,0.0000,-0.0000,-0.0000,-0.0000,0.0000,0.0000,-0.0000,0.0000,-0.0000,-0.0000,-0.0000,-0.0000,-0.0000,-0.0000,-0.0000,-0.0000,0.0627,0.3200,0.5773,0.8347,1.0920,1.3494,1.6067,1.8640,2.1214,2.3787,2.6360,2.8934,3.1507,3.4080,3.6654,3.9227,4.1801,4.4374,4.6947,4.9521,5.2094,5.4667,5.7241,5.9814,6.2387,6.4961,6.7534,7.0108,7.2681,7.5254,7.7828,8.0401,8.2974,8.5548,8.8121,9.0695,9.3268,9.5841,9.8415,10.0988,10.3561,10.6135,10.8708,11.1281,11.3855,11.6428,11.9002,12.1575,12.4148,12.6722,12.9295,13.1868,13.4442,13.7015,13.9588,14.2162,14.4735,14.7309,14.9882,15.2455,15.5029,15.7602,16.0175,16.2749,16.5322,16.7895,17.0469,17.3042,17.5616,17.8189,18.0762,18.3336,18.5909,18.8482,19.1056,19.3629,19.6202,19.8776,20.1349,20.3923,20.6496,20.9069,21.1643,21.4216,21.6789,21.9363,22.1936,22.4509,22.7083,22.9656,23.2230
1,1,0,4,W1Mo1Se0S4,3,2,4,6,24,840,,451.7619,451.3046,450.8452,450.3859,449.9265,449.4671,449.0077,448.5478,448.0867,447.6233,447.1558,446.6821,446.2004,445.7087,445.2052,444.6889,444.1588,443.6146,443.0562,442.4838,441.8979,441.2991,440.6881,440.0658,439.4330,438.7904,438.1388,437.4791,436.8119,436.1377,435.4574,434.7713,434.0799,433.3838,432.6834,431.9789,431.2708,430.5594,429.8449,429.1275,428.4076,427.6852,426.9607,426.2341,425.5057,424.7754,424.0436,423.3102,422.5755,421.8394,421.1022,420.3638,419.6243,418.8838,418.1424,417.4002,416.6571,415.9132,415.1686,414.4234,413.6774,412.9309,412.1838,411.4362,410.6880,409.9394,409.1903,408.4407,407.6908,406.9404,406.1897,405.4386,404.6871,403.9354,403.1833,402.4310,401.6783,400.9254,400.1722,399.4188,398.6651,397.9112,397.1571,396.4028,395.6483,394.8936,394.1387,393.3837,392.6284,391.8730,391.1175,390.3618,389.6241,388.8916,388.1589,387.4261,386.6932,385.9602,385.2270,384.4938,383.7604,383.0269,382.2933,381.5596,380.8258,380.0920,379.3580,378.6239,377.8898,377.1555,376.4212,375.6868,374.9524,374.2178,373.4832,372.7486,372.0138,371.2790,370.5441,369.8092,369.0742
1,1,0,5,W1Mo1Se0S5,3,2,3,7,17,672,,312.0301,311.6638,311.2975,310.9313,310.5650,310.1986,309.8320,309.4648,309.0964,308.7263,308.3539,307.9788,307.6008,307.2195,306.8349,306.4469,306.0557,305.6611,305.2635,304.8628,304.4593,304.0531,303.6444,303.2333,302.8199,302.4045,301.9872,301.5680,301.1471,300.7246,300.3007,299.8754,299.4488,299.0210,298.5920,298.1620,297.7310,297.2991,296.8663,296.4327,295.9983,295.5632,295.1274,294.6910,294.2539,293.8163,293.3782,292.9395,292.5004,292.0608,291.6207,291.1803,290.7394,290.2982,289.8567,289.4148,288.9725,288.5300,288.0872,287.6440,287.2007,286.7570,286.3131,285.8690,285.4247,284.9801,284.5353,284.0904,283.6452,283.1998,282.7543,282.3085,281.8626,281.4166,280.9704,280.5240,280.0775,279.6308,279.1839,278.7370,278.2899,277.8426,277.3952,276.9477,276.5001,276.0523,275.6044,275.1564,274.7082,274.2599,273.8115,273.3630,272.9300,272.5014,272.0726,271.6438,271.2148,270.7857,270.3564,269.9271,269.4976,269.0681,268.6384,268.2085,267.7786,267.3485,266.9184,266.4880,266.0576,265.6271,265.1964,264.7656,264.3346,263.9036,263.4724,263.0410,262.6096,262.1780,261.7462,261.3143,260.8823
1,1,0,6,W1Mo1Se0S6,3,2,2,8,11,336,,265.5122,265.1907,264.8534,264.4913,264.1104,263.7177,263.3176,262.9127,262.5046,262.0941,261.6820,261.2687,260.8545,260.4395,260.0239,259.6079,259.1914,258.7747,258.3577,257.9404,257.5230,257.1054,256.6877,256.2698,255.8518,255.4338,255.0156,254.5974,254.1791,253.7607,253.3423,252.9238,252.5053,252.0867,251.6681,251.2495,250.8308,250.4121,249.9934,249.5746,249.1558,248.7370,248.3182,247.8993,247.4804,247.0614,246.6425,246.2235,245.8045,245.3854,244.9663,244.5472,244.1281,243.7089,243.2896,242.8704,242.4511,242.0317,241.6124,241.1929,240.7735,240.3539,239.9344,239.5147,239.0951,238.6753,238.2556,237.8357,237.4158,236.9959,236.5758,236.1558,235.7356,235.3154,234.8951,234.4747,234.0543,233.6337,233.2131,232.7925,232.3717,231.9509,231.5299,231.1089,230.6878,230.2666,229.8453,229.4239,229.0024,228.5808,228.1591,227.7373,227.3291,226.9247,226.5202,226.1155,225.7108,225.3059,224.9010,224.4959,224.0907,223.6853,223.2799,222.8743,222.4686,222.0628,221.6568,221.2507,220.8444,220.4381,220.0315,219.6249,219.2181,218.8111,218.4041,217.9968,217.5894,217.1819,216.7742,216.3664,215.9584
1,1,0,7,W1Mo1Se0S7,3,2,1,9,3,96,,324.9715,324.7530,324.5344,324.3159,324.0974,323.8789,323.6604,323.4419,323.2234,323.0049,322.7863,322.5678,322.3493,322.1308,321.9122,321.6937,321.4751,321.2564,321.0377,320.8188,320.5998,320.3805,320.1609,319.9410,319.7207,319.5000,319.2786,319.0567,318.8340,318.6106,318.3864,318.1612,317.9351,317.7080,317.4798,317.2505,317.0200,316.7882,316.5553,316.3210,316.0854,315.8485,315.6102,315.3705,315.1295,314.8870,314.6431,314.3978,314.1511,313.9030,313.6534,313.4025,313.1501,312.8964,312.6412,312.3847,312.1269,311.8677,311.6072,311.3454,311.0823,310.8179,310.5523,310.2854,310.0174,309.7481,309.4776,309.2060,308.9332,308.6593,308.3843,308.1083,307.8311,307.5529,307.2737,306.9935,306.7123,306.4301,306.1469,305.8628,305.5778,305.2919,305.0051,304.7174,304.4289,304.1395,303.8493,303.5583,303.2665,302.9739,302.6805,302.3864,302.1037,301.8238,301.5431,301.2618,300.9798,300.6971,300.4137,300.1297,299.8450,299.5598,299.2739,298.9873,298.7002,298.4126,298.1243,297.8355,297.5461,297.2561,296.9657,296.6747,296.3831,296.0911,295.7986,295.5055,295.2120,294.9180,294.6236,294.3287,294.0333
1,1,0,8,W1Mo1Se0S8,3,2,0,10,1,12,,560.4378,560.3008,560.1639,560.0270,559.8900,559.7531,559.6162,559.4792,559.3423,559.2054,559.0684,558.9315,558.7946,558.6577,558.5207,558.3838,558.2469,558.1099,557.9730,557.8361,557.6991,557.5622,557.4253,557.2883,557.1514,557.0145,556.8775,556.7406,556.6037,556.4667,556.3298,556.1929,556.0560,555.9190,555.7821,555.6452,555.5082,555.3713,555.2344,555.0974,554.9605,554.8236,554.6866,554.5497,554.4128,554.2758,554.1389,554.0020,553.8650,553.7281,553.5912,553.4542,553.3173,553.1804,553.0435,552.9065,552.7696,552.6327,552.4957,552.3588,552.2219,552.0849,551.9480,551.8111,551.6741,551.5372,551.4003,551.2633,551.1264,550.9895,550.8525,550.7156,550.5787,550.4417,550.3048,550.1679,550.0310,549.8940,549.7571,549.6202,549.4832,549.3463,549.2094,549.0724,548.9355,548.7986,548.6616,548.5247,548.3878,548.2508,548.1139,547.9770,547.8510,547.7281,547.6053,547.4824,547.3596,547.2367,547.1139,546.9911,546.8682,546.7454,546.6225,546.4997,546.3768,546.2540,546.1311,546.0083,545.8855,545.7626,545.6398,545.5169,545.3941,545.2712,545.1484,545.0255,544.9027,544.7798,544.6570,544.5342,544.4113
1,1,1,3,W1Mo1Se1S3,4,2,4,6,77,3360,,376.7719,376.3037,375.8355,375.4021,374.9727,374.5440,374.1162,373.6894,373.2637,372.8389,372.4153,371.9926,371.5709,371.1500,370.7299,370.3105,369.8917,369.4757,369.1193,368.7630,368.4514,368.1611,367.8710,367.5811,367.2911,367.0009,366.7103,366.4193,366.1278,365.8355,365.5425,365.2486,364.9538,364.6580,364.3612,364.0752,363.8361,363.5959,363.3547,363.1124,362.8689,362.6243,362.3785,362.1316,361.8835,361.6342,361.3837,361.1319,360.8790,360.6249,360.3696,360.1130,359.8552,359.5961,359.3358,359.0741,358.8112,358.5470,358.2815,358.0146,357.7463,357.4766,357.2054,356.9328,356.6586,356.3829,356.1056,355.8267,355.5460,355.2637,354.9795,354.6935,354.4056,354.1158,353.8239,353.5301,353.2340,352.9358,352.6354,352.3327,352.0294,351.7444,351.4570,351.1671,350.8745,350.5794,350.2815,349.9808,349.6774,349.3710,349.0618,348.7495,348.4342,348.1159,347.7944,347.4697,347.1418,346.8107,346.4762,346.1385,345.7973,345.4528,345.1048,344.7534,344.3985,344.0400,343.6781,343.3126,342.9436,342.5710,342.1948,341.8150,341.4316,341.0447,340.6541,340.2600,339.8622,339.4609,339.0560,338.6475,338.2355
1,1,1,4,W1Mo1Se1S4,4,2,3,7,77,3360,,337.1658,336.7255,336.2742,335.8227,335.3711,334.9196,334.4680,334.0164,333.5648,333.1131,332.6614,332.2095,331.7574,331.3050,330.8520,330.3983,329.9438,329.4882,329.0313,328.5730,328.1130,327.6513,327.1875,326.7215,326.2533,325.7826,325.3094,324.8335,324.3548,323.8734,323.3890,322.9017,322.4114,321.9182,321.4219,320.9226,320.4203,319.9150,319.4067,318.8955,318.3813,317.8642,317.3443,316.8216,316.2961,315.7679,315.2370,314.7035,314.1674,313.6289,313.0878,312.5444,311.9986,311.4505,310.9001,310.3476,309.7928,309.2360,308.6771,308.1162,307.5534,306.9886,306.4219,305.8534,305.2831,304.7111,304.1373,303.5618,302.9847,302.4060,301.8257,301.2439,300.6605,300.0757,299.4894,298.9016,298.3125,297.7220,297.1301,296.5370,295.9425,295.3467,294.7497,294.1514,293.5520,292.9513,292.3494,291.7464,291.1422,290.5369,289.9305,289.3230,288.7300,288.1405,287.5499,286.9583,286.3656,285.7719,285.1772,284.5816,283.9849,283.3873,282.7887,282.1891,281.5886,280.9872,280.3848,279.7815,279.1774,278.5723,277.9663,277.3594,276.7517,276.1431,275.5336,274.9232,274.3120,273.7000,273.0871,272.4734,271.8588
1,1,1,5,W1Mo1Se1S5,4,2,2,8,47,2016,,275.7016,275.4557,275.2000,274.9037,274.5637,274.1951,273.8089,273.4113,273.0051,272.5919,272.1723,271.7469,271.3159,270.8796,270.4382,269.9919,269.5411,269.0857,268.6260,268.1621,267.6941,267.2222,266.7463,266.2666,265.7832,265.2961,264.8053,264.3110,263.8131,263.3118,262.8072,262.2992,261.7880,261.2736,260.7562,260.2357,259.7123,259.1860,258.6570,258.1253,257.5909,257.0540,256.5147,255.9730,255.4289,254.8827,254.3343,253.7838,253.2313,252.6769,252.1206,251.5625,251.0026,250.4411,249.8779,249.3131,248.7469,248.1792,247.6100,247.0395,246.4677,245.8947,245.3204,244.7449,244.1683,243.5905,243.0117,242.4319,241.8511,241.2693,240.6866,240.1030,239.5185,238.9332,238.3470,237.7601,237.1724,236.5839,235.9947,235.4049,234.8143,234.2231,233.6312,233.0388,232.4457,231.8520,231.2577,230.6629,230.0676,229.4717,228.8753,228.2784,227.6947,227.1145,226.5337,225.9526,225.3709,224.7889,224.2064,223.6235,223.0401,222.4564,221.8723,221.2878,220.7029,220.1177,219.5320,218.9460,218.3597,217.7730,217.1860,216.5986,216.0109,215.4229,214.8345,214.2458,213.6568,213.0675,212.4779,211.8880,211.2977
1,1,1,6,W1Mo1Se1S6,4,2,1,9,17,672,,328.1521,327.8673,327.5824,327.2975,327.0126,326.7273,326.4415,326.1545,325.8660,325.5759,325.2838,324.9899,324.6940,324.3963,324.0968,323.7955,323.4926,323.1882,322.8822,322.5747,322.2656,321.9551,321.6430,321.3293,321.0140,320.6969,320.3780,320.0572,319.7345,319.4096,319.0826,318.7534,318.4218,318.0878,317.7512,317.4121,317.0704,316.7260,316.3788,316.0288,315.6760,315.3204,314.9619,314.6005,314.2362,313.8690,313.4989,313.1259,312.7500,312.3714,311.9898,311.6055,311.2184,310.8286,310.4361,310.0409,309.6431,309.2427,308.8397,308.4343,308.0264,307.6162,307.2035,306.7886,306.3714,305.9520,305.5304,305.1067,304.6809,304.2531,303.8233,303.3916,302.9580,302.5225,302.0852,301.6461,301.2053,300.7629,300.3187,299.8730,299.4257,298.9768,298.5265,298.0747,297.6215,297.1668,296.7108,296.2535,295.7949,295.3350,294.8739,294.4115,293.9601,293.5111,293.0609,292.6097,292.1573,291.7039,291.2494,290.7940,290.3376,289.8802,289.4218,288.9626,288.5024,288.0413,287.5794,287.1167,286.6531,286.1887,285.7235,285.2575,284.7908,284.3233,283.8551,283.3862,282.9166,282.4463,281.9753,281.5037,281.0315
1,1,1,7,W1Mo1Se1S7,4,2,0,10,3,96,,302.8730,302.6764,302.4797,302.2830,302.0864,301.8897,301.6930,301.4961,301.2989,301.1008,300.9016,300.7007,300.4976,300.2919,300.0831,299.8711,299.6554,299.4361,299.2128,298.9857,298.7547,298.5198,298.2812,298.0389,297.7931,297.5439,297.2915,297.0360,296.7776,296.5164,296.2525,295.9861,295.7174,295.4465,295.1734,294.8984,294.6215,294.3428,294.0625,293.7806,293.4973,293.2125,292.9264,292.6391,292.3506,292.0610,291.7704,291.4787,291.1862,290.8927,290.5984,290.3032,290.0074,289.7108,289.4135,289.1155,288.8169,288.5178,288.2181,287.9178,287.6170,287.3158,287.0140,286.7118,286.4092,286.1062,285.8028,285.4990,285.1949,284.8904,284.5856,284.2805,283.9751,283.6694,283.3634,283.0571,282.7506,282.4438,282.1368,281.8295,281.5221,281.2144,280.9065,280.5984,280.2901,279.9816,279.6730,279.3642,279.0552,278.7460,278.4367,278.1273,277.8286,277.5330,277.2372,276.9412,276.6452,276.3490,276.0527,275.7563,275.4597,275.1631,274.8664,274.5695,274.2725,273.9755,273.6783,273.3811,273.0838,272.7863,272.4888,272.1913,271.8936,271.5958,271.2980,271.0001,270.7021,270.4041,270.1060,269.8078,269.5096
1,1,2,2,W1Mo1Se2S2,4,2,4,6,119,5040,,332.3978,331.9413,331.4849,331.0285,330.5720,330.1156,329.6591,329.2027,328.7463,328.2898,327.8334,327.3769,327.0430,326.7152,326.3874,326.0595,325.7316,325.4035,325.0752,324.7466,324.4177,324.0883,323.7584,323.4279,323.0965,322.7642,322.4309,322.0965,321.7607,321.4236,321.1162,320.9045,320.6911,320.4757,320.2585,320.0391,319.8175,319.5938,319.3677,319.1391,318.9082,318.6747,318.4386,318.1999,317.9586,317.7145,317.4677,317.2181,317.0979,317.0081,316.9159,316.8212,316.7239,316.6242,316.5218,316.4169,316.3094,316.1993,316.0867,315.9713,315.8534,315.7329,315.6097,315.4839,315.3555,315.2245,315.0909,314.9547,314.8159,314.6744,314.5304,314.3839,314.2347,314.0830,313.9287,313.7718,313.6124,313.4505,313.2860,313.1189,312.9493,312.7772,312.6025,312.4252,312.2455,312.0631,311.8783,311.6908,311.5009,311.3083,311.1132,310.9155,310.7152,310.5123,310.3068,310.0988,309.8880,309.6747,309.4587,309.2400,309.0187,308.7946,308.5679,308.3385,308.1063,307.8714,307.6337,307.3933,307.1501,306.9041,306.6552,306.4035,306.1490,305.8917,305.6314,305.3683,305.1023,304.8333,304.5615,304.2866,304.0089
1,1,2,3,W1Mo1Se2S3,4,2,3,7,150,6720,,313.0869,312.6857,312.2844,311.9129,311.5448,311.1774,310.8107,310.4448,310.0798,309.7155,309.3518,308.9883,308.6245,308.2600,307.8942,307.5264,307.1560,306.7846,306.4602,306.1314,305.8363,305.5542,305.2672,304.9748,304.6768,304.3729,304.0631,303.7473,303.4252,303.0970,302.7626,302.4220,302.0753,301.7225,301.3637,301.0093,300.6903,300.3656,300.0355,299.7001,299.3593,299.0135,298.6627,298.3069,297.9465,297.5814,297.2118,296.8378,296.4595,296.0771,295.6906,295.3002,294.9060,294.5080,294.1064,293.7013,293.2928,292.8809,292.4657,292.0474,291.6260,291.2016,290.7742,290.3440,289.9110,289.4753,289.0369,288.5960,288.1525,287.7066,287.2582,286.8075,286.3544,285.8992,285.4417,284.9820,284.5203,284.0564,283.5906,283.1227,282.6545,282.2021,281.7478,281.2918,280.8339,280.3742,279.9128,279.4497,278.9850,278.5185,278.0505,277.5808,277.1096,276.6368,276.1624,275.6866,275.2092,274.7304,274.2502,273.7685,273.2854,272.8008,272.3149,271.8277,271.3391,270.8491,270.3579,269.8653,269.3715,268.8763,268.3799,267.8823,267.3834,266.8833,266.3820,265.8795,265.3758,264.8709,264.3648,263.8576,263.3492
1,1,2,4,W1Mo1Se2S4,4,2,2,8,119,5040,,286.2063,285.8591,285.4710,285.0674,284.6572,284.2437,283.8284,283.4121,282.9951,282.5776,282.1598,281.7417,281.3234,280.9048,280.4859,280.0666,279.6467,279.2260,278.8044,278.3815,277.9570,277.5307,277.1022,276.6711,276.2371,275.7999,275.3591,274.9143,274.4653,274.0118,273.5534,273.0901,272.6215,272.1476,271.6680,271.1828,270.6919,270.1951,269.6925,269.1840,268.6696,268.1494,267.6235,267.0918,266.5545,266.0117,265.4634,264.9099,264.3511,263.7872,263.2184,262.6449,262.0666,261.4838,260.8966,260.3051,259.7096,259.1100,258.5066,257.8994,257.2887,256.6744,256.0568,255.4360,254.8121,254.1851,253.5552,252.9225,252.2871,251.6491,251.0086,250.3656,249.7203,249.0728,248.4230,247.7712,247.1173,246.4614,245.8037,245.1441,244.4827,243.8197,243.1549,242.4886,241.8207,241.1514,240.4805,239.8083,239.1347,238.4598,237.7836,237.1062,236.4413,235.7791,235.1158,234.4513,233.7859,233.1193,232.4518,231.7833,231.1138,230.4434,229.7721,229.0999,228.4269,227.7530,227.0783,226.4028,225.7265,225.0495,224.3717,223.6932,223.0140,222.3341,221.6535,220.9723,220.2904,219.6078,218.9247,218.2409,217.5566
1,1,2,5,W1Mo1Se2S5,4,2,1,9,47,2016,,284.7592,284.5407,284.3222,284.1037,283.8852,283.6667,283.4481,283.2296,283.0111,282.7926,282.5741,282.3555,282.1369,281.9182,281.6994,281.4803,281.2608,281.0408,280.8201,280.5985,280.3759,280.1519,279.9266,279.6995,279.4705,279.2395,279.0063,278.7706,278.5324,278.2915,278.0479,277.8014,277.5520,277.2996,277.0442,276.7857,276.5242,276.2596,275.9920,275.7213,275.4477,275.1712,274.8917,274.6094,274.3243,274.0364,273.7459,273.4528,273.1571,272.8589,272.5583,272.2553,271.9499,271.6424,271.3326,271.0207,270.7068,270.3908,270.0728,269.7529,269.4311,269.1074,268.7820,268.4548,268.1258,267.7952,267.4629,267.1290,266.7935,266.4564,266.1178,265.7776,265.4360,265.0928,264.7482,264.4021,264.0546,263.7057,263.3553,263.0036,262.6504,262.2959,261.9399,261.5826,261.2239,260.8639,260.5025,260.1397,259.7755,259.4100,259.0431,258.6749,258.3174,257.9620,257.6053,257.2472,256.8877,256.5269,256.1646,255.8009,255.4359,255.0694,254.7015,254.3322,253.9615,253.5894,253.2158,252.8407,252.4643,252.0863,251.7069,251.3261,250.9438,250.5600,250.1747,249.7879,249.3997,249.0099,248.6187,248.2259,247.8316
1,1,2,6,W1Mo1Se2S6,4,2,0,10,11,336,,320.2223,319.9659,319.7095,319.4531,319.1967,318.9403,318.6839,318.4275,318.1711,317.9147,317.6583,317.4019,317.1454,316.8889,316.6323,316.3755,316.1185,315.8614,315.6040,315.3462,315.0882,314.8297,314.5708,314.3115,314.0517,313.7913,313.5304,313.2689,313.0068,312.7441,312.4808,312.2168,311.9521,311.6867,311.4207,311.1539,310.8864,310.6182,310.3492,310.0795,309.8090,309.5378,309.2658,308.9931,308.7196,308.4453,308.1703,307.8944,307.6178,307.3405,307.0623,306.7834,306.5037,306.2232,305.9419,305.6599,305.3771,305.0935,304.8092,304.5241,304.2383,303.9517,303.6643,303.3762,303.0874,302.7979,302.5076,302.2166,301.9249,301.6324,301.3393,301.0455,300.7509,300.4557,300.1598,299.8633,299.5660,299.2681,298.9696,298.6704,298.3706,298.0702,297.7691,297.4674,297.1651,296.8622,296.5587,296.2546,295.9499,295.6447,295.3388,295.0325,294.7364,294.4431,294.1491,293.8546,293.5596,293.2641,292.9681,292.6715,292.3745,292.0770,291.7789,291.4804,291.1814,290.8819,290.5820,290.2816,289.9807,289.6794,289.3777,289.0755,288.7729,288.4698,288.1663,287.8624,287.5581,287.2534,286.9482,286.6427,286.3367
1,1,3,1,W1Mo1Se3S1,4,2,4,6,77,3360,,313.1610,312.8304,312.4999,312.1693,311.8391,311.5094,311.1804,310.8521,310.5247,310.1981,309.8725,309.5478,309.2240,308.9011,308.5790,308.2577,307.9372,307.6173,307.2981,306.9795,306.6614,306.3438,306.0267,305.7100,305.3937,305.0778,304.7686,304.4687,304.1690,303.8694,303.5698,303.2753,303.1706,303.0668,302.9638,302.8615,302.7600,302.6591,302.5588,302.4590,302.3598,302.2610,302.2031,302.1599,302.1169,302.0742,302.0317,301.9894,301.9473,301.9054,301.8637,301.8221,301.7806,301.7392,301.6980,301.6568,301.6157,301.5746,301.5336,301.4926,301.4516,301.4105,301.3695,301.3283,301.2871,301.2458,301.2043,301.1628,301.1210,301.0790,301.0369,300.9945,300.9518,300.9088,300.8654,300.8218,300.7777,300.7332,300.6882,300.6427,300.5967,300.5502,300.5030,300.4552,300.4066,300.3574,300.3073,300.2564,300.2047,300.1520,300.0984,300.0437,299.9879,299.9310,299.8730,299.8136,299.7530,299.6910,299.6276,299.5627,299.4963,299.4282,299.3585,299.2871,299.2139,299.1388,299.0618,298.9827,298.9017,298.8185,298.7331,298.6455,298.5555,298.4632,298.3684,298.2710,298.1711,298.0686,297.9633,297.8553,297.7444
1,1,3,2,W1Mo1Se3S2,4,2,3,7,150,6720,,306.6472,306.1707,305.6941,305.2176,304.7410,304.2642,303.7867,303.3075,302.8255,302.3394,301.8481,301.3509,300.9522,300.5517,300.1440,299.7290,299.3065,298.8768,298.4397,297.9955,297.5442,297.0859,296.6208,296.1491,295.6709,295.1863,294.6956,294.1988,293.6962,293.1880,292.7011,292.2924,291.8785,291.4595,291.0357,290.6073,290.1743,289.7368,289.2951,288.8493,288.3995,287.9457,287.4882,287.0269,286.5622,286.0939,285.6222,285.1473,284.7824,284.4429,284.1007,283.7559,283.4084,283.0583,282.7057,282.3507,281.9933,281.6334,281.2713,280.9068,280.5401,280.1712,279.8000,279.4268,279.0514,278.6739,278.2943,277.9128,277.5292,277.1436,276.7561,276.3666,275.9753,275.5820,275.1869,274.7900,274.3912,273.9906,273.5883,273.1842,272.7783,272.3707,271.9614,271.5503,271.1376,270.7233,270.3072,269.8896,269.4703,269.0494,268.6269,268.2028,267.7771,267.3499,266.9212,266.4909,266.0591,265.6257,265.1909,264.7546,264.3168,263.8775,263.4368,262.9947,262.5511,262.1061,261.6596,261.2118,260.7626,260.3120,259.8600,259.4067,258.9520,258.4960,258.0387,257.5800,257.1200,256.6587,256.1961,255.7322,255.2671
1,1,3,3,W1Mo1Se3S3,4,2,2,8,150,6720,,270.5172,270.1482,269.7373,269.3338,268.9158,268.4812,268.0315,267.5681,267.0926,266.6065,266.1110,265.6074,265.0967,264.5798,264.0576,263.5306,262.9995,262.4663,261.9742,261.4787,261.0138,260.5619,260.1076,259.6508,259.1916,258.7299,258.2657,257.7990,257.3297,256.8577,256.3830,255.9056,255.4253,254.9423,254.4563,253.9765,253.5297,253.0801,252.6276,252.1723,251.7141,251.2531,250.7892,250.3226,249.8531,249.3808,248.9058,248.4280,247.9476,247.4646,246.9789,246.4907,245.9999,245.5067,245.0111,244.5130,244.0127,243.5100,243.0051,242.4981,241.9888,241.4775,240.9642,240.4488,239.9315,239.4123,238.8912,238.3683,237.8436,237.3172,236.7891,236.2594,235.7280,235.1951,234.6607,234.1247,233.5874,233.0485,232.5084,231.9668,231.4253,230.8981,230.3696,229.8400,229.3091,228.7771,228.2439,227.7097,227.1744,226.6380,226.1006,225.5622,225.0229,224.4825,223.9413,223.3991,222.8560,222.3120,221.7672,221.2216,220.6751,220.1278,219.5797,219.0309,218.4813,217.9309,217.3799,216.8281,216.2756,215.7224,215.1686,214.6141,214.0589,213.5031,212.9467,212.3896,211.8320,211.2737,210.7149,210.1555,209.5955
1,1,3,4,W1Mo1Se3S4,4,2,1,9,77,3360,,285.5076,285.2891,285.0662,284.8243,284.5593,284.2769,283.9828,283.6811,283.3740,283.0633,282.7498,282.4341,282.1165,281.7971,281.4759,281.1529,280.8279,280.5010,280.1720,279.8407,279.5071,279.1712,278.8328,278.4919,278.1486,277.8027,277.4544,277.1035,276.7502,276.3944,276.0363,275.6757,275.3129,274.9477,274.5803,274.2108,273.8390,273.4652,273.0893,272.7114,272.3316,271.9498,271.5662,271.1807,270.7934,270.4043,270.0136,269.6211,269.2270,268.8313,268.4340,268.0351,267.6347,267.2328,266.8294,266.4246,266.0183,265.6107,265.2017,264.7914,264.3797,263.9667,263.5524,263.1369,262.7201,262.3021,261.8829,261.4624,261.0408,260.6181,260.1941,259.7691,259.3429,258.9156,258.4872,258.0577,257.6272,257.1956,256.7629,256.3292,255.8944,255.4587,255.0219,254.5841,254.1453,253.7055,253.2647,252.8229,252.3801,251.9364,251.4917,251.0461,250.6116,250.1798,249.7469,249.3131,248.8784,248.4428,248.0062,247.5687,247.1302,246.6909,246.2506,245.8094,245.3673,244.9242,244.4803,244.0354,243.5896,243.1430,242.6954,242.2468,241.7974,241.3471,240.8959,240.4437,239.9907,239.5367,239.0818,238.6261,238.1694
1,1,3,5,W1Mo1Se3S5,4,2,0,10,17,672,,338.2420,338.0454,337.8476,337.6408,337.4157,337.1702,336.9064,336.6276,336.3369,336.0368,335.7291,335.4150,335.0958,334.7721,334.4445,334.1137,333.7800,333.4438,333.1053,332.7648,332.4225,332.0786,331.7331,331.3863,331.0382,330.6889,330.3385,329.9871,329.6347,329.2813,328.9270,328.5718,328.2158,327.8589,327.5013,327.1428,326.7835,326.4234,326.0625,325.7009,325.3385,324.9753,324.6114,324.2466,323.8811,323.5149,323.1478,322.7800,322.4115,322.0421,321.6720,321.3012,320.9295,320.5571,320.1840,319.8100,319.4353,319.0599,318.6836,318.3067,317.9289,317.5505,317.1712,316.7912,316.4105,316.0291,315.6469,315.2640,314.8803,314.4960,314.1109,313.7251,313.3386,312.9514,312.5635,312.1750,311.7857,311.3958,311.0051,310.6139,310.2219,309.8293,309.4361,309.0422,308.6476,308.2525,307.8567,307.4603,307.0633,306.6656,306.2674,305.8685,305.4800,305.0941,304.7076,304.3205,303.9329,303.5446,303.1559,302.7665,302.3767,301.9863,301.5953,301.2038,300.8118,300.4193,300.0263,299.6328,299.2387,298.8442,298.4491,298.0536,297.6576,297.2611,296.8641,296.4667,296.0688,295.6705,295.2717,294.8724,294.4727
1,1,4,0,W1Mo1Se4S0,3,2,4,6,24,840,,105.8011,105.5729,105.3446,105.1164,104.8882,104.6600,104.4318,104.2035,103.9753,103.7471,103.5189,103.2907,103.0624,102.8342,102.6060,102.3778,102.1496,101.9213,101.6931,101.4649,101.2367,101.0085,100.7802,100.5520,100.3238,100.0956,99.8674,99.6391,99.4109,99.1827,98.9545,98.7263,98.4980,98.2698,98.0416,97.8134,97.5852,97.3569,97.1287,96.9005,96.6723,96.4441,96.2158,95.9876,95.7594,95.5312,95.3030,95.0747,94.8465,94.6183,94.3901,94.1619,93.9337,93.7054,93.4772,93.2490,93.0208,92.7926,92.5643,92.3361,92.1079,91.8797,91.6515,91.4232,91.1950,90.9668,90.7386,90.5104,90.2821,90.0539,89.8257,89.5975,89.3692,89.1410,88.9128,88.6846,88.4564,88.2281,87.9999,87.7717,87.5434,87.3152,87.0870,86.8588,86.6305,86.4023,86.1740,85.9458,85.7176,85.4893,85.2611,85.0328,84.8045,84.5763,84.3480,84.1197,83.8914,83.6631,83.4348,83.2065,82.9782,82.7499,82.5215,82.2932,82.0648,81.8365,81.6081,81.3797,81.1512,80.9228,80.6944,80.4659,80.2374,80.0089,79.7803,79.5518,79.3232,79.0946,78.8660,78.6373,78.4086
1,1,4,1,W1Mo1Se4S1,4,2,3,7,77,3360,,300.5339,300.1652,299.7965,299.4279,299.0593,298.6903,298.3194,297.9446,297.5638,297.1756,296.7787,296.3727,295.9574,295.5332,295.1005,294.6599,294.2120,293.7574,293.2968,292.8309,292.3600,291.8847,291.4054,290.9224,290.4362,289.9470,289.4605,288.9793,288.4955,288.0094,287.5212,287.0351,286.7098,286.3833,286.0558,285.7272,285.3975,285.0667,284.7349,284.4021,284.0683,283.7334,283.4321,283.1420,282.8507,282.5582,282.2646,281.9697,281.6737,281.3765,281.0780,280.7784,280.4774,280.1753,279.8718,279.5670,279.2609,278.9535,278.6448,278.3346,278.0231,277.7102,277.3958,277.0800,276.7627,276.4439,276.1237,275.8019,275.4785,275.1537,274.8272,274.4992,274.1695,273.8382,273.5053,273.1708,272.8346,272.4967,272.1571,271.8159,271.4729,271.1282,270.7818,270.4337,270.0838,269.7322,269.3788,269.0237,268.6668,268.3082,267.9478,267.5856,267.2216,266.8559,266.4884,266.1191,265.7481,265.3752,265.0007,264.6243,264.2462,263.8663,263.4847,263.1014,262.7163,262.3294,261.9408,261.5505,261.1585,260.7648,260.3694,259.9723,259.5735,259.1730,258.7709,258.3671,257.9616,257.5546,257.1459,256.7356,256.3237
1,1,4,2,W1Mo1Se4S2,4,2,2,8,119,5040,,255.2679,254.9255,254.5737,254.1708,253.6939,253.1576,252.5820,251.9808,251.3623,250.7314,250.0910,249.4432,248.8813,248.3188,247.7519,247.1812,246.6069,246.0294,245.4490,244.8658,244.2799,243.6915,243.1006,242.5073,241.9116,241.3135,240.7131,240.1103,239.5052,238.8978,238.3115,237.7959,237.2779,236.7576,236.2349,235.7099,235.1825,234.6528,234.1208,233.5865,233.0500,232.5111,231.9701,231.4268,230.8813,230.3337,229.7839,229.2321,228.7773,228.3455,227.9119,227.4767,227.0398,226.6013,226.1612,225.7195,225.2763,224.8315,224.3853,223.9376,223.4885,223.0379,222.5860,222.1328,221.6782,221.2224,220.7653,220.3070,219.8474,219.3867,218.9249,218.4619,217.9978,217.5327,217.0665,216.5993,216.1311,215.6620,215.1919,214.7208,214.2489,213.7760,213.3023,212.8278,212.3524,211.8762,211.3992,210.9214,210.4429,209.9637,209.4837,209.0030,208.5216,208.0395,207.5568,207.0734,206.5894,206.1047,205.6195,205.1336,204.6471,204.1601,203.6725,203.1844,202.6956,202.2064,201.7166,201.2264,200.7356,200.2443,199.7525,199.2602,198.7675,198.2742,197.7806,197.2864,196.7919,196.2968,195.8014,195.3055,194.8092
1,1,4,3,W1Mo1Se4S3,4,2,1,9,77,3360,,273.6271,273.3150,273.0029,272.7140,272.4276,272.1415,271.8550,271.5677,271.2788,270.9878,270.6944,270.3983,270.0995,269.7980,269.4938,269.1870,268.8777,268.5678,268.2950,268.0200,267.7727,267.5375,267.3006,267.0621,266.8218,266.5798,266.3361,266.0907,265.8435,265.5946,265.3439,265.0914,264.8371,264.5811,264.3233,264.0717,263.8503,263.6273,263.4026,263.1762,262.9481,262.7185,262.4871,262.2542,262.0197,261.7836,261.5459,261.3067,261.0659,260.8236,260.5799,260.3346,260.0879,259.8397,259.5900,259.3390,259.0865,258.8326,258.5773,258.3206,258.0626,257.8032,257.5424,257.2803,257.0169,256.7521,256.4860,256.2186,255.9498,255.6798,255.4085,255.1358,254.8619,254.5866,254.3101,254.0323,253.7532,253.4728,253.1911,252.9081,252.6251,252.3546,252.0828,251.8098,251.5355,251.2599,250.9830,250.7049,250.4255,250.1449,249.8629,249.5797,249.2952,249.0095,248.7224,248.4341,248.1445,247.8536,247.5615,247.2681,246.9733,246.6773,246.3801,246.0815,245.7816,245.4805,245.1781,244.8744,244.5694,244.2632,243.9556,243.6468,243.3367,243.0253,242.7126,242.3986,242.0834,241.7669,241.4491,241.1301,240.8097
1,1,4,4,W1Mo1Se4S4,4,2,0,10,24,840,,281.0655,280.8091,280.5527,280.2963,280.0399,279.7835,279.5271,279.2707,279.0143,278.7580,278.5016,278.2452,277.9888,277.7324,277.4760,277.2196,276.9632,276.7068,276.4504,276.1939,275.9375,275.6809,275.4244,275.1678,274.9111,274.6543,274.3973,274.1403,273.8830,273.6256,273.3680,273.1101,272.8520,272.5936,272.3349,272.0758,271.8164,271.5566,271.2965,271.0359,270.7748,270.5134,270.2514,269.9890,269.7261,269.4626,269.1987,268.9342,268.6691,268.4035,268.1374,267.8707,267.6034,267.3356,267.0671,266.7981,266.5285,266.2584,265.9876,265.7163,265.4444,265.1719,264.8988,264.6251,264.3509,264.0761,263.8008,263.5248,263.2484,262.9713,262.6937,262.4156,262.1369,261.8577,261.5779,261.2977,261.0169,260.7356,260.4537,260.1714,259.8886,259.6053,259.3215,259.0372,258.7524,258.4671,258.1814,257.8952,257.6086,257.3215,257.0340,256.7460,256.4685,256.1937,255.9185,255.6429,255.3668,255.0903,254.8135,254.5362,254.2585,253.9804,253.7018,253.4230,253.1437,252.8640,252.5839,252.3035,252.0226,251.7414,251.4599,251.1779,250.8956,250.6129,250.3299,250.0464,249.7627,249.4785,249.1940,248.9092,248.6240
1,1,5,0,W1Mo1Se5S0,3,2,3,7,17,672,,322.1802,321.8140,321.4477,321.0814,320.7151,320.3489,319.9826,319.6163,319.2500,318.8837,318.5174,318.1510,317.7845,317.4177,317.0505,316.6828,316.3142,315.9446,315.5737,315.2013,314.8270,314.4507,314.0719,313.6906,313.3065,312.9193,312.5289,312.1351,311.7379,311.3369,310.9322,310.5237,310.1114,309.6950,309.2747,308.8505,308.4222,307.9899,307.5537,307.1135,306.6694,306.2213,305.7695,305.3138,304.8544,304.3914,303.9246,303.4543,302.9805,302.5033,302.0226,301.5387,301.0515,300.5611,300.0676,299.5711,299.0715,298.5691,298.0638,297.5557,297.0449,296.5314,296.0154,295.4968,294.9757,294.4523,293.9264,293.3983,292.8679,292.3353,291.8006,291.2639,290.7250,290.1842,289.6415,289.0969,288.5504,288.0022,287.4522,286.9005,286.3471,285.7922,285.2356,284.6775,284.1179,283.5568,282.9942,282.4303,281.8650,281.2984,280.7305,280.1613,279.5909,279.0192,278.4464,277.8724,277.2973,276.7211,276.1439,275.5655,274.9862,274.4058,273.8245,273.2422,272.6590,272.0748,271.4898,270.9039,270.3171,269.7295,269.1411,268.5519,267.9619,267.3711,266.7796,266.1873,265.5943,265.0007,264.4063,263.8112,263.2155
1,1,5,1,W1Mo1Se5S1,4,2,2,8,47,2016,,232.3424,231.9968,231.6109,231.2098,230.7891,230.3456,229.8805,229.3973,228.8994,228.3897,227.8707,227.3440,226.8112,226.2731,225.7308,225.1847,224.6354,224.0833,223.5288,222.9720,222.4132,221.8527,221.2905,220.7268,220.1617,219.5952,219.0323,218.4751,217.9166,217.3569,216.7960,216.2378,215.8208,215.4035,214.9857,214.5675,214.1488,213.7297,213.3101,212.8900,212.4695,212.0484,211.6572,211.2762,210.8946,210.5123,210.1295,209.7461,209.3622,208.9776,208.5925,208.2069,207.8207,207.4339,207.0466,206.6588,206.2704,205.8815,205.4920,205.1021,204.7116,204.3207,203.9292,203.5373,203.1448,202.7519,202.3585,201.9646,201.5702,201.1754,200.7802,200.3844,199.9883,199.5917,199.1946,198.7971,198.3992,198.0009,197.6022,197.2030,196.8034,196.4035,196.0031,195.6023,195.2012,194.7996,194.3977,193.9954,193.5927,193.1896,192.7862,192.3824,191.9782,191.5737,191.1688,190.7635,190.3579,189.9520,189.5457,189.1391,188.7321,188.3248,187.9171,187.5092,187.1009,186.6922,186.2833,185.8740,185.4644,185.0545,184.6442,184.2337,183.8228,183.4116,183.0001,182.5883,182.1762,181.7638,181.3511,180.9381,180.5247
1,1,5,2,W1Mo1Se5S2,4,2,1,9,47,2016,,251.5783,251.2076,250.8370,250.4663,250.0956,249.7250,249.3543,248.9834,248.6123,248.2404,247.8675,247.4931,247.1983,246.9051,246.6089,246.3093,246.0059,245.6986,245.3870,245.0710,244.7506,244.4257,244.0962,243.7624,243.4241,243.0816,242.7350,242.3843,242.0298,241.6715,241.3306,241.0511,240.7683,240.4824,240.1934,239.9017,239.6071,239.3100,239.0103,238.7083,238.4040,238.0975,237.7889,237.4783,237.1657,236.8513,236.5352,236.2173,235.9858,235.7750,235.5628,235.3494,235.1348,234.9190,234.7021,234.4840,234.2648,234.0446,233.8233,233.6010,233.3777,233.1534,232.9281,232.7019,232.4747,232.2466,232.0176,231.7877,231.5569,231.3253,231.0928,230.8594,230.6252,230.3902,230.1543,229.9177,229.6802,229.4419,229.2028,228.9629,228.7222,228.4808,228.2385,227.9956,227.7518,227.5073,227.2620,227.0160,226.7692,226.5216,226.2734,226.0243,225.7746,225.5241,225.2729,225.0210,224.7683,224.5149,224.2608,224.0059,223.7504,223.4941,223.2371,222.9794,222.7210,222.4619,222.2021,221.9416,221.6803,221.4184,221.1557,220.8924,220.6284,220.3636,220.0982,219.8321,219.5652,219.2977,219.0295,218.7606,218.4910
1,1,5,3,W1Mo1Se5S3,4,2,0,10,17,672,,218.0634,217.8423,217.6211,217.4208,217.2228,217.0254,216.8284,216.6321,216.4364,216.2413,216.0468,215.8529,215.6596,215.4669,215.2747,215.0829,214.8916,214.7021,214.5486,214.3952,214.2691,214.1560,214.0434,213.9313,213.8197,213.7085,213.5976,213.4871,213.3769,213.2670,213.1573,213.0479,212.9387,212.8297,212.7208,212.6193,212.5468,212.4745,212.4024,212.3305,212.2587,212.1872,212.1158,212.0445,211.9734,211.9025,211.8316,211.7609,211.6904,211.6199,211.5495,211.4793,211.4091,211.3391,211.2691,211.1992,211.1294,211.0597,210.9901,210.9205,210.8510,210.7816,210.7123,210.6430,210.5737,210.5046,210.4354,210.3664,210.2974,210.2284,210.1595,210.0906,210.0218,209.9530,209.8843,209.8156,209.7469,209.6783,209.6097,209.5412,209.4737,209.4188,209.3639,209.3090,209.2542,209.1994,209.1446,209.0899,209.0352,208.9806,208.9260,208.8714,208.8168,208.7623,208.7078,208.6533,208.5988,208.5444,208.4900,208.4356,208.3812,208.3268,208.2725,208.2181,208.1638,208.1095,208.0552,208.0009,207.9466,207.8924,207.8381,207.7838,207.7296,207.6753,207.6210,207.5668,207.5125,207.4583,207.4040,207.3497,207.2954
1,1,6,0,W1Mo1Se6S0,3,2,2,8,11,336,,213.4842,213.1445,212.7628,212.3669,211.9637,211.5561,211.1455,210.7330,210.3192,209.9043,209.4887,209.0725,208.6559,208.2389,207.8217,207.4042,206.9865,206.5686,206.1506,205.7325,205.3142,204.8959,204.4774,204.0588,203.6402,203.2214,202.8026,202.3837,201.9646,201.5455,201.1262,200.7068,200.2873,199.8677,199.4479,199.0281,198.6080,198.1879,197.7675,197.3471,196.9265,196.5057,196.0847,195.6636,195.2423,194.8209,194.3993,193.9774,193.5555,193.1333,192.7110,192.2884,191.8657,191.4428,191.0197,190.5965,190.1730,189.7494,189.3255,188.9015,188.4773,188.0528,187.6282,187.2034,186.7784,186.3532,185.9278,185.5022,185.0763,184.6503,184.2241,183.7977,183.3711,182.9442,182.5172,182.0900,181.6625,181.2348,180.8070,180.3789,179.9506,179.5221,179.0933,178.6644,178.2352,177.8058,177.3762,176.9463,176.5162,176.0859,175.6554,175.2246,174.7936,174.3624,173.9310,173.4993,173.0673,172.6351,172.2027,171.7700,171.3371,170.9040,170.4706,170.0369,169.6030,169.1689,168.7344,168.2998,167.8649,167.4297,166.9942,166.5585,166.1226,165.6863,165.2499,164.8131,164.3761,163.9388,163.5012,163.0634,162.6253
1,1,6,1,W1Mo1Se6S1,4,2,1,9,17,672,,220.0007,219.7140,219.4272,219.1405,218.8540,218.5678,218.2821,217.9969,217.7122,217.4282,217.1447,216.8619,216.5797,216.2980,216.0169,215.7362,215.4560,215.1762,214.8966,214.6172,214.3380,214.0588,213.7795,213.5000,213.2203,212.9401,212.6638,212.3930,212.1214,211.8489,211.5754,211.3043,211.1586,211.0123,210.8653,210.7175,210.5689,210.4193,210.2687,210.1171,209.9643,209.8104,209.6823,209.5625,209.4413,209.3188,209.1949,209.0697,208.9431,208.8151,208.6858,208.5551,208.4230,208.2896,208.1548,208.0187,207.8812,207.7424,207.6023,207.4609,207.3182,207.1742,207.0290,206.8825,206.7348,206.5858,206.4357,206.2843,206.1318,205.9782,205.8233,205.6674,205.5104,205.3522,205.1930,205.0327,204.8713,204.7089,204.5455,204.3811,204.2157,204.0493,203.8819,203.7136,203.5443,203.3741,203.2030,203.0310,202.8581,202.6844,202.5097,202.3342,202.1579,201.9807,201.8028,201.6240,201.4444,201.2640,201.0829,200.9010,200.7183,200.5349,200.3507,200.1658,199.9802,199.7939,199.6069,199.4192,199.2308,199.0417,198.8519,198.6615,198.4704,198.2787,198.0864,197.8934,197.6998,197.5055,197.3107,197.1152,196.9192
1,1,6,2,W1Mo1Se6S2,4,2,0,10,11,336,,201.3558,201.0819,200.8081,200.5342,200.2603,199.9865,199.7126,199.4388,199.1649,198.8910,198.6172,198.3433,198.1429,197.9463,197.7496,197.5530,197.3563,197.1596,196.9630,196.7663,196.5696,196.3730,196.1763,195.9797,195.7830,195.5863,195.3897,195.1930,194.9963,194.7997,194.6218,194.5024,194.3829,194.2634,194.1440,194.0245,193.9051,193.7856,193.6661,193.5467,193.4272,193.3077,193.1883,193.0688,192.9494,192.8299,192.7104,192.5910,192.5508,192.5306,192.5106,192.4908,192.4713,192.4519,192.4327,192.4137,192.3948,192.3762,192.3576,192.3392,192.3210,192.3029,192.2849,192.2670,192.2493,192.2316,192.2141,192.1967,192.1794,192.1621,192.1450,192.1279,192.1110,192.0941,192.0773,192.0605,192.0439,192.0273,192.0108,191.9943,191.9779,191.9616,191.9453,191.9291,191.9129,191.8968,191.8807,191.8647,191.8487,191.8328,191.8169,191.8011,191.7853,191.7695,191.7538,191.7381,191.7225,191.7068,191.6912,191.6757,191.6601,191.6446,191.6292,191.6137,191.5983,191.5829,191.5675,191.5521,191.5367,191.5214,191.5061,191.4908,191.4755,191.4602,191.4449,191.4297,191.4144,191.3991,191.3839,191.3686,191.3534
1,1,7,0,W1Mo1Se7S0,3,2,1,9,3,96,,217.2170,216.9985,216.7800,216.5615,216.3429,216.1244,215.9059,215.6874,215.4689,215.2504,215.0319,214.8133,214.5948,214.3763,214.1578,213.9393,213.7208,213.5023,213.2837,213.0652,212.8467,212.6282,212.4097,212.1912,211.9727,211.7541,211.5356,211.3171,211.0986,210.8801,210.6616,210.4431,210.2245,210.0060,209.7875,209.5690,209.3505,209.1320,208.9135,208.6949,208.4764,208.2579,208.0394,207.8209,207.6024,207.3839,207.1654,206.9468,206.7283,206.5098,206.2913,206.0728,205.8543,205.6358,205.4172,205.1987,204.9802,204.7617,204.5432,204.3247,204.1061,203.8876,203.6691,203.4506,203.2321,203.0135,202.7950,202.5765,202.3580,202.1394,201.9209,201.7024,201.4838,201.2653,201.0467,200.8282,200.6096,200.3911,200.1725,199.9539,199.7353,199.5167,199.2981,199.0795,198.8609,198.6423,198.4236,198.2050,197.9863,197.7676,197.5489,197.3302,197.1115,196.8927,196.6740,196.4552,196.2363,196.0175,195.7986,195.5797,195.3608,195.1419,194.9229,194.7039,194.4848,194.2658,194.0466,193.8275,193.6083,193.3890,193.1698,192.9504,192.7311,192.5116,192.2922,192.0726,191.8530,191.6334,191.4137,191.1939,190.9741
1,1,7,1,W1Mo1Se7S1,4,2,0,10,3,96,,293.4020,293.1439,292.8858,292.6278,292.3699,292.1124,291.8552,291.5985,291.3423,291.0867,290.8316,290.5770,290.3230,290.0695,289.8166,289.5640,289.3120,289.0603,288.8091,288.5582,288.3076,288.0573,287.8073,287.5576,287.3080,287.0587,286.8135,286.5738,286.3342,286.0947,285.8552,285.6187,285.4960,285.3739,285.2523,285.1310,285.0102,284.8897,284.7695,284.6495,284.5299,284.4104,284.3154,284.2292,284.1430,284.0568,283.9707,283.8846,283.7986,283.7125,283.6264,283.5402,283.4540,283.3678,283.2814,283.1950,283.1085,283.0218,282.9351,282.8482,282.7611,282.6739,282.5865,282.4989,282.4112,282.3232,282.2350,282.1466,282.0580,281.9692,281.8801,281.7908,281.7012,281.6113,281.5212,281.4308,281.3402,281.2492,281.1580,281.0665,280.9747,280.8825,280.7901,280.6974,280.6044,280.5111,280.4174,280.3234,280.2292,280.1346,280.0397,279.9444,279.8489,279.7530,279.6568,279.5602,279.4634,279.3662,279.2687,279.1708,279.0727,278.9742,278.8754,278.7762,278.6768,278.5770,278.4769,278.3765,278.2757,278.1747,278.0733,277.9716,277.8696,277.7673,277.6647,277.5617,277.4585,277.3549,277.2511,277.1469,277.0425
1,1,8,0,W1Mo1Se8S0,3,2,0,10,1,12,,376.4680,376.3311,376.1941,376.0572,375.9203,375.7833,375.6464,375.5095,375.3725,375.2356,375.0987,374.9617,374.8248,374.6879,374.5509,374.4140,374.2771,374.1401,374.0032,373.8663,373.7294,373.5924,373.4555,373.3186,373.1816,373.0447,372.9078,372.7708,372.6339,372.4970,372.3600,372.2231,372.0862,371.9492,371.8123,371.6754,371.5384,371.4015,371.2646,371.1276,370.9907,370.8538,370.7169,370.5799,370.4430,370.3061,370.1691,370.0322,369.8953,369.7583,369.6214,369.4845,369.3475,369.2106,369.0737,368.9367,368.7998,368.6629,368.5259,368.3890,368.2521,368.1151,367.9782,367.8413,367.7044,367.5674,367.4305,367.2936,367.1566,367.0197,366.8828,366.7458,366.6089,366.4720,366.3350,366.1981,366.0612,365.9242,365.7873,365.6504,365.5134,365.3765,365.2396,365.1027,364.9657,364.8288,364.6919,364.5549,364.4180,364.2811,364.1441,364.0072,363.8703,363.7333,363.5964,363.4595,363.3225,363.1856,363.0487,362.9117,362.7748,362.6379,362.5009,362.3640,362.2271,362.0902,361.9532,361.8163,361.6794,361.5424,361.4055,361.2686,361.1316,360.9947,360.8578,360.7208,360.5839,360.4470,360.3100,360.1731,360.0362
1,2,0,4,W1Mo2Se0S4,3,1,4,7,24,840,,406.4432,406.1373,405.8314,405.5255,405.2196,404.9137,404.6078,404.3019,403.9960,403.6901,403.3842,403.0783,402.7724,402.4665,402.1606,401.8546,401.5487,401.2428,400.9369,400.6310,400.3251,400.0192,399.7133,399.4074,399.1015,398.7956,398.4897,398.1838,397.8779,397.5720,397.2661,396.9602,396.6543,396.3484,396.0425,395.7366,395.4307,395.1248,394.8189,394.5129,394.2070,393.9011,393.5952,393.2893,392.9833,392.6774,392.3715,392.0655,391.7595,391.4535,391.1475,390.8415,390.5354,390.2293,389.9231,389.6169,389.3107,389.0043,388.6979,388.3914,388.0848,387.7781,387.4713,387.1643,386.8572,386.5499,386.2424,385.9347,385.6267,385.3186,385.0101,384.7013,384.3923,384.0829,383.7731,383.4629,383.1522,382.8412,382.5296,382.2175,381.9049,381.5916,381.2778,380.9633,380.6481,380.3321,380.0154,379.6979,379.3796,379.0604,378.7402,378.4191,378.0970,377.7739,377.4496,377.1243,376.7978,376.4701,376.1411,375.8108,375.4793,375.1463,374.8120,374.4761,374.1389,373.8000,373.4596,373.1176,372.7740,372.4286,372.0816,371.7328,371.3822,371.0297,370.6754,370.3192,369.9611,369.6010,369.2389,368.8748,368.5086
1,2,0,5,W1Mo2Se0S5,3,1,3,8,17,672,,260.8597,260.5173,260.1748,259.8292,259.4763,259.1138,258.7422,258.3627,257.9768,257.5859,257.1908,256.7925,256.3916,255.9885,255.5836,255.1774,254.7699,254.3613,253.9519,253.5418,253.1310,252.7196,252.3077,251.8954,251.4828,251.0698,250.6564,250.2428,249.8290,249.4149,249.0005,248.5860,248.1713,247.7563,247.3412,246.9260,246.5105,246.0949,245.6791,245.2632,244.8471,244.4308,244.0144,243.5978,243.1810,242.7641,242.3470,241.9297,241.5122,241.0946,240.6768,240.2588,239.8405,239.4221,239.0035,238.5847,238.1657,237.7465,237.3271,236.9074,236.4875,236.0674,235.6470,235.2264,234.8056,234.3845,233.9632,233.5416,233.1197,232.6976,232.2752,231.8525,231.4296,231.0063,230.5828,230.1590,229.7349,229.3105,228.8857,228.4607,228.0354,227.6097,227.1837,226.7574,226.3307,225.9038,225.4765,225.0488,224.6208,224.1925,223.7638,223.3347,222.9053,222.4756,222.0455,221.6150,221.1842,220.7529,220.3214,219.8894,219.4571,219.0244,218.5913,218.1578,217.7240,217.2898,216.8551,216.4201,215.9848,215.5490,215.1128,214.6763,214.2393,213.8020,213.3643,212.9261,212.4876,212.0487,211.6094,211.1697,210.7296
1,2,0,6,W1Mo2Se0S6,3,1,2,9,11,336,,29.6912,29.5626,29.4339,29.3052,29.1766,29.0479,28.9192,28.7906,28.6619,28.5332,28.4046,28.2759,28.1472,28.0186,27.8899,27.7612,27.6325,27.5039,27.3752,27.2465,27.1179,26.9892,26.8605,26.7319,26.6032,26.4745,26.3459,26.2172,26.0885,25.9599,25.8312,25.7025,25.5739,25.4452,25.3165,25.1879,25.0592,24.9305,24.8018,24.6732,24.5445,24.4158,24.2872,24.1585,24.0298,23.9012,23.7725,23.6438,23.5152,23.3865,23.2578,23.1292,23.0005,22.8718,22.7432,22.6145,22.4858,22.3572,22.2285,22.0998,21.9711,21.8425,21.7138,21.5851,21.4565,21.3278,21.1991,21.0705,20.9418,20.8131,20.6845,20.5558,20.4271,20.2985,20.1698,20.0411,19.9125,19.7838,19.6551,19.5264,19.3978,19.2691,19.1404,19.0118,18.8831,18.7544,18.6258,18.4971,18.3684,18.2398,18.1111,17.9824,17.8598,17.7390,17.6181,17.4973,17.3765,17.2556,17.1348,17.0139,16.8931,16.7723,16.6514,16.5306,16.4097,16.2889,16.1680,16.0472,15.9264,15.8055,15.6847,15.5638,15.4430,15.3221,15.2013,15.0805,14.9596,14.8388,14.7179,14.5971,14.4763
1,2,0,7,W1Mo2Se0S7,3,1,1,10,3,96,,301.2875,301.0522,300.8169,300.5817,300.3464,300.1112,299.8759,299.6406,299.4053,299.1700,298.9345,298.6989,298.4630,298.2268,297.9902,297.7531,297.5154,297.2772,297.0382,296.7986,296.5583,296.3172,296.0754,295.8328,295.5894,295.3452,295.1003,294.8546,294.6082,294.3611,294.1132,293.8647,293.6155,293.3656,293.1152,292.8641,292.6124,292.3602,292.1074,291.8541,291.6003,291.3459,291.0912,290.8359,290.5802,290.3241,290.0676,289.8107,289.5534,289.2958,289.0378,288.7794,288.5207,288.2617,288.0024,287.7429,287.4830,287.2228,286.9624,286.7017,286.4408,286.1796,285.9182,285.6566,285.3947,285.1326,284.8703,284.6078,284.3451,284.0822,283.8191,283.5559,283.2924,283.0288,282.7650,282.5010,282.2369,281.9726,281.7081,281.4435,281.1787,280.9137,280.6487,280.3834,280.1180,279.8525,279.5868,279.3210,279.0551,278.7890,278.5228,278.2564,277.9954,277.7358,277.4761,277.2162,276.9563,276.6962,276.4360,276.1756,275.9151,275.6545,275.3938,275.1330,274.8720,274.6109,274.3497,274.0884,273.8269,273.5654,273.3037,273.0419,272.7800,272.5179,272.2558,271.9935,271.7311,271.4686,271.2060,270.9433,270.6805
1,2,0,8,W1Mo2Se0S8,3,1,0,11,1,12,,363.5889,363.4836,363.3783,363.2730,363.1678,363.0625,362.9572,362.8520,362.7467,362.6414,362.5361,362.4309,362.3256,362.2203,362.1150,362.0098,361.9045,361.7992,361.6939,361.5887,361.4834,361.3781,361.2728,361.1676,361.0623,360.9570,360.8517,360.7465,360.6412,360.5359,360.4306,360.3254,360.2201,360.1148,360.0096,359.9043,359.7990,359.6937,359.5885,359.4832,359.3779,359.2726,359.1674,359.0621,358.9568,358.8515,358.7463,358.6410,358.5357,358.4304,358.3252,358.2199,358.1146,358.0093,357.9041,357.7988,357.6935,357.5882,357.4830,357.3777,357.2724,357.1672,357.0619,356.9566,356.8513,356.7461,356.6408,356.5355,356.4302,356.3250,356.2197,356.1144,356.0091,355.9039,355.7986,355.6933,355.5880,355.4828,355.3775,355.2722,355.1669,355.0617,354.9564,354.8511,354.7459,354.6406,354.5353,354.4300,354.3248,354.2195,354.1142,354.0089,353.9086,353.8098,353.7109,353.6120,353.5131,353.4143,353.3154,353.2165,353.1177,353.0188,352.9199,352.8210,352.7222,352.6233,352.5244,352.4256,352.3267,352.2278,352.1289,352.0301,351.9312,351.8323,351.7335,351.6346,351.5357,351.4369,351.3380,351.2391,351.1402
1,2,1,3,W1Mo2Se1S3,4,1,4,7,77,3360,,271.5620,271.2383,270.9147,270.5914,270.2689,269.9480,269.6290,269.3121,268.9977,268.6859,268.3766,268.0698,267.7655,267.4635,267.1638,266.8661,266.5703,266.2762,265.9838,265.6928,265.4031,265.1146,264.8271,264.5406,264.2550,263.9701,263.6858,263.4021,263.1188,262.8360,262.5534,262.2710,261.9888,261.7066,261.4245,261.1423,260.8600,260.5775,260.2949,260.0119,259.7287,259.4451,259.1611,258.8767,258.5918,258.3064,258.0205,257.7341,257.4471,257.1594,256.8712,256.5823,256.2928,256.0026,255.7118,255.4202,255.1280,254.8350,254.5414,254.2470,253.9519,253.6561,253.3596,253.0623,252.7643,252.4656,252.1662,251.8660,251.5652,251.2636,250.9613,250.6583,250.3547,250.0503,249.7452,249.4395,249.1330,248.8260,248.5182,248.2098,247.9008,247.5911,247.2808,246.9698,246.6583,246.3461,246.0333,245.7200,245.4060,245.0915,244.7765,244.4608,244.1446,243.8279,243.5106,243.1928,242.8745,242.5557,242.2364,241.9165,241.5962,241.2754,240.9542,240.6324,240.3102,239.9876,239.6645,239.3410,239.0170,238.6926,238.3678,238.0426,237.7170,237.3910,237.0646,236.7378,236.4106,236.0831,235.7552,235.4269,235.0983
1,2,1,4,W1Mo2Se1S4,4,1,3,8,77,3360,,249.0268,248.7196,248.4087,248.0728,247.6966,247.2869,246.8557,246.4120,245.9718,245.5337,245.0927,244.6502,244.2107,243.7814,243.3515,242.9212,242.4907,242.0600,241.6292,241.1984,240.7677,240.3369,239.9062,239.4961,239.0889,238.6817,238.2746,237.8798,237.5008,237.1219,236.7431,236.3641,235.9851,235.6058,235.2262,234.8463,234.4659,234.0852,233.7039,233.3221,232.9396,232.5566,232.1729,231.7884,231.4033,231.0174,230.6344,230.2534,229.8716,229.4891,229.1057,228.7214,228.3363,227.9504,227.5635,227.1758,226.7872,226.3977,226.0072,225.6159,225.2236,224.8305,224.4363,224.0413,223.6453,223.2484,222.8506,222.4519,222.0522,221.6516,221.2501,220.8476,220.4443,220.0400,219.6348,219.2287,218.8217,218.4138,218.0050,217.5953,217.1847,216.7733,216.3609,215.9477,215.5336,215.1186,214.7028,214.2861,213.8685,213.4501,213.0309,212.6108,212.1899,211.7681,211.3456,210.9222,210.4980,210.0730,209.6471,209.2205,208.7931,208.3649,207.9359,207.5061,207.0756,206.6442,206.2122,205.7793,205.3457,204.9114,204.4763,204.0404,203.6039,203.1666,202.7285,202.2898,201.8503,201.4102,200.9693,200.5277,200.0854
1,2,1,5,W1Mo2Se1S5,4,1,2,9,47,2016,,321.6993,321.5166,321.2850,321.0259,320.7611,320.4981,320.2392,319.9847,319.7339,319.4863,319.2415,318.9990,318.7585,318.5197,318.2824,318.0464,317.8116,317.5777,317.3446,317.1122,316.8803,316.6490,316.4179,316.1872,315.9566,315.7261,315.5469,315.3880,315.2296,315.0715,314.9137,314.7561,314.5985,314.4410,314.2833,314.1255,313.9675,313.8212,313.6847,313.5477,313.4102,313.2722,313.1335,312.9942,312.8542,312.7135,312.5721,312.4298,312.2867,312.1428,311.9981,311.8524,311.7058,311.5582,311.4097,311.2603,311.1098,310.9583,310.8058,310.6523,310.4977,310.3420,310.1853,310.0275,309.8686,309.7086,309.5475,309.3853,309.2220,309.0575,308.8919,308.7252,308.5574,308.3884,308.2183,308.0471,307.8747,307.7011,307.5265,307.3506,307.1737,306.9956,306.8164,306.6360,306.4545,306.2719,306.0881,305.9032,305.7172,305.5300,305.3417,305.1524,304.9619,304.7702,304.5775,304.3837,304.1888,303.9928,303.7957,303.5976,303.3983,303.1980,302.9966,302.7942,302.5907,302.3862,302.1806,301.9740,301.7663,301.5577,301.3480,301.1373,300.9256,300.7129,300.4992,300.2845,300.0689,299.8523,299.6347,299.4161,299.1967
1,2,1,6,W1Mo2Se1S6,4,1,1,10,17,672,,320.8041,320.5101,320.2151,319.9202,319.6251,319.3300,319.0344,318.7380,318.4400,318.1398,317.8371,317.5311,317.2216,316.9083,316.5910,316.2695,315.9439,315.6141,315.2803,314.9424,314.6006,314.2551,313.9061,313.5535,313.1977,312.8387,312.4767,312.1120,311.7445,311.3744,311.0020,310.6272,310.2503,309.8713,309.4903,309.1075,308.7229,308.3366,307.9487,307.5593,307.1684,306.7762,306.3826,305.9878,305.5917,305.1945,304.7962,304.3968,303.9964,303.5950,303.1927,302.7895,302.3855,301.9806,301.5749,301.1685,300.7613,300.3534,299.9448,299.5355,299.1256,298.7151,298.3040,297.8923,297.4800,297.0672,296.6539,296.2401,295.8257,295.4109,294.9957,294.5800,294.1638,293.7473,293.3303,292.9129,292.4951,292.0770,291.6585,291.2396,290.8204,290.4008,289.9810,289.5607,289.1402,288.7194,288.2983,287.8769,287.4552,287.0332,286.6110,286.1885,285.7712,285.3553,284.9390,284.5226,284.1059,283.6890,283.2719,282.8545,282.4370,282.0192,281.6012,281.1831,280.7647,280.3461,279.9274,279.5084,279.0893,278.6700,278.2505,277.8309,277.4111,276.9911,276.5710,276.1507,275.7303,275.3097,274.8889,274.4680,274.0470
1,2,1,7,W1Mo2Se1S7,4,1,0,11,3,96,,311.2271,311.0671,310.8917,310.6890,310.4687,310.2391,310.0043,309.7665,309.5267,309.2855,309.0435,308.8008,308.5575,308.3140,308.0701,307.8259,307.5816,307.3371,307.0925,306.8478,306.6029,306.3580,306.1130,305.8680,305.6229,305.3777,305.1324,304.8871,304.6418,304.3964,304.1509,303.9053,303.6597,303.4140,303.1682,302.9224,302.6765,302.4304,302.1843,301.9381,301.6917,301.4453,301.1987,300.9521,300.7053,300.4583,300.2113,299.9641,299.7168,299.4693,299.2217,298.9739,298.7260,298.4779,298.2297,297.9813,297.7328,297.4841,297.2352,296.9862,296.7370,296.4876,296.2381,295.9884,295.7385,295.4885,295.2383,294.9880,294.7374,294.4867,294.2359,293.9849,293.7337,293.4823,293.2308,292.9791,292.7272,292.4752,292.2231,291.9707,291.7182,291.4656,291.2128,290.9598,290.7067,290.4534,290.2000,289.9464,289.6927,289.4388,289.1848,288.9306,288.6813,288.4332,288.1850,287.9367,287.6882,287.4396,287.1909,286.9420,286.6930,286.4439,286.1946,285.9453,285.6957,285.4461,285.1963,284.9464,284.6964,284.4463,284.1961,283.9457,283.6952,283.4447,283.1940,282.9431,282.6922,282.4412,282.1901,281.9388,281.6875
1,2,2,2,W1Mo2Se2S2,4,1,4,7,119,5040,,258.7128,258.4319,258.1511,257.8736,257.6066,257.3554,257.1203,256.8992,256.6899,256.4901,256.2983,256.1131,255.9335,255.7587,255.5881,255.4211,255.2574,255.0964,254.9380,254.7817,254.6274,254.4749,254.3239,254.1744,254.0261,253.8790,253.7330,253.5879,253.4437,253.3003,253.1576,253.0156,252.8742,252.7334,252.5931,252.4533,252.3140,252.1751,252.0366,251.8984,251.7606,251.6232,251.4860,251.3491,251.2125,251.0761,250.9400,250.8041,250.6685,250.5330,250.3977,250.2626,250.1277,249.9929,249.8583,249.7238,249.5895,249.4553,249.3213,249.1873,249.0535,248.9198,248.7862,248.6528,248.5194,248.3861,248.2529,248.1198,247.9867,247.8538,247.7209,247.5881,247.4554,247.3228,247.1902,247.0577,246.9252,246.7928,246.6605,246.5282,246.3960,246.2638,246.1317,245.9996,245.8676,245.7356,245.6037,245.4718,245.3399,245.2081,245.0764,244.9446,244.8130,244.6813,244.5497,244.4724,244.3988,244.3253,244.2518,244.1783,244.1047,244.0312,243.9577,243.8841,243.8106,243.7371,243.6635,243.5900,243.5165,243.4429,243.3694,243.2958,243.2223,243.1487,243.0752,243.0016,242.9280,242.8545,242.7809,242.7073,242.6337
1,2,2,3,W1Mo2Se2S3,4,1,3,8,150,6720,,212.8635,212.5518,212.2403,211.9438,211.6559,211.3785,211.1120,210.8552,210.6063,210.3641,210.1272,209.8947,209.6659,209.4452,209.2304,209.0167,208.8037,208.5912,208.3787,208.1659,207.9809,207.8087,207.6362,207.4631,207.2894,207.1149,206.9396,206.7633,206.5861,206.4078,206.2285,206.0481,205.8666,205.6839,205.5000,205.3283,205.2095,205.0895,204.9684,204.8461,204.7225,204.5977,204.4716,204.3441,204.2153,204.0850,203.9532,203.8199,203.6850,203.5484,203.4102,203.2701,203.1282,202.9845,202.8388,202.6910,202.5412,202.3893,202.2352,202.0788,201.9202,201.7592,201.5957,201.4298,201.2614,201.0904,200.9168,200.7405,200.5616,200.3799,200.1954,200.0082,199.8180,199.6250,199.4292,199.2304,199.0286,198.8239,198.6162,198.4055,198.1918,197.9751,197.7554,197.5326,197.3069,197.0780,196.8462,196.6113,196.3734,196.1325,195.8886,195.6417,195.3919,195.1390,194.8832,194.6364,194.3874,194.1355,193.8807,193.6231,193.3626,193.0993,192.8332,192.5643,192.2927,192.0184,191.7413,191.4615,191.1792,190.8941,190.6065,190.3164,190.0237,189.7284,189.4307,189.1306,188.8280,188.5230,188.2156,187.9059,187.5939
1,2,2,4,W1Mo2Se2S4,4,1,2,9,119,5040,,11.6120,11.4091,11.2064,11.0280,10.8564,10.6914,10.5333,10.3813,10.2346,10.0923,9.9537,9.8185,9.6860,9.5656,9.4537,9.3428,9.2328,9.1236,9.0151,8.9072,8.8499,8.8169,8.7850,8.7540,8.7239,8.6946,8.6658,8.6374,8.6095,8.5817,8.5541,8.5264,8.4987,8.4708,8.4426,8.4300,8.4809,8.5314,8.5813,8.6307,8.6794,8.7274,8.7745,8.8207,8.8660,8.9103,8.9534,8.9955,9.0364,9.0760,9.1144,9.1515,9.1873,9.2217,9.2547,9.2863,9.3165,9.3453,9.3726,9.3984,9.4228,9.4457,9.4671,9.4871,9.5056,9.5226,9.5381,9.5523,9.5649,9.5762,9.5860,9.5944,9.6014,9.6070,9.6113,9.6143,9.6159,9.6162,9.6152,9.6129,9.6100,9.6128,9.6144,9.6148,9.6140,9.6121,9.6090,9.6048,9.5996,9.5932,9.5859,9.5775,9.5681,9.5576,9.5463,9.5339,9.5207,9.5065,9.4914,9.4754,9.4586,9.4409,9.4224,9.4031,9.3830,9.3621,9.3404,9.3180,9.2949,9.2710,9.2465,9.2212,9.1953,9.1687,9.1415,9.1136,9.0851,9.0560,9.0263,8.9960,8.9652
1,2,2,5,W1Mo2Se2S5,4,1,1,10,47,2016,,310.1987,309.9809,309.7631,309.5447,309.3238,309.0974,308.8634,308.6202,308.3675,308.1053,307.8339,307.5541,307.2663,306.9713,306.6696,306.3617,306.0480,305.7288,305.4046,305.0755,304.7419,304.4039,304.0618,303.7158,303.3661,303.0128,302.7022,302.4067,302.1086,301.8081,301.5052,301.1999,300.8925,300.5828,300.2711,299.9574,299.6417,299.3350,299.0356,298.7344,298.4314,298.1267,297.8204,297.5126,297.2032,296.8923,296.5799,296.2662,295.9511,295.6348,295.3171,294.9982,294.6782,294.3570,294.0346,293.7112,293.3867,293.0612,292.7347,292.4072,292.0788,291.7494,291.4192,291.0881,290.7562,290.4235,290.0899,289.7556,289.4206,289.0848,288.7483,288.4111,288.0732,287.7347,287.3955,287.0557,286.7153,286.3743,286.0328,285.6906,285.3480,285.0048,284.6610,284.3168,283.9720,283.6268,283.2811,282.9349,282.5883,282.2413,281.8938,281.5459,281.1976,280.8489,280.4998,280.1503,279.8005,279.4503,279.0997,278.7488,278.3975,278.0459,277.6940,277.3417,276.9892,276.6363,276.2832,275.9297,275.5760,275.2220,274.8677,274.5131,274.1583,273.8032,273.4479,273.0923,272.7365,272.3804,272.0241,271.6676,271.3108
1,2,2,6,W1Mo2Se2S6,4,1,0,11,11,336,,317.0779,316.8641,316.6496,316.4316,316.2083,315.9796,315.7458,315.5069,315.2631,315.0148,314.7621,314.5054,314.2451,313.9814,313.7147,313.4452,313.1733,312.8991,312.6230,312.3450,312.0654,311.7843,311.5018,311.2180,310.9331,310.6471,310.3601,310.0722,309.7833,309.4936,309.2030,308.9116,308.6195,308.3266,308.0330,307.7387,307.4436,307.1478,306.8513,306.5542,306.2563,305.9578,305.6586,305.3587,305.0581,304.7568,304.4549,304.1523,303.8491,303.5451,303.2405,302.9353,302.6294,302.3229,302.0157,301.7078,301.3993,301.0902,300.7805,300.4701,300.1591,299.8475,299.5353,299.2225,298.9091,298.5951,298.2805,297.9653,297.6496,297.3333,297.0164,296.6990,296.3811,296.0626,295.7436,295.4240,295.1040,294.7834,294.4623,294.1408,293.8187,293.4962,293.1732,292.8497,292.5258,292.2014,291.8765,291.5512,291.2255,290.8994,290.5728,290.2458,289.9234,289.6020,289.2802,288.9580,288.6354,288.3124,287.9891,287.6654,287.3413,287.0169,286.6921,286.3669,286.0415,285.7156,285.3895,285.0630,284.7362,284.4091,284.0817,283.7539,283.4259,283.0975,282.7689,282.4399,282.1107,281.7812,281.4514,281.1213,280.7910
1,2,3,1,W1Mo2Se3S1,4,1,4,7,77,3360,,255.8487,255.4272,255.0059,254.6738,254.3521,254.0322,253.7147,253.3997,253.0873,252.7776,252.4706,252.1663,251.8644,251.5649,251.2675,250.9721,250.6786,250.3867,250.0963,249.8074,249.5196,249.2330,248.9475,248.6629,248.3792,248.0962,247.8140,247.5324,247.2514,246.9710,246.6911,246.4117,246.1326,245.8540,245.5758,245.2979,245.0203,244.7430,244.4660,244.1893,243.9128,243.6365,243.3604,243.0845,242.8088,242.5333,242.2580,241.9828,241.7077,241.4328,241.1580,240.8834,240.6088,240.3344,240.0601,239.7858,239.5117,239.2376,238.9637,238.6898,238.4160,238.1422,237.8901,237.6503,237.4105,237.1708,236.9311,236.6914,236.4518,236.2123,235.9728,235.7333,235.4938,235.2544,235.0150,234.7757,234.5364,234.2971,234.0578,233.8186,233.5794,233.3402,233.1011,232.8619,232.6229,232.3838,232.1447,231.9057,231.6667,231.4277,231.1888,230.9498,230.7109,230.4720,230.2331,229.9942,229.7554,229.5166,229.2777,229.0389,228.8002,228.5614,228.3226,228.0839,227.8452,227.6065,227.3678,227.1291,226.8904,226.6518,226.4131,226.1745,225.9358,225.6972,225.4586,225.2200,224.9814,224.7429,224.5043,224.2657,224.0483
1,2,3,2,W1Mo2Se3S2,4,1,3,8,150,6720,,231.4025,231.0426,230.6827,230.3749,230.0731,229.7724,229.4731,229.1752,228.8789,228.5841,228.2909,227.9993,227.7642,227.5503,227.3382,227.1278,226.9189,226.7112,226.5045,226.2986,226.0931,225.8880,225.6828,225.4773,225.2713,225.0644,224.8565,224.6472,224.4363,224.2235,224.0086,223.7914,223.5716,223.3490,223.1234,222.8947,222.6627,222.4272,222.1880,221.9451,221.6984,221.4476,221.2601,221.1101,220.9561,220.7980,220.6358,220.4695,220.2989,220.1241,219.9450,219.7617,219.5742,219.3824,219.1864,218.9862,218.7818,218.5734,218.3608,218.1441,217.9235,217.6997,217.4776,217.2516,217.0218,216.7896,216.5554,216.3175,216.0760,215.8310,215.5826,215.3307,215.0755,214.8169,214.5552,214.2902,214.0222,213.7510,213.4769,213.1997,212.9197,212.6368,212.3512,212.0627,211.7716,211.4778,211.1814,210.8824,210.5810,210.2770,209.9706,209.6619,209.3508,209.0374,208.7218,208.4039,208.0838,207.7616,207.4373,207.1110,206.7825,206.4521,206.1197,205.7854,205.4491,205.1110,204.7710,204.4293,204.0857,203.7403,203.3933,203.0445,202.6940,202.3419,201.9881,201.6328,201.2758,200.9173,200.5573,200.1957,199.8327
1,2,3,3,W1Mo2Se3S3,4,1,2,9,150,6720,,14.5489,14.1819,13.8038,13.4486,13.0960,12.7439,12.3924,12.0415,11.6913,11.3418,10.9930,10.6449,10.3953,10.1818,9.9699,9.7596,9.5507,9.3431,9.1367,8.9313,8.7269,8.5235,8.3208,8.1188,7.9176,7.7169,7.5168,7.3172,7.1181,6.9194,6.7211,6.5232,6.3256,6.1283,5.9313,5.7346,5.5381,5.3418,5.1458,4.9500,4.7543,4.5588,4.4432,4.3773,4.3117,4.2464,4.1815,4.1168,4.0525,3.9885,3.9247,3.8612,3.7979,3.7349,3.6720,3.6094,3.5524,3.5119,3.4715,3.4314,3.3914,3.3571,3.3274,3.2979,3.2687,3.2396,3.2106,3.1819,3.1533,3.1248,3.0965,3.0683,3.0403,3.0124,2.9846,2.9569,2.9294,2.9019,2.8746,2.8474,2.8203,2.7933,2.7663,2.7395,2.7127,2.6861,2.6595,2.6330,2.6066,2.5802,2.5540,2.5278,2.5016,2.4756,2.4496,2.4236,2.3978,2.3719,2.3462,2.3205,2.2948,2.2692,2.2437,2.2182,2.1927,2.1674,2.1420,2.1167,2.0914,2.0662,2.0410,2.0159,1.9908,1.9658,1.9407,1.9158,1.8908,1.8659,1.8410,1.8162,1.7914
1,2,3,4,W1Mo2Se3S4,4,1,1,10,77,3360,,287.9446,287.7023,287.4601,287.2398,287.0256,286.8174,286.6154,286.4189,286.2271,286.0393,285.8548,285.6734,285.4944,285.3263,285.1658,285.0061,284.8472,284.6888,284.5307,284.3729,284.2600,284.1684,284.0769,283.9853,283.8933,283.8003,283.7062,283.6105,283.5129,283.4129,283.3102,283.2045,283.0953,282.9824,282.8654,282.7583,282.7042,282.6452,282.5812,282.5119,282.4371,282.3567,282.2706,282.1786,282.0807,281.9769,281.8670,281.7511,281.6293,281.5015,281.3678,281.2284,281.0831,280.9323,280.7759,280.6142,280.4471,280.2749,280.0977,279.9156,279.7288,279.5373,279.3414,279.1412,278.9368,278.7284,278.5160,278.2999,278.0802,277.8569,277.6302,277.4002,277.1671,276.9309,276.6918,276.4498,276.2052,275.9578,275.7080,275.4557,275.2015,274.9513,274.6990,274.4445,274.1879,273.9294,273.6690,273.4067,273.1427,272.8770,272.6096,272.3406,272.0700,271.7980,271.5245,271.2496,270.9734,270.6958,270.4170,270.1370,269.8557,269.5733,269.2898,269.0052,268.7196,268.4330,268.1453,267.8567,267.5672,267.2767,266.9854,266.6932,266.4002,266.1064,265.8118,265.5165,265.2204,264.9235,264.6260,264.3278,264.0289
1,2,3,5,W1Mo2Se3S5,4,1,0,11,17,672,,294.7828,294.6391,294.4955,294.3529,294.2136,294.0794,293.9503,293.8257,293.7047,293.5869,293.4715,293.3581,293.2463,293.1358,293.0261,292.9169,292.8079,292.6986,292.5887,292.4778,292.3656,292.2517,292.1358,292.0177,291.8970,291.7736,291.6892,291.6182,291.5445,291.4677,291.3878,291.3046,291.2181,291.1281,291.0345,290.9374,290.8367,290.7423,290.6525,290.5591,290.4620,290.3613,290.2570,290.1492,290.0379,289.9232,289.8051,289.6837,289.5590,289.4311,289.3000,289.1659,289.0287,288.8886,288.7457,288.5999,288.4513,288.3001,288.1463,287.9899,287.8310,287.6696,287.5059,287.3399,287.1717,287.0012,286.8286,286.6539,286.4772,286.2985,286.1179,285.9353,285.7510,285.5649,285.3770,285.1875,284.9963,284.8035,284.6092,284.4133,284.2159,284.0171,283.8169,283.6153,283.4124,283.2081,283.0026,282.7959,282.5880,282.3788,282.1686,281.9572,281.7447,281.5312,281.3166,281.1010,280.8844,280.6668,280.4484,280.2289,280.0086,279.7875,279.5654,279.3425,279.1189,278.8944,278.6691,278.4431,278.2163,277.9888,277.7606,277.5317,277.3022,277.0719,276.8411,276.6095,276.3774,276.1447,275.9113,275.6774,275.4429
1,2,4,0,W1Mo2Se4S0,3,1,4,7,24,840,,452.8695,452.3929,451.9091,451.3973,450.8552,450.2914,449.7137,449.1269,448.5341,447.9371,447.3372,446.7351,446.1313,445.5262,444.9200,444.3130,443.7051,443.0965,442.4872,441.8772,441.2666,440.6552,440.0431,439.4302,438.8166,438.2021,437.5868,436.9707,436.3537,435.7358,435.1706,434.7714,434.3713,433.9701,433.5681,433.1650,432.7610,432.3559,431.9499,431.5430,431.1350,430.7261,430.3162,429.9054,429.4936,429.0809,428.6672,428.2526,427.8371,427.4206,427.0033,426.5850,426.1659,425.7458,425.3249,424.9032,424.4805,424.0570,423.6327,423.2075,422.7815,422.3547,421.9271,421.4986,421.0693,420.6393,420.2084,419.7768,419.3443,418.9111,418.4772,418.0424,417.6069,417.1707,416.7337,416.2960,415.8575,415.4183,414.9783,414.5376,414.0962,413.6541,413.2113,412.7678,412.3236,411.8786,411.4330,410.9867,410.5397,410.0920,409.6437,409.1946,408.7449,408.2946,407.8436,407.3919,406.9396,406.4866,406.0330,405.5787,405.1238,404.6683,404.2122,403.7554,403.2980,402.8400,402.3814,401.9222,401.4624,401.0020,400.5410,400.0794,399.6172,399.1545,398.6912,398.2273,397.7628,397.2977,396.8322,396.3660,395.8993
1,2,4,1,W1Mo2Se4S1,4,1,3,8,77,3360,,256.0787,255.6499,255.1650,254.6415,254.0996,253.5487,252.9929,252.4341,251.8735,251.3117,250.7489,250.1855,249.6676,249.1516,248.6352,248.1186,247.6019,247.0849,246.5677,246.0503,245.5328,245.0150,244.4971,243.9790,243.4606,242.9419,242.4230,241.9038,241.3842,240.8643,240.3910,240.0634,239.7353,239.4068,239.0778,238.7483,238.4184,238.0879,237.7568,237.4252,237.0930,236.7602,236.4268,236.0928,235.7581,235.4227,235.0867,234.7500,234.4621,234.1860,233.9093,233.6320,233.3541,233.0756,232.7964,232.5165,232.2360,231.9548,231.6728,231.3902,231.1068,230.8227,230.5378,230.2522,229.9658,229.6786,229.3906,229.1018,228.8123,228.5225,228.2379,227.9524,227.6661,227.3790,227.0910,226.8022,226.5125,226.2219,225.9304,225.6381,225.3448,225.0507,224.7557,224.4597,224.1629,223.8651,223.5664,223.2668,222.9662,222.6647,222.3643,222.0680,221.7708,221.4725,221.1734,220.8733,220.5722,220.2702,219.9672,219.6633,219.3584,219.0525,218.7457,218.4379,218.1292,217.8195,217.5088,217.1972,216.8846,216.5711,216.2565,215.9411,215.6247,215.3073,214.9890,214.6697,214.3495,214.0283,213.7062,213.3831,213.0591
1,2,4,2,W1Mo2Se4S2,4,1,2,9,119,5040,,15.6636,15.3593,15.0550,14.7507,14.4464,14.1421,13.8378,13.5335,13.2293,12.9250,12.6207,12.3164,12.0938,11.8752,11.6567,11.4382,11.2197,11.0012,10.7827,10.5642,10.3456,10.1271,9.9086,9.6901,9.4716,9.2531,9.0346,8.8161,8.5975,8.3790,8.2023,8.1553,8.1084,8.0614,8.0145,7.9675,7.9206,7.8736,7.8266,7.7797,7.7327,7.6858,7.6388,7.5919,7.5449,7.4979,7.4510,7.4040,7.4452,7.5085,7.5721,7.6359,7.6999,7.7642,7.8286,7.8933,7.9581,8.0231,8.0883,8.1537,8.2192,8.2848,8.3506,8.4166,8.4826,8.5488,8.6151,8.6815,8.7480,8.8158,8.8943,8.9728,9.0515,9.1303,9.2092,9.2881,9.3671,9.4463,9.5255,9.6047,9.6841,9.7635,9.8430,9.9225,10.0021,10.0818,10.1615,10.2413,10.3212,10.4011,10.4847,10.5773,10.6698,10.7625,10.8551,10.9479,11.0406,11.1334,11.2263,11.3192,11.4121,11.5051,11.5981,11.6912,11.7843,11.8774,11.9706,12.0638,12.1570,12.2503,12.3436,12.4369,12.5303,12.6236,12.7171,12.8105,12.9040,12.9975,13.0910,13.1845,13.2781
1,2,4,3,W1Mo2Se4S3,4,1,1,10,77,3360,,286.7605,286.4796,286.1987,285.9386,285.6810,285.4238,285.1671,284.9110,284.6554,284.4002,284.1453,283.8902,283.7228,283.5863,283.4492,283.3111,283.1711,283.0287,282.8832,282.7340,282.5806,282.4223,282.2587,282.0895,281.9143,281.7327,281.5446,281.3498,281.1481,280.9395,280.7240,280.5016,280.2724,280.0364,279.7938,279.5447,279.2892,279.0276,278.7599,278.4865,278.2073,277.9228,277.7047,277.5261,277.3428,277.1550,276.9629,276.7665,276.5662,276.3619,276.1540,275.9425,275.7275,275.5093,275.2879,275.0634,274.8408,274.6301,274.4166,274.2006,273.9821,273.7660,273.5517,273.3352,273.1165,272.8958,272.6731,272.4485,272.2221,271.9939,271.7639,271.5323,271.2991,271.0643,270.8281,270.5903,270.3512,270.1107,269.8689,269.6258,269.3814,269.1359,268.8892,268.6414,268.3924,268.1424,267.8914,267.6394,267.3863,267.1324,266.8775,266.6217,266.3651,266.1076,265.8492,265.5901,265.3302,265.0695,264.8081,264.5460,264.2831,264.0196,263.7554,263.4905,263.2250,262.9589,262.6922,262.4249,262.1570,261.8885,261.6195,261.3499,261.0798,260.8092,260.5381,260.2665,259.9944,259.7219,259.4489,259.1754,258.9015
1,2,4,4,W1Mo2Se4S4,4,1,0,11,24,840,,285.7771,285.6111,285.4452,285.2993,285.1589,285.0239,284.8945,284.7700,284.6493,284.5313,284.4149,284.2989,284.1823,284.0718,283.9638,283.8516,283.7346,283.6123,283.4843,283.3505,283.2516,283.1661,283.0751,282.9786,282.8766,282.7693,282.6567,282.5390,282.4163,282.2887,282.1564,282.0196,281.8783,281.7329,281.5834,281.4429,281.3510,281.2556,281.1568,281.0548,280.9495,280.8412,280.7299,280.6158,280.4990,280.3795,280.2575,280.1330,280.0062,279.8770,279.7456,279.6121,279.4765,279.3389,279.1994,279.0579,278.9147,278.7697,278.6230,278.4747,278.3247,278.1733,278.0203,277.8659,277.7101,277.5529,277.3944,277.2346,277.0736,276.9113,276.7479,276.5834,276.4178,276.2511,276.0833,275.9146,275.7448,275.5742,275.4026,275.2300,275.0572,274.8891,274.7202,274.5505,274.3800,274.2088,274.0368,273.8641,273.6907,273.5166,273.3419,273.1665,272.9905,272.8139,272.6366,272.4588,272.2804,272.1015,271.9220,271.7419,271.5614,271.3804,271.1988,271.0168,270.8343,270.6513,270.4679,270.2841,270.0998,269.9151,269.7300,269.5445,269.3586,269.1723,268.9856,268.7986,268.6112,268.4234,268.2353,268.0469,267.8581
1,2,5,0,W1Mo2Se5S0,3,1,3,8,17,672,,232.0012,231.7335,231.4659,231.1982,230.9306,230.6629,230.3952,230.1276,229.8599,229.5922,229.3246,229.0569,228.7892,228.5216,228.2539,227.9862,227.7186,227.4509,227.1832,226.9156,226.6479,226.3802,226.1126,225.8449,225.5772,225.3096,225.0419,224.7742,224.5066,224.2389,223.9830,223.7636,223.5442,223.3247,223.1053,222.8859,222.6665,222.4471,222.2277,222.0082,221.7888,221.5694,221.3500,221.1306,220.9111,220.6917,220.4744,220.3250,220.1756,220.0263,219.8769,219.7275,219.5780,219.4286,219.2791,219.1296,218.9801,218.8305,218.6809,218.5313,218.3816,218.2318,218.0820,217.9321,217.7821,217.6320,217.4818,217.3315,217.1811,217.0306,216.8799,216.7291,216.5781,216.4269,216.2755,216.1240,215.9722,215.8202,215.6680,215.5155,215.3627,215.2096,215.0563,214.9026,214.7486,214.5942,214.4395,214.2844,214.1289,213.9730,213.8166,213.6598,213.5025,213.3448,213.1865,213.0278,212.8685,212.7086,212.5482,212.3872,212.2256,212.0634,211.9006,211.7371,211.5729,211.4081,211.2426,211.0763,210.9094,210.7417,210.5732,210.4040,210.2340,210.0632,209.8916,209.7191,209.5458,209.3717,209.1968,209.0209,208.8442
1,2,5,1,W1Mo2Se5S1,4,1,2,9,47,2016,,10.6282,10.3239,10.0196,9.7153,9.4111,9.1068,8.8025,8.5148,8.2302,7.9461,7.6627,7.3799,7.0976,6.8160,6.5349,6.2543,5.9743,5.7105,5.4491,5.1877,4.9263,4.6649,4.4035,4.1421,3.8807,3.6193,3.3579,3.0965,2.8351,2.5737,2.3227,2.1240,1.9812,1.8921,1.8281,1.7793,1.7310,1.6832,1.6357,1.5887,1.5419,1.4955,1.4764,1.4670,1.4578,1.4488,1.4400,1.4313,1.4228,1.4144,1.4062,1.3981,1.3901,1.3822,1.3745,1.3669,1.3593,1.3519,1.3446,1.3373,1.3302,1.3231,1.3161,1.3092,1.3024,1.2957,1.2890,1.2824,1.2758,1.2693,1.2629,1.2565,1.2502,1.2440,1.2377,1.2316,1.2255,1.2194,1.2134,1.2074,1.2015,1.1956,1.1898,1.1840,1.1782,1.1724,1.1667,1.1611,1.1554,1.1498,1.1443,1.1387,1.1332,1.1277,1.1223,1.1168,1.1114,1.1061,1.1007,1.0954,1.0901,1.0848,1.0795,1.0743,1.0691,1.0639,1.0587,1.0535,1.0484,1.0433,1.0381,1.0331,1.0280,1.0229,1.0179,1.0129,1.0079,1.0029,0.9979,0.9929,0.9880
1,2,5,2,W1Mo2Se5S2,4,1,1,10,47,2016,,288.1996,287.8079,287.4146,287.0213,286.6278,286.2336,285.8380,285.4400,285.0389,284.6343,284.2259,283.8136,283.4707,283.1276,282.7805,282.4296,282.0750,281.7166,281.3547,280.9893,280.6204,280.2482,279.8727,279.4939,279.1120,278.7269,278.3387,277.9476,277.5534,277.1562,276.7938,276.5453,276.2940,276.0400,275.7832,275.5237,275.2616,274.9970,274.7298,274.4601,274.1881,273.9136,273.6368,273.3578,273.0765,272.7931,272.5076,272.2199,272.0096,271.8173,271.6232,271.4275,271.2302,271.0313,270.8309,270.6289,270.4255,270.2206,270.0143,269.8067,269.5977,269.3874,269.1758,268.9629,268.7489,268.5336,268.3172,268.0996,267.8809,267.6622,267.4519,267.2407,267.0284,266.8151,266.6009,266.3857,266.1696,265.9526,265.7347,265.5159,265.2963,265.0759,264.8547,264.6327,264.4099,264.1863,263.9620,263.7370,263.5113,263.2848,263.0610,262.8444,262.6272,262.4094,262.1909,261.9718,261.7521,261.5317,261.3108,261.0893,260.8673,260.6447,260.4215,260.1978,259.9735,259.7488,259.5235,259.2977,259.0714,258.8447,258.6174,258.3897,258.1615,257.9329,257.7038,257.4743,257.2443,257.0139,256.7831,256.5518,256.3202
1,2,5,3,W1Mo2Se5S3,4,1,0,11,17,672,,280.9069,280.7058,280.5039,280.3156,280.1207,279.9178,279.7086,279.4949,279.2780,279.0588,278.8378,278.6156,278.4724,278.3571,278.2418,278.1261,278.0101,277.8934,277.7758,277.6570,277.5368,277.4150,277.2913,277.1654,277.0373,276.9066,276.7732,276.6371,276.4979,276.3557,276.2103,276.0617,275.9099,275.7547,275.5962,275.4344,275.2692,275.1008,274.9290,274.7541,274.5759,274.3946,274.2754,274.1936,274.1091,274.0218,273.9319,273.8394,273.7443,273.6467,273.5468,273.4444,273.3398,273.2330,273.1240,273.0129,272.9042,272.8068,272.7075,272.6063,272.5034,272.4032,272.3049,272.2051,272.1036,272.0007,271.8962,271.7904,271.6831,271.5745,271.4645,271.3533,271.2408,271.1272,271.0123,270.8963,270.7793,270.6611,270.5419,270.4216,270.3004,270.1782,270.0551,269.9311,269.8062,269.6804,269.5538,269.4263,269.2981,269.1691,269.0393,268.9088,268.7776,268.6457,268.5131,268.3798,268.2459,268.1113,267.9762,267.8404,267.7040,267.5671,267.4296,267.2916,267.1530,267.0139,266.8743,266.7342,266.5936,266.4525,266.3110,266.1690,266.0265,265.8837,265.7404,265.5967,265.4525,265.3080,265.1631,265.0178,264.8722
1,2,6,0,W1Mo2Se6S0,3,1,2,9,11,336,,323.1786,322.8809,322.5409,322.1950,321.8475,321.4994,321.1509,320.8022,320.4535,320.1046,319.7557,319.4067,319.0578,318.7088,318.3597,318.0107,317.6616,317.3126,316.9635,316.6144,316.2653,315.9162,315.5672,315.2181,314.8690,314.5199,314.1707,313.8216,313.4725,313.1234,312.7743,312.4252,312.0760,311.7269,311.3778,311.0286,310.6795,310.3303,309.9811,309.6320,309.2828,308.9335,308.5843,308.2350,307.8858,307.5365,307.1890,306.9019,306.6148,306.3276,306.0404,305.7532,305.4659,305.1785,304.8911,304.6036,304.3160,304.0284,303.7407,303.4529,303.1650,302.8770,302.5889,302.3007,302.0124,301.7240,301.4354,301.1468,300.8580,300.5691,300.2800,299.9908,299.7015,299.4120,299.1224,298.8325,298.5426,298.2525,297.9621,297.6717,297.3810,297.0902,296.7992,296.5079,296.2165,295.9249,295.6331,295.3411,295.0489,294.7565,294.4639,294.1711,293.8780,293.5848,293.2913,292.9976,292.7037,292.4095,292.1151,291.8205,291.5257,291.2306,290.9353,290.6398,290.3440,290.0480,289.7517,289.4552,289.1585,288.8615,288.5643,288.2669,287.9692,287.6712,287.3730,287.0746,286.7759,286.4770,286.1778,285.8784,285.5788
1,2,6,1,W1Mo2Se6S1,4,1,1,10,17,672,,275.9660,275.6922,275.4183,275.1444,274.8706,274.5967,274.3229,274.0640,273.8078,273.5521,273.2970,273.0423,272.7881,272.5341,272.2803,272.0265,271.7725,271.5323,271.2932,271.0529,270.8111,270.5677,270.3225,270.0753,269.8259,269.5743,269.3203,269.0637,268.8045,268.5427,268.2875,268.0766,267.9131,267.7952,267.6969,267.6096,267.5200,267.4279,267.3334,267.2366,267.1374,267.0359,266.9563,266.8830,266.8073,266.7295,266.6494,266.5671,266.4827,266.3963,266.3079,266.2174,266.1251,266.0309,265.9348,265.8370,265.7374,265.6362,265.5332,265.4287,265.3225,265.2149,265.1057,264.9950,264.8829,264.7694,264.6545,264.5382,264.4206,264.3017,264.1816,264.0602,263.9376,263.8138,263.6888,263.5627,263.4354,263.3070,263.1776,263.0470,262.9154,262.7828,262.6492,262.5145,262.3789,262.2423,262.1048,261.9663,261.8270,261.6867,261.5455,261.4034,261.2605,261.1167,260.9721,260.8267,260.6804,260.5334,260.3855,260.2369,260.0875,259.9374,259.7865,259.6349,259.4825,259.3295,259.1757,259.0213,258.8662,258.7104,258.5539,258.3968,258.2391,258.0807,257.9217,257.7621,257.6018,257.4410,257.2796,257.1176,256.9550
1,2,6,2,W1Mo2Se6S2,4,1,0,11,11,336,,266.8727,266.6237,266.3747,266.1258,265.8768,265.6278,265.3789,265.1299,264.8809,264.6320,264.3830,264.1340,263.9519,263.7731,263.5942,263.4153,263.2364,263.0573,262.8780,262.6986,262.5188,262.3388,262.1583,261.9774,261.7960,261.6139,261.4311,261.2475,261.0630,260.8776,260.7254,260.6782,260.6298,260.5801,260.5291,260.4766,260.4226,260.3671,260.3099,260.2511,260.1905,260.1281,260.0638,259.9976,259.9295,259.8593,259.7872,259.7129,259.7087,259.7204,259.7303,259.7381,259.7440,259.7478,259.7495,259.7493,259.7469,259.7424,259.7359,259.7273,259.7165,259.7037,259.6888,259.6718,259.6527,259.6315,259.6083,259.5831,259.5558,259.5274,259.5057,259.4821,259.4565,259.4291,259.3997,259.3684,259.3352,259.3003,259.2635,259.2250,259.1847,259.1427,259.0990,259.0536,259.0066,258.9580,258.9078,258.8560,258.8027,258.7479,258.6946,258.6472,258.5982,258.5479,258.4963,258.4432,258.3889,258.3333,258.2764,258.2183,258.1589,258.0984,258.0367,257.9738,257.9098,257.8448,257.7786,257.7114,257.6431,257.5739,257.5036,257.4324,257.3602,257.2871,257.2131,257.1382,257.0624,256.9857,256.9082,256.8299,256.7508
1,2,7,0,W1Mo2Se7S0,3,1,1,10,3,96,,295.1395,294.9042,294.6686,294.4305,294.1879,293.9405,293.6889,293.4340,293.1765,292.9169,292.6557,292.3932,292.1297,291.8652,291.6001,291.3344,291.0682,290.8016,290.5346,290.2674,289.9998,289.7321,289.4641,289.1959,288.9276,288.6592,288.3906,288.1219,287.8531,287.5842,287.3152,287.0462,286.7771,286.5079,286.2387,285.9694,285.7000,285.4307,285.1612,284.8918,284.6223,284.3528,284.0832,283.8136,283.5440,283.2744,283.0064,282.7928,282.5791,282.3655,282.1518,281.9381,281.7244,281.5107,281.2969,281.0832,280.8694,280.6556,280.4418,280.2280,280.0142,279.8004,279.5866,279.3727,279.1589,278.9450,278.7311,278.5173,278.3034,278.0895,277.8756,277.6617,277.4478,277.2339,277.0200,276.8060,276.5921,276.3782,276.1642,275.9503,275.7363,275.5224,275.3084,275.0944,274.8805,274.6665,274.4525,274.2385,274.0246,273.8106,273.5966,273.3826,273.1686,272.9546,272.7406,272.5266,272.3126,272.0986,271.8846,271.6706,271.4565,271.2425,271.0285,270.8145,270.6005,270.3864,270.1724,269.9584,269.7443,269.5303,269.3163,269.1022,268.8882,268.6741,268.4601,268.2461,268.0320,267.8180,267.6039,267.3899,267.1758
1,2,7,1,W1Mo2Se7S1,4,1,0,11,3,96,,256.3020,256.1073,255.9127,255.7180,255.5233,255.3287,255.1340,254.9530,254.7744,254.5963,254.4186,254.2414,254.0646,253.8881,253.7118,253.5355,253.3591,253.1954,253.0328,252.8693,252.7046,252.5387,252.3714,252.2026,252.0321,251.8599,251.6858,251.5098,251.3319,251.1519,250.9784,250.8456,250.7564,250.7091,250.6801,250.6616,250.6414,250.6195,250.5959,250.5706,250.5437,250.5152,250.5071,250.5052,250.5016,250.4966,250.4900,250.4819,250.4723,250.4614,250.4491,250.4355,250.4206,250.4044,250.3871,250.3687,250.3491,250.3284,250.3067,250.2840,250.2603,250.2357,250.2102,250.1838,250.1565,250.1284,250.0996,250.0700,250.0396,250.0085,249.9768,249.9444,249.9113,249.8776,249.8434,249.8085,249.7731,249.7371,249.7007,249.6637,249.6262,249.5883,249.5499,249.5110,249.4717,249.4320,249.3919,249.3514,249.3106,249.2693,249.2277,249.1858,249.1435,249.1009,249.0580,249.0147,248.9712,248.9274,248.8833,248.8389,248.7943,248.7494,248.7043,248.6589,248.6133,248.5674,248.5213,248.4750,248.4285,248.3818,248.3349,248.2878,248.2405,248.1930,248.1454,248.0975,248.0495,248.0013,247.9530,247.9045,247.8558
1,2,8,0,W1Mo2Se8S0,3,1,0,11,1,12,,260.6429,260.5376,260.4324,260.3271,260.2218,260.1165,260.0113,259.9060,259.8007,259.6954,259.5902,259.4849,259.3796,259.2744,259.1691,259.0638,258.9585,258.8533,258.7480,258.6427,258.5374,258.4322,258.3269,258.2216,258.1163,258.0111,257.9058,257.8005,257.6952,257.5900,257.4847,257.3794,257.2741,257.1689,257.0636,256.9583,256.8530,256.7478,256.6425,256.5372,256.4320,256.3267,256.2214,256.1161,256.0109,255.9056,255.8018,255.7475,255.6932,255.6389,255.5846,255.5303,255.4760,255.4217,255.3674,255.3131,255.2588,255.2045,255.1502,255.0959,255.0416,254.9873,254.9330,254.8787,254.8244,254.7701,254.7158,254.6615,254.6072,254.5529,254.4986,254.4443,254.3900,254.3357,254.2814,254.2271,254.1728,254.1185,254.0642,254.0099,253.9556,253.9013,253.8470,253.7927,253.7384,253.6841,253.6298,253.5755,253.5212,253.4669,253.4126,253.3583,253.3040,253.2497,253.1954,253.1411,253.0868,253.0325,252.9782,252.9239,252.8696,252.8153,252.7610,252.7067,252.6524,252.5981,252.5438,252.4895,252.4352,252.3809,252.3266,252.2723,252.2180,252.1637,252.1094,252.0551,252.0008,251.9465,251.8922,251.8379,251.7836
1,3,0,4,W1Mo3Se0S4,3,0,4,8,12,280,,330.4210,330.0786,329.7363,329.3940,329.0517,328.7093,328.3670,328.0247,327.6823,327.3400,326.9977,326.6553,326.3130,325.9707,325.6284,325.2860,324.9437,324.6014,324.2590,323.9167,323.5744,323.2321,322.8897,322.5474,322.2051,321.8627,321.5204,321.1781,320.8357,320.4934,320.1511,319.8088,319.4664,319.1241,318.7818,318.4394,318.0971,317.7548,317.4125,317.0701,316.7278,316.3855,316.0431,315.7008,315.3585,315.0161,314.6738,314.3315,313.9892,313.6468,313.3045,312.9622,312.6198,312.2775,311.9352,311.5929,311.2505,310.9082,310.5659,310.2235,309.8812,309.5389,309.1965,308.8542,308.5119,308.1696,307.8272,307.4849,307.1426,306.8002,306.4579,306.1156,305.7733,305.4309,305.0886,304.7463,304.4039,304.0616,303.7193,303.3770,303.0346,302.6923,302.3500,302.0076,301.6653,301.3230,300.9806,300.6383,300.2960,299.9537,299.6113,299.2690,298.9267,298.5843,298.2420,297.8997,297.5574,297.2150,296.8727,296.5304,296.1880,295.8457,295.5034,295.1610,294.8187,294.4764,294.1341,293.7917,293.4494,293.1071,292.7647,292.4224,292.0801,291.7378,291.3954,291.0531,290.7108,290.3684,290.0261,289.6838,289.3414
1,3,0,5,W1Mo3Se0S5,3,0,3,9,8,224,,438.8795,438.5089,438.1382,437.7676,437.3969,437.0261,436.6550,436.2834,435.9108,435.5370,435.1618,434.7850,434.4065,434.0262,433.6440,433.2599,432.8738,432.4857,432.0955,431.7032,431.3088,430.9122,430.5135,430.1125,429.7094,429.3040,428.8965,428.4867,428.0747,427.6605,427.2442,426.8257,426.4052,425.9825,425.5579,425.1312,424.7026,424.2720,423.8396,423.4054,422.9693,422.5316,422.0921,421.6510,421.2083,420.7641,420.3183,419.8711,419.4224,418.9723,418.5209,418.0683,417.6143,417.1591,416.7028,416.2452,415.7866,415.3269,414.8661,414.4043,413.9416,413.4779,413.0132,412.5477,412.0812,411.6140,411.1459,410.6770,410.2074,409.7370,409.2659,408.7941,408.3216,407.8484,407.3746,406.9001,406.4251,405.9495,405.4732,404.9965,404.5191,404.0413,403.5629,403.0841,402.6047,402.1249,401.6446,401.1639,400.6828,400.2012,399.7192,399.2368,398.7539,398.2708,397.7872,397.3033,396.8190,396.3343,395.8494,395.3641,394.8784,394.3925,393.9062,393.4196,392.9328,392.4456,391.9582,391.4705,390.9825,390.4943,390.0058,389.5170,389.0280,388.5387,388.0492,387.5595,387.0695,386.5794,386.0889,385.5983,385.1075
1,3,0,6,W1Mo3Se0S6,3,0,2,10,6,112,,273.7806,273.6611,273.5416,273.4222,273.3025,273.1816,273.0577,272.9289,272.7932,272.6496,272.4975,272.3371,272.1686,271.9926,271.8096,271.6203,271.4251,271.2245,271.0190,270.8089,270.5944,270.3758,270.1533,269.9271,269.6972,269.4638,269.2271,268.9870,268.7438,268.4973,268.2478,267.9951,267.7395,267.4809,267.2194,266.9550,266.6877,266.4177,266.1448,265.8692,265.5910,265.3100,265.0265,264.7403,264.4516,264.1604,263.8667,263.5706,263.2721,262.9712,262.6681,262.3627,262.0550,261.7452,261.4333,261.1192,260.8032,260.4851,260.1650,259.8431,259.5192,259.1936,258.8661,258.5369,258.2060,257.8735,257.5393,257.2035,256.8662,256.5273,256.1870,255.8453,255.5021,255.1576,254.8118,254.4647,254.1163,253.7667,253.4159,253.0639,252.7108,252.3565,252.0012,251.6449,251.2875,250.9291,250.5697,250.2094,249.8482,249.4861,249.1231,248.7592,248.3945,248.0290,247.6627,247.2956,246.9278,246.5592,246.1900,245.8200,245.4493,245.0780,244.7061,244.3335,243.9602,243.5864,243.2120,242.8371,242.4615,242.0855,241.7089,241.3317,240.9541,240.5760,240.1974,239.8183,239.4387,239.0587,238.6783,238.2974,237.9161
1,3,0,7,W1Mo3Se0S7,3,0,1,11,2,32,,132.2150,132.1064,131.9978,131.8892,131.7806,131.6720,131.5633,131.4547,131.3459,131.2368,131.1271,131.0165,130.9046,130.7909,130.6751,130.5567,130.4355,130.3111,130.1834,130.0523,129.9177,129.7794,129.6377,129.4924,129.3437,129.1916,129.0364,128.8781,128.7168,128.5528,128.3860,128.2168,128.0452,127.8713,127.6953,127.5173,127.3373,127.1557,126.9723,126.7874,126.6009,126.4131,126.2240,126.0336,125.8420,125.6494,125.4557,125.2610,125.0654,124.8690,124.6717,124.4736,124.2747,124.0752,123.8750,123.6742,123.4728,123.2708,123.0682,122.8652,122.6616,122.4576,122.2532,122.0483,121.8431,121.6374,121.4314,121.2250,121.0183,120.8113,120.6039,120.3963,120.1884,119.9802,119.7718,119.5631,119.3542,119.1451,118.9357,118.7261,118.5163,118.3064,118.0962,117.8859,117.6754,117.4647,117.2538,117.0428,116.8317,116.6204,116.4090,116.1974,115.9857,115.7739,115.5619,115.3499,115.1377,114.9254,114.7130,114.5005,114.2879,114.0752,113.8624,113.6495,113.4366,113.2235,113.0104,112.7972,112.5839,112.3705,112.1570,111.9435,111.7299,111.5163,111.3025,111.0887,110.8749,110.6610,110.4470,110.2330,110.0189
1,3,0,8,W1Mo3Se0S8,3,0,0,12,1,4,0,-0.0000,0.0000,-0.0000,-0.0000,-0.0000,-0.0000,-0.0000,0.0000,-0.0000,-0.0000,0.0000,-0.0000,0.0000,-0.0000,-0.0000,-0.0000,0.0000,-0.0000,-0.0000,-0.0000,-0.0000,-0.0000,-0.0000,-0.0000,-0.0000,0.0000,-0.0000,-0.0000,-0.0000,-0.0000,-0.0000,-0.0000,-0.0000,-0.0000,-0.0000,-0.0000,-0.0000,-0.0000,-0.0000,-0.0000,0.0000,-0.0000,-0.0000,0.0000,-0.0000,-0.0000,-0.0000,-0.0000,-0.0000,-0.0000,-0.0000,-0.0000,-0.0000,-0.0000,0.0000,-0.0000,0.0000,0.0000,-0.0000,-0.0000,-0.0000,0.0000,-0.0000,0.0000,-0.0000,0.0000,0.0000,-0.0000,-0.0000,-0.0000,-0.0000,-0.0000,-0.0000,-0.0000,-0.0000,-0.0000,-0.0000,-0.0000,-0.0000,-0.0000,0.0000,-0.0000,-0.0000,0.0000,-0.0000,-0.0000,-0.0000,-0.0000,-0.0000,-0.0000,-0.0000,-0.0000,-0.0000,-0.0000,-0.0000,-0.0000,-0.0000,-0.0000,0.0000,-0.0000,-0.0000,-0.0000,-0.0000,0.0000,0.0000,0.0000,-0.0000,-0.0000,-0.0000,-0.0000,-0.0000,-0.0000,-0.0000,-0.0000,-0.0000,-0.0000,0.0000,-0.0000,-0.0000,-0.0000,-0.0000
1,3,1,3,W1Mo3Se1S3,4,0,4,8,31,1120,,324.1977,323.9147,323.6316,323.3480,323.0626,322.7732,322.4789,322.1795,321.8755,321.5679,321.2575,320.9448,320.6306,320.3153,319.9993,319.6827,319.3659,319.0490,318.7320,318.4150,318.0981,317.7813,317.4647,317.1482,316.8319,316.5157,316.1998,315.8839,315.5682,315.2527,314.9373,314.6221,314.3070,313.9920,313.6771,313.3624,313.0477,312.7332,312.4187,312.1044,311.7901,311.4759,311.1618,310.8478,310.5338,310.2199,309.9060,309.5923,309.2785,308.9649,308.6513,308.3377,308.0242,307.7107,307.3973,307.0839,306.7705,306.4572,306.1439,305.8306,305.5174,305.2042,304.8911,304.5779,304.2648,303.9518,303.6387,303.3257,303.0127,302.6997,302.3867,302.0738,301.7609,301.4479,301.1351,300.8222,300.5093,300.1965,299.8837,299.5709,299.2581,298.9453,298.6325,298.3197,298.0070,297.6943,297.3815,297.0688,296.7561,296.4434,296.1307,295.8180,295.5054,295.1927,294.8800,294.5674,294.2547,293.9421,293.6295,293.3168,293.0042,292.6916,292.3789,292.0663,291.7537,291.4411,291.1285,290.8158,290.5032,290.1906,289.8780,289.5654,289.2527,288.9401,288.6275,288.3148,288.0022,287.6896,287.3769,287.0642,286.7516
1,3,1,4,W1Mo3Se1S4,4,0,3,9,31,1120,,437.5641,437.3124,437.0607,436.8092,436.5584,436.3086,436.0597,435.8115,435.5635,435.3151,435.0660,434.8156,434.5657,434.3277,434.0871,433.8438,433.5975,433.3481,433.0955,432.8396,432.5802,432.3173,432.0507,431.7803,431.5062,431.2282,430.9462,430.6603,430.3704,430.0765,429.7785,429.4765,429.1704,428.8604,428.5463,428.2283,427.9064,427.5806,427.2509,426.9176,426.5805,426.2398,425.8956,425.5478,425.1967,424.8422,424.4844,424.1235,423.7595,423.3925,423.0225,422.6497,422.2741,421.8957,421.5148,421.1313,420.7453,420.3569,419.9661,419.5731,419.1779,418.7805,418.3810,417.9795,417.5761,417.1707,416.7636,416.3546,415.9439,415.5314,415.1174,414.7018,414.2846,413.8659,413.4458,413.0242,412.6013,412.1770,411.7514,411.3246,410.8966,410.4673,410.0369,409.6054,409.1727,408.7391,408.3043,407.8686,407.4318,406.9942,406.5555,406.1160,405.6756,405.2343,404.7922,404.3492,403.9055,403.4610,403.0157,402.5697,402.1229,401.6755,401.2273,400.7785,400.3290,399.8789,399.4281,398.9768,398.5248,398.0722,397.6191,397.1654,396.7112,396.2564,395.8011,395.3453,394.8890,394.4322,393.9749,393.5171,393.0589
1,3,1,5,W1Mo3Se1S5,4,0,2,10,19,672,,278.7105,278.5435,278.3691,278.1789,277.9765,277.7656,277.5474,277.3222,277.0901,276.8514,276.6065,276.3563,276.1048,275.8742,275.6393,275.4007,275.1589,274.9143,274.6674,274.4183,274.1673,273.9147,273.6606,273.4051,273.1483,272.8904,272.6315,272.3714,272.1104,271.8483,271.5853,271.3213,271.0564,270.7906,270.5237,270.2559,269.9871,269.7173,269.4465,269.1747,268.9018,268.6278,268.3528,268.0766,267.7993,267.5208,267.2412,266.9605,266.6785,266.3953,266.1109,265.8253,265.5384,265.2503,264.9609,264.6702,264.3783,264.0851,263.7907,263.4949,263.1979,262.8996,262.6000,262.2992,261.9970,261.6936,261.3890,261.0831,260.7759,260.4675,260.1579,259.8471,259.5350,259.2217,258.9073,258.5917,258.2749,257.9569,257.6378,257.3176,256.9962,256.6737,256.3502,256.0256,255.6999,255.3731,255.0453,254.7165,254.3867,254.0559,253.7241,253.3914,253.0577,252.7230,252.3875,252.0510,251.7136,251.3753,251.0362,250.6962,250.3554,250.0138,249.6713,249.3280,248.9840,248.6391,248.2936,247.9472,247.6001,247.2523,246.9038,246.5546,246.2046,245.8541,245.5028,245.1509,244.7983,244.4451,244.0913,243.7368,243.3818
1,3,1,6,W1Mo3Se1S6,4,0,1,11,8,224,,135.7774,135.6489,135.5205,135.3923,135.2645,135.1362,135.0063,134.8738,134.7458,134.6186,134.4871,134.3511,134.2109,134.0663,133.9174,133.7643,133.6071,133.4458,133.2806,133.1117,132.9390,132.7629,132.5835,132.4160,132.2476,132.0765,131.9028,131.7266,131.5481,131.3674,131.1847,131.0000,130.8135,130.6252,130.4353,130.2438,130.0509,129.8625,129.6841,129.5045,129.3236,129.1416,128.9585,128.7744,128.5892,128.4032,128.2163,128.0285,127.8400,127.6506,127.4606,127.2698,127.0784,126.8864,126.6937,126.5004,126.3066,126.1122,125.9174,125.7220,125.5261,125.3298,125.1331,124.9359,124.7383,124.5403,124.3420,124.1432,123.9442,123.7447,123.5450,123.3449,123.1445,122.9438,122.7428,122.5415,122.3400,122.1382,121.9362,121.7338,121.5313,121.3285,121.1255,120.9223,120.7188,120.5152,120.3113,120.1073,119.9031,119.6986,119.4940,119.2892,119.0843,118.8792,118.6739,118.4684,118.2628,118.0571,117.8512,117.6451,117.4389,117.2326,117.0262,116.8196,116.6129,116.4060,116.1991,115.9920,115.7848,115.5775,115.3701,115.1625,114.9549,114.7472,114.5393,114.3314,114.1234,113.9152,113.7070,113.4987,113.2903
1,3,1,7,W1Mo3Se1S7,4,0,0,12,2,32,230,0.9905,0.9553,0.9202,0.8858,0.8533,0.8216,0.7881,0.7502,0.7210,0.6939,0.6601,0.6207,0.5765,0.5284,0.4772,0.4235,0.3677,0.3103,0.2515,0.1917,0.1309,0.0695,0.0074,-0.0000,-0.0000,0.0000,0.0000,0.0000,-0.0000,-0.0000,-0.0000,-0.0000,-0.0000,-0.0000,0.0000,-0.0000,-0.0000,-0.0000,-0.0000,-0.0000,-0.0000,-0.0000,-0.0000,-0.0000,-0.0000,-0.0000,-0.0000,-0.0000,-0.0000,-0.0000,-0.0000,0.0000,-0.0000,-0.0000,-0.0000,-0.0000,-0.0000,-0.0000,-0.0000,-0.0000,-0.0000,-0.0000,-0.0000,-0.0000,-0.0000,-0.0000,-0.0000,0.0000,-0.0000,-0.0000,-0.0000,-0.0000,-0.0000,-0.0000,-0.0000,-0.0000,0.0000,-0.0000,-0.0000,-0.0000,-0.0000,0.0000,-0.0000,-0.0000,-0.0000,-0.0000,-0.0000,-0.0000,-0.0000,-0.0000,-0.0000,-0.0000,-0.0000,-0.0000,-0.0000,-0.0000,-0.0000,-0.0000,-0.0000,-0.0000,-0.0000,-0.0000,-0.0000,-0.0000,-0.0000,-0.0000,-0.0000,-0.0000,-0.0000,-0.0000,-0.0000,0.0000,-0.0000,-0.0000,0.0000,-0.0000,-0.0000,0.0000,-0.0000,-0.0000,-0.0000
1,3,2,2,W1Mo3Se2S2,4,0,4,8,47,1680,,314.1852,313.9394,313.6937,313.4508,313.2172,312.9967,312.7880,312.5866,312.3873,312.1852,311.9766,311.7594,311.5323,311.2949,311.0477,310.7912,310.5262,310.2535,309.9739,309.6883,309.3972,309.1012,308.8010,308.4969,308.1893,307.8786,307.5650,307.2489,306.9304,306.6098,306.2872,305.9628,305.6367,305.3090,304.9798,304.6493,304.3175,303.9845,303.6504,303.3152,302.9790,302.6419,302.3039,301.9651,301.6255,301.2851,300.9440,300.6022,300.2598,299.9167,299.5731,299.2289,298.8842,298.5389,298.1932,297.8470,297.5003,297.1533,296.8058,296.4579,296.1096,295.7610,295.4120,295.0627,294.7131,294.3632,294.0129,293.6624,293.3116,292.9605,292.6092,292.2576,291.9058,291.5538,291.2015,290.8490,290.4963,290.1434,289.7904,289.4371,289.0836,288.7300,288.3762,288.0222,287.6681,287.3138,286.9593,286.6047,286.2500,285.8951,285.5401,285.1850,284.8297,284.4743,284.1188,283.8107,283.5057,283.2006,282.8953,282.5899,282.2844,281.9788,281.6730,281.3671,281.0611,280.7550,280.4487,280.1424,279.8359,279.5294,279.2227,278.9159,278.6090,278.3021,277.9950,277.6878,277.3806,277.0732,276.7657,276.4582,276.1506
1,3,2,3,W1Mo3Se2S3,4,0,3,9,57,2240,,441.6389,441.3921,441.1453,440.9006,440.6623,440.4339,440.2155,440.0063,439.8047,439.6097,439.4202,439.2353,439.0608,438.9081,438.7564,438.6050,438.4535,438.3011,438.1473,437.9915,437.8331,437.6714,437.5060,437.3362,437.1616,436.9816,436.7959,436.6041,436.4059,436.2010,435.9893,435.7706,435.5448,435.3120,435.0720,434.8249,434.5709,434.3100,434.0424,433.7683,433.4877,433.2009,432.9081,432.6095,432.3053,431.9957,431.6809,431.3610,431.0364,430.7071,430.3734,430.0355,429.6935,429.3476,428.9980,428.6447,428.2881,427.9281,427.5650,427.1988,426.8298,426.4579,426.0834,425.7063,425.3267,424.9447,424.5604,424.1740,423.7854,423.3948,423.0022,422.6077,422.2114,421.8133,421.4135,421.0120,420.6090,420.2044,419.7983,419.3908,418.9819,418.5716,418.1601,417.7472,417.3331,416.9179,416.5014,416.0839,415.6652,415.2455,414.8247,414.4029,413.9802,413.5564,413.1318,412.7168,412.3017,411.8857,411.4688,411.0511,410.6326,410.2134,409.7933,409.3725,408.9510,408.5288,408.1059,407.6823,407.2580,406.8331,406.4075,405.9813,405.5545,405.1272,404.6992,404.2706,403.8415,403.4118,402.9816,402.5509,402.1197
1,3,2,4,W1Mo3Se2S4,4,0,2,10,47,1680,,280.8333,280.7648,280.6893,280.5897,280.4618,280.3094,280.1381,279.9533,279.7590,279.5579,279.3520,279.1425,278.9362,278.7445,278.5495,278.3516,278.1510,277.9478,277.7421,277.5340,277.3236,277.1110,276.8962,276.6794,276.4605,276.2397,276.0169,275.7923,275.5659,275.3378,275.1079,274.8765,274.6434,274.4087,274.1725,273.9349,273.6957,273.4552,273.2132,272.9698,272.7251,272.4791,272.2317,271.9830,271.7329,271.4816,271.2291,270.9752,270.7201,270.4637,270.2061,269.9472,269.6870,269.4256,269.1630,268.8992,268.6340,268.3677,268.1001,267.8313,267.5613,267.2900,267.0175,266.7438,266.4688,266.1927,265.9153,265.6367,265.3569,265.0759,264.7937,264.5103,264.2257,263.9399,263.6529,263.3647,263.0754,262.7849,262.4933,262.2005,261.9066,261.6115,261.3153,261.0180,260.7196,260.4201,260.1194,259.8177,259.5150,259.2111,258.9062,258.6003,258.2933,257.9853,257.6762,257.3662,257.0552,256.7432,256.4302,256.1162,255.8013,255.4855,255.1687,254.8510,254.5324,254.2128,253.8924,253.5711,253.2490,252.9260,252.6021,252.2774,251.9519,251.6255,251.2984,250.9705,250.6417,250.3122,249.9820,249.6509,249.3192
1,3,2,5,W1Mo3Se2S5,4,0,1,11,19,672,,139.3435,139.1551,138.9668,138.7802,138.5988,138.4243,138.2556,138.0906,137.9346,137.7824,137.6275,137.4688,137.3112,137.1642,137.0109,136.8516,136.6864,136.5156,136.3394,136.1582,135.9723,135.7820,135.5876,135.3895,135.1880,134.9831,134.7963,134.6240,134.4610,134.2961,134.1292,133.9607,133.7905,133.6187,133.4455,133.2710,133.0951,132.9180,132.7397,132.5603,132.3799,132.1984,132.0160,131.8327,131.6484,131.4634,131.2802,131.0982,130.9156,130.7322,130.5482,130.3636,130.1783,129.9924,129.8060,129.6190,129.4314,129.2433,129.0547,128.8656,128.6761,128.4860,128.2956,128.1046,127.9133,127.7215,127.5293,127.3368,127.1438,126.9505,126.7568,126.5628,126.3684,126.1737,125.9787,125.7833,125.5876,125.3917,125.1954,124.9989,124.8020,124.6049,124.4075,124.2099,124.0120,123.8138,123.6154,123.4168,123.2179,123.0189,122.8195,122.6200,122.4202,122.2203,122.0201,121.8198,121.6192,121.4185,121.2175,121.0164,120.8151,120.6136,120.4120,120.2101,120.0082,119.8060,119.6037,119.4012,119.1986,118.9959,118.7929,118.5899,118.3867,118.1833,117.9799,117.7763,117.5725,117.3687,117.1647,116.9605,116.7563
1,3,2,6,W1Mo3Se2S6,4,0,0,12,6,112,260,1.8777,1.9067,1.9233,1.8989,1.8441,1.7776,1.7082,1.6381,1.5673,1.4952,1.4212,1.3448,1.2658,1.1841,1.0997,1.0126,0.9230,0.8311,0.7370,0.6408,0.5428,0.4430,0.3417,0.2389,0.1348,0.0295,-0.0000,-0.0000,-0.0000,-0.0000,0.0000,-0.0000,-0.0000,-0.0000,-0.0000,-0.0000,-0.0000,-0.0000,-0.0000,-0.0000,-0.0000,-0.0000,-0.0000,0.0000,-0.0000,-0.0000,-0.0000,-0.0000,-0.0000,-0.0000,-0.0000,-0.0000,-0.0000,-0.0000,0.0000,-0.0000,-0.0000,-0.0000,-0.0000,-0.0000,0.0000,0.0000,-0.0000,-0.0000,-0.0000,-0.0000,-0.0000,-0.0000,-0.0000,-0.0000,-0.0000,-0.0000,-0.0000,-0.0000,0.0000,-0.0000,-0.0000,-0.0000,-0.0000,0.0000,-0.0000,0.0000,0.0000,-0.0000,-0.0000,-0.0000,-0.0000,-0.0000,-0.0000,-0.0000,-0.0000,-0.0000,-0.0000,-0.0000,-0.0000,-0.0000,-0.0000,-0.0000,-0.0000,-0.0000,-0.0000,-0.0000,-0.0000,-0.0000,-0.0000,-0.0000,-0.0000,-0.0000,-0.0000,-0.0000,0.0000,-0.0000,-0.0000,-0.0000,-0.0000,-0.0000,-0.0000,0.0000,-0.0000,-0.0000,-0.0000
1,3,3,1,W1Mo3Se3S1,4,0,4,8,31,1120,,307.7486,307.4545,307.1605,306.9446,306.7377,306.5325,306.3292,306.1276,305.9275,305.7282,305.5289,305.3287,305.1267,304.9222,304.7146,304.5033,304.2879,304.0683,303.8442,303.6157,303.3828,303.1457,302.9043,302.6590,302.4099,302.1571,301.9010,301.6418,301.3795,301.1144,300.8467,300.5765,300.3041,300.0295,299.7530,299.4745,299.1944,298.9126,298.6293,298.3446,298.0586,297.7713,297.4829,297.1933,296.9027,296.6112,296.3187,296.0254,295.7313,295.4364,295.1407,294.8444,294.5474,294.2498,293.9515,293.6527,293.3534,293.0535,292.7530,292.4521,292.1507,291.8489,291.5654,291.2922,291.0185,290.7445,290.4700,290.1950,289.9197,289.6440,289.3678,289.0913,288.8144,288.5371,288.2594,287.9813,287.7028,287.4240,287.1448,286.8652,286.5852,286.3049,286.0241,285.7430,285.4615,285.1796,284.8973,284.6147,284.3316,284.0482,283.7644,283.4801,283.1955,282.9105,282.6250,282.3392,282.0529,281.7663,281.4792,281.1917,280.9038,280.6155,280.3267,280.0375,279.7479,279.4579,279.1674,278.8765,278.5851,278.2933,278.0011,277.7084,277.4152,277.1216,276.8276,276.5331,276.2382,275.9428,275.6469,275.3506,275.0723
1,3,3,2,W1Mo3Se3S2,4,0,3,9,57,2240,,443.9089,443.6241,443.3393,443.0912,442.8532,442.6252,442.4073,442.1985,441.9971,441.8015,441.6102,441.4218,441.2354,441.0641,440.9021,440.7380,440.5713,440.4014,440.2282,440.0514,439.8707,439.6860,439.4973,439.3043,439.1072,438.9058,438.7001,438.4902,438.2761,438.0578,437.8354,437.6088,437.3781,437.1435,436.9048,436.6623,436.4159,436.1658,435.9119,435.6543,435.3932,435.1285,434.8603,434.5886,434.3136,434.0352,433.7536,433.4688,433.1808,432.8897,432.5956,432.2984,431.9984,431.6954,431.3895,431.0809,430.7695,430.4554,430.1386,429.8192,429.4973,429.1729,428.8459,428.5166,428.1848,427.8507,427.5143,427.1757,426.8348,426.4918,426.1466,425.7993,425.4499,425.0986,424.7452,424.3899,424.0327,423.6736,423.3127,422.9499,422.5854,422.2192,421.8512,421.4816,421.1103,420.7374,420.3629,419.9869,419.6094,419.2304,418.8499,418.4679,418.0846,417.6998,417.3137,416.9369,416.5594,416.1807,415.8007,415.4194,415.0369,414.6533,414.2684,413.8824,413.4953,413.1070,412.7177,412.3273,411.9358,411.5433,411.1498,410.7553,410.3598,409.9634,409.5660,409.1677,408.7685,408.3683,407.9673,407.5655,407.1874
1,3,3,3,W1Mo3Se3S3,4,0,2,10,57,2240,,287.2458,287.0280,286.8103,286.5945,286.3825,286.1725,285.9605,285.7440,285.5222,285.2955,285.0649,284.8315,284.5960,284.3592,284.1216,283.8836,283.6454,283.4072,283.1690,282.9310,282.6932,282.4555,282.2179,281.9805,281.7431,281.5058,281.2685,281.0311,280.7937,280.5561,280.3184,280.0805,279.8424,279.6040,279.3653,279.1262,278.8869,278.6471,278.4069,278.1663,277.9253,277.6837,277.4417,277.1991,276.9560,276.7123,276.4681,276.2232,275.9777,275.7316,275.4848,275.2373,274.9892,274.7403,274.4907,274.2404,273.9893,273.7374,273.4848,273.2313,272.9771,272.7220,272.4660,272.2093,271.9516,271.6931,271.4338,271.1735,270.9123,270.6502,270.3872,270.1233,269.8584,269.5926,269.3259,269.0582,268.7895,268.5199,268.2493,267.9777,267.7052,267.4317,267.1572,266.8818,266.6053,266.3279,266.0495,265.7701,265.4898,265.2084,264.9261,264.6428,264.3585,264.0732,263.7870,263.5568,263.3296,263.1013,262.8721,262.6419,262.4107,262.1785,261.9454,261.7113,261.4762,261.2402,261.0033,260.7654,260.5265,260.2868,260.0461,259.8045,259.5620,259.3187,259.0744,258.8292,258.5832,258.3363,258.0886,257.8400,257.5906
1,3,3,4,W1Mo3Se3S4,4,0,1,11,31,1120,,142.8966,142.7593,142.6221,142.4953,142.3708,142.2455,142.1156,141.9782,141.8315,141.6752,141.5097,141.3359,141.1546,140.9706,140.7833,140.5904,140.3925,140.1901,139.9836,139.7734,139.5804,139.3940,139.2050,139.0136,138.8201,138.6244,138.4268,138.2274,138.0262,137.8233,137.6189,137.4129,137.2055,136.9967,136.7866,136.5849,136.4213,136.2566,136.0909,135.9241,135.7563,135.5876,135.4180,135.2474,135.0760,134.9037,134.7306,134.5567,134.3820,134.2065,134.0303,133.8534,133.6758,133.4976,133.3186,133.1390,132.9588,132.7780,132.5965,132.4145,132.2319,132.0488,131.8651,131.6808,131.4961,131.3109,131.1251,130.9389,130.7522,130.5651,130.3775,130.1895,130.0010,129.8121,129.6229,129.4332,129.2431,129.0526,128.8618,128.6706,128.4791,128.2872,128.0949,127.9024,127.7095,127.5163,127.3227,127.1289,126.9348,126.7404,126.5456,126.3507,126.1554,125.9599,125.7641,125.5939,125.4253,125.2564,125.0873,124.9179,124.7483,124.5784,124.4083,124.2379,124.0674,123.8966,123.7256,123.5543,123.3829,123.2113,123.0394,122.8674,122.6951,122.5227,122.3501,122.1773,122.0043,121.8312,121.6579,121.4844,121.3107
1,3,3,5,W1Mo3Se3S5,4,0,0,12,8,224,350,4.1582,4.0382,3.9112,3.7789,3.6305,3.4751,3.3187,3.1633,3.0091,2.8562,2.7042,2.5528,2.4019,2.2584,2.1198,1.9805,1.8406,1.7000,1.5587,1.4168,1.3117,1.2239,1.1361,1.0482,0.9602,0.8721,0.7839,0.6955,0.6069,0.5181,0.4292,0.3402,0.2509,0.1615,0.0719,-0.0000,-0.0000,-0.0000,-0.0000,-0.0000,-0.0000,-0.0000,-0.0000,0.0000,-0.0000,-0.0000,-0.0000,-0.0000,-0.0000,-0.0000,-0.0000,-0.0000,-0.0000,-0.0000,-0.0000,0.0000,0.0000,-0.0000,-0.0000,-0.0000,-0.0000,-0.0000,-0.0000,-0.0000,-0.0000,-0.0000,0.0000,-0.0000,-0.0000,-0.0000,-0.0000,-0.0000,-0.0000,-0.0000,-0.0000,-0.0000,-0.0000,-0.0000,-0.0000,-0.0000,-0.0000,-0.0000,-0.0000,-0.0000,-0.0000,-0.0000,-0.0000,-0.0000,0.0000,-0.0000,-0.0000,-0.0000,0.0000,-0.0000,-0.0000,-0.0000,-0.0000,-0.0000,-0.0000,-0.0000,-0.0000,-0.0000,-0.0000,-0.0000,-0.0000,-0.0000,-0.0000,-0.0000,0.0000,0.0000,-0.0000,0.0000,0.0000,-0.0000,-0.0000,-0.0000,-0.0000,-0.0000,-0.0000,-0.0000,-0.0000
1,3,4,0,W1Mo3Se4S0,3,0,4,8,12,280,,309.5605,309.2182,308.8759,308.5335,308.1912,307.8489,307.5066,307.1642,306.8219,306.4796,306.1372,305.7949,305.4526,305.1102,304.7679,304.4256,304.0833,303.7409,303.3986,303.0563,302.7139,302.3716,302.0293,301.6870,301.3446,301.0023,300.6600,300.3176,299.9753,299.6330,299.3376,299.1883,299.0390,298.8896,298.7403,298.5909,298.4415,298.2921,298.1427,297.9933,297.8439,297.6944,297.5449,297.3953,297.2457,297.0960,296.9463,296.7965,296.6466,296.4966,296.3465,296.1963,296.0460,295.8956,295.7450,295.5943,295.4434,295.2923,295.1410,294.9895,294.8378,294.6859,294.5337,294.3812,294.2285,294.0755,293.9222,293.7686,293.6147,293.4604,293.3058,293.1508,292.9955,292.8397,292.6836,292.5270,292.3700,292.2126,292.0547,291.8963,291.7375,291.5782,291.4185,291.2582,291.0974,290.9361,290.7742,290.6119,290.4490,290.2855,290.1215,289.9569,289.7917,289.6260,289.4596,289.2927,289.1252,288.9571,288.7883,288.6190,288.4491,288.2785,288.1073,287.9355,287.7631,287.5900,287.4163,287.2420,287.0670,286.8914,286.7151,286.5383,286.3607,286.1826,286.0038,285.8243,285.6442,285.4635,285.2821,285.1001,284.9175
1,3,4,1,W1Mo3Se4S1,4,0,3,9,31,1120,,462.7965,462.5351,462.2736,462.0783,461.8787,461.6591,461.4163,461.1518,460.8692,460.5722,460.2641,459.9474,459.6239,459.2969,458.9786,458.6562,458.3304,458.0015,457.6700,457.3359,456.9997,456.6613,456.3210,455.9789,455.6349,455.2892,454.9418,454.5928,454.2422,453.8901,453.5364,453.1812,452.8244,452.4662,452.1066,451.7455,451.3829,451.0306,450.6972,450.3624,450.0263,449.6889,449.3502,449.0102,448.6688,448.3263,447.9824,447.6373,447.2910,446.9434,446.5947,446.2447,445.8935,445.5412,445.1877,444.8331,444.4773,444.1204,443.7624,443.4033,443.0431,442.6819,442.3363,441.9992,441.6611,441.3219,440.9817,440.6406,440.2984,439.9553,439.6112,439.2661,438.9202,438.5733,438.2255,437.8768,437.5272,437.1767,436.8254,436.4732,436.1202,435.7664,435.4117,435.0563,434.7000,434.3430,433.9852,433.6267,433.2674,432.9073,432.5466,432.1851,431.8229,431.4600,431.0964,430.7322,430.3672,430.0016,429.6354,429.2685,428.9010,428.5329,428.1641,427.7947,427.4248,427.0542,426.6831,426.3114,425.9391,425.5662,425.1928,424.8189,424.4444,424.0693,423.6938,423.3177,422.9412,422.5641,422.1865,421.8084,421.4463
1,3,4,2,W1Mo3Se4S2,4,0,2,10,47,1680,,290.9259,290.7192,290.4808,290.2947,290.1137,289.9332,289.7528,289.5714,289.3884,289.2035,289.0166,288.8277,288.6369,288.4572,288.2840,288.1079,287.9289,287.7472,287.5629,287.3762,287.1871,286.9957,286.8023,286.6067,286.4093,286.2099,286.0088,285.8060,285.6016,285.3956,285.1881,284.9792,284.7689,284.5573,284.3443,284.1302,283.9148,283.6983,283.4806,283.2618,283.0419,282.8210,282.5990,282.3761,282.1521,281.9271,281.7012,281.4743,281.2465,281.0177,280.7881,280.5575,280.3260,280.0935,279.8602,279.6260,279.3909,279.1548,278.9179,278.6801,278.4414,278.2018,277.9688,277.7392,277.5087,277.2773,277.0449,276.8117,276.5775,276.3424,276.1064,275.8694,275.6316,275.3927,275.1530,274.9123,274.6706,274.4280,274.1844,273.9399,273.6944,273.4480,273.2006,272.9522,272.7029,272.4525,272.2012,271.9490,271.6957,271.4415,271.1863,270.9301,270.6729,270.4148,270.1557,269.8956,269.6345,269.3724,269.1094,268.8453,268.5803,268.3144,268.0474,267.7795,267.5106,267.2408,266.9700,266.6982,266.4255,266.1518,265.8772,265.6016,265.3251,265.0477,264.7693,264.4900,264.2098,263.9287,263.6466,263.3637,263.1094
1,3,4,3,W1Mo3Se4S3,4,0,1,11,31,1120,,147.2957,147.0690,146.8424,146.6820,146.5288,146.3745,146.2170,146.0544,145.8852,145.7085,145.5242,145.3323,145.1333,144.9336,144.7318,144.5239,144.3108,144.0944,143.9141,143.7297,143.5416,143.3501,143.1554,142.9578,142.7576,142.5547,142.3495,142.1421,141.9325,141.7209,141.5073,141.2919,141.0747,140.8558,140.6352,140.4130,140.1892,139.9640,139.7372,139.5297,139.3690,139.2071,139.0442,138.8802,138.7152,138.5491,138.3819,138.2138,138.0448,137.8747,137.7038,137.5319,137.3591,137.1854,137.0109,136.8355,136.6594,136.4824,136.3046,136.1261,135.9468,135.7674,135.5913,135.4145,135.2370,135.0592,134.8811,134.7024,134.5231,134.3431,134.1626,133.9814,133.7997,133.6175,133.4347,133.2513,133.0675,132.8831,132.6983,132.5130,132.3272,132.1409,131.9542,131.7670,131.5794,131.3914,131.2030,131.0142,130.8250,130.6354,130.4454,130.2551,130.0644,129.8734,129.6820,129.4903,129.2982,129.1059,128.9132,128.7202,128.5269,128.3333,128.1394,127.9453,127.7509,127.5562,127.3612,127.1660,126.9705,126.7748,126.5788,126.3826,126.1861,125.9895,125.7926,125.5955,125.3981,125.2006,125.0029,124.8049,124.6202
1,3,4,4,W1Mo3Se4S4,4,0,0,12,12,280,390,4.9434,4.7912,4.6371,4.5435,4.4457,4.3372,4.2191,4.0925,3.9584,3.8176,3.6709,3.5188,3.3620,3.2008,3.0358,2.8672,2.6955,2.5239,2.4239,2.3213,2.2162,2.1090,1.9998,1.8889,1.7763,1.6622,1.5467,1.4300,1.3121,1.1933,1.0734,0.9527,0.8312,0.7089,0.5859,0.4623,0.3380,0.2133,0.0880,-0.0000,-0.0000,-0.0000,-0.0000,-0.0000,-0.0000,-0.0000,-0.0000,-0.0000,-0.0000,-0.0000,-0.0000,-0.0000,-0.0000,0.0000,0.0000,-0.0000,-0.0000,-0.0000,-0.0000,-0.0000,-0.0000,-0.0000,-0.0000,-0.0000,-0.0000,-0.0000,-0.0000,-0.0000,0.0000,-0.0000,-0.0000,-0.0000,-0.0000,-0.0000,-0.0000,-0.0000,-0.0000,-0.0000,-0.0000,-0.0000,-0.0000,-0.0000,-0.0000,-0.0000,-0.0000,0.0000,-0.0000,-0.0000,-0.0000,0.0000,-0.0000,-0.0000,-0.0000,-0.0000,-0.0000,-0.0000,-0.0000,-0.0000,-0.0000,-0.0000,0.0000,-0.0000,-0.0000,-0.0000,-0.0000,-0.0000,-0.0000,0.0000,-0.0000,-0.0000,-0.0000,-0.0000,-0.0000,-0.0000,-0.0000,-0.0000,0.0000,-0.0000,-0.0000,-0.0000,-0.0000
1,3,5,0,W1Mo3Se5S0,3,0,3,9,8,224,,486.8280,486.5238,486.2195,485.9152,485.6109,485.3065,485.0020,484.6970,484.3909,484.0831,483.7728,483.4595,483.1426,482.8217,482.4965,482.1669,481.8329,481.4944,481.1516,480.8045,480.4534,480.0983,479.7394,479.3770,479.0111,478.6419,478.2697,477.8944,477.5164,477.1355,476.8044,476.6329,476.4590,476.2828,476.1043,475.9237,475.7410,475.5563,475.3696,475.1810,474.9905,474.7982,474.6042,474.4084,474.2110,474.0119,473.8112,473.6090,473.4052,473.2000,472.9933,472.7852,472.5756,472.3647,472.1525,471.9390,471.7241,471.5081,471.2908,471.0722,470.8525,470.6317,470.4097,470.1866,469.9624,469.7372,469.5109,469.2836,469.0553,468.8260,468.5958,468.3646,468.1325,467.8995,467.6656,467.4308,467.1952,466.9587,466.7215,466.4834,466.2445,466.0049,465.7645,465.5234,465.2816,465.0391,464.7958,464.5519,464.3073,464.0620,463.8162,463.5696,463.3225,463.0748,462.8264,462.5775,462.3280,462.0779,461.8273,461.5762,461.3245,461.0723,460.8196,460.5664,460.3127,460.0586,459.8039,459.5488,459.2932,459.0372,458.7808,458.5239,458.2666,458.0088,457.7507,457.4922,457.2333,456.9739,456.7142,456.4542,456.1937
1,3,5,1,W1Mo3Se5S1,4,0,2,10,19,672,,298.6345,298.3395,298.0445,297.8117,297.5846,297.3564,297.1264,296.8948,296.6615,296.4267,296.1906,295.9533,295.7151,295.4794,295.2663,295.0519,294.8362,294.6194,294.4015,294.1826,293.9629,293.7424,293.5212,293.2994,293.0769,292.8538,292.6303,292.4062,292.1817,291.9568,291.7315,291.5058,291.2797,291.0533,290.8266,290.5995,290.3721,290.1654,289.9949,289.8241,289.6532,289.4820,289.3106,289.1389,288.9670,288.7949,288.6225,288.4498,288.2769,288.1037,287.9301,287.7563,287.5821,287.4076,287.2327,287.0575,286.8819,286.7060,286.5296,286.3528,286.1756,285.9979,285.8349,285.6800,285.5245,285.3686,285.2122,285.0552,284.8977,284.7396,284.5810,284.4218,284.2620,284.1015,283.9405,283.7788,283.6165,283.4535,283.2899,283.1256,282.9605,282.7948,282.6284,282.4612,282.2933,282.1247,281.9553,281.7852,281.6142,281.4425,281.2700,281.0967,280.9226,280.7476,280.5719,280.3953,280.2178,280.0396,279.8604,279.6805,279.4996,279.3179,279.1353,278.9519,278.7675,278.5823,278.3962,278.2092,278.0213,277.8325,277.6428,277.4522,277.2607,277.0683,276.8750,276.6808,276.4857,276.2897,276.0928,275.8950,275.7110
1,3,5,2,W1Mo3Se5S2,4,0,1,11,19,672,,152.5968,152.3893,152.1798,151.9962,151.7978,151.5813,151.3502,151.1077,150.8562,150.5974,150.3327,150.0631,149.8293,149.6095,149.4083,149.2040,148.9971,148.7876,148.5758,148.3619,148.1458,147.9277,147.7077,147.4858,147.2619,147.0362,146.8086,146.5792,146.3479,146.1149,145.8799,145.6432,145.4046,145.1643,144.9222,144.6783,144.4326,144.2042,144.0073,143.8088,143.6493,143.5199,143.3891,143.2568,143.1232,142.9882,142.8518,142.7141,142.5752,142.4349,142.2934,142.1507,142.0068,141.8617,141.7154,141.5681,141.4196,141.2701,141.1195,140.9679,140.8153,140.6617,140.5140,140.3693,140.2237,140.0787,139.9343,139.7890,139.6430,139.4962,139.3486,139.2002,139.0512,138.9014,138.7509,138.5997,138.4479,138.2955,138.1424,137.9887,137.8344,137.6796,137.5241,137.3682,137.2117,137.0546,136.8971,136.7391,136.5806,136.4216,136.2621,136.1022,135.9419,135.7812,135.6200,135.4584,135.2965,135.1341,134.9714,134.8083,134.6448,134.4810,134.3169,134.1524,133.9876,133.8225,133.6570,133.4913,133.3253,133.1589,132.9923,132.8254,132.6583,132.4908,132.3232,132.1552,131.9870,131.8186,131.6500,131.4811,131.3119
1,3,5,3,W1Mo3Se5S3,4,0,0,12,8,224,400,7.1101,6.9258,6.7413,6.5712,6.3935,6.2012,5.9927,5.7688,5.5319,5.2842,5.0279,4.7646,4.5692,4.3986,4.2446,4.0876,3.9281,3.7664,3.6029,3.4377,3.2710,3.1030,2.9339,2.7637,2.5924,2.4203,2.2474,2.0737,1.8992,1.7241,1.5484,1.3721,1.1953,1.0179,0.8400,0.6617,0.4830,0.3213,0.1897,0.0577,-0.0000,-0.0000,-0.0000,-0.0000,-0.0000,0.0000,-0.0000,-0.0000,-0.0000,-0.0000,-0.0000,-0.0000,-0.0000,-0.0000,-0.0000,0.0000,-0.0000,-0.0000,-0.0000,-0.0000,0.0000,-0.0000,-0.0000,-0.0000,-0.0000,-0.0000,-0.0000,-0.0000,-0.0000,0.0000,0.0000,-0.0000,0.0000,-0.0000,-0.0000,-0.0000,0.0000,-0.0000,-0.0000,-0.0000,0.0000,-0.0000,-0.0000,-0.0000,-0.0000,-0.0000,-0.0000,-0.0000,-0.0000,-0.0000,-0.0000,-0.0000,-0.0000,-0.0000,-0.0000,-0.0000,-0.0000,-0.0000,-0.0000,-0.0000,-0.0000,-0.0000,-0.0000,-0.0000,-0.0000,-0.0000,-0.0000,-0.0000,-0.0000,-0.0000,0.0000,-0.0000,-0.0000,-0.0000,-0.0000,-0.0000,-0.0000,-0.0000,-0.0000,-0.0000,-0.0000
1,3,6,0,W1Mo3Se6S0,3,0,2,10,6,112,,304.3488,304.1346,303.9205,303.7064,303.4922,303.2781,303.0639,302.8497,302.6352,302.4205,302.2054,301.9897,301.7735,301.5567,301.3391,301.1208,300.9018,300.6820,300.4614,300.2401,300.0181,299.7954,299.5720,299.3479,299.1233,298.8980,298.6722,298.4458,298.2189,297.9915,297.8201,297.8234,297.8263,297.8288,297.8309,297.8326,297.8341,297.8351,297.8359,297.8364,297.8366,297.8365,297.8362,297.8356,297.8348,297.8338,297.8325,297.8310,297.8293,297.8274,297.8253,297.8230,297.8205,297.8179,297.8150,297.8119,297.8087,297.8052,297.8016,297.7978,297.7938,297.7895,297.7851,297.7805,297.7756,297.7705,297.7652,297.7597,297.7539,297.7479,297.7416,297.7351,297.7283,297.7212,297.7138,297.7061,297.6981,297.6897,297.6811,297.6721,297.6627,297.6529,297.6428,297.6323,297.6214,297.6100,297.5982,297.5860,297.5734,297.5602,297.5466,297.5325,297.5179,297.5027,297.4871,297.4709,297.4541,297.4368,297.4189,297.4004,297.3813,297.3616,297.3413,297.3203,297.2987,297.2765,297.2535,297.2299,297.2056,297.1807,297.1550,297.1286,297.1014,297.0736,297.0450,297.0156,296.9855,296.9546,296.9230,296.8906,296.8574
1,3,6,1,W1Mo3Se6S1,4,0,1,11,8,224,,156.9201,156.7572,156.5942,156.4294,156.2570,156.0719,155.8724,155.6597,155.4358,155.2031,154.9633,154.7181,154.5019,154.2837,154.0626,153.8389,153.6129,153.3848,153.1545,152.9222,152.6879,152.4514,152.2127,151.9718,151.7285,151.4827,151.2344,150.9834,150.7296,150.4731,150.2650,150.2132,150.1585,150.1008,150.0401,149.9764,149.9097,149.8400,149.7674,149.6919,149.6134,149.5322,149.4481,149.3613,149.2719,149.1798,149.0852,148.9881,148.9246,148.8678,148.8089,148.7478,148.6847,148.6196,148.5525,148.4836,148.4129,148.3405,148.2663,148.1905,148.1132,148.0343,147.9539,147.8721,147.7890,147.7045,147.6187,147.5317,147.4435,147.3546,147.2690,147.1823,147.0945,147.0058,146.9161,146.8254,146.7339,146.6414,146.5482,146.4541,146.3593,146.2637,146.1673,146.0703,145.9726,145.8742,145.7751,145.6755,145.5752,145.4744,145.3745,145.2777,145.1804,145.0825,144.9841,144.8853,144.7860,144.6863,144.5861,144.4855,144.3844,144.2830,144.1812,144.0790,143.9765,143.8735,143.7703,143.6667,143.5628,143.4585,143.3540,143.2492,143.1440,143.0386,142.9329,142.8270,142.7207,142.6142,142.5075,142.4005,142.2933
1,3,6,2,W1Mo3Se6S2,4,0,0,12,6,112,,8.6669,8.4387,8.2104,7.9811,7.7489,7.5119,7.2688,7.0189,6.7623,6.4990,6.2294,5.9541,5.7346,5.5135,5.2879,5.0584,4.8253,4.5891,4.3499,4.1081,3.8640,3.6177,3.3695,3.1195,2.8680,2.6149,2.3606,2.1050,1.8483,1.5906,1.3789,1.3124,1.2450,1.1770,1.1082,1.0388,0.9688,0.8983,0.8272,0.7557,0.6837,0.6113,0.5385,0.4653,0.3918,0.3179,0.2438,0.1694,0.1607,0.1685,0.1762,0.1838,0.1914,0.1989,0.2064,0.2139,0.2213,0.2287,0.2361,0.2434,0.2507,0.2580,0.2652,0.2724,0.2796,0.2868,0.2939,0.3011,0.3082,0.3161,0.3320,0.3479,0.3637,0.3796,0.3954,0.4113,0.4271,0.4429,0.4587,0.4745,0.4902,0.5060,0.5218,0.5375,0.5533,0.5690,0.5848,0.6005,0.6162,0.6319,0.6504,0.6755,0.7006,0.7257,0.7508,0.7759,0.8009,0.8260,0.8511,0.8762,0.9013,0.9263,0.9514,0.9765,1.0015,1.0266,1.0517,1.0767,1.1018,1.1268,1.1519,1.1770,1.2020,1.2271,1.2521,1.2772,1.3022,1.3273,1.3523,1.3774,1.4024
1,3,7,0,W1Mo3Se7S0,3,0,1,11,2,32,,163.6838,163.5752,163.4666,163.3580,163.2494,163.1406,163.0310,162.9198,162.8057,162.6877,162.5648,162.4363,162.3018,162.1614,162.0151,161.8631,161.7057,161.5434,161.3765,161.2055,161.0306,160.8523,160.6710,160.4868,160.3001,160.1111,159.9200,159.7271,159.5325,159.3363,159.1644,159.0708,158.9760,158.8802,158.7835,158.6858,158.5873,158.4881,158.3881,158.2876,158.1864,158.0847,157.9824,157.8797,157.7765,157.6730,157.5705,157.5172,157.4635,157.4095,157.3552,157.3007,157.2459,157.1908,157.1355,157.0799,157.0242,156.9683,156.9122,156.8559,156.7994,156.7428,156.6861,156.6292,156.5722,156.5150,156.4577,156.4003,156.3428,156.2852,156.2275,156.1696,156.1117,156.0537,155.9956,155.9375,155.8792,155.8209,155.7625,155.7041,155.6456,155.5870,155.5283,155.4696,155.4109,155.3520,155.2932,155.2342,155.1753,155.1163,155.0572,154.9981,154.9389,154.8797,154.8205,154.7612,154.7019,154.6426,154.5832,154.5238,154.4644,154.4049,154.3454,154.2859,154.2263,154.1667,154.1071,154.0474,153.9878,153.9281,153.8684,153.8086,153.7489,153.6891,153.6293,153.5694,153.5096,153.4497,153.3898,153.3299,153.2700
1,3,7,1,W1Mo3Se7S1,4,0,0,12,2,32,310,5.0442,4.8657,4.6873,4.5088,4.3302,4.1510,3.9709,3.8021,3.6343,3.4657,3.2963,3.1261,2.9553,2.7840,2.6122,2.4400,2.2674,2.1064,1.9466,1.7863,1.6255,1.4642,1.3026,1.1406,0.9783,0.8158,0.6529,0.4898,0.3265,0.1630,0.0228,-0.0000,-0.0000,0.0000,0.0369,0.0963,0.1559,0.2157,0.2757,0.3359,0.3963,0.4568,0.5377,0.6259,0.7141,0.8024,0.8907,0.9792,1.0676,1.1562,1.2447,1.3334,1.4221,1.5108,1.5996,1.6884,1.7773,1.8662,1.9552,2.0442,2.1332,2.2223,2.3114,2.4005,2.4897,2.5789,2.6681,2.7573,2.8466,2.9359,3.0253,3.1146,3.2040,3.2934,3.3829,3.4723,3.5618,3.6513,3.7408,3.8303,3.9199,4.0095,4.0990,4.1886,4.2783,4.3679,4.4576,4.5472,4.6369,4.7266,4.8163,4.9060,4.9958,5.0855,5.1753,5.2651,5.3548,5.4446,5.5344,5.6243,5.7141,5.8039,5.8938,5.9836,6.0735,6.1634,6.2533,6.3432,6.4331,6.5230,6.6129,6.7028,6.7928,6.8827,6.9727,7.0626,7.1526,7.2426,7.3325,7.4225,7.5125
1,3,8,0,W1Mo3Se8S0,3,0,0,12,1,4,0,0.0000,-0.0000,0.0000,-0.0000,-0.0000,0.0000,-0.0000,0.0000,-0.0000,0.0000,-0.0000,0.0000,0.0000,-0.0000,0.0000,-0.0000,-0.0000,-0.0000,-0.0000,-0.0000,-0.0000,0.0000,0.0000,-0.0000,-0.0000,-0.0000,0.0000,-0.0000,-0.0000,-0.0000,-0.0000,-0.0000,-0.0000,-0.0000,-0.0000,-0.0000,0.0000,0.0000,0.0000,0.0000,0.0000,0.0000,-0.0000,-0.0000,-0.0000,-0.0000,0.0028,0.0962,0.1897,0.2831,0.3766,0.4701,0.5635,0.6570,0.7504,0.8439,0.9373,1.0308,1.1242,1.2177,1.3111,1.4046,1.4980,1.5915,1.6849,1.7784,1.8718,1.9653,2.0587,2.1522,2.2456,2.3391,2.4325,2.5260,2.6194,2.7129,2.8063,2.8998,2.9932,3.0867,3.1801,3.2736,3.3670,3.4605,3.5539,3.6474,3.7408,3.8343,3.9277,4.0212,4.1146,4.2081,4.3015,4.3950,4.4884,4.5819,4.6753,4.7688,4.8622,4.9557,5.0492,5.1426,5.2361,5.3295,5.4230,5.5164,5.6099,5.7033,5.7968,5.8902,5.9837,6.0771,6.1706,6.2640,6.3575,6.4509,6.5444,6.6378,6.7313,6.8247,6.9182
2,0,0,4,W2Mo0Se0S4,2,2,4,6,16,420,120,2.8430,2.5857,2.3283,2.0710,1.8137,1.5563,1.2990,1.0416,0.7843,0.5270,0.2696,0.0123,0.0000,-0.0000,-0.0000,-0.0000,-0.0000,0.0000,-0.0000,-0.0000,-0.0000,-0.0000,-0.0000,-0.0000,-0.0000,-0.0000,-0.0000,-0.0000,-0.0000,0.0000,-0.0000,-0.0000,-0.0000,-0.0000,-0.0000,-0.0000,-0.0000,-0.0000,-0.0000,-0.0000,-0.0000,-0.0000,-0.0000,-0.0000,-0.0000,-0.0000,-0.0000,-0.0000,-0.0000,-0.0000,-0.0000,-0.0000,-0.0000,-0.0000,-0.0000,-0.0000,-0.0000,-0.0000,-0.0000,-0.0000,-0.0000,-0.0000,-0.0000,-0.0000,-0.0000,-0.0000,-0.0000,-0.0000,0.0000,-0.0000,0.0000,-0.0000,-0.0000,-0.0000,-0.0000,-0.0000,-0.0000,-0.0000,-0.0000,-0.0000,-0.0000,-0.0000,-0.0000,-0.0000,-0.0000,-0.0000,-0.0000,-0.0000,-0.0000,-0.0000,-0.0000,-0.0000,0.0000,-0.0000,-0.0000,-0.0000,-0.0000,-0.0000,-0.0000,-0.0000,-0.0000,-0.0000,-0.0000,-0.0000,-0.0000,-0.0000,-0.0000,-0.0000,-0.0000,-0.0000,-0.0000,-0.0000,-0.0000,-0.0000,-0.0000,-0.0000,-0.0000,-0.0000,0.0000,-0.0000,-0.0000
2,0,0,5,W2Mo0Se0S5,2,2,3,7,10,336,,375.0621,374.6709,374.2796,373.8884,373.4972,373.1059,372.7147,372.3235,371.9322,371.5410,371.1498,370.7585,370.5773,370.4067,370.2360,370.0653,369.8947,369.7240,369.5534,369.3827,369.2120,369.0414,368.8707,368.7001,368.5294,368.3587,368.1881,368.0174,367.8468,367.6761,367.5055,367.3348,367.1641,366.9935,366.8228,366.6522,366.4815,366.3108,366.1402,365.9695,365.7989,365.6282,365.4575,365.2869,365.1162,364.9455,364.7748,364.6042,364.4335,364.2628,364.0921,363.9213,363.7506,363.5798,363.4091,363.2383,363.0675,362.8966,362.7257,362.5548,362.3838,362.2127,362.0416,361.8705,361.6992,361.5279,361.3565,361.1849,361.0133,360.8415,360.6697,360.4976,360.3254,360.1530,359.9805,359.8077,359.6348,359.4616,359.2881,359.1145,358.9405,358.7662,358.5917,358.4168,358.2415,358.0659,357.8900,357.7136,357.5368,357.3596,357.1819,357.0038,356.8251,356.6460,356.4663,356.2860,356.1052,355.9238,355.7418,355.5591,355.3758,355.1918,355.0071,354.8217,354.6355,354.4486,354.2609,354.0725,353.8832,353.6931,353.5021,353.3103,353.1175,352.9239,352.7294,352.5339,352.3374,352.1400,351.9415,351.7421,351.5416
2,0,0,6,W2Mo0Se0S6,2,2,2,8,8,168,,272.3401,272.0724,271.7991,271.5096,271.2044,270.8885,270.5654,270.2377,269.9066,269.5733,269.2383,268.9021,268.7487,268.6037,268.4581,268.3121,268.1656,268.0189,267.8718,267.7245,267.5770,267.4293,267.2815,267.1336,266.9855,266.8374,266.6891,266.5408,266.3923,266.2438,266.0953,265.9466,265.7979,265.6491,265.5001,265.3511,265.2020,265.0528,264.9034,264.7539,264.6042,264.4543,264.3042,264.1539,264.0033,263.8524,263.7012,263.5497,263.3978,263.2455,263.0927,262.9395,262.7857,262.6314,262.4766,262.3211,262.1651,262.0083,261.8508,261.6926,261.5336,261.3738,261.2132,261.0517,260.8892,260.7259,260.5616,260.3963,260.2300,260.0627,259.8943,259.7247,259.5541,259.3824,259.2095,259.0354,258.8602,258.6837,258.5060,258.3270,258.1469,257.9654,257.7827,257.5987,257.4134,257.2268,257.0389,256.8496,256.6591,256.4672,256.2741,256.0795,255.8837,255.6865,255.4880,255.2882,255.0871,254.8846,254.6808,254.4757,254.2693,254.0616,253.8526,253.6423,253.4307,253.2179,253.0037,252.7884,252.5717,252.3538,252.1347,251.9144,251.6929,251.4701,251.2461,251.0210,250.7947,250.5673,250.3386,250.1089,249.8780
2,0,0,7,W2Mo0Se0S7,2,2,1,9,2,48,,311.4178,311.1135,310.8093,310.5049,310.2000,309.8934,309.5838,309.2703,308.9522,308.6296,308.3024,307.9711,307.7993,307.6323,307.4622,307.2894,307.1142,306.9369,306.7577,306.5768,306.3944,306.2107,306.0258,305.8399,305.6530,305.4652,305.2767,305.0875,304.8976,304.7072,304.5162,304.3247,304.1329,303.9406,303.7479,303.5549,303.3615,303.1679,302.9740,302.7799,302.5855,302.3909,302.1960,302.0010,301.8059,301.6105,301.4150,301.2194,301.0236,300.8276,300.6316,300.4354,300.2392,300.0428,299.8463,299.6498,299.4531,299.2564,299.0595,298.8626,298.6657,298.4686,298.2715,298.0744,297.8772,297.6799,297.4826,297.2852,297.0877,296.8903,296.6927,296.4952,296.2975,296.0999,295.9022,295.7045,295.5067,295.3089,295.1111,294.9132,294.7153,294.5174,294.3195,294.1215,293.9235,293.7254,293.5274,293.3293,293.1312,292.9331,292.7349,292.5368,292.3386,292.1404,291.9421,291.7439,291.5456,291.3474,291.1491,290.9507,290.7524,290.5541,290.3557,290.1574,289.9590,289.7606,289.5622,289.3637,289.1653,288.9668,288.7684,288.5699,288.3714,288.1729,287.9744,287.7759,287.5774,287.3788,287.1803,286.9817,286.7832
2,0,0,8,W2Mo0Se0S8,2,2,0,10,1,6,,561.3496,561.1952,561.0408,560.8864,560.7320,560.5775,560.4231,560.2687,560.1143,559.9599,559.8055,559.6511,559.6438,559.6438,559.6438,559.6438,559.6438,559.6438,559.6438,559.6438,559.6438,559.6438,559.6438,559.6438,559.6438,559.6438,559.6438,559.6438,559.6438,559.6438,559.6438,559.6438,559.6438,559.6438,559.6438,559.6438,559.6438,559.6438,559.6438,559.6438,559.6438,559.6438,559.6438,559.6438,559.6438,559.6438,559.6438,559.6438,559.6438,559.6438,559.6438,559.6438,559.6438,559.6438,559.6438,559.6438,559.6438,559.6438,559.6438,559.6438,559.6438,559.6438,559.6438,559.6438,559.6438,559.6438,559.6438,559.6438,559.6438,559.6438,559.6438,559.6438,559.6438,559.6438,559.6438,559.6438,559.6438,559.6438,559.6438,559.6438,559.6438,559.6438,559.6438,559.6438,559.6438,559.6438,559.6438,559.6438,559.6438,559.6438,559.6438,559.6438,559.6438,559.6438,559.6438,559.6438,559.6438,559.6438,559.6438,559.6438,559.6438,559.6438,559.6438,559.6438,559.6438,559.6438,559.6438,559.6438,559.6438,559.6438,559.6438,559.6438,559.6438,559.6438,559.6438,559.6438,559.6438,559.6438,559.6438,559.6438,559.6438
2,0,1,3,W2Mo0Se1S3,3,2,4,6,42,1680,,373.8486,373.4711,373.0935,372.7162,372.3398,371.9649,371.5920,371.2214,370.8534,370.4880,370.1254,369.7655,369.4083,369.0538,368.7018,368.3521,368.0047,367.6593,367.3158,366.9741,366.6339,366.2952,365.9578,365.6215,365.2863,364.9520,364.6376,364.3512,364.0648,363.7783,363.4917,363.2050,362.9180,362.6308,362.3432,362.0553,361.7669,361.4781,361.1888,360.8990,360.6086,360.3175,360.0258,359.7334,359.4403,359.1464,358.8518,358.5564,358.2602,357.9631,357.6652,357.3681,357.1075,356.8459,356.5832,356.3195,356.0549,355.7892,355.5224,355.2546,354.9858,354.7159,354.4450,354.1729,353.8998,353.6256,353.3503,353.0739,352.7964,352.5177,352.2380,351.9571,351.6750,351.3917,351.1073,350.8217,350.5349,350.2469,349.9576,349.6671,349.3753,349.0822,348.7879,348.4922,348.1952,347.8968,347.5971,347.2960,346.9935,346.6895,346.3842,346.0773,345.7690,345.4591,345.1478,344.8349,344.5204,344.2043,343.8867,343.5674,343.2465,342.9239,342.5996,342.2736,341.9459,341.6165,341.2853,340.9524,340.6176,340.2810,339.9426,339.6024,339.2603,338.9164,338.5705,338.2228,337.8732,337.5216,337.1681,336.8126,336.4552
2,0,1,4,W2Mo0Se1S4,3,2,3,7,42,1680,,360.4252,359.9486,359.4720,358.9953,358.5173,358.0349,357.5451,357.0454,356.5347,356.0130,355.4809,354.9392,354.5990,354.2617,353.9177,353.5676,353.2123,352.8522,352.4878,352.1196,351.7480,351.3731,350.9954,350.6150,350.2322,349.8471,349.4600,349.0709,348.6801,348.2876,347.8935,347.4980,347.1011,346.7029,346.3035,345.9030,345.5014,345.0989,344.6953,344.2909,343.8855,343.4794,343.0725,342.6648,342.2564,341.8473,341.4376,341.0272,340.6162,340.2046,339.7924,339.3797,338.9664,338.5526,338.1382,337.7234,337.3080,336.8922,336.4759,336.0591,335.6419,335.2242,334.8061,334.3875,333.9684,333.5490,333.1290,332.7087,332.2879,331.8668,331.4451,331.0231,330.6007,330.1778,329.7545,329.3308,328.9067,328.4822,328.0573,327.6319,327.2062,326.7801,326.3535,325.9265,325.4992,325.0714,324.6432,324.2146,323.7857,323.3563,322.9265,322.4963,322.0657,321.6347,321.2033,320.7715,320.3393,319.9067,319.4737,319.0403,318.6065,318.1723,317.7377,317.3026,316.8672,316.4314,315.9952,315.5586,315.1216,314.6842,314.2463,313.8081,313.3695,312.9305,312.4910,312.0512,311.6110,311.1703,310.7293,310.2878,309.8460
2,0,1,5,W2Mo0Se1S5,3,2,2,8,26,1008,,253.0036,252.6613,252.3190,251.9766,251.6343,251.2920,250.9497,250.6073,250.2649,249.9225,249.5797,249.2365,249.0764,248.9244,248.7709,248.6156,248.4580,248.2977,248.1345,247.9680,247.7979,247.6240,247.4462,247.2642,247.0781,246.8877,246.6929,246.4938,246.2904,246.0827,245.8706,245.6543,245.4338,245.2090,244.9802,244.7472,244.5103,244.2693,244.0245,243.7758,243.5233,243.2671,243.0072,242.7437,242.4766,242.2060,241.9320,241.6546,241.3739,241.0900,240.8028,240.5126,240.2192,239.9229,239.6236,239.3215,239.0165,238.7088,238.3984,238.0853,237.7697,237.4515,237.1309,236.8079,236.4826,236.1549,235.8250,235.4930,235.1588,234.8226,234.4843,234.1440,233.8018,233.4578,233.1119,232.7642,232.4148,232.0637,231.7109,231.3564,231.0004,230.6429,230.2839,229.9233,229.5614,229.1980,228.8332,228.4672,228.0998,227.7311,227.3611,226.9900,226.6176,226.2441,225.8694,225.4936,225.1166,224.7386,224.3595,223.9794,223.5983,223.2161,222.8330,222.4489,222.0639,221.6779,221.2910,220.9032,220.5145,220.1249,219.7345,219.3432,218.9511,218.5582,218.1644,217.7699,217.3746,216.9784,216.5816,216.1839,215.7855
2,0,1,6,W2Mo0Se1S6,3,2,1,9,10,336,,321.3777,321.0070,320.6352,320.2572,319.8679,319.4653,319.0502,318.6244,318.1899,317.7484,317.3013,316.8498,316.5581,316.2717,315.9830,315.6924,315.4001,315.1065,314.8117,314.5160,314.2194,313.9220,313.6240,313.3254,313.0262,312.7265,312.4263,312.1256,311.8245,311.5230,311.2210,310.9186,310.6157,310.3124,310.0086,309.7043,309.3996,309.0944,308.7887,308.4825,308.1758,307.8685,307.5607,307.2524,306.9435,306.6340,306.3240,306.0133,305.7021,305.3903,305.0779,304.7648,304.4512,304.1369,303.8220,303.5065,303.1904,302.8736,302.5562,302.2382,301.9196,301.6004,301.2805,300.9600,300.6389,300.3172,299.9949,299.6720,299.3485,299.0244,298.6997,298.3744,298.0485,297.7221,297.3951,297.0675,296.7394,296.4107,296.0815,295.7517,295.4214,295.0906,294.7593,294.4274,294.0951,293.7623,293.4289,293.0951,292.7608,292.4260,292.0908,291.7551,291.4189,291.0823,290.7453,290.4078,290.0699,289.7316,289.3928,289.0537,288.7142,288.3742,288.0339,287.6932,287.3521,287.0106,286.6687,286.3265,285.9840,285.6411,285.2978,284.9542,284.6103,284.2660,283.9214,283.5765,283.2313,282.8858,282.5399,282.1938,281.8473
2,0,1,7,W2Mo0Se1S7,3,2,0,10,2,48,,325.3087,325.0348,324.7610,324.4871,324.2132,323.9394,323.6655,323.3916,323.1178,322.8439,322.5701,322.2962,322.1693,322.0499,321.9304,321.8110,321.6915,321.5720,321.4526,321.3331,321.2137,321.0942,320.9747,320.8553,320.7358,320.6163,320.4969,320.3774,320.2580,320.1385,320.0190,319.8996,319.7801,319.6606,319.5412,319.4217,319.3022,319.1828,319.0633,318.9438,318.8243,318.7048,318.5853,318.4658,318.3463,318.2268,318.1073,317.9877,317.8681,317.7485,317.6289,317.5093,317.3896,317.2699,317.1501,317.0304,316.9105,316.7907,316.6707,316.5508,316.4307,316.3107,316.1905,316.0703,315.9500,315.8296,315.7091,315.5886,315.4679,315.3472,315.2264,315.1054,314.9844,314.8632,314.7419,314.6205,314.4990,314.3773,314.2555,314.1335,314.0114,313.8892,313.7668,313.6442,313.5215,313.3986,313.2755,313.1523,313.0289,312.9053,312.7815,312.6575,312.5334,312.4090,312.2845,312.1597,312.0348,311.9096,311.7842,311.6586,311.5328,311.4068,311.2806,311.1541,311.0274,310.9005,310.7734,310.6460,310.5184,310.3906,310.2625,310.1342,310.0056,309.8768,309.7478,309.6185,309.4890,309.3593,309.2293,309.0990,308.9685
2,0,2,2,W2Mo0Se2S2,3,2,4,6,68,2520,,29.3356,29.1074,28.8793,28.6542,28.4401,28.2431,28.0643,27.9019,27.7533,27.6160,27.4882,27.3682,27.2549,27.1474,27.0450,26.9468,26.8526,26.7618,26.6740,26.5889,26.5062,26.4256,26.3471,26.2702,26.1950,26.1212,26.0488,25.9775,25.9073,25.8381,25.7699,25.7025,25.6358,25.5699,25.5047,25.4401,25.3761,25.3126,25.2496,25.1871,25.1250,25.0633,25.0020,24.9941,25.0079,25.0216,25.0354,25.0492,25.0630,25.0767,25.0905,25.1043,25.1180,25.1318,25.1456,25.1594,25.1731,25.1869,25.2007,25.2144,25.2282,25.2420,25.2558,25.2695,25.2833,25.2971,25.3109,25.3246,25.3384,25.3522,25.3659,25.3797,25.3935,25.4073,25.4210,25.4348,25.4486,25.4624,25.4761,25.4899,25.5037,25.5174,25.5312,25.5450,25.5588,25.5725,25.5863,25.6001,25.6138,25.6276,25.6414,25.6551,25.6689,25.6827,25.6964,25.7102,25.7240,25.7377,25.7515,25.7653,25.7790,25.7928,25.8065,25.8203,25.8340,25.8478,25.8615,25.8753,25.8890,25.9027,25.9165,25.9302,25.9439,25.9576,25.9713,25.9851,25.9987,26.0124,26.0261,26.0398,26.0535
2,0,2,3,W2Mo0Se2S3,3,2,3,7,80,3360,,326.0535,325.7299,325.4063,325.0829,324.7602,324.4389,324.1193,323.8016,323.4860,323.1726,322.8612,322.5515,322.2432,321.9360,321.6292,321.3224,321.0151,320.7069,320.3972,320.0857,319.7720,319.4558,319.1367,318.8146,318.4893,318.1605,317.8446,317.5483,317.2477,316.9428,316.6335,316.3199,316.0019,315.6795,315.3527,315.0217,314.6863,314.3467,314.0028,313.6548,313.3026,312.9464,312.5861,312.2219,311.8537,311.4817,311.1060,310.7265,310.3433,309.9566,309.5663,309.1741,308.8104,308.4433,308.0729,307.6992,307.3223,306.9423,306.5592,306.1731,305.7841,305.3921,304.9974,304.5999,304.1997,303.7969,303.3915,302.9836,302.5732,302.1604,301.7452,301.3277,300.9080,300.4861,300.0620,299.6357,299.2075,298.7772,298.3449,297.9106,297.4745,297.0366,296.5968,296.1552,295.7119,295.2669,294.8202,294.3719,293.9220,293.4706,293.0176,292.5631,292.1071,291.6497,291.1908,290.7306,290.2690,289.8061,289.3419,288.8764,288.4096,287.9416,287.4724,287.0020,286.5305,286.0577,285.5839,285.1090,284.6329,284.1558,283.6777,283.1985,282.7183,282.2371,281.7550,281.2718,280.7878,280.3027,279.8168,279.3300,278.8422
2,0,2,4,W2Mo0Se2S4,3,2,2,8,68,2520,,270.8932,270.4762,270.0592,269.6422,269.2252,268.8082,268.3912,267.9742,267.5572,267.1402,266.7232,266.3062,266.0729,265.8488,265.6245,265.4001,265.1755,264.9506,264.7253,264.4995,264.2731,264.0460,263.8180,263.5890,263.3587,263.1270,262.8938,262.6587,262.4216,262.1823,261.9406,261.6963,261.4491,261.1988,260.9454,260.6886,260.4282,260.1640,259.8961,259.6241,259.3480,259.0678,258.7832,258.4943,258.2010,257.9032,257.6010,257.2942,256.9829,256.6671,256.3468,256.0220,255.6928,255.3591,255.0211,254.6788,254.3321,253.9813,253.6264,253.2673,252.9043,252.5373,252.1665,251.7919,251.4136,251.0317,250.6462,250.2572,249.8649,249.4693,249.0704,248.6684,248.2633,247.8552,247.4441,247.0302,246.6135,246.1941,245.7720,245.3474,244.9202,244.4906,244.0585,243.6242,243.1875,242.7486,242.3076,241.8645,241.4193,240.9720,240.5228,240.0717,239.6188,239.1640,238.7074,238.2491,237.7891,237.3274,236.8641,236.3992,235.9327,235.4648,234.9953,234.5244,234.0521,233.5784,233.1033,232.6269,232.1492,231.6702,231.1900,230.7085,230.2258,229.7419,229.2569,228.7707,228.2834,227.7951,227.3056,226.8151,226.3235
2,0,2,5,W2Mo0Se2S5,3,2,1,9,26,1008,,302.1620,301.7913,301.4207,301.0500,300.6794,300.3087,299.9380,299.5674,299.1967,298.8260,298.4554,298.0847,297.8772,297.6779,297.4784,297.2787,297.0786,296.8780,296.6769,296.4751,296.2724,296.0688,295.8642,295.6584,295.4513,295.2428,295.0329,294.8214,294.6082,294.3934,294.1768,293.9584,293.7382,293.5161,293.2921,293.0662,292.8384,292.6086,292.3769,292.1433,291.9078,291.6703,291.4309,291.1896,290.9463,290.7013,290.4543,290.2055,289.9548,289.7023,289.4480,289.1919,288.9340,288.6744,288.4130,288.1498,287.8849,287.6183,287.3500,287.0799,286.8082,286.5349,286.2598,285.9831,285.7047,285.4247,285.1431,284.8598,284.5749,284.2884,284.0002,283.7105,283.4192,283.1263,282.8318,282.5357,282.2380,281.9388,281.6380,281.3356,281.0317,280.7262,280.4192,280.1107,279.8006,279.4890,279.1759,278.8612,278.5451,278.2274,277.9082,277.5876,277.2655,276.9419,276.6168,276.2902,275.9622,275.6328,275.3019,274.9696,274.6358,274.3007,273.9641,273.6261,273.2868,272.9461,272.6040,272.2605,271.9157,271.5695,271.2220,270.8732,270.5230,270.1716,269.8189,269.4648,269.1095,268.7530,268.3952,268.0361,267.6759
2,0,2,6,W2Mo0Se2S6,3,2,0,10,8,168,,260.7172,260.5030,260.2889,260.0748,259.8606,259.6465,259.4324,259.2182,259.0041,258.7900,258.5758,258.3617,258.2946,258.2349,258.1751,258.1154,258.0557,257.9959,257.9362,257.8765,257.8167,257.7570,257.6973,257.6375,257.5778,257.5181,257.4584,257.3986,257.3389,257.2792,257.2194,257.1597,257.1000,257.0402,256.9805,256.9208,256.8610,256.8013,256.7416,256.6819,256.6221,256.5624,256.5027,256.4429,256.3832,256.3235,256.2637,256.2040,256.1443,256.0845,256.0248,255.9651,255.9054,255.8456,255.7859,255.7262,255.6664,255.6067,255.5470,255.4872,255.4275,255.3678,255.3080,255.2483,255.1886,255.1289,255.0691,255.0094,254.9497,254.8899,254.8302,254.7705,254.7107,254.6510,254.5913,254.5315,254.4718,254.4121,254.3524,254.2926,254.2329,254.1732,254.1134,254.0537,253.9940,253.9342,253.8745,253.8148,253.7550,253.6953,253.6355,253.5758,253.5161,253.4563,253.3966,253.3369,253.2771,253.2174,253.1576,253.0979,253.0381,252.9784,252.9186,252.8588,252.7991,252.7393,252.6795,252.6198,252.5600,252.5002,252.4404,252.3806,252.3208,252.2610,252.2012,252.1414,252.0815,252.0217,251.9618,251.9020,251.8421
2,0,3,1,W2Mo0Se3S1,3,2,4,6,42,1680,,436.1123,435.5697,434.8468,434.0520,433.3248,432.6182,431.9104,431.2031,430.4975,429.7940,429.0929,428.3944,427.6983,427.0047,426.3133,425.6242,424.9370,424.2517,423.5682,422.8862,422.2056,421.5264,420.8483,420.1714,419.4955,418.8966,418.3008,417.7050,417.1092,416.5134,415.9175,415.3216,414.7258,414.1299,413.5340,412.9380,412.3421,411.7462,411.1502,410.5543,409.9583,409.3623,408.7664,408.1704,407.5744,406.9784,406.3824,405.7864,405.1904,404.5944,403.9984,403.4024,402.8064,402.2104,401.6144,401.0211,400.4417,399.8623,399.2828,398.7034,398.1240,397.5445,396.9651,396.3856,395.8062,395.2267,394.6473,394.0678,393.4884,392.9089,392.3295,391.7500,391.1706,390.5911,390.0116,389.4322,388.8527,388.2733,387.6938,387.1143,386.5349,385.9554,385.3759,384.7965,384.2170,383.6375,383.0581,382.4786,381.8991,381.3196,380.7402,380.1607,379.5812,379.0018,378.4223,377.8428,377.2633,376.6839,376.1044,375.5249,374.9454,374.3660,373.7865,373.2070,372.6275,372.0480,371.4686,370.8891,370.3096,369.7301,369.1507,368.5712,367.9917,367.4122,366.8328,366.2533,365.6738,365.0943,364.5149,363.9354,363.3559
2,0,3,2,W2Mo0Se3S2,3,2,3,7,80,3360,,317.8346,317.4346,316.9924,316.5469,316.1090,315.6852,315.2766,314.8818,314.4985,314.1244,313.7577,313.3968,313.0405,312.6875,312.3372,311.9887,311.6413,311.2947,310.9484,310.6020,310.2552,309.9079,309.5599,309.2110,308.8611,308.5101,308.1580,307.8047,307.4502,307.0944,306.7373,306.3789,306.0192,305.6582,305.2959,304.9322,304.5672,304.2008,303.8331,303.4640,303.0936,302.7218,302.3487,302.0197,301.7076,301.3938,301.0784,300.7615,300.4429,300.1227,299.8009,299.4775,299.1526,298.8261,298.4981,298.1685,297.8373,297.5046,297.1704,296.8346,296.4974,296.1586,295.8183,295.4765,295.1331,294.7883,294.4420,294.0943,293.7450,293.3943,293.0421,292.6885,292.3334,291.9769,291.6189,291.2596,290.8988,290.5366,290.1731,289.8081,289.4418,289.0741,288.7050,288.3346,287.9629,287.5898,287.2154,286.8397,286.4627,286.0845,285.7049,285.3241,284.9420,284.5587,284.1742,283.7884,283.4014,283.0133,282.6239,282.2333,281.8416,281.4487,281.0547,280.6595,280.2632,279.8658,279.4673,279.0677,278.6670,278.2652,277.8623,277.4584,277.0534,276.6474,276.2404,275.8323,275.4232,275.0131,274.6020,274.1900,273.7769
2,0,3,3,W2Mo0Se3S3,3,2,2,8,80,3360,,250.2468,249.9465,249.6061,249.2512,248.8872,248.5165,248.1411,247.7622,247.3806,246.9970,246.6117,246.2248,245.8365,245.4469,245.0561,244.6643,244.2713,243.8774,243.4825,243.0867,242.6900,242.2924,241.8939,241.4946,241.0943,240.6932,240.3054,239.9371,239.5674,239.1961,238.8234,238.4491,238.0732,237.6956,237.3164,236.9355,236.5527,236.1681,235.7816,235.3932,235.0028,234.6103,234.2157,233.8189,233.4200,233.0189,232.6155,232.2098,231.8018,231.3914,230.9787,230.5649,230.1766,229.7859,229.3928,228.9971,228.5990,228.1984,227.7953,227.3898,226.9819,226.5715,226.1587,225.7436,225.3261,224.9062,224.4840,224.0596,223.6328,223.2039,222.7727,222.3393,221.9038,221.4662,221.0265,220.5847,220.1409,219.6951,219.2474,218.7977,218.3462,217.8928,217.4375,216.9805,216.5217,216.0611,215.5989,215.1350,214.6694,214.2022,213.7335,213.2632,212.7914,212.3181,211.8433,211.3671,210.8894,210.4104,209.9301,209.4484,208.9654,208.4811,207.9955,207.5087,207.0207,206.5316,206.0412,205.5497,205.0571,204.5634,204.0686,203.5727,203.0758,202.5778,202.0789,201.5789,201.0780,200.5761,200.0733,199.5696,199.0649
2,0,3,4,W2Mo0Se3S4,3,2,1,9,42,1680,,270.4283,270.0576,269.6869,269.3163,268.9456,268.5750,268.2043,267.8336,267.4630,267.0923,266.7217,266.3510,266.1437,265.9446,265.7455,265.5463,265.3472,265.1480,264.9488,264.7495,264.5502,264.3507,264.1511,263.9514,263.7516,263.5516,263.3513,263.1509,262.9502,262.7492,262.5480,262.3464,262.1446,261.9424,261.7398,261.5369,261.3336,261.1299,260.9258,260.7213,260.5163,260.3110,260.1052,259.8989,259.6922,259.4851,259.2774,259.0693,258.8607,258.6516,258.4421,258.2320,258.0214,257.8103,257.5987,257.3866,257.1740,256.9608,256.7471,256.5328,256.3180,256.1026,255.8866,255.6701,255.4530,255.2353,255.0170,254.7981,254.5786,254.3584,254.1376,253.9162,253.6941,253.4714,253.2479,253.0238,252.7991,252.5736,252.3474,252.1205,251.8929,251.6645,251.4354,251.2055,250.9748,250.7434,250.5112,250.2782,250.0444,249.8097,249.5742,249.3379,249.1008,248.8628,248.6239,248.3841,248.1434,247.9019,247.6594,247.4160,247.1717,246.9264,246.6802,246.4330,246.1848,245.9357,245.6856,245.4345,245.1824,244.9292,244.6750,244.4198,244.1636,243.9063,243.6479,243.3885,243.1279,242.8663,242.6036,242.3398,242.0749
2,0,3,5,W2Mo0Se3S5,3,2,0,10,10,336,,325.3059,324.9723,324.6387,324.3051,323.9715,323.6379,323.3043,322.9707,322.6371,322.3035,321.9699,321.6363,321.4497,321.2706,321.0914,320.9122,320.7330,320.5538,320.3746,320.1953,320.0161,319.8369,319.6576,319.4783,319.2989,319.1195,318.9400,318.7604,318.5807,318.4010,318.2210,318.0409,317.8607,317.6802,317.4995,317.3186,317.1374,316.9559,316.7740,316.5919,316.4094,316.2264,316.0431,315.8593,315.6751,315.4904,315.3052,315.1194,314.9331,314.7462,314.5587,314.3706,314.1819,313.9925,313.8024,313.6117,313.4202,313.2281,313.0352,312.8415,312.6471,312.4519,312.2560,312.0593,311.8617,311.6634,311.4642,311.2642,311.0634,310.8617,310.6592,310.4558,310.2516,310.0466,309.8407,309.6339,309.4263,309.2178,309.0084,308.7982,308.5871,308.3751,308.1623,307.9486,307.7341,307.5187,307.3024,307.0853,306.8673,306.6485,306.4288,306.2083,305.9869,305.7647,305.5417,305.3178,305.0931,304.8676,304.6412,304.4141,304.1861,303.9573,303.7277,303.4974,303.2662,303.0342,302.8015,302.5679,302.3336,302.0985,301.8627,301.6261,301.3887,301.1506,300.9118,300.6722,300.4318,300.1907,299.9490,299.7064,299.4632
2,0,4,0,W2Mo0Se4S0,2,2,4,6,16,420,,115.9735,115.7161,115.4588,115.2015,114.9441,114.6868,114.4295,114.1721,113.9148,113.6575,113.4001,113.1428,112.8854,112.6281,112.3708,112.1134,111.8561,111.5988,111.3414,111.0841,110.8268,110.5694,110.3121,110.0547,109.7974,109.5401,109.2827,109.0254,108.7681,108.5107,108.2534,107.9960,107.7387,107.4814,107.2240,106.9667,106.7094,106.4520,106.1947,105.9374,105.6800,105.4227,105.1653,104.9080,104.6507,104.3933,104.1360,103.8787,103.6213,103.3640,103.1067,102.8493,102.5920,102.3346,102.0773,101.8200,101.5626,101.3053,101.0480,100.7906,100.5333,100.2760,100.0186,99.7613,99.5039,99.2466,98.9893,98.7319,98.4746,98.2173,97.9599,97.7026,97.4453,97.1879,96.9306,96.6732,96.4159,96.1586,95.9012,95.6439,95.3866,95.1292,94.8719,94.6146,94.3572,94.0999,93.8425,93.5852,93.3279,93.0705,92.8132,92.5559,92.2985,92.0412,91.7839,91.5265,91.2692,91.0118,90.7545,90.4972,90.2398,89.9825,89.7252,89.4678,89.2105,88.9531,88.6958,88.4385,88.1811,87.9238,87.6665,87.4091,87.1518,86.8945,86.6371,86.3798,86.1224,85.8651,85.6078,85.3504,85.0931
2,0,4,1,W2Mo0Se4S1,3,2,3,7,42,1680,,315.9764,315.5722,315.1515,314.7317,314.3874,314.0675,313.7498,313.4344,313.1216,312.8113,312.5036,312.1984,311.8956,311.5951,311.2967,311.0003,310.7057,310.4126,310.1210,309.8306,309.5411,309.2525,308.9646,308.6770,308.3896,308.1675,307.9471,307.7256,307.5029,307.2787,307.0530,306.8255,306.5962,306.3648,306.1312,305.8953,305.6569,305.4159,305.1722,304.9256,304.6761,304.4236,304.1679,303.9090,303.6469,303.3814,303.1126,302.8403,302.5646,302.2854,302.0027,301.7165,301.4268,301.1336,300.8368,300.5391,300.2496,299.9568,299.6605,299.3608,299.0578,298.7515,298.4419,298.1291,297.8132,297.4940,297.1718,296.8465,296.5183,296.1871,295.8530,295.5160,295.1762,294.8337,294.4885,294.1406,293.7901,293.4370,293.0814,292.7234,292.3629,292.0000,291.6348,291.2673,290.8976,290.5256,290.1515,289.7752,289.3969,289.0165,288.6341,288.2497,287.8633,287.4751,287.0849,286.6929,286.2992,285.9036,285.5063,285.1072,284.7065,284.3041,283.9001,283.4944,283.0872,282.6784,282.2681,281.8563,281.4430,281.0282,280.6120,280.1944,279.7754,279.3550,278.9332,278.5101,278.0857,277.6600,277.2331,276.8048,276.3754
2,0,4,2,W2Mo0Se4S2,3,2,2,8,68,2520,,231.3127,231.0536,230.7420,230.3928,230.0245,229.6499,229.2750,228.9013,228.5289,228.1573,227.7859,227.4145,227.0428,226.6705,226.2976,225.9240,225.5495,225.1742,224.7979,224.4206,224.0422,223.6626,223.2818,222.8997,222.5162,222.1312,221.7448,221.3567,220.9670,220.5755,220.1823,219.7872,219.3902,218.9912,218.5903,218.1873,217.7822,217.3750,216.9657,216.5542,216.1406,215.7248,215.3069,214.9265,214.5599,214.1910,213.8196,213.4459,213.0698,212.6915,212.3108,211.9280,211.5429,211.1557,210.7663,210.3748,209.9813,209.5857,209.1882,208.7887,208.3873,207.9840,207.5789,207.1721,206.7634,206.3531,205.9411,205.5274,205.1122,204.6953,204.2770,203.8571,203.4358,203.0131,202.5889,202.1634,201.7366,201.3085,200.8791,200.4484,200.0165,199.5835,199.1493,198.7140,198.2775,197.8400,197.4014,196.9618,196.5212,196.0796,195.6370,195.1935,194.7491,194.3037,193.8575,193.4104,192.9625,192.5137,192.0641,191.6137,191.1626,190.7107,190.2580,189.8046,189.3505,188.8956,188.4401,187.9839,187.5271,187.0696,186.6114,186.1526,185.6932,185.2332,184.7726,184.3114,183.8496,183.3873,182.9244,182.4610,181.9970
2,0,4,3,W2Mo0Se4S3,3,2,1,9,42,1680,,281.3881,281.2028,281.0174,280.8322,280.6468,280.4604,280.2719,280.0805,279.8861,279.6886,279.4883,279.2856,279.0808,278.8742,278.6660,278.4563,278.2452,278.0327,277.8187,277.6032,277.3861,277.1671,276.9463,276.7233,276.4981,276.2705,276.0531,275.8512,275.6460,275.4375,275.2256,275.0102,274.7913,274.5688,274.3426,274.1129,273.8794,273.6424,273.4016,273.1573,272.9094,272.6579,272.4029,272.1445,271.8827,271.6176,271.3492,271.0777,270.8030,270.5253,270.2446,269.9622,269.7018,269.4387,269.1728,268.9043,268.6332,268.3597,268.0837,267.8053,267.5247,267.2419,266.9569,266.6699,266.3808,266.0898,265.7968,265.5020,265.2054,264.9070,264.6069,264.3051,264.0018,263.6968,263.3903,263.0823,262.7728,262.4619,262.1495,261.8358,261.5208,261.2044,260.8868,260.5678,260.2477,259.9263,259.6037,259.2799,258.9550,258.6289,258.3017,257.9733,257.6439,257.3134,256.9818,256.6492,256.3155,255.9807,255.6450,255.3082,254.9705,254.6317,254.2919,253.9512,253.6095,253.2668,252.9232,252.5786,252.2331,251.8867,251.5393,251.1910,250.8417,250.4916,250.1405,249.7885,249.4357,249.0819,248.7272,248.3716,248.0152
2,0,4,4,W2Mo0Se4S4,3,2,0,10,16,420,,265.1615,264.8877,264.6138,264.3399,264.0661,263.7922,263.5183,263.2445,262.9706,262.6968,262.4229,262.1490,262.0222,261.9027,261.7833,261.6638,261.5443,261.4249,261.3054,261.1859,261.0663,260.9468,260.8272,260.7075,260.5877,260.4678,260.3477,260.2275,260.1070,259.9863,259.8654,259.7441,259.6224,259.5004,259.3779,259.2549,259.1314,259.0073,258.8827,258.7574,258.6314,258.5047,258.3773,258.2492,258.1202,257.9904,257.8598,257.7283,257.5959,257.4626,257.3284,257.1932,257.0571,256.9200,256.7820,256.6430,256.5030,256.3620,256.2200,256.0770,255.9331,255.7881,255.6422,255.4952,255.3473,255.1984,255.0485,254.8977,254.7459,254.5932,254.4395,254.2849,254.1293,253.9729,253.8155,253.6572,253.4981,253.3381,253.1772,253.0155,252.8530,252.6896,252.5254,252.3604,252.1946,252.0280,251.8607,251.6926,251.5238,251.3542,251.1839,251.0129,250.8412,250.6688,250.4957,250.3219,250.1475,249.9724,249.7967,249.6204,249.4435,249.2659,249.0877,248.9090,248.7296,248.5497,248.3693,248.1882,248.0066,247.8245,247.6418,247.4587,247.2750,247.0907,246.9060,246.7208,246.5351,246.3489,246.1622,245.9751,245.7875
2,0,5,0,W2Mo0Se5S0,2,2,3,7,10,336,,317.1798,316.7886,316.3973,316.0041,315.6033,315.1892,314.7594,314.3144,313.8560,313.3865,312.9080,312.4220,311.9301,311.4334,310.9327,310.4288,309.9221,309.4131,308.9023,308.3898,307.8759,307.3608,306.8446,306.3276,305.8098,305.2912,304.7720,304.2523,303.7321,303.2114,302.6904,302.1690,301.6472,301.1252,300.6029,300.0803,299.5575,299.0345,298.5113,297.9879,297.4643,296.9406,296.4167,295.8926,295.3684,294.8440,294.3195,293.7949,293.2701,292.7451,292.2201,291.6948,291.1694,290.6439,290.1182,289.5923,289.0663,288.5401,288.0137,287.4871,286.9604,286.4334,285.9062,285.3789,284.8513,284.3234,283.7953,283.2670,282.7384,282.2096,281.6805,281.1511,280.6214,280.0914,279.5611,279.0305,278.4995,277.9683,277.4367,276.9047,276.3724,275.8397,275.3067,274.7733,274.2395,273.7053,273.1707,272.6357,272.1002,271.5644,271.0281,270.4914,269.9543,269.4167,268.8786,268.3401,267.8012,267.2617,266.7218,266.1814,265.6406,265.0992,264.5574,264.0151,263.4722,262.9289,262.3851,261.8407,261.2959,260.7505,260.2046,259.6582,259.1112,258.5638,258.0158,257.4673,256.9182,256.3686,255.8185,255.2678,254.7166
2,0,5,1,W2Mo0Se5S1,3,2,2,8,26,1008,,212.0842,211.7127,211.3033,210.8496,210.4365,210.0315,209.6209,209.2077,208.7936,208.3794,207.9655,207.5521,207.1392,206.7265,206.3139,205.9013,205.4883,205.0749,204.6610,204.2462,203.8307,203.4142,202.9968,202.5783,202.1588,201.7952,201.4323,201.0677,200.7014,200.3335,199.9641,199.5933,199.2209,198.8472,198.4722,198.0958,197.7183,197.3395,196.9595,196.5784,196.1962,195.8129,195.4286,195.0433,194.6570,194.2697,193.8815,193.4925,193.1025,192.7117,192.3201,191.9277,191.5344,191.1404,190.7457,190.3523,189.9685,189.5840,189.1988,188.8130,188.4265,188.0393,187.6515,187.2631,186.8741,186.4845,186.0943,185.7035,185.3122,184.9203,184.5278,184.1349,183.7414,183.3474,182.9529,182.5579,182.1624,181.7664,181.3700,180.9731,180.5757,180.1779,179.7797,179.3810,178.9819,178.5824,178.1825,177.7822,177.3814,176.9803,176.5788,176.1769,175.7746,175.3720,174.9689,174.5655,174.1618,173.7577,173.3533,172.9485,172.5433,172.1378,171.7320,171.3259,170.9194,170.5126,170.1055,169.6981,169.2904,168.8823,168.4740,168.0653,167.6563,167.2471,166.8375,166.4277,166.0175,165.6071,165.1964,164.7854,164.3741
2,0,5,2,W2Mo0Se5S2,3,2,1,9,26,1008,,241.2782,241.0596,240.8404,240.6171,240.3907,240.1656,239.9444,239.7278,239.5156,239.3073,239.1027,238.9011,238.7023,238.5061,238.3121,238.1201,237.9298,237.7412,237.5540,237.3679,237.1829,236.9988,236.8154,236.6325,236.4501,236.2680,236.0860,235.9040,235.7219,235.5396,235.3570,235.1740,234.9904,234.8062,234.6214,234.4357,234.2492,234.0618,233.8734,233.6839,233.4933,233.3016,233.1086,232.9497,232.8038,232.6563,232.5072,232.3565,232.2042,232.0503,231.8947,231.7375,231.5786,231.4181,231.2559,231.0920,230.9265,230.7592,230.5903,230.4198,230.2475,230.0736,229.8980,229.7208,229.5420,229.3615,229.1794,228.9957,228.8103,228.6234,228.4350,228.2449,228.0533,227.8602,227.6656,227.4694,227.2718,227.0727,226.8721,226.6701,226.4666,226.2618,226.0555,225.8479,225.6388,225.4285,225.2168,225.0038,224.7894,224.5738,224.3569,224.1388,223.9194,223.6988,223.4769,223.2539,223.0296,222.8042,222.5776,222.3499,222.1210,221.8910,221.6600,221.4278,221.1945,220.9601,220.7247,220.4882,220.2507,220.0122,219.7726,219.5320,219.2905,219.0479,218.8044,218.5599,218.3144,218.0680,217.8207,217.5724,217.3232
2,0,5,3,W2Mo0Se5S3,3,2,0,10,10,336,,260.4665,260.2400,260.0134,259.7871,259.5612,259.3362,259.1125,258.8902,258.6693,258.4501,258.2325,258.0166,257.8023,257.5896,257.3784,257.1686,256.9601,256.7529,256.5469,256.3419,256.1379,255.9347,255.7325,255.5310,255.3301,255.1300,254.9419,254.7708,254.5998,254.4290,254.2583,254.0878,253.9174,253.7472,253.5771,253.4071,253.2372,253.0674,252.8978,252.7282,252.5587,252.3893,252.2200,252.0508,251.8817,251.7126,251.5436,251.3747,251.2058,251.0370,250.8683,250.7007,250.5555,250.4103,250.2650,250.1198,249.9746,249.8293,249.6841,249.5389,249.3936,249.2483,249.1031,248.9578,248.8125,248.6671,248.5218,248.3765,248.2311,248.0857,247.9403,247.7948,247.6493,247.5038,247.3583,247.2127,247.0671,246.9215,246.7758,246.6301,246.4843,246.3385,246.1926,246.0467,245.9007,245.7546,245.6085,245.4623,245.3161,245.1697,245.0233,244.8768,244.7302,244.5836,244.4368,244.2899,244.1430,243.9959,243.8487,243.7015,243.5541,243.4066,243.2589,243.1111,242.9633,242.8152,242.6670,242.5187,242.3703,242.2217,242.0729,241.9240,241.7749,241.6256,241.4762,241.3266,241.1768,241.0268,240.8767,240.7263,240.5758
2,0,6,0,W2Mo0Se6S0,2,2,2,8,8,168,,195.4611,195.0430,194.6119,194.1682,193.7179,193.2640,192.8082,192.3511,191.8932,191.4347,190.9758,190.5166,190.0572,189.5976,189.1378,188.6778,188.2177,187.7575,187.2971,186.8365,186.3758,185.9148,185.4537,184.9924,184.5307,184.0689,183.6067,183.1443,182.6816,182.2185,181.7551,181.2913,180.8272,180.3628,179.8979,179.4327,178.9671,178.5012,178.0348,177.5681,177.1010,176.6335,176.1656,175.6973,175.2286,174.7596,174.2902,173.8204,173.3503,172.8798,172.4089,171.9377,171.4662,170.9943,170.5220,170.0495,169.5766,169.1033,168.6298,168.1560,167.6818,167.2074,166.7327,166.2576,165.7823,165.3068,164.8309,164.3548,163.8784,163.4018,162.9249,162.4478,161.9704,161.4928,161.0150,160.5369,160.0586,159.5801,159.1014,158.6225,158.1434,157.6640,157.1845,156.7048,156.2249,155.7448,155.2645,154.7840,154.3034,153.8226,153.3416,152.8604,152.3791,151.8976,151.4160,150.9342,150.4522,149.9701,149.4878,149.0054,148.5229,148.0402,147.5573,147.0743,146.5912,146.1079,145.6245,145.1410,144.6573,144.1735,143.6896,143.2055,142.7213,142.2370,141.7525,141.2679,140.7833,140.2984,139.8135,139.3284,138.8432
2,0,6,1,W2Mo0Se6S1,3,2,1,9,10,336,,203.2172,202.9558,202.6944,202.4341,202.2325,202.0501,201.8693,201.6903,201.5134,201.3384,201.1654,200.9944,200.8253,200.6579,200.4922,200.3281,200.1654,200.0040,199.8438,199.6847,199.5266,199.3693,199.2129,199.0572,198.9022,198.7985,198.6968,198.5950,198.4931,198.3910,198.2888,198.1863,198.0837,197.9808,197.8776,197.7740,197.6701,197.5658,197.4611,197.3558,197.2501,197.1438,197.0370,196.9295,196.8213,196.7125,196.6029,196.4926,196.3814,196.2695,196.1567,196.0430,195.9284,195.8129,195.6965,195.5809,195.4735,195.3651,195.2556,195.1451,195.0335,194.9208,194.8070,194.6921,194.5761,194.4589,194.3406,194.2211,194.1005,193.9787,193.8557,193.7316,193.6063,193.4797,193.3520,193.2232,193.0931,192.9619,192.8294,192.6958,192.5610,192.4251,192.2880,192.1497,192.0102,191.8696,191.7279,191.5850,191.4410,191.2958,191.1496,191.0022,190.8537,190.7041,190.5535,190.4017,190.2489,190.0951,189.9401,189.7842,189.6272,189.4691,189.3101,189.1500,188.9890,188.8270,188.6640,188.5000,188.3350,188.1691,188.0023,187.8346,187.6659,187.4963,187.3258,187.1544,186.9821,186.8090,186.6350,186.4601,186.2844
2,0,6,2,W2Mo0Se6S2,3,2,0,10,8,168,,287.6734,287.5364,287.3996,287.2646,287.1361,287.0179,286.9106,286.8132,286.7240,286.6416,286.5649,286.4929,286.4250,286.3605,286.2989,286.2400,286.1833,286.1286,286.0755,286.0239,285.9733,285.9237,285.8748,285.8263,285.7780,285.7297,285.6813,285.6323,285.5828,285.5325,285.4811,285.4286,285.3748,285.3194,285.2625,285.2038,285.1433,285.0808,285.0162,284.9496,284.8807,284.8096,284.7363,284.6924,284.6590,284.6230,284.5845,284.5435,284.4999,284.4539,284.4054,284.3545,284.3012,284.2455,284.1875,284.1272,284.0647,284.0000,283.9332,283.8643,283.7934,283.7205,283.6457,283.5690,283.4904,283.4101,283.3280,283.2443,283.1589,283.0719,282.9834,282.8934,282.8019,282.7090,282.6148,282.5192,282.4223,282.3242,282.2249,282.1244,282.0227,281.9199,281.8161,281.7112,281.6053,281.4984,281.3906,281.2818,281.1722,281.0616,280.9502,280.8380,280.7250,280.6112,280.4966,280.3813,280.2653,280.1486,280.0312,279.9131,279.7944,279.6751,279.5551,279.4346,279.3135,279.1918,279.0695,278.9467,278.8234,278.6996,278.5752,278.4504,278.3251,278.1993,278.0730,277.9463,277.8192,277.6916,277.5636,277.4352,277.3064
2,0,7,0,W2Mo0Se7S0,2,2,1,9,2,48,,188.0591,187.7548,187.4505,187.1462,186.8419,186.5376,186.2333,185.9290,185.6248,185.3205,185.0162,184.7119,184.4076,184.1033,183.7990,183.4947,183.1904,182.8861,182.5817,182.2774,181.9730,181.6686,181.3641,181.0595,180.7548,180.4500,180.1450,179.8399,179.5345,179.2290,178.9232,178.6171,178.3106,178.0039,177.6968,177.3893,177.0813,176.7729,176.4641,176.1548,175.8449,175.5346,175.2236,174.9122,174.6001,174.2875,173.9742,173.6604,173.3459,173.0308,172.7150,172.3987,172.0816,171.7639,171.4456,171.1266,170.8069,170.4866,170.1657,169.8440,169.5218,169.1988,168.8753,168.5511,168.2262,167.9007,167.5746,167.2479,166.9205,166.5926,166.2640,165.9349,165.6051,165.2748,164.9439,164.6124,164.2804,163.9478,163.6147,163.2810,162.9468,162.6121,162.2769,161.9411,161.6049,161.2681,160.9309,160.5932,160.2551,159.9164,159.5774,159.2378,158.8979,158.5575,158.2166,157.8754,157.5337,157.1917,156.8492,156.5064,156.1632,155.8196,155.4756,155.1312,154.7865,154.4415,154.0961,153.7504,153.4043,153.0579,152.7112,152.3641,152.0168,151.6691,151.3211,150.9729,150.6243,150.2755,149.9264,149.5770,149.2273
2,0,7,1,W2Mo0Se7S1,3,2,0,10,2,48,,163.1998,162.9646,162.7294,162.4950,162.3137,162.1494,161.9867,161.8257,161.6664,161.5089,161.3532,161.1993,161.0471,160.8965,160.7474,160.5997,160.4532,160.3080,160.1638,160.0206,159.8783,159.7369,159.5961,159.4561,159.3167,159.2235,159.1322,159.0409,158.9497,158.8584,158.7671,158.6758,158.5845,158.4932,158.4019,158.3106,158.2194,158.1281,158.0368,157.9455,157.8542,157.7629,157.6716,157.5803,157.4891,157.3978,157.3065,157.2152,157.1239,157.0326,156.9413,156.8500,156.7588,156.6675,156.5762,156.4866,156.4052,156.3239,156.2426,156.1612,156.0799,155.9986,155.9172,155.8359,155.7546,155.6732,155.5919,155.5106,155.4292,155.3479,155.2666,155.1852,155.1039,155.0226,154.9413,154.8599,154.7786,154.6973,154.6159,154.5346,154.4533,154.3719,154.2906,154.2093,154.1279,154.0466,153.9653,153.8839,153.8026,153.7213,153.6399,153.5586,153.4773,153.3959,153.3146,153.2333,153.1519,153.0706,152.9893,152.9079,152.8266,152.7453,152.6639,152.5826,152.5013,152.4199,152.3386,152.2573,152.1760,152.0946,152.0133,151.9320,151.8506,151.7693,151.6880,151.6066,151.5253,151.4440,151.3627,151.2813,151.2000
2,0,8,0,W2Mo0Se8S0,2,2,0,10,1,6,,383.0854,382.9310,382.7766,382.6222,382.4678,382.3134,382.1590,382.0046,381.8502,381.6958,381.5414,381.3870,381.2326,381.0782,380.9238,380.7694,380.6150,380.4606,380.3062,380.1518,379.9974,379.8430,379.6886,379.5342,379.3798,379.2253,379.0709,378.9165,378.7621,378.6077,378.4533,378.2989,378.1445,377.9901,377.8357,377.6813,377.5269,377.3725,377.2181,377.0637,376.9093,376.7549,376.6005,376.4461,376.2917,376.1373,375.9829,375.8285,375.6741,375.5197,375.3653,375.2109,375.0565,374.9021,374.7477,374.5933,374.4389,374.2845,374.1301,373.9757,373.8213,373.6669,373.5125,373.3581,373.2037,373.0493,372.8949,372.7405,372.5861,372.4317,372.2773,372.1229,371.9685,371.8141,371.6597,371.5053,371.3509,371.1965,371.0420,370.8876,370.7332,370.5788,370.4244,370.2700,370.1156,369.9612,369.8068,369.6524,369.4980,369.3436,369.1892,369.0348,368.8804,368.7260,368.5716,368.4172,368.2628,368.1084,367.9540,367.7996,367.6452,367.4908,367.3364,367.1820,367.0276,366.8732,366.7188,366.5644,366.4100,366.2556,366.1012,365.9468,365.7924,365.6380,365.4836,365.3292,365.1748,365.0204,364.8660,364.7116,364.5572
2,1,0,4,W2Mo1Se0S4,3,1,4,7,24,840,,321.9803,321.6993,321.4184,321.1374,320.8565,320.5755,320.2946,320.0136,319.7327,319.4518,319.1708,318.8899,318.6089,318.3280,318.0470,317.7661,317.4851,317.2042,316.9232,316.6423,316.3613,316.0804,315.7994,315.5185,315.2376,314.9566,314.6757,314.3947,314.1138,313.8328,313.5519,313.2709,312.9900,312.7090,312.4281,312.1471,311.8662,311.5853,311.3043,311.0234,310.7424,310.4615,310.1805,309.8996,309.6186,309.3377,309.0567,308.7758,308.4948,308.2139,307.9329,307.6520,307.3711,307.0901,306.8092,306.5282,306.2473,305.9663,305.6854,305.4044,305.1235,304.8425,304.5616,304.2806,303.9997,303.7187,303.4378,303.1568,302.8759,302.5949,302.3140,302.0330,301.7521,301.4711,301.1901,300.9092,300.6282,300.3472,300.0662,299.7853,299.5043,299.2233,298.9423,298.6613,298.3803,298.0992,297.8182,297.5372,297.2561,296.9751,296.6940,296.4129,296.1474,295.8864,295.6254,295.3644,295.1033,294.8422,294.5811,294.3200,294.0588,293.7977,293.5364,293.2752,293.0139,292.7526,292.4912,292.2298,291.9684,291.7069,291.4454,291.1838,290.9221,290.6604,290.3987,290.1368,289.8749,289.6130,289.3510,289.0888,288.8267
2,1,0,5,W2Mo1Se0S5,3,1,3,8,17,672,,280.1803,279.8730,279.5634,279.2429,278.9084,278.5621,278.2072,277.8462,277.4808,277.1122,276.7412,276.3684,275.9941,275.6188,275.2426,274.8656,274.4881,274.1100,273.7315,273.3527,272.9736,272.5942,272.2269,271.8821,271.5371,271.1920,270.8468,270.5014,270.1560,269.8104,269.4648,269.1190,268.7732,268.4273,268.0814,267.7354,267.3894,267.0433,266.6972,266.3510,266.0048,265.6585,265.3122,264.9659,264.6196,264.2732,263.9268,263.5803,263.2339,262.8874,262.5408,262.1943,261.8476,261.5010,261.1543,260.8076,260.4609,260.1141,259.7672,259.4203,259.0733,258.7263,258.3793,258.0321,257.6849,257.3377,256.9903,256.6429,256.2953,255.9477,255.6000,255.2522,254.9043,254.5563,254.2081,253.8598,253.5114,253.1629,252.8142,252.4654,252.1164,251.7673,251.4180,251.0685,250.7189,250.3691,250.0190,249.6688,249.3184,248.9678,248.6170,248.2659,247.9283,247.5944,247.2603,246.9260,246.5913,246.2565,245.9214,245.5860,245.2503,244.9144,244.5782,244.2418,243.9050,243.5680,243.2306,242.8930,242.5550,242.2168,241.8782,241.5393,241.2001,240.8606,240.5207,240.1806,239.8400,239.4992,239.1580,238.8165,238.4746
2,1,0,6,W2Mo1Se0S6,3,1,2,9,11,336,,372.1248,371.8606,371.5800,371.2895,370.9948,370.6981,370.4004,370.1019,369.8031,369.5039,369.2046,368.9051,368.6055,368.3058,368.0060,367.7061,367.4062,367.1063,366.8064,366.5064,366.2064,365.9063,365.6281,365.3903,365.1525,364.9146,364.6767,364.4388,364.2008,363.9628,363.7247,363.4865,363.2482,363.0099,362.7714,362.5329,362.2942,362.0553,361.8163,361.5772,361.3379,361.0983,360.8586,360.6187,360.3786,360.1382,359.8976,359.6567,359.4156,359.1742,358.9326,358.6906,358.4484,358.2058,357.9630,357.7198,357.4763,357.2325,356.9884,356.7439,356.4990,356.2539,356.0084,355.7625,355.5163,355.2697,355.0228,354.7755,354.5279,354.2799,354.0315,353.7828,353.5337,353.2842,353.0344,352.7843,352.5338,352.2829,352.0316,351.7801,351.5281,351.2758,351.0232,350.7702,350.5168,350.2632,350.0091,349.7548,349.5001,349.2451,348.9897,348.7340,348.4901,348.2495,348.0085,347.7671,347.5255,347.2836,347.0413,346.7988,346.5559,346.3128,346.0693,345.8256,345.5816,345.3373,345.0927,344.8478,344.6027,344.3573,344.1116,343.8656,343.6194,343.3730,343.1262,342.8792,342.6320,342.3845,342.1368,341.8888,341.6406
2,1,0,7,W2Mo1Se0S7,3,1,1,10,3,96,,297.2032,297.0277,296.8522,296.6766,296.5011,296.3256,296.1500,295.9743,295.7982,295.6215,295.4436,295.2642,295.0829,294.8992,294.7128,294.5235,294.3310,294.1353,293.9362,293.7339,293.5283,293.3195,293.1272,292.9684,292.8068,292.6424,292.4754,292.3060,292.1343,291.9604,291.7845,291.6067,291.4270,291.2457,291.0627,290.8783,290.6924,290.5052,290.3168,290.1272,289.9365,289.7448,289.5522,289.3586,289.1641,288.9688,288.7728,288.5760,288.3785,288.1804,287.9817,287.7824,287.5826,287.3822,287.1813,286.9800,286.7782,286.5760,286.3734,286.1704,285.9671,285.7633,285.5593,285.3549,285.1503,284.9453,284.7401,284.5345,284.3288,284.1228,283.9166,283.7101,283.5034,283.2965,283.0895,282.8822,282.6747,282.4671,282.2593,282.0513,281.8432,281.6350,281.4265,281.2180,281.0093,280.8005,280.5915,280.3825,280.1733,279.9640,279.7546,279.5451,279.3464,279.1508,278.9550,278.7592,278.5633,278.3673,278.1712,277.9751,277.7788,277.5825,277.3861,277.1897,276.9931,276.7965,276.5998,276.4031,276.2063,276.0095,275.8125,275.6156,275.4185,275.2214,275.0243,274.8271,274.6299,274.4326,274.2352,274.0378,273.8404
2,1,0,8,W2Mo1Se0S8,3,1,0,11,1,12,,352.6876,352.5823,352.4770,352.3718,352.2665,352.1612,352.0559,351.9507,351.8454,351.7401,351.6349,351.5296,351.4243,351.3190,351.2138,351.1085,351.0032,350.8979,350.7927,350.6874,350.5821,350.4768,350.3895,350.3352,350.2808,350.2265,350.1722,350.1179,350.0636,350.0093,349.9550,349.9007,349.8464,349.7921,349.7378,349.6835,349.6292,349.5749,349.5206,349.4663,349.4120,349.3577,349.3034,349.2491,349.1948,349.1405,349.0862,349.0319,348.9776,348.9233,348.8690,348.8147,348.7604,348.7061,348.6518,348.5975,348.5432,348.4889,348.4346,348.3803,348.3260,348.2717,348.2174,348.1631,348.1088,348.0545,348.0002,347.9459,347.8916,347.8373,347.7830,347.7287,347.6744,347.6201,347.5658,347.5115,347.4572,347.4029,347.3486,347.2943,347.2400,347.1857,347.1314,347.0771,347.0228,346.9685,346.9142,346.8599,346.8056,346.7513,346.6970,346.6427,346.5983,346.5568,346.5153,346.4738,346.4324,346.3909,346.3494,346.3079,346.2664,346.2249,346.1834,346.1419,346.1004,346.0589,346.0174,345.9759,345.9344,345.8929,345.8514,345.8099,345.7684,345.7269,345.6855,345.6440,345.6025,345.5610,345.5195,345.4780,345.4365
2,1,1,3,W2Mo1Se1S3,4,1,4,7,77,3360,,469.1810,468.7029,468.2165,467.7597,467.3063,466.8536,466.4016,465.9504,465.5001,465.0507,464.6021,464.1542,463.7067,463.2596,462.8123,462.3645,461.9159,461.4681,461.0694,460.6683,460.3030,459.9529,459.5998,459.2434,458.8833,458.5192,458.1510,457.7783,457.4012,457.0194,456.6330,456.2419,455.8461,455.4456,455.0405,454.6412,454.2785,453.9116,453.5406,453.1656,452.7866,452.4039,452.0176,451.6277,451.2345,450.8380,450.4384,450.0357,449.6302,449.2219,448.8110,448.3974,447.9815,447.5632,447.1426,446.7199,446.2951,445.8683,445.4396,445.0090,444.5767,444.1427,443.7071,443.2699,442.8313,442.3911,441.9496,441.5067,441.0625,440.6171,440.1705,439.7227,439.2738,438.8238,438.3727,437.9206,437.4675,437.0134,436.5585,436.1026,435.6474,435.2090,434.7699,434.3300,433.8892,433.4478,433.0055,432.5626,432.1189,431.6745,431.2294,430.7837,430.3373,429.8902,429.4425,428.9942,428.5453,428.0957,427.6455,427.1948,426.7434,426.2915,425.8390,425.3859,424.9323,424.4781,424.0234,423.5681,423.1123,422.6559,422.1990,421.7416,421.2837,420.8252,420.3662,419.9067,419.4467,418.9862,418.5252,418.0636,417.6016
2,1,1,4,W2Mo1Se1S4,4,1,3,8,77,3360,,220.9227,220.5804,220.2380,219.8957,219.5534,219.2111,218.8687,218.5264,218.1841,217.8417,217.4994,217.1571,216.8699,216.6025,216.3358,216.0697,215.8041,215.5409,215.3225,215.1045,214.9204,214.7526,214.5854,214.4189,214.2530,214.0876,213.9226,213.7580,213.5939,213.4301,213.2666,213.1033,212.9404,212.7777,212.6153,212.4620,212.3449,212.2281,212.1115,211.9951,211.8790,211.7630,211.6473,211.5317,211.4162,211.3009,211.1857,211.0706,210.9556,210.8406,210.7257,210.6109,210.4960,210.3811,210.2662,210.1512,210.0362,209.9210,209.8057,209.6902,209.5746,209.4587,209.3426,209.2263,209.1096,208.9925,208.8751,208.7573,208.6390,208.5203,208.4010,208.2812,208.1608,208.0397,207.9180,207.7956,207.6724,207.5484,207.4236,207.2979,207.1726,207.0619,206.9503,206.8376,206.7238,206.6089,206.4929,206.3756,206.2571,206.1374,206.0163,205.8938,205.7700,205.6447,205.5179,205.3896,205.2597,205.1282,204.9951,204.8604,204.7239,204.5857,204.4457,204.3040,204.1604,204.0149,203.8676,203.7183,203.5671,203.4140,203.2588,203.1016,202.9424,202.7811,202.6178,202.4523,202.2848,202.1151,201.9432,201.7692,201.5930
2,1,1,5,W2Mo1Se1S5,4,1,2,9,47,2016,,12.6304,12.3924,12.1545,11.9166,11.6787,11.4407,11.2028,10.9649,10.7270,10.4890,10.2511,10.0132,9.8651,9.7367,9.6089,9.4816,9.3548,9.2300,9.1452,9.0606,9.0063,8.9664,8.9271,8.8883,8.8501,8.8123,8.7749,8.7379,8.7012,8.6649,8.6288,8.5930,8.5574,8.5220,8.4869,8.4599,8.4651,8.4705,8.4762,8.4821,8.4881,8.4944,8.5008,8.5075,8.5142,8.5212,8.5282,8.5355,8.5428,8.5503,8.5579,8.5656,8.5735,8.5814,8.5894,8.5976,8.6058,8.6141,8.6225,8.6310,8.6396,8.6482,8.6569,8.6657,8.6746,8.6835,8.6925,8.7015,8.7106,8.7198,8.7290,8.7382,8.7476,8.7569,8.7663,8.7758,8.7853,8.7948,8.8044,8.8140,8.8249,8.8496,8.8744,8.8992,8.9241,8.9490,8.9739,8.9989,9.0240,9.0491,9.0742,9.0993,9.1245,9.1497,9.1750,9.2003,9.2256,9.2509,9.2763,9.3017,9.3271,9.3526,9.3780,9.4036,9.4291,9.4546,9.4802,9.5058,9.5314,9.5571,9.5827,9.6084,9.6341,9.6598,9.6856,9.7113,9.7371,9.7629,9.7887,9.8145,9.8404
2,1,1,6,W2Mo1Se1S6,4,1,1,10,17,672,,321.1508,320.8560,320.5610,320.2660,319.9710,319.6759,319.3806,319.0845,318.7870,318.4877,318.1857,317.8807,317.5722,317.2599,316.9435,316.6230,316.2983,315.9694,315.6363,315.2992,314.9582,314.6134,314.2846,313.9887,313.6894,313.3869,313.0814,312.7730,312.4619,312.1481,311.8318,311.5132,311.1923,310.8693,310.5442,310.2172,309.8885,309.5579,309.2257,308.8920,308.5567,308.2200,307.8819,307.5425,307.2019,306.8601,306.5171,306.1731,305.8280,305.4819,305.1349,304.7869,304.4380,304.0883,303.7378,303.3865,303.0345,302.6817,302.3282,301.9741,301.6193,301.2638,300.9078,300.5512,300.1940,299.8363,299.4780,299.1192,298.7600,298.4002,298.0400,297.6794,297.3183,296.9568,296.5949,296.2326,295.8699,295.5069,295.1435,294.7797,294.4156,294.0511,293.6864,293.3213,292.9559,292.5902,292.2243,291.8580,291.4915,291.1247,290.7577,290.3904,290.0338,289.6801,289.3261,288.9720,288.6176,288.2630,287.9082,287.5532,287.1980,286.8426,286.4869,286.1312,285.7752,285.4190,285.0627,284.7062,284.3495,283.9927,283.6357,283.2785,282.9212,282.5638,282.2061,281.8484,281.4905,281.1325,280.7743,280.4160,280.0576
2,1,1,7,W2Mo1Se1S7,4,1,0,11,3,96,,310.9697,310.7558,310.5419,310.3281,310.1142,309.9003,309.6864,309.4726,309.2587,309.0448,308.8309,308.6169,308.4029,308.1888,307.9746,307.7602,307.5455,307.3306,307.1154,306.8998,306.6838,306.4674,306.2684,306.1020,305.9351,305.7677,305.5997,305.4313,305.2622,305.0926,304.9225,304.7518,304.5805,304.4087,304.2363,304.0634,303.8900,303.7161,303.5416,303.3666,303.1911,303.0152,302.8387,302.6618,302.4844,302.3066,302.1283,301.9496,301.7704,301.5909,301.4109,301.2305,301.0497,300.8686,300.6870,300.5051,300.3228,300.1401,299.9571,299.7738,299.5900,299.4060,299.2216,299.0369,298.8518,298.6665,298.4808,298.2948,298.1085,297.9219,297.7350,297.5478,297.3603,297.1726,296.9845,296.7962,296.6076,296.4187,296.2296,296.0402,295.8505,295.6605,295.4703,295.2799,295.0892,294.8983,294.7071,294.5156,294.3240,294.1321,293.9399,293.7475,293.5649,293.3849,293.2046,293.0241,292.8435,292.6626,292.4814,292.3001,292.1186,291.9368,291.7549,291.5727,291.3904,291.2079,291.0251,290.8422,290.6590,290.4757,290.2922,290.1085,289.9247,289.7406,289.5564,289.3720,289.1874,289.0026,288.8177,288.6326,288.4473
2,1,2,2,W2Mo1Se2S2,4,1,4,7,119,5040,,276.3272,275.8506,275.3737,274.8927,274.4022,273.9004,273.3879,272.8665,272.3380,271.8039,271.2653,270.7232,270.2833,269.8464,269.4076,268.9673,268.5256,268.0829,267.6393,267.1948,266.7497,266.3040,265.8578,265.4112,264.9641,264.5167,264.0690,263.6210,263.1727,262.7243,262.3024,261.9639,261.6251,261.2862,260.9472,260.6080,260.2687,259.9293,259.5898,259.2503,258.9106,258.5708,258.2310,257.8911,257.5512,257.2112,256.8711,256.5310,256.3041,256.1056,255.9075,255.7096,255.5119,255.3145,255.1174,254.9204,254.7237,254.5271,254.3308,254.1346,253.9386,253.7428,253.5471,253.3516,253.1562,252.9610,252.7659,252.5710,252.3761,252.1814,251.9868,251.7923,251.5979,251.4036,251.2094,251.0153,250.8213,250.6274,250.4336,250.2399,250.0462,249.8526,249.6591,249.4657,249.2723,249.0790,248.8858,248.6926,248.4995,248.3065,248.1135,247.9205,247.7277,247.5348,247.3421,247.1493,246.9567,246.7640,246.5715,246.3789,246.1864,245.9940,245.8016,245.6092,245.4169,245.2246,245.0323,244.8401,244.6479,244.4558,244.2637,244.0716,243.8795,243.6875,243.4955,243.3035,243.1116,242.9197,242.7278,242.5359,242.3441
2,1,2,3,W2Mo1Se2S3,4,1,3,8,150,6720,,221.0338,220.6168,220.1998,219.7828,219.3658,218.9488,218.5318,218.1149,217.6979,217.2808,216.8637,216.4465,216.1668,215.8937,215.6199,215.3454,215.0699,214.7932,214.5151,214.2353,213.9538,213.6702,213.3844,213.0964,212.8060,212.5132,212.2178,211.9199,211.6194,211.3163,211.0341,210.8223,210.6080,210.3912,210.1720,209.9503,209.7263,209.5001,209.2716,209.0409,208.8082,208.5734,208.3367,208.0981,207.8576,207.6154,207.3714,207.1258,206.9777,206.8529,206.7270,206.5998,206.4715,206.3420,206.2114,206.0797,205.9470,205.8131,205.6782,205.5423,205.4054,205.2675,205.1285,204.9886,204.8476,204.7057,204.5627,204.4188,204.2738,204.1279,203.9809,203.8329,203.6838,203.5337,203.3826,203.2304,203.0770,202.9226,202.7671,202.6104,202.4526,202.2935,202.1333,201.9719,201.8092,201.6453,201.4847,201.3595,201.2329,201.1051,200.9758,200.8452,200.7131,200.5797,200.4448,200.3084,200.1705,200.0312,199.8911,199.7543,199.6158,199.4758,199.3342,199.1910,199.0461,198.8996,198.7514,198.6016,198.4500,198.2968,198.1418,197.9851,197.8266,197.6664,197.5044,197.3406,197.1750,197.0077,196.8385,196.6675,196.4947
2,1,2,4,W2Mo1Se2S4,4,1,2,9,119,5040,860,15.3211,14.9502,14.5719,14.1792,13.7759,13.3661,12.9523,12.5358,12.1175,11.6978,11.2769,10.8551,10.5957,10.3436,10.0907,9.8370,9.5824,9.3271,9.0709,8.8140,8.5564,8.2980,8.0389,7.7791,7.5187,7.2577,6.9961,6.7338,6.4711,6.2078,5.9649,5.7864,5.6075,5.4281,5.2483,5.0681,4.8875,4.7066,4.5253,4.3437,4.1617,3.9795,3.7970,3.6142,3.4312,3.2479,3.0644,2.8806,2.7847,2.7108,2.6369,2.5631,2.4893,2.4156,2.3419,2.2682,2.1946,2.1210,2.0474,1.9738,1.9003,1.8268,1.7533,1.6798,1.6063,1.5328,1.4594,1.3859,1.3125,1.2391,1.1657,1.0923,1.0189,0.9455,0.8721,0.7987,0.7254,0.6520,0.5786,0.5053,0.4319,0.3586,0.2852,0.2119,0.1385,0.0652,0.0000,-0.0000,-0.0000,-0.0000,-0.0000,-0.0000,-0.0000,-0.0000,-0.0000,-0.0000,-0.0000,-0.0000,-0.0000,-0.0000,0.0000,-0.0000,-0.0000,0.0000,0.0000,-0.0000,-0.0000,-0.0000,0.0000,-0.0000,0.0000,0.0000,-0.0000,-0.0000,-0.0000,-0.0000,-0.0000,-0.0000,-0.0000,-0.0000,0.0000
2,1,2,5,W2Mo1Se2S5,4,1,1,10,47,2016,,312.6113,312.3397,312.0637,311.7751,311.4678,311.1442,310.8079,310.4619,310.1077,309.7461,309.3776,309.0024,308.7015,308.4118,308.1163,307.8149,307.5078,307.1965,306.9154,306.6289,306.3642,306.1073,305.8459,305.5803,305.3106,305.0369,304.7595,304.4784,304.1939,303.9060,303.6150,303.3209,303.0239,302.7241,302.4216,302.1237,301.8522,301.5785,301.3025,301.0244,300.7443,300.4622,300.1783,299.8926,299.6052,299.3161,299.0254,298.7331,298.4394,298.1442,297.8476,297.5497,297.2505,296.9500,296.6483,296.3455,296.0415,295.7364,295.4302,295.1230,294.8148,294.5056,294.1955,293.8844,293.5725,293.2597,292.9460,292.6316,292.3163,292.0003,291.6835,291.3660,291.0478,290.7289,290.4093,290.0891,289.7683,289.4468,289.1247,288.8020,288.4799,288.1696,287.8588,287.5475,287.2356,286.9233,286.6105,286.2972,285.9835,285.6693,285.3546,285.0396,284.7241,284.4082,284.0919,283.7752,283.4582,283.1407,282.8229,282.5048,282.1863,281.8674,281.5482,281.2287,280.9089,280.5888,280.2683,279.9476,279.6265,279.3052,278.9836,278.6617,278.3395,278.0171,277.6944,277.3715,277.0483,276.7249,276.4012,276.0773,275.7531
2,1,2,6,W2Mo1Se2S6,4,1,0,11,11,336,,317.0448,316.8309,316.6170,316.4031,316.1893,315.9752,315.7608,315.5456,315.3290,315.1107,314.8903,314.6676,314.4424,314.2146,313.9843,313.7514,313.5161,313.2784,313.0383,312.7961,312.5518,312.3055,312.0752,311.8761,311.6753,311.4727,311.2686,311.0630,310.8558,310.6472,310.4372,310.2259,310.0132,309.7992,309.5839,309.3674,309.1497,308.9308,308.7108,308.4895,308.2672,308.0437,307.8190,307.5933,307.3665,307.1386,306.9097,306.6797,306.4487,306.2166,305.9835,305.7494,305.5143,305.2782,305.0411,304.8030,304.5640,304.3241,304.0832,303.8414,303.5986,303.3550,303.1105,302.8650,302.6187,302.3716,302.1236,301.8748,301.6251,301.3746,301.1233,300.8713,300.6184,300.3648,300.1104,299.8552,299.5994,299.3428,299.0854,298.8274,298.5687,298.3093,298.0492,297.7884,297.5270,297.2650,297.0023,296.7390,296.4751,296.2106,295.9454,295.6797,295.4234,295.1693,294.9147,294.6596,294.4039,294.1477,293.8909,293.6337,293.3759,293.1176,292.8588,292.5996,292.3399,292.0797,291.8190,291.5579,291.2964,291.0344,290.7719,290.5091,290.2458,289.9821,289.7180,289.4535,289.1886,288.9233,288.6577,288.3916,288.1252
2,1,3,1,W2Mo1Se3S1,4,1,4,7,77,3360,,457.9362,457.4841,457.0267,456.5595,456.0829,455.5997,455.1122,454.6220,454.1300,453.6371,453.1436,452.6499,452.1561,451.6622,451.1682,450.6741,450.1795,449.6844,449.1885,448.6914,448.1930,447.6929,447.1908,446.6864,446.1796,445.6699,445.1628,444.6603,444.1543,443.6446,443.1313,442.6183,442.2642,441.9069,441.5463,441.1825,440.8153,440.4448,440.0710,439.6939,439.3136,438.9300,438.5780,438.2352,437.8892,437.5402,437.1882,436.8334,436.4759,436.1156,435.7528,435.3874,435.0196,434.6495,434.2771,433.9025,433.5258,433.1471,432.7664,432.3838,431.9994,431.6133,431.2254,430.8359,430.4448,430.0522,429.6580,429.2625,428.8656,428.4673,428.0677,427.6669,427.2649,426.8617,426.4573,426.0519,425.6453,425.2378,424.8292,424.4196,424.0091,423.5976,423.1852,422.7719,422.3578,421.9428,421.5270,421.1104,420.6930,420.2748,419.8558,419.4362,419.0157,418.5946,418.1728,417.7503,417.3271,416.9032,416.4787,416.0535,415.6277,415.2013,414.7742,414.3466,413.9183,413.4894,413.0600,412.6299,412.1993,411.7682,411.3364,410.9041,410.4713,410.0379,409.6039,409.1694,408.7344,408.2988,407.8628,407.4262,406.9891
2,1,3,2,W2Mo1Se3S2,4,1,3,8,150,6720,,257.0355,256.7128,256.3902,256.0666,255.7395,255.4063,255.0661,254.7376,254.4062,254.0698,253.7290,253.3841,253.0350,252.6816,252.3238,251.9612,251.5936,251.2388,250.8807,250.5169,250.1473,249.7719,249.3910,249.0047,248.6131,248.2166,247.8200,247.4256,247.0267,246.6234,246.2161,245.8085,245.5396,245.2677,244.9929,244.7154,244.4353,244.1526,243.8674,243.5798,243.2899,243.0664,242.8487,242.6289,242.4070,242.1830,241.9570,241.7290,241.4991,241.2672,241.0334,240.7978,240.5603,240.3210,240.0798,239.8369,239.5923,239.3459,239.0977,238.8498,238.6243,238.3971,238.1683,237.9379,237.7059,237.4723,237.2371,237.0004,236.7620,236.5222,236.2808,236.0379,235.7935,235.5476,235.3003,235.0515,234.8012,234.5495,234.2963,234.0418,233.7858,233.5284,233.2697,233.0096,232.7482,232.4854,232.2212,231.9558,231.6890,231.4209,231.1516,230.8809,230.6090,230.3359,230.0615,229.7858,229.5090,229.2309,228.9516,228.6711,228.3895,228.1066,227.8226,227.5375,227.2512,226.9637,226.6751,226.3854,226.0946,225.8027,225.5097,225.2218,224.9342,224.6454,224.3556,224.0648,223.7729,223.4800,223.1860,222.8910,222.5950
2,1,3,3,W2Mo1Se3S3,4,1,2,9,150,6720,620,13.3845,13.0435,12.6606,12.2722,11.8822,11.4920,11.1018,10.7452,10.3951,10.0466,9.6999,9.3550,9.0119,8.6704,8.3306,7.9923,7.6554,7.3516,7.0528,6.7542,6.4559,6.1578,5.8599,5.5621,5.2644,4.9668,4.6734,4.3862,4.0988,3.8113,3.5236,3.2391,3.0809,2.9231,2.7657,2.6085,2.4516,2.2949,2.1385,1.9822,1.8260,1.7311,1.6434,1.5559,1.4684,1.3811,1.2938,1.2066,1.1194,1.0323,0.9453,0.8583,0.7713,0.6844,0.5975,0.5106,0.4237,0.3368,0.2500,0.1648,0.1011,0.0374,-0.0000,0.0000,-0.0000,0.0000,-0.0000,0.0000,0.0000,0.0000,-0.0000,-0.0000,-0.0000,0.0000,-0.0000,-0.0000,-0.0000,0.0000,-0.0000,-0.0000,-0.0000,-0.0000,-0.0000,-0.0000,-0.0000,0.0000,0.0000,0.0000,0.0000,-0.0000,-0.0000,-0.0000,-0.0000,-0.0000,-0.0000,0.0000,-0.0000,-0.0000,-0.0000,-0.0000,-0.0000,-0.0000,-0.0000,-0.0000,0.0000,-0.0000,-0.0000,-0.0000,-0.0000,-0.0000,-0.0000,-0.0000,0.0000,-0.0000,-0.0000,-0.0000,-0.0000,-0.0000,-0.0000,-0.0000,-0.0000
2,1,3,4,W2Mo1Se3S4,4,1,1,10,77,3360,,304.9056,304.5053,304.0831,303.6516,303.2114,302.7641,302.3112,301.8540,301.3935,300.9300,300.4637,299.9944,299.6690,299.3477,299.0229,298.6944,298.3619,298.0255,297.6850,297.3403,296.9915,296.6385,296.2814,295.9202,295.5550,295.1858,294.8127,294.4358,294.0553,293.6711,293.3022,292.9883,292.6710,292.3506,292.0269,291.7003,291.3707,291.0382,290.7030,290.3650,290.0244,289.6813,289.3358,288.9878,288.6376,288.2851,287.9305,287.5737,287.2942,287.0327,286.7694,286.5046,286.2381,285.9701,285.7006,285.4296,285.1572,284.8834,284.6083,284.3318,284.0541,283.7751,283.4949,283.2136,282.9311,282.6475,282.3629,282.0771,281.7904,281.5027,281.2140,280.9243,280.6338,280.3423,280.0500,279.7568,279.4628,279.1680,278.8725,278.5761,278.2790,277.9812,277.6827,277.3835,277.0836,276.7830,276.4892,276.2534,276.0169,275.7799,275.5423,275.3041,275.0654,274.8261,274.5863,274.3459,274.1051,273.8637,273.6219,273.3795,273.1368,272.8935,272.6498,272.4057,272.1611,271.9162,271.6708,271.4250,271.1788,270.9322,270.6853,270.4379,270.1902,269.9422,269.6938,269.4450,269.1960,268.9466,268.6968,268.4468,268.1964
2,1,3,5,W2Mo1Se3S5,4,1,0,11,17,672,,296.9887,296.7398,296.4908,296.2418,295.9929,295.7439,295.4949,295.2460,294.9970,294.7479,294.4986,294.2491,294.0727,293.9118,293.7506,293.5888,293.4262,293.2638,293.1326,292.9996,292.8894,292.7889,292.6865,292.5822,292.4757,292.3670,292.2559,292.1423,292.0261,291.9074,291.7859,291.6618,291.5350,291.4055,291.2732,291.1448,291.0398,290.9322,290.8220,290.7093,290.5940,290.4762,290.3559,290.2332,290.1081,289.9807,289.8510,289.7190,289.5848,289.4484,289.3100,289.1694,289.0268,288.8822,288.7357,288.5873,288.4370,288.2850,288.1311,287.9756,287.8183,287.6594,287.4989,287.3368,287.1732,287.0080,286.8414,286.6734,286.5040,286.3332,286.1611,285.9877,285.8131,285.6371,285.4600,285.2817,285.1022,284.9216,284.7399,284.5571,284.3742,284.2017,284.0281,283.8535,283.6780,283.5015,283.3241,283.1459,282.9667,282.7867,282.6058,282.4242,282.2417,282.0584,281.8743,281.6895,281.5040,281.3177,281.1307,280.9430,280.7546,280.5656,280.3758,280.1855,279.9945,279.8029,279.6106,279.4178,279.2244,279.0304,278.8359,278.6407,278.4451,278.2489,278.0522,277.8550,277.6572,277.4590,277.2603,277.0611,276.8614
2,1,4,0,W2Mo1Se4S0,3,1,4,7,24,840,,462.6777,462.3967,462.1158,461.8348,461.5539,461.2729,460.9920,460.7110,460.4301,460.1491,459.8682,459.5873,459.3063,459.0254,458.7444,458.4635,458.1825,457.9015,457.6205,457.3395,457.0585,456.7774,456.4962,456.2150,455.9336,455.6521,455.3704,455.0885,454.8064,454.5239,454.2412,453.9580,453.6745,453.3904,453.1058,452.8207,452.5349,452.2484,451.9611,451.6730,451.3840,451.0941,450.8032,450.5112,450.2181,449.9238,449.6282,449.3314,449.0332,448.7335,448.4324,448.1298,447.8255,447.5196,447.2120,446.9026,446.5914,446.2784,445.9635,445.6466,445.3277,445.0068,444.6838,444.3587,444.0314,443.7020,443.3703,443.0364,442.7001,442.3616,442.0207,441.6774,441.3318,440.9837,440.6333,440.2803,439.9249,439.5671,439.2067,438.8439,438.4786,438.1107,437.7403,437.3674,436.9920,436.6141,436.2337,435.8507,435.4652,435.0772,434.6868,434.2938,433.8983,433.5004,433.1000,432.6971,432.2918,431.8841,431.4740,431.0615,430.6466,430.2293,429.8097,429.3878,428.9635,428.5370,428.1082,427.6771,427.2438,426.8083,426.3706,425.9308,425.4888,425.0446,424.5984,424.1501,423.6997,423.2473,422.7929,422.3364,421.8781
2,1,4,1,W2Mo1Se4S1,4,1,3,8,77,3360,,268.2918,267.8954,267.4273,266.9471,266.4680,265.9969,265.5241,265.0503,264.5760,264.1096,263.6495,263.1920,262.7367,262.2833,261.8315,261.3811,260.9319,260.4838,260.0366,259.5901,259.1443,258.6990,258.2542,257.8097,257.3654,256.9214,256.4774,256.0335,255.6053,255.2507,254.8960,254.5413,254.1881,253.8583,253.5284,253.1982,252.8678,252.5421,252.2305,251.9187,251.6065,251.2940,250.9812,250.6679,250.3542,250.0699,249.7859,249.5013,249.2163,248.9307,248.6445,248.3578,248.0704,247.7825,247.4940,247.2049,246.9283,246.6626,246.3962,246.1291,245.8614,245.5930,245.3240,245.0543,244.7839,244.5128,244.2410,243.9685,243.6953,243.4214,243.1468,242.8715,242.5955,242.3187,242.0412,241.7630,241.4841,241.2044,240.9240,240.6428,240.3609,240.0783,239.7948,239.5107,239.2258,238.9401,238.6537,238.3665,238.0786,237.7898,237.5004,237.2101,236.9191,236.6273,236.3347,236.0414,235.7473,235.4524,235.1567,234.8603,234.5631,234.2651,233.9663,233.6667,233.3664,233.0653,232.7634,232.4608,232.1573,231.8531,231.5482,231.2424,230.9359,230.6286,230.3205,230.0117,229.7021,229.3917,229.0806,228.7687,228.4561
2,1,4,2,W2Mo1Se4S2,4,1,2,9,119,5040,360,8.6286,8.3547,8.0677,7.7745,7.4829,7.1990,6.9138,6.6283,6.3428,6.0643,5.7917,5.5212,5.2524,4.9868,4.7372,4.4874,4.2372,3.9866,3.7355,3.4838,3.2315,2.9786,2.7251,2.4709,2.2161,1.9608,1.7048,1.4483,1.1912,0.9336,0.6879,0.4499,0.3097,0.2169,0.1241,0.0313,0.0000,-0.0000,-0.0000,-0.0000,0.0000,-0.0000,-0.0000,-0.0000,-0.0000,-0.0000,-0.0000,-0.0000,-0.0000,-0.0000,-0.0000,-0.0000,-0.0000,-0.0000,-0.0000,-0.0000,-0.0000,0.0000,-0.0000,-0.0000,-0.0000,-0.0000,-0.0000,-0.0000,-0.0000,-0.0000,-0.0000,-0.0000,-0.0000,-0.0000,-0.0000,-0.0000,-0.0000,-0.0000,-0.0000,-0.0000,-0.0000,-0.0000,-0.0000,-0.0000,-0.0000,-0.0000,-0.0000,-0.0000,-0.0000,-0.0000,-0.0000,-0.0000,0.0000,-0.0000,-0.0000,-0.0000,-0.0000,-0.0000,-0.0000,-0.0000,-0.0000,-0.0000,-0.0000,-0.0000,-0.0000,-0.0000,-0.0000,-0.0000,-0.0000,-0.0000,0.0000,-0.0000,-0.0000,-0.0000,-0.0000,-0.0000,-0.0000,0.0000,-0.0000,-0.0000,-0.0000,-0.0000,0.0000,-0.0000,0.0000
2,1,4,3,W2Mo1Se4S3,4,1,1,10,77,3360,,289.2953,289.0969,288.8986,288.7003,288.5021,288.3039,288.1049,287.9336,287.7636,287.5890,287.4080,287.2195,287.0226,286.8166,286.6011,286.3758,286.1406,285.9241,285.7012,285.4680,285.2248,284.9718,284.7096,284.4383,284.1584,283.8702,283.5780,283.2837,282.9821,282.6736,282.3584,282.0399,281.8293,281.6134,281.3925,281.1669,280.9366,280.7020,280.4632,280.2203,279.9737,279.7783,279.5859,279.3902,279.1912,278.9892,278.7842,278.5764,278.3659,278.1528,277.9372,277.7192,277.4989,277.2764,277.0518,276.8251,276.5965,276.3660,276.1336,275.9011,275.6861,275.4695,275.2750,275.1126,274.9488,274.7836,274.6170,274.4491,274.2799,274.1094,273.9378,273.7651,273.5912,273.4162,273.2402,273.0632,272.8852,272.7063,272.5264,272.3456,272.1640,271.9815,271.7982,271.6141,271.4292,271.2435,271.0572,270.8701,270.6823,270.4938,270.3046,270.1148,269.9244,269.7334,269.5417,269.3495,269.1567,268.9633,268.7694,268.5750,268.3800,268.1845,267.9885,267.7920,267.5951,267.3977,267.1998,267.0014,266.8026,266.6034,266.4038,266.2037,266.0033,265.8024,265.6011,265.3995,265.1974,264.9950,264.7923,264.5891,264.3857
2,1,4,4,W2Mo1Se4S4,4,1,0,11,24,840,,284.3269,284.0780,283.8290,283.5800,283.3311,283.0821,282.8331,282.5841,282.3351,282.0859,281.8365,281.5866,281.4696,281.3584,281.2459,281.1319,281.0161,280.8982,280.7780,280.6552,280.5296,280.4010,280.2692,280.1341,279.9956,279.8536,279.7079,279.5586,279.4055,279.2486,279.1049,279.0105,278.9123,278.8102,278.7042,278.5944,278.4808,278.3634,278.2422,278.1172,277.9886,277.8562,277.7203,277.5807,277.4376,277.2910,277.1410,276.9875,276.9028,276.8330,276.7601,276.6843,276.6055,276.5239,276.4394,276.3522,276.2622,276.1695,276.0743,275.9764,275.8760,275.7732,275.6680,275.5604,275.4505,275.3384,275.2240,275.1076,274.9890,274.8683,274.7457,274.6211,274.4946,274.3663,274.2361,274.1042,273.9705,273.8352,273.6982,273.5596,273.4195,273.2779,273.1347,272.9902,272.8442,272.6968,272.5548,272.4648,272.3736,272.2810,272.1873,272.0924,271.9964,271.8992,271.8009,271.7016,271.6012,271.4998,271.3975,271.2941,271.1898,271.0846,270.9785,270.8715,270.7637,270.6550,270.5455,270.4352,270.3241,270.2123,270.0997,269.9864,269.8724,269.7577,269.6423,269.5262,269.4095,269.2922,269.1742,269.0557,268.9365
2,1,5,0,W2Mo1Se5S0,3,1,3,8,17,672,,275.4035,275.0963,274.7890,274.4817,274.1744,273.8671,273.5598,273.2525,272.9453,272.6380,272.3307,272.0234,271.7161,271.4088,271.1016,270.7943,270.4870,270.1797,269.8724,269.5651,269.2578,268.9506,268.6433,268.3360,268.0287,267.7214,267.4141,267.1068,266.7994,266.4921,266.1847,265.8773,265.5698,265.2622,264.9546,264.6469,264.3391,264.0312,263.7231,263.4148,263.1064,262.7977,262.4887,262.1795,261.8700,261.5601,261.2498,260.9392,260.6280,260.3164,260.0043,259.6915,259.3782,259.0643,258.7497,258.4344,258.1183,257.8015,257.4838,257.1653,256.8459,256.5256,256.2043,255.8820,255.5587,255.2344,254.9090,254.5825,254.2549,253.9262,253.5962,253.2651,252.9327,252.5991,252.2643,251.9282,251.5908,251.2521,250.9121,250.5708,250.2281,249.8841,249.5387,249.1919,248.8438,248.4944,248.1435,247.7913,247.4377,247.0827,246.7263,246.3685,246.0094,245.6488,245.2869,244.9237,244.5590,244.1930,243.8257,243.4570,243.0869,242.7155,242.3428,241.9688,241.5934,241.2168,240.8388,240.4596,240.0791,239.6974,239.3143,238.9301,238.5446,238.1579,237.7700,237.3809,236.9906,236.5991,236.2065,235.8127,235.4178
2,1,5,1,W2Mo1Se5S1,4,1,2,9,47,2016,410,7.0937,6.8518,6.6098,6.3689,6.1316,5.9000,5.6745,5.4544,5.2390,5.0273,4.8188,4.6128,4.4092,4.2074,4.0073,3.8087,3.6114,3.4152,3.2200,3.0257,2.8322,2.6395,2.4474,2.2558,2.0648,1.8743,1.6842,1.4946,1.3125,1.1991,1.0863,0.9742,0.8627,0.7517,0.6413,0.5312,0.4216,0.3124,0.2035,0.1090,0.0222,-0.0000,-0.0000,0.0000,-0.0000,0.0000,0.0000,-0.0000,-0.0000,-0.0000,0.0000,0.0000,-0.0000,0.0000,-0.0000,-0.0000,-0.0000,0.0000,-0.0000,-0.0000,0.0000,-0.0000,-0.0000,0.0000,0.0000,0.0000,0.0000,0.0000,0.0000,-0.0000,0.0000,-0.0000,-0.0000,-0.0000,-0.0000,0.0000,0.0000,-0.0000,-0.0000,-0.0000,-0.0000,-0.0000,-0.0000,-0.0000,-0.0000,-0.0000,0.0000,-0.0000,-0.0000,-0.0000,-0.0000,-0.0000,0.0000,-0.0000,-0.0000,-0.0000,-0.0000,-0.0000,-0.0000,0.0000,-0.0000,-0.0000,-0.0000,-0.0000,0.0000,0.0000,-0.0000,-0.0000,-0.0000,-0.0000,-0.0000,0.0000,0.0000,0.0000,0.0000,0.0000,0.0000,-0.0000,-0.0000,-0.0000,0.0000
2,1,5,2,W2Mo1Se5S2,4,1,1,10,47,2016,,279.6718,279.4539,279.2345,279.0160,278.8037,278.6010,278.3990,278.1976,277.9964,277.8013,277.6103,277.4196,277.2281,277.0367,276.8565,276.6724,276.4840,276.2909,276.0929,275.8896,275.6810,275.4670,275.2475,275.0225,274.7921,274.5563,274.3152,274.0688,273.8174,273.5610,273.3109,273.0635,272.9000,272.7751,272.6464,272.5139,272.4332,272.3771,272.3177,272.2551,272.1894,272.1206,272.0490,271.9746,271.8976,271.8180,271.7359,271.6515,271.5648,271.4759,271.3849,271.2918,271.1968,271.0999,271.0012,270.9008,270.7986,270.6948,270.5895,270.4826,270.3742,270.2644,270.1533,270.0407,269.9269,269.8119,269.6956,269.5781,269.4595,269.3397,269.2189,269.0970,268.9740,268.8501,268.7252,268.5993,268.4725,268.3447,268.2161,268.0866,267.9562,267.8251,267.6931,267.5602,267.4266,267.2923,267.1572,267.0213,266.8847,266.7474,266.6094,266.4708,266.3314,266.1914,266.0507,265.9094,265.7675,265.6249,265.4817,265.3379,265.1936,265.0486,264.9031,264.7570,264.6103,264.4631,264.3154,264.1671,264.0183,263.8690,263.7191,263.5688,263.4180,263.2666,263.1148,262.9625,262.8097,262.6565,262.5028,262.3487,262.1941
2,1,5,3,W2Mo1Se5S3,4,1,0,11,17,672,,273.0247,272.8443,272.6640,272.4836,272.3018,272.1162,271.9241,271.7511,271.5739,271.3891,271.1971,270.9990,270.7955,270.5876,270.3757,270.1605,269.9424,269.7476,269.5536,269.3568,269.1574,268.9554,268.7510,268.5444,268.3354,268.1243,267.9145,267.7075,267.4982,267.2868,267.0732,266.8602,266.7485,266.6352,266.5202,266.4035,266.2851,266.1650,266.0431,265.9196,265.7943,265.7173,265.6445,265.5699,265.4937,265.4159,265.3364,265.2553,265.1725,265.0882,265.0023,264.9149,264.8259,264.7354,264.6434,264.5499,264.4550,264.3586,264.2609,264.1631,264.0816,263.9987,263.9359,263.9025,263.8679,263.8320,263.7949,263.7565,263.7171,263.6764,263.6346,263.5918,263.5478,263.5028,263.4567,263.4096,263.3616,263.3125,263.2625,263.2115,263.1596,263.1068,263.0531,262.9986,262.9432,262.8870,262.8299,262.7721,262.7135,262.6541,262.5939,262.5331,262.4715,262.4092,262.3462,262.2825,262.2181,262.1531,262.0875,262.0212,261.9544,261.8869,261.8188,261.7502,261.6810,261.6112,261.5409,261.4700,261.3987,261.3268,261.2544,261.1815,261.1081,261.0343,260.9600,260.8852,260.8100,260.7343,260.6582,260.5817,260.5047
2,1,6,0,W2Mo1Se6S0,3,1,2,9,11,336,,330.3606,330.0648,329.7646,329.4640,329.1620,328.8571,328.5483,328.2353,327.9183,327.5976,327.2735,326.9467,326.6173,326.2858,325.9525,325.6175,325.2812,324.9437,324.6051,324.2656,323.9253,323.5842,323.2426,322.9004,322.5576,322.2144,321.8708,321.5269,321.1826,320.8380,320.4931,320.1480,319.8026,319.4571,319.1113,318.7653,318.4192,318.0730,317.7266,317.3800,317.0334,316.6866,316.3397,315.9928,315.6457,315.2985,314.9513,314.6040,314.2566,313.9091,313.5616,313.2140,312.8664,312.5187,312.1709,311.8231,311.4753,311.1274,310.7795,310.4315,310.0835,309.7355,309.3874,309.0393,308.6911,308.3430,307.9948,307.6465,307.2983,306.9500,306.6017,306.2534,305.9050,305.5566,305.2082,304.8598,304.5114,304.1629,303.8144,303.4659,303.1174,302.7688,302.4203,302.0717,301.7231,301.3744,301.0258,300.6771,300.3285,299.9798,299.6310,299.2823,298.9335,298.5848,298.2360,297.8871,297.5383,297.1894,296.8406,296.4916,296.1427,295.7938,295.4448,295.0958,294.7468,294.3977,294.0487,293.6996,293.3504,293.0013,292.6521,292.3029,291.9537,291.6044,291.2551,290.9058,290.5564,290.2070,289.8576,289.5081,289.1587
2,1,6,1,W2Mo1Se6S1,4,1,1,10,17,672,,269.6025,269.4444,269.2864,269.1293,268.9755,268.8268,268.6835,268.5452,268.4110,268.2802,268.1520,268.0260,267.9015,267.7780,267.6551,267.5321,267.4086,267.2840,267.1579,267.0298,266.8993,266.7660,266.6296,266.4899,266.3464,266.1992,266.0479,265.8925,265.7394,265.6436,265.5438,265.4400,265.3322,265.2205,265.1048,264.9853,264.8619,264.7348,264.6040,264.4822,264.3636,264.2995,264.2518,264.2007,264.1463,264.0887,264.0280,263.9643,263.8977,263.8283,263.7563,263.6816,263.6045,263.5250,263.4431,263.3590,263.2727,263.1843,263.0938,263.0014,262.9071,262.8110,262.7131,262.6134,262.5121,262.4091,262.3046,262.1985,262.0909,261.9819,261.8715,261.7597,261.6465,261.5321,261.4164,261.2994,261.1813,261.0619,260.9414,260.8198,260.6971,260.5733,260.4484,260.3226,260.1957,260.0678,259.9389,259.8091,259.6784,259.5468,259.4142,259.2808,259.1465,259.0114,258.8755,258.7387,258.6011,258.4628,258.3237,258.1838,258.0432,257.9018,257.7597,257.6169,257.4734,257.3292,257.1844,257.0389,256.8927,256.7459,256.5984,256.4503,256.3016,256.1523,256.0024,255.8519,255.7009,255.5493,255.3971,255.2443,255.0910
2,1,6,2,W2Mo1Se6S2,4,1,0,11,11,336,,264.3035,264.1583,264.0131,263.8687,263.7291,263.5964,263.4611,263.3225,263.1804,263.0400,262.9002,262.7580,262.6127,262.4658,262.3276,262.1849,262.0378,261.8860,261.7298,261.5691,261.4040,261.2347,261.0614,260.8842,260.7033,260.5188,260.3310,260.1399,259.9458,259.7489,259.5593,259.3739,259.2664,259.1959,259.1235,259.0493,259.0239,259.0225,259.0197,259.0155,259.0100,259.0032,258.9953,258.9863,258.9762,258.9650,258.9529,258.9399,258.9259,258.9112,258.8956,258.8792,258.8620,258.8441,258.8255,258.8062,258.7863,258.7657,258.7445,258.7227,258.7003,258.6773,258.6538,258.6297,258.6051,258.5800,258.5544,258.5283,258.5017,258.4746,258.4471,258.4191,258.3907,258.3619,258.3326,258.3029,258.2728,258.2423,258.2114,258.1801,258.1484,258.1163,258.0839,258.0510,258.0179,257.9844,257.9505,257.9163,257.8817,257.8468,257.8116,257.7760,257.7402,257.7040,257.6675,257.6307,257.5936,257.5562,257.5185,257.4805,257.4422,257.4036,257.3648,257.3256,257.2862,257.2466,257.2066,257.1664,257.1260,257.0853,257.0443,257.0031,256.9616,256.9199,256.8780,256.8358,256.7934,256.7508,256.7079,256.6648,256.6215
2,1,7,0,W2Mo1Se7S0,3,1,1,10,3,96,,292.2993,292.1238,291.9482,291.7716,291.5901,291.3998,291.1990,290.9876,290.7669,290.5383,290.3032,290.0627,289.8180,289.5697,289.3185,289.0649,288.8093,288.5521,288.2934,288.0336,287.7727,287.5109,287.2484,286.9852,286.7213,286.4570,286.1922,285.9270,285.6615,285.3956,285.1294,284.8630,284.5963,284.3294,284.0623,283.7950,283.5275,283.2599,282.9922,282.7243,282.4563,282.1882,281.9200,281.6517,281.3833,281.1149,280.8463,280.5777,280.3090,280.0402,279.7714,279.5026,279.2336,278.9647,278.6957,278.4266,278.1575,277.8883,277.6192,277.3499,277.0807,276.8114,276.5421,276.2728,276.0034,275.7340,275.4646,275.1951,274.9257,274.6562,274.3867,274.1171,273.8476,273.5780,273.3085,273.0389,272.7692,272.4996,272.2300,271.9603,271.6906,271.4209,271.1512,270.8815,270.6118,270.3420,270.0723,269.8025,269.5328,269.2630,268.9932,268.7234,268.4536,268.1838,267.9140,267.6441,267.3743,267.1044,266.8346,266.5647,266.2949,266.0250,265.7551,265.4852,265.2153,264.9454,264.6755,264.4056,264.1357,263.8658,263.5958,263.3259,263.0560,262.7860,262.5161,262.2461,261.9762,261.7062,261.4362,261.1663,260.8963
2,1,7,1,W2Mo1Se7S1,4,1,0,11,3,96,,249.6084,249.4647,249.3210,249.1782,249.0384,248.9032,248.7730,248.6473,248.5253,248.4064,248.2900,248.1759,248.0635,247.9527,247.8433,247.7350,247.6277,247.5213,247.4155,247.3103,247.2056,247.1011,246.9968,246.8925,246.7882,246.6837,246.5788,246.4735,246.3736,246.3289,246.2838,246.2381,246.1918,246.1447,246.0967,246.0478,245.9979,245.9468,245.8946,245.8527,245.8156,245.8297,245.8605,245.8897,245.9174,245.9435,245.9679,245.9909,246.0122,246.0320,246.0503,246.0670,246.0822,246.0959,246.1081,246.1189,246.1282,246.1362,246.1427,246.1479,246.1518,246.1544,246.1557,246.1558,246.1546,246.1522,246.1487,246.1441,246.1383,246.1315,246.1235,246.1146,246.1047,246.0937,246.0819,246.0691,246.0554,246.0408,246.0253,246.0090,245.9919,245.9740,245.9553,245.9359,245.9157,245.8949,245.8733,245.8510,245.8281,245.8046,245.7804,245.7556,245.7302,245.7043,245.6778,245.6507,245.6231,245.5950,245.5664,245.5372,245.5076,245.4776,245.4471,245.4161,245.3847,245.3529,245.3206,245.2880,245.2549,245.2215,245.1877,245.1536,245.1191,245.0842,245.0490,245.0135,244.9776,244.9415,244.9050,244.8682,244.8311
2,1,8,0,W2Mo1Se8S0,3,1,0,11,1,12,,276.2676,276.1623,276.0571,275.9518,275.8465,275.7412,275.6360,275.5307,275.4254,275.3201,275.2149,275.1096,275.0043,274.8990,274.7938,274.6885,274.5832,274.4779,274.3727,274.2674,274.1621,274.0568,273.9516,273.8463,273.7410,273.6357,273.5305,273.4252,273.3199,273.2147,273.1094,273.0041,272.8988,272.7936,272.6883,272.5830,272.4777,272.3725,272.2672,272.1619,272.0566,271.9514,271.8461,271.7408,271.6355,271.5303,271.4250,271.3197,271.2144,271.1092,271.0039,270.8986,270.7934,270.6881,270.5828,270.4775,270.3723,270.2670,270.1617,270.0564,269.9512,269.8459,269.7406,269.6353,269.5301,269.4248,269.3195,269.2142,269.1090,269.0037,268.8984,268.7931,268.6879,268.5826,268.4773,268.3720,268.2668,268.1615,268.0562,267.9510,267.8457,267.7404,267.6351,267.5299,267.4246,267.3193,267.2140,267.1088,267.0035,266.8982,266.7929,266.6877,266.5824,266.4771,266.3718,266.2666,266.1613,266.0560,265.9507,265.8455,265.7402,265.6349,265.5297,265.4244,265.3191,265.2138,265.1086,265.0033,264.8980,264.7927,264.6875,264.5822,264.4769,264.3716,264.2664,264.1611,264.0558,263.9505,263.8453,263.7400,263.6347
2,2,0,4,W2Mo2Se0S4,3,0,4,8,16,420,,396.7904,396.4480,396.1057,395.7627,395.4177,395.0691,394.7164,394.3598,393.9994,393.6358,393.2694,392.9007,392.5300,392.1576,391.7837,391.4085,391.0323,390.6552,390.2772,389.8986,389.5193,389.1395,388.7592,388.3784,387.9973,387.6158,387.2340,386.8520,386.4697,386.0871,385.7044,385.3214,384.9383,384.5550,384.1716,383.7880,383.4043,383.0205,382.6366,382.2526,381.8685,381.4843,381.1000,380.7157,380.3312,379.9467,379.5622,379.1776,378.7929,378.4082,378.0234,377.6386,377.2538,376.8689,376.4839,376.0990,375.7139,375.3289,374.9438,374.5587,374.1736,373.7884,373.4032,373.0180,372.6328,372.2475,371.8623,371.4770,371.0916,370.7063,370.3209,369.9356,369.5502,369.1647,368.7793,368.3939,368.0084,367.6230,367.2375,366.8520,366.4665,366.0810,365.6954,365.3099,364.9243,364.5388,364.1532,363.7676,363.3820,362.9964,362.6108,362.2252,361.8396,361.4539,361.0683,360.6826,360.2970,359.9113,359.5256,359.1400,358.7543,358.3686,357.9829,357.5972,357.2115,356.8258,356.4401,356.0543,355.6686,355.2829,354.8971,354.5114,354.1256,353.7399,353.3541,352.9684,352.5826,352.1968,351.8111,351.4253,351.0395
2,2,0,5,W2Mo2Se0S5,3,0,3,9,10,336,,458.2038,457.9659,457.7280,457.4900,457.2520,457.0131,456.7721,456.5270,456.2758,456.0172,455.7503,455.4746,455.1902,454.8973,454.5965,454.2881,453.9727,453.6507,453.3227,452.9889,452.6499,452.3059,451.9572,451.6040,451.2467,450.8854,450.5204,450.1518,449.7798,449.4045,449.0261,448.6447,448.2605,447.8735,447.4840,447.0919,446.6975,446.3007,445.9017,445.5007,445.0975,444.6924,444.2855,443.8767,443.4661,443.0539,442.6401,442.2247,441.8078,441.3895,440.9697,440.5486,440.1262,439.7026,439.2777,438.8517,438.4245,437.9962,437.5669,437.1366,436.7052,436.2729,435.8397,435.4055,434.9705,434.5347,434.0980,433.6605,433.2222,432.7832,432.3435,431.9031,431.4619,431.0201,430.5777,430.1346,429.6909,429.2466,428.8018,428.3563,427.9103,427.4638,427.0168,426.5692,426.1211,425.6726,425.2236,424.7741,424.3242,423.8738,423.4230,422.9718,422.5202,422.0682,421.6158,421.1630,420.7098,420.2563,419.8024,419.3481,418.8935,418.4386,417.9834,417.5278,417.0719,416.6158,416.1593,415.7025,415.2454,414.7881,414.3304,413.8725,413.4143,412.9559,412.4972,412.0382,411.5790,411.1196,410.6599,410.2000,409.7398
2,2,0,6,W2Mo2Se0S6,3,0,2,10,8,168,,276.5674,276.4516,276.3357,276.2188,276.0983,275.9721,275.8394,275.7006,275.5564,275.4076,275.2550,275.0993,274.9409,274.7804,274.6179,274.4539,274.2885,274.1219,273.9541,273.7854,273.6157,273.4450,273.2736,273.1013,272.9282,272.7542,272.5795,272.4041,272.2278,272.0507,271.8729,271.6942,271.5148,271.3345,271.1534,270.9714,270.7885,270.6047,270.4200,270.2344,270.0478,269.8602,269.6715,269.4818,269.2911,269.0992,268.9062,268.7121,268.5168,268.3202,268.1224,267.9234,267.7231,267.5214,267.3185,267.1141,266.9085,266.7014,266.4929,266.2830,266.0716,265.8588,265.6445,265.4288,265.2115,264.9928,264.7726,264.5509,264.3277,264.1029,263.8767,263.6490,263.4197,263.1890,262.9567,262.7230,262.4878,262.2511,262.0129,261.7733,261.5323,261.2897,261.0458,260.8004,260.5537,260.3055,260.0560,259.8051,259.5529,259.2993,259.0444,258.7882,258.5362,258.2844,258.0315,257.7773,257.5218,257.2652,257.0074,256.7484,256.4882,256.2269,255.9645,255.7010,255.4364,255.1707,254.9039,254.6362,254.3674,254.0976,253.8268,253.5550,253.2823,253.0087,252.7341,252.4586,252.1822,251.9049,251.6268,251.3478,251.0680
2,2,0,7,W2Mo2Se0S7,3,0,1,11,2,48,,137.3338,137.1997,137.0657,136.9316,136.7975,136.6634,136.5293,136.3952,136.2610,136.1265,135.9918,135.8566,135.7207,135.5839,135.4462,135.3073,135.1672,135.0257,134.8829,134.7386,134.5928,134.4455,134.2968,134.1466,133.9950,133.8419,133.6875,133.5318,133.3748,133.2166,133.0572,132.8967,132.7351,132.5724,132.4088,132.2442,132.0787,131.9124,131.7452,131.5772,131.4085,131.2391,131.0690,130.8983,130.7269,130.5550,130.3825,130.2094,130.0359,129.8618,129.6873,129.5124,129.3370,129.1612,128.9850,128.8084,128.6315,128.4542,128.2767,128.0987,127.9205,127.7420,127.5633,127.3842,127.2049,127.0254,126.8456,126.6656,126.4853,126.3049,126.1242,125.9434,125.7623,125.5811,125.3997,125.2182,125.0364,124.8545,124.6725,124.4903,124.3080,124.1255,123.9429,123.7602,123.5773,123.3943,123.2112,123.0280,122.8447,122.6613,122.4777,122.2941,122.1228,121.9550,121.7871,121.6191,121.4510,121.2829,121.1146,120.9463,120.7779,120.6094,120.4409,120.2722,120.1035,119.9348,119.7660,119.5971,119.4281,119.2591,119.0901,118.9209,118.7518,118.5825,118.4132,118.2439,118.0745,117.9051,117.7356,117.5661,117.3965
2,2,0,8,W2Mo2Se0S8,3,0,0,12,1,6,0,0.0000,-0.0000,-0.0000,-0.0000,0.0000,-0.0000,-0.0000,-0.0000,0.0000,-0.0000,0.0000,-0.0000,-0.0000,-0.0000,-0.0000,-0.0000,-0.0000,-0.0000,-0.0000,0.0000,0.0000,0.0000,-0.0000,-0.0000,-0.0000,0.0000,-0.0000,-0.0000,-0.0000,-0.0000,-0.0000,-0.0000,-0.0000,-0.0000,-0.0000,-0.0000,-0.0000,-0.0000,-0.0000,-0.0000,0.0000,-0.0000,-0.0000,0.0000,-0.0000,0.0000,-0.0000,-0.0000,-0.0000,-0.0000,-0.0000,-0.0000,-0.0000,-0.0000,-0.0000,-0.0000,0.0000,-0.0000,-0.0000,-0.0000,0.0000,-0.0000,-0.0000,-0.0000,-0.0000,0.0000,-0.0000,0.0000,-0.0000,0.0000,-0.0000,-0.0000,-0.0000,-0.0000,-0.0000,-0.0000,-0.0000,-0.0000,-0.0000,0.0000,-0.0000,-0.0000,0.0000,-0.0000,-0.0000,0.0000,0.0000,-0.0000,0.0000,-0.0000,-0.0000,-0.0000,0.0182,0.0417,0.0652,0.0886,0.1121,0.1356,0.1591,0.1826,0.2060,0.2295,0.2530,0.2765,0.2999,0.3234,0.3469,0.3704,0.3939,0.4173,0.4408,0.4643,0.4878,0.5113,0.5347,0.5582,0.5817,0.6052,0.6286,0.6521,0.6756
2,2,1,3,W2Mo2Se1S3,4,0,4,8,42,1680,,388.7127,388.5042,388.2953,388.0802,387.8459,387.5852,387.2995,386.9941,386.6742,386.3439,386.0064,385.6638,385.3176,384.9688,384.6181,384.2661,383.9131,383.5594,383.2051,382.8505,382.4955,382.1404,381.7851,381.4297,381.0742,380.7186,380.3629,380.0073,379.6516,379.2959,378.9401,378.5844,378.2286,377.8729,377.5171,377.1614,376.8056,376.4499,376.0941,375.7384,375.3826,375.0269,374.6711,374.3154,373.9596,373.6039,373.2481,372.8924,372.5366,372.1809,371.8251,371.4694,371.1137,370.7579,370.4022,370.0464,369.6907,369.3349,368.9792,368.6234,368.2677,367.9119,367.5562,367.2004,366.8447,366.4889,366.1331,365.7774,365.4216,365.0659,364.7101,364.3544,363.9986,363.6428,363.2871,362.9313,362.5755,362.2198,361.8640,361.5082,361.1525,360.7967,360.4409,360.0851,359.7294,359.3736,359.0178,358.6620,358.3063,357.9505,357.5947,357.2389,356.8831,356.5273,356.1716,355.8158,355.4600,355.1042,354.7484,354.3926,354.0368,353.6810,353.3252,352.9695,352.6137,352.2579,351.9021,351.5463,351.1905,350.8347,350.4789,350.1231,349.7673,349.4115,349.0557,348.6999,348.3441,347.9883,347.6325,347.2767,346.9208
2,2,1,4,W2Mo2Se1S4,4,0,3,9,42,1680,,459.5471,459.3404,459.1336,458.9282,458.7266,458.5303,458.3383,458.1484,457.9677,457.7898,457.6068,457.4170,457.2227,457.0289,456.8250,456.6106,456.3857,456.1503,455.9046,455.6489,455.3834,455.1087,454.8251,454.5514,454.2723,453.9855,453.6916,453.4019,453.1199,452.8320,452.5384,452.2394,451.9353,451.6263,451.3127,450.9946,450.6723,450.3459,450.0156,449.6816,449.3441,449.0032,448.6590,448.3118,447.9615,447.6083,447.2557,446.9029,446.5476,446.1899,445.8299,445.4676,445.1032,444.7366,444.3681,443.9976,443.6252,443.2510,442.8751,442.4974,442.1181,441.7372,441.3547,440.9708,440.5854,440.1985,439.8103,439.4208,439.0300,438.6379,438.2446,437.8501,437.4544,437.0577,436.6598,436.2608,435.8609,435.4599,435.0579,434.6549,434.2510,433.8462,433.4405,433.0340,432.6265,432.2183,431.8092,431.3994,430.9887,430.5773,430.1652,429.7523,429.3388,428.9245,428.5095,428.0939,427.6777,427.2608,426.8432,426.4251,426.0064,425.5870,425.1671,424.7467,424.3257,423.9041,423.4820,423.0594,422.6363,422.2126,421.7885,421.3639,420.9388,420.5133,420.0873,419.6608,419.2339,418.8066,418.3788,417.9506,417.5220
2,2,1,5,W2Mo2Se1S5,4,0,2,10,26,1008,,280.9582,280.8001,280.6421,280.4848,280.3287,280.1714,280.0094,279.8395,279.6600,279.4705,279.2713,279.0634,278.8477,278.6253,278.3970,278.1638,277.9263,277.6851,277.4407,277.1935,276.9439,276.6922,276.4386,276.1832,275.9264,275.6681,275.4547,275.2585,275.0616,274.8643,274.6664,274.4681,274.2692,274.0698,273.8698,273.6694,273.4684,273.2777,273.0955,272.9127,272.7293,272.5452,272.3605,272.1750,271.9889,271.8020,271.6144,271.4260,271.2369,271.0470,270.8562,270.6647,270.4723,270.2790,270.0849,269.8899,269.6940,269.4972,269.2994,269.1007,268.9010,268.7004,268.4987,268.2961,268.0924,267.8878,267.6821,267.4754,267.2676,267.0587,266.8488,266.6378,266.4258,266.2127,265.9984,265.7831,265.5667,265.3492,265.1305,264.9108,264.6900,264.4680,264.2450,264.0208,263.7956,263.5692,263.3418,263.1132,262.8835,262.6528,262.4209,262.1880,261.9540,261.7189,261.4828,261.2456,261.0073,260.7680,260.5276,260.2862,260.0438,259.8003,259.5558,259.3104,259.0639,258.8164,258.5680,258.3185,258.0681,257.8168,257.5645,257.3112,257.0571,256.8020,256.5460,256.2891,256.0313,255.7726,255.5131,255.2527,254.9914
2,2,1,6,W2Mo2Se1S6,4,0,1,11,10,336,,140.7680,140.6339,140.4999,140.3664,140.2334,140.0990,139.9604,139.8154,139.6629,139.5025,139.3341,139.1580,138.9748,138.7849,138.5888,138.3871,138.1802,137.9685,137.7524,137.5323,137.3086,137.0814,136.8599,136.6522,136.4417,136.2287,136.0553,135.8964,135.7360,135.5741,135.4109,135.2464,135.0806,134.9138,134.7458,134.5768,134.4068,134.2458,134.0921,133.9376,133.7822,133.6260,133.4690,133.3113,133.1529,132.9938,132.8340,132.6736,132.5127,132.3511,132.1890,132.0264,131.8632,131.6996,131.5355,131.3709,131.2059,131.0404,130.8746,130.7083,130.5417,130.3747,130.2073,130.0396,129.8716,129.7032,129.5345,129.3655,129.1963,129.0267,128.8568,128.6867,128.5163,128.3457,128.1748,128.0037,127.8324,127.6608,127.4890,127.3170,127.1447,126.9723,126.7997,126.6269,126.4539,126.2807,126.1073,125.9338,125.7601,125.5862,125.4122,125.2380,125.0637,124.8892,124.7146,124.5398,124.3649,124.1899,124.0147,123.8394,123.6640,123.4884,123.3128,123.1370,122.9611,122.7850,122.6089,122.4327,122.2563,122.0799,121.9034,121.7267,121.5500,121.3731,121.1962,121.0192,120.8421,120.6649,120.4876,120.3103,120.1328
2,2,1,7,W2Mo2Se1S7,4,0,0,12,2,48,,2.9195,2.8054,2.6914,2.5782,2.4675,2.3597,2.2540,2.1490,2.0437,1.9375,1.8303,1.7218,1.6121,1.5013,1.3895,1.2769,1.1635,1.0494,0.9347,0.8194,0.7038,0.5877,0.4877,0.4176,0.3474,0.2768,0.2445,0.2273,0.2104,0.1937,0.1773,0.1611,0.1451,0.1294,0.1138,0.0984,0.0831,0.0771,0.0788,0.0806,0.0825,0.0845,0.0865,0.0886,0.0908,0.0931,0.0954,0.0978,0.1002,0.1027,0.1053,0.1078,0.1105,0.1131,0.1158,0.1186,0.1213,0.1242,0.1270,0.1299,0.1328,0.1357,0.1386,0.1416,0.1446,0.1476,0.1506,0.1537,0.1568,0.1599,0.1630,0.1661,0.1692,0.1724,0.1756,0.1787,0.1819,0.1852,0.1884,0.1916,0.1949,0.1981,0.2014,0.2047,0.2080,0.2113,0.2146,0.2179,0.2212,0.2246,0.2279,0.2313,0.2346,0.2380,0.2414,0.2448,0.2481,0.2515,0.2549,0.2583,0.2618,0.2652,0.2686,0.2720,0.2755,0.2789,0.2823,0.2858,0.2892,0.2927,0.2962,0.2996,0.3031,0.3066,0.3100,0.3135,0.3170,0.3205,0.3240,0.3275,0.3310
2,2,2,2,W2Mo2Se2S2,4,0,4,8,68,2520,,382.0279,381.6239,381.1906,380.7530,380.3186,379.8927,379.4767,379.0697,378.6701,378.2763,377.8870,377.5013,377.1182,376.7370,376.3572,375.9783,375.5998,375.2216,374.8433,374.4648,374.0859,373.7065,373.3265,372.9459,372.5646,372.1826,371.7999,371.4165,371.0324,370.6475,370.2620,369.8758,369.4889,369.1014,368.7133,368.3245,367.9352,367.5453,367.1549,366.7640,366.3725,365.9806,365.5882,365.1954,364.8021,364.4084,364.0143,363.6198,363.2250,362.8297,362.4342,362.0382,361.6420,361.2455,360.8486,360.4514,360.0540,359.6562,359.2582,358.8599,358.4614,358.0626,357.6636,357.2643,356.8648,356.4650,356.0651,355.6649,355.2645,354.8639,354.4631,354.0621,353.6608,353.2594,352.8578,352.4560,352.0541,351.6519,351.2496,350.8471,350.4444,350.0416,349.6386,349.2354,348.8321,348.4286,348.0250,347.6212,347.2173,346.8132,346.4089,346.0045,345.6000,345.1953,344.7905,344.4331,344.0788,343.7243,343.3697,343.0149,342.6599,342.3048,341.9496,341.5941,341.2386,340.8829,340.5271,340.1711,339.8150,339.4587,339.1023,338.7458,338.3891,338.0323,337.6754,337.3183,336.9611,336.6038,336.2464,335.8888,335.5312
2,2,2,3,W2Mo2Se2S3,4,0,3,9,80,3360,,465.2166,465.0060,464.7954,464.5982,464.4086,464.2280,464.0557,463.8891,463.7249,463.5599,463.3914,463.2169,463.0346,462.8477,462.6537,462.4481,462.2306,462.0011,461.7596,461.5063,461.2667,461.0280,460.7791,460.5206,460.2529,459.9765,459.6918,459.3993,459.0994,458.7927,458.4794,458.1599,457.8346,457.5038,457.1678,456.8388,456.5531,456.2632,455.9692,455.6712,455.3696,455.0644,454.7559,454.4441,454.1293,453.8115,453.4909,453.1675,452.8416,452.5132,452.1823,451.8491,451.5137,451.1760,450.8363,450.4945,450.1508,449.8052,449.4577,449.1084,448.7574,448.4046,448.0503,447.6943,447.3367,446.9777,446.6171,446.2552,445.8918,445.5270,445.1609,444.7935,444.4248,444.0549,443.6837,443.3114,442.9379,442.5633,442.1875,441.8107,441.4328,441.0538,440.6738,440.2928,439.9109,439.5280,439.1441,438.7593,438.3736,437.9870,437.5996,437.2113,436.8221,436.4322,436.0414,435.6604,435.2793,434.8975,434.5149,434.1316,433.7475,433.3627,432.9772,432.5911,432.2042,431.8167,431.4285,431.0397,430.6503,430.2602,429.8695,429.4782,429.0863,428.6939,428.3008,427.9072,427.5130,427.1183,426.7231,426.3273,425.9310
2,2,2,4,W2Mo2Se2S4,4,0,2,10,68,2520,,285.6344,285.4145,285.1692,284.9358,284.7012,284.4634,284.2214,283.9742,283.7216,283.4638,283.2012,282.9340,282.6629,282.3966,282.1326,281.8647,281.5931,281.3182,281.0401,280.7591,280.5203,280.3004,280.0788,279.8554,279.6304,279.4038,279.1756,278.9460,278.7149,278.4824,278.2486,278.0134,277.7770,277.5393,277.3004,277.0747,276.9054,276.7351,276.5639,276.3916,276.2185,276.0444,275.8693,275.6934,275.5166,275.3388,275.1602,274.9807,274.8003,274.6191,274.4369,274.2539,274.0701,273.8853,273.6996,273.5131,273.3257,273.1374,272.9483,272.7582,272.5672,272.3754,272.1826,271.9889,271.7943,271.5988,271.4024,271.2050,271.0067,270.8075,270.6073,270.4061,270.2040,270.0010,269.7970,269.5920,269.3861,269.1791,268.9712,268.7624,268.5531,268.3490,268.1439,267.9379,267.7308,267.5228,267.3138,267.1038,266.8929,266.6809,266.4679,266.2540,266.0390,265.8231,265.6062,265.3883,265.1694,264.9496,264.7287,264.5069,264.2841,264.0604,263.8356,263.6099,263.3833,263.1557,262.9271,262.6976,262.4672,262.2358,262.0035,261.7703,261.5361,261.3010,261.0651,260.8282,260.5904,260.3517,260.1121,259.8717,259.6304
2,2,2,5,W2Mo2Se2S5,4,0,1,11,26,1008,,146.4052,146.1822,145.9026,145.6469,145.3926,145.1367,144.8789,144.6186,144.3554,144.0889,143.8189,143.5454,143.2681,142.9931,142.7182,142.4392,142.1562,141.8704,141.6052,141.3366,141.1138,140.9112,140.7064,140.4996,140.2907,140.0799,139.8672,139.6528,139.4368,139.2191,138.9999,138.7793,138.5573,138.3340,138.1094,137.8966,137.7350,137.5725,137.4090,137.2445,137.0792,136.9131,136.7461,136.5784,136.4099,136.2407,136.0707,135.9001,135.7289,135.5570,135.3845,135.2114,135.0378,134.8636,134.6888,134.5136,134.3378,134.1615,133.9848,133.8076,133.6299,133.4519,133.2733,133.0944,132.9151,132.7354,132.5553,132.3748,132.1940,132.0128,131.8313,131.6494,131.4672,131.2847,131.1019,130.9188,130.7354,130.5517,130.3678,130.1835,130.0002,129.8308,129.6612,129.4913,129.3212,129.1509,128.9803,128.8096,128.6386,128.4674,128.2960,128.1244,127.9526,127.7806,127.6085,127.4361,127.2636,127.0909,126.9180,126.7450,126.5718,126.3984,126.2249,126.0512,125.8773,125.7033,125.5292,125.3549,125.1805,125.0060,124.8313,124.6564,124.4815,124.3064,124.1312,123.9558,123.7804,123.6048,123.4291,123.2533,123.0774
2,2,2,6,W2Mo2Se2S6,4,0,0,12,8,168,800,4.4374,4.3467,4.2561,4.1990,4.1405,4.0712,3.9872,3.8875,3.7732,3.6459,3.5078,3.3604,3.2052,3.0434,2.8760,2.7036,2.5270,2.3491,2.2272,2.1021,2.0192,1.9552,1.8895,1.8225,1.7540,1.6844,1.6137,1.5420,1.4693,1.3958,1.3215,1.2465,1.1708,1.0946,1.0177,0.9523,0.9344,0.9161,0.8975,0.8787,0.8596,0.8402,0.8206,0.8008,0.7808,0.7606,0.7402,0.7197,0.6991,0.6783,0.6574,0.6363,0.6152,0.5940,0.5726,0.5512,0.5297,0.5082,0.4865,0.4648,0.4430,0.4212,0.3993,0.3773,0.3553,0.3332,0.3111,0.2890,0.2668,0.2446,0.2224,0.2001,0.1777,0.1554,0.1330,0.1106,0.0882,0.0657,0.0432,0.0207,-0.0000,-0.0000,-0.0000,-0.0000,-0.0000,0.0000,-0.0000,-0.0000,-0.0000,-0.0000,-0.0000,-0.0000,-0.0000,-0.0000,0.0000,-0.0000,-0.0000,-0.0000,-0.0000,-0.0000,0.0000,-0.0000,0.0000,-0.0000,0.0000,-0.0000,-0.0000,-0.0000,0.0000,-0.0000,-0.0000,-0.0000,-0.0000,-0.0000,-0.0000,-0.0000,-0.0000,-0.0000,-0.0000,-0.0000,0.0000
2,2,3,1,W2Mo2Se3S1,4,0,4,8,42,1680,,376.1662,375.8510,375.4682,375.1338,374.7786,374.3951,373.9890,373.5669,373.1339,372.6938,372.2491,371.8014,371.3518,370.9010,370.4497,369.9979,369.5461,369.0942,368.6424,368.1908,367.7393,367.2880,366.8369,366.3860,365.9352,365.4846,365.0340,364.5836,364.1333,363.6831,363.2329,362.7827,362.3326,361.8825,361.4323,360.9821,360.5319,360.0816,359.6313,359.1808,358.7303,358.2796,357.8288,357.3779,356.9268,356.4756,356.0243,355.5727,355.1210,354.6691,354.2170,353.7647,353.3122,352.8595,352.4066,351.9535,351.5001,351.0466,350.5928,350.1387,349.6845,349.2299,348.7940,348.3686,347.9429,347.5169,347.0907,346.6643,346.2376,345.8106,345.3833,344.9558,344.5281,344.1001,343.6718,343.2433,342.8145,342.3855,341.9562,341.5267,341.0969,340.6669,340.2367,339.8062,339.3754,338.9444,338.5132,338.0817,337.6500,337.2180,336.7859,336.3535,335.9208,335.4879,335.0549,334.6215,334.1880,333.7542,333.3202,332.8860,332.4516,332.0170,331.5821,331.1471,330.7118,330.2764,329.8407,329.4048,328.9687,328.5324,328.0960,327.6593,327.2224,326.7853,326.3481,325.9106,325.4730,325.0352,324.5972,324.1590,323.7391
2,2,3,2,W2Mo2Se3S2,4,0,3,9,80,3360,,474.8467,474.5268,474.2038,473.9151,473.6178,473.3094,472.9923,472.6681,472.3380,472.0027,471.6626,471.3182,471.0187,470.7328,470.4435,470.1508,469.8548,469.5554,469.2526,468.9463,468.6366,468.3235,468.0069,467.6869,467.3634,467.0366,466.7063,466.3727,466.0358,465.6955,465.3520,465.0053,464.6554,464.3023,463.9461,463.5868,463.2245,462.8592,462.4910,462.1199,461.7459,461.3691,461.0493,460.7638,460.4759,460.1854,459.8925,459.5972,459.2995,458.9994,458.6971,458.3924,458.0856,457.7765,457.4652,457.1518,456.8363,456.5188,456.1992,455.8776,455.5541,455.2293,454.9077,454.5841,454.2587,453.9328,453.6065,453.2785,452.9488,452.6174,452.2843,451.9497,451.6134,451.2756,450.9363,450.5955,450.2531,449.9094,449.5642,449.2176,448.8696,448.5203,448.1696,447.8177,447.4644,447.1099,446.7542,446.3972,446.0391,445.6798,445.3193,444.9577,444.5949,444.2311,443.8662,443.5003,443.1333,442.7652,442.3962,442.0262,441.6552,441.2833,440.9104,440.5366,440.1619,439.7863,439.4098,439.0325,438.6543,438.2752,437.8954,437.5147,437.1332,436.7510,436.3679,435.9842,435.5996,435.2143,434.8283,434.4416,434.0542
2,2,3,3,W2Mo2Se3S3,4,0,2,10,80,3360,,291.9010,291.6201,291.3391,291.0775,290.8117,290.5340,290.2410,289.9319,289.6074,289.2691,288.9187,288.5577,288.2760,288.0183,287.7550,287.4869,287.2147,286.9390,286.6603,286.3789,286.0951,285.8092,285.5215,285.2321,284.9411,284.6488,284.3552,284.0604,283.7644,283.4674,283.1694,282.8705,282.5707,282.2699,281.9684,281.6660,281.3628,281.0588,280.7541,280.4486,280.1424,279.8355,279.5996,279.4075,279.2149,279.0217,278.8281,278.6339,278.4392,278.2440,278.0482,277.8519,277.6550,277.4575,277.2595,277.0609,276.8665,276.6862,276.5053,276.3238,276.1417,275.9639,275.7895,275.6145,275.4389,275.2627,275.0858,274.9082,274.7300,274.5511,274.3716,274.1913,274.0104,273.8287,273.6463,273.4632,273.2794,273.0948,272.9095,272.7234,272.5365,272.3489,272.1605,271.9713,271.7812,271.5904,271.3988,271.2064,271.0131,270.8191,270.6241,270.4284,270.2318,270.0344,269.8361,269.6370,269.4370,269.2362,269.0345,268.8319,268.6285,268.4242,268.2191,268.0130,267.8062,267.5984,267.3898,267.1802,266.9699,266.7586,266.5465,266.3335,266.1196,265.9049,265.6893,265.4729,265.2556,265.0374,264.8183,264.5984,264.3777
2,2,3,4,W2Mo2Se3S4,4,0,1,11,42,1680,,151.6781,151.4018,151.0963,150.7832,150.4655,150.1426,149.8130,149.4753,149.1287,148.7729,148.4080,148.0345,147.7731,147.5476,147.3166,147.0806,146.8399,146.5950,146.3462,146.0938,145.8381,145.5792,145.3175,145.0530,144.7860,144.5166,144.2450,143.9712,143.6953,143.4175,143.1379,142.8566,142.5735,142.2888,142.0026,141.7149,141.4258,141.1353,140.8435,140.5504,140.2561,139.9605,139.7291,139.5370,139.3441,139.1502,138.9555,138.7601,138.5638,138.3667,138.1689,137.9703,137.7711,137.5711,137.3705,137.1692,136.9784,136.8202,136.6613,136.5020,136.3421,136.1839,136.0271,135.8697,135.7119,135.5536,135.3949,135.2357,135.0761,134.9161,134.7556,134.5948,134.4335,134.2719,134.1099,133.9475,133.7848,133.6217,133.4582,133.2945,133.1303,132.9659,132.8012,132.6361,132.4708,132.3051,132.1392,131.9730,131.8065,131.6397,131.4727,131.3054,131.1378,130.9701,130.8020,130.6337,130.4652,130.2965,130.1275,129.9583,129.7889,129.6193,129.4495,129.2795,129.1092,128.9388,128.7682,128.5974,128.4264,128.2553,128.0839,127.9124,127.7407,127.5689,127.3969,127.2247,127.0523,126.8799,126.7072,126.5344,126.3615
2,2,3,5,W2Mo2Se3S5,4,0,0,12,10,336,560,8.4024,8.2236,8.0303,7.8054,7.5577,7.2954,7.0226,6.7411,6.4518,6.1558,5.8536,5.5462,5.3747,5.2404,5.1035,4.9645,4.8235,4.6808,4.5366,4.3910,4.2441,4.0960,3.9469,3.7968,3.6459,3.4940,3.3414,3.1881,3.0341,2.8795,2.7242,2.5684,2.4121,2.2552,2.0979,1.9401,1.7819,1.6234,1.4644,1.3051,1.1454,0.9854,0.8848,0.8211,0.7573,0.6933,0.6293,0.5651,0.5009,0.4365,0.3721,0.3075,0.2429,0.1782,0.1135,0.0486,-0.0000,-0.0000,0.0000,0.0000,-0.0000,0.0000,-0.0000,-0.0000,0.0000,-0.0000,0.0000,-0.0000,-0.0000,-0.0000,0.0000,-0.0000,-0.0000,-0.0000,0.0000,-0.0000,-0.0000,-0.0000,-0.0000,-0.0000,0.0000,-0.0000,-0.0000,-0.0000,-0.0000,-0.0000,-0.0000,-0.0000,-0.0000,-0.0000,-0.0000,-0.0000,-0.0000,-0.0000,-0.0000,-0.0000,-0.0000,-0.0000,-0.0000,-0.0000,-0.0000,-0.0000,-0.0000,-0.0000,-0.0000,-0.0000,-0.0000,-0.0000,-0.0000,-0.0000,-0.0000,-0.0000,-0.0000,-0.0000,-0.0000,-0.0000,-0.0000,-0.0000,-0.0000,-0.0000,-0.0000
2,2,4,0,W2Mo2Se4S0,3,0,4,8,16,420,,371.8338,371.4914,371.1476,370.7977,370.4399,370.0757,369.7067,369.3341,368.9590,368.5818,368.2033,367.8235,367.4429,367.0615,366.6795,366.2971,365.9142,365.5310,365.1475,364.7638,364.3798,363.9957,363.6114,363.2269,362.8423,362.4576,362.0727,361.6877,361.3025,360.9172,360.5787,360.3861,360.1933,360.0002,359.8069,359.6133,359.4194,359.2252,359.0306,358.8355,358.6401,358.4441,358.2476,358.0506,357.8529,357.6546,357.4556,357.2559,357.0554,356.8541,356.6519,356.4489,356.2449,356.0399,355.8339,355.6269,355.4189,355.2097,354.9994,354.7880,354.5754,354.3615,354.1465,353.9302,353.7126,353.4937,353.2736,353.0521,352.8293,352.6052,352.3797,352.1528,351.9246,351.6950,351.4641,351.2318,350.9981,350.7630,350.5265,350.2887,350.0495,349.8089,349.5670,349.3237,349.0791,348.8331,348.5857,348.3371,348.0871,347.8359,347.5833,347.3294,347.0743,346.8179,346.5603,346.3014,346.0413,345.7800,345.5174,345.2537,344.9888,344.7228,344.4556,344.1873,343.9179,343.6473,343.3757,343.1030,342.8293,342.5545,342.2786,342.0018,341.7240,341.4451,341.1653,340.8845,340.6028,340.3202,340.0366,339.7522,339.4668
2,2,4,1,W2Mo2Se4S1,4,0,3,9,42,1680,,485.2823,484.9776,484.6565,484.3030,483.9273,483.5393,483.1445,482.7455,482.3437,481.9399,481.5344,481.1274,480.7598,480.3926,480.0237,479.6531,479.2805,478.9059,478.5292,478.1502,477.7688,477.3849,476.9986,476.6097,476.2181,475.8238,475.4268,475.0270,474.6245,474.2191,473.8527,473.6133,473.3710,473.1259,472.8779,472.6271,472.3735,472.1170,471.8577,471.5956,471.3307,471.0631,470.7926,470.5195,470.2436,469.9650,469.6837,469.3997,469.1572,468.9231,468.6866,468.4476,468.2062,467.9623,467.7161,467.4676,467.2167,466.9635,466.7080,466.4502,466.1902,465.9281,465.6637,465.3972,465.1285,464.8578,464.5850,464.3101,464.0332,463.7549,463.4800,463.2032,462.9244,462.6438,462.3614,462.0771,461.7911,461.5033,461.2138,460.9225,460.6296,460.3351,460.0389,459.7412,459.4418,459.1410,458.8386,458.5347,458.2293,457.9225,457.6162,457.3128,457.0081,456.7020,456.3946,456.0859,455.7759,455.4646,455.1521,454.8384,454.5235,454.2074,453.8901,453.5717,453.2522,452.9315,452.6098,452.2870,451.9631,451.6383,451.3124,450.9855,450.6576,450.3287,449.9989,449.6681,449.3365,449.0039,448.6704,448.3361,448.0008
2,2,4,2,W2Mo2Se4S2,4,0,2,10,68,2520,,296.3168,296.1026,295.8883,295.6700,295.4374,295.1814,294.8995,294.5936,294.2673,293.9242,293.5672,293.1986,292.8937,292.5840,292.2666,291.9425,291.6123,291.2765,290.9355,290.5897,290.2395,289.8852,289.5269,289.1651,288.7999,288.4315,288.0601,287.6859,287.3090,286.9296,286.5855,286.3559,286.1241,285.8904,285.6547,285.4171,285.1779,284.9369,284.6944,284.4504,284.2049,283.9580,283.7097,283.4602,283.2094,282.9574,282.7042,282.4498,282.2737,282.1164,281.9584,281.7995,281.6398,281.4794,281.3181,281.1562,280.9934,280.8300,280.6657,280.5008,280.3351,280.1687,280.0015,279.8337,279.6651,279.4958,279.3258,279.1550,278.9836,278.8124,278.6500,278.4870,278.3232,278.1587,277.9935,277.8275,277.6608,277.4934,277.3252,277.1563,276.9866,276.8162,276.6450,276.4731,276.3004,276.1269,275.9526,275.7776,275.6018,275.4252,275.2511,275.0842,274.9165,274.7480,274.5787,274.4085,274.2376,274.0659,273.8933,273.7199,273.5457,273.3706,273.1947,273.0180,272.8404,272.6621,272.4828,272.3027,272.1218,271.9400,271.7574,271.5740,271.3896,271.2045,271.0184,270.8316,270.6438,270.4552,270.2658,270.0755,269.8844
2,2,4,3,W2Mo2Se4S3,4,0,1,11,42,1680,,157.1241,156.8208,156.5175,156.2126,155.9008,155.5762,155.2352,154.8771,154.5026,154.1132,153.7108,153.2970,152.9736,152.6466,152.3120,151.9708,151.6238,151.2715,150.9144,150.5531,150.1879,149.8190,149.4468,149.0715,148.6932,148.3121,147.9285,147.5423,147.1538,146.7630,146.4042,146.1495,145.8928,145.6342,145.3736,145.1113,144.8472,144.5814,144.3139,144.0449,143.7743,143.5022,143.2286,142.9536,142.6773,142.3996,142.1205,141.8403,141.6669,141.5195,141.3713,141.2223,141.0724,140.9217,140.7703,140.6181,140.4651,140.3113,140.1569,140.0017,139.8459,139.6894,139.5322,139.3743,139.2159,139.0568,138.8971,138.7368,138.5760,138.4152,138.2605,138.1052,137.9493,137.7930,137.6362,137.4788,137.3210,137.1628,137.0041,136.8449,136.6853,136.5253,136.3648,136.2040,136.0428,135.8811,135.7191,135.5568,135.3940,135.2309,135.0675,134.9037,134.7396,134.5783,134.4196,134.2606,134.1012,133.9416,133.7817,133.6215,133.4610,133.3002,133.1392,132.9779,132.8164,132.6546,132.4926,132.3304,132.1679,132.0051,131.8422,131.6866,131.5323,131.3778,131.2231,131.0682,130.9130,130.7577,130.6022,130.4466,130.2907
2,2,4,4,W2Mo2Se4S4,4,0,0,12,16,420,480,10.6661,10.5369,10.3778,10.1500,9.8785,9.5848,9.2780,8.9618,8.6375,8.3060,7.9676,7.6226,7.3939,7.1655,6.9316,6.6927,6.4490,6.2010,5.9490,5.6934,5.4345,5.1725,4.9078,4.6405,4.3710,4.0993,3.8256,3.5502,3.2731,2.9945,2.7458,2.5932,2.4393,2.2844,2.1284,1.9715,1.8137,1.6550,1.4956,1.3355,1.1746,1.0132,0.8511,0.6884,0.5253,0.3616,0.1975,0.0329,0.0000,0.0000,-0.0000,-0.0000,-0.0000,-0.0000,0.0000,-0.0000,-0.0000,-0.0000,0.0000,-0.0000,-0.0000,-0.0000,-0.0000,-0.0000,-0.0000,-0.0000,-0.0000,-0.0000,-0.0000,0.0000,-0.0000,-0.0000,-0.0000,-0.0000,-0.0000,-0.0000,-0.0000,0.0000,-0.0000,0.0000,-0.0000,-0.0000,-0.0000,-0.0000,-0.0000,-0.0000,-0.0000,-0.0000,-0.0000,-0.0000,-0.0000,-0.0000,-0.0000,-0.0000,-0.0000,-0.0000,-0.0000,-0.0000,-0.0000,-0.0000,-0.0000,-0.0000,-0.0000,-0.0000,-0.0000,-0.0000,-0.0000,0.0000,0.0000,-0.0000,-0.0000,-0.0000,0.0000,-0.0000,-0.0000,-0.0000,0.0000,-0.0000,-0.0000,-0.0000,-0.0000
2,2,5,0,W2Mo2Se5S0,3,0,3,9,10,336,,504.7170,504.4127,504.1084,503.8041,503.4997,503.1947,502.8886,502.5809,502.2713,501.9595,501.6455,501.3293,501.0110,500.6907,500.3684,500.0443,499.7183,499.3907,499.0613,498.7303,498.3977,498.0636,497.7279,497.3906,497.0518,496.7115,496.3696,496.0263,495.6815,495.3352,494.9979,494.6916,494.3839,494.0747,493.7642,493.4523,493.1390,492.8244,492.5084,492.1912,491.8726,491.5528,491.2318,490.9096,490.5861,490.2615,489.9376,489.6730,489.4073,489.1405,488.8727,488.6038,488.3338,488.0628,487.7909,487.5179,487.2440,486.9691,486.6933,486.4166,486.1390,485.8604,485.5811,485.3008,485.0197,484.7378,484.4550,484.1715,483.8871,483.6019,483.3160,483.0293,482.7418,482.4536,482.1647,481.8750,481.5846,481.2935,481.0017,480.7092,480.4160,480.1222,479.8276,479.5324,479.2366,478.9401,478.6430,478.3452,478.0468,477.7478,477.4481,477.1479,476.8471,476.5456,476.2436,475.9410,475.6378,475.3340,475.0297,474.7248,474.4194,474.1134,473.8069,473.4998,473.1922,472.8841,472.5754,472.2663,471.9566,471.6464,471.3357,471.0245,470.7128,470.4006,470.0880,469.7748,469.4612,469.1471,468.8326,468.5175,468.2021
2,2,5,1,W2Mo2Se5S1,4,0,2,10,26,1008,,297.9464,297.7323,297.5181,297.3021,297.0796,296.8466,296.6019,296.3613,296.1141,295.8595,295.5991,295.3337,295.0640,294.7907,294.5140,294.2343,293.9517,293.6808,293.4090,293.1345,292.8574,292.5778,292.2958,292.0116,291.7252,291.4369,291.1466,290.8546,290.5608,290.2654,289.9779,289.7359,289.5429,289.3970,289.2723,289.1603,289.0475,288.9342,288.8201,288.7055,288.5903,288.4745,288.3824,288.2984,288.2138,288.1286,288.0428,287.9566,287.8698,287.7826,287.6948,287.6067,287.5180,287.4290,287.3395,287.2495,287.1592,287.0684,286.9773,286.8857,286.7937,286.7013,286.6086,286.5154,286.4218,286.3279,286.2335,286.1387,286.0435,285.9479,285.8519,285.7554,285.6586,285.5613,285.4635,285.3654,285.2668,285.1677,285.0681,284.9681,284.8677,284.7667,284.6653,284.5633,284.4609,284.3579,284.2545,284.1505,284.0459,283.9409,283.8352,283.7291,283.6223,283.5150,283.4071,283.2986,283.1895,283.0798,282.9695,282.8586,282.7470,282.6348,282.5220,282.4085,282.2943,282.1795,282.0640,281.9479,281.8310,281.7135,281.5953,281.4764,281.3567,281.2364,281.1153,280.9935,280.8710,280.7478,280.6238,280.4990,280.3736
2,2,5,2,W2Mo2Se5S2,4,0,1,11,26,1008,,157.4149,157.1659,156.9151,156.6576,156.3899,156.1103,155.8184,155.5423,155.2609,154.9716,154.6756,154.3741,154.0679,153.7577,153.4442,153.1276,152.8084,152.5127,152.2179,151.9203,151.6201,151.3174,151.0123,150.7048,150.3950,150.0829,149.7686,149.4521,149.1334,148.8126,148.4982,148.2244,147.9943,147.8062,147.6365,147.4774,147.3168,147.1545,146.9908,146.8254,146.6877,146.5731,146.4682,146.3659,146.2622,146.1571,146.0507,145.9430,145.8341,145.7239,145.6125,145.4999,145.3862,145.2714,145.1554,145.0384,144.9203,144.8012,144.6811,144.5601,144.4381,144.3151,144.1913,144.0666,143.9411,143.8148,143.6876,143.5597,143.4310,143.3015,143.1714,143.0405,142.9090,142.7768,142.6440,142.5105,142.3764,142.2417,142.1065,141.9706,141.8343,141.6974,141.5599,141.4220,141.2836,141.1447,141.0053,140.8654,140.7252,140.5844,140.4478,140.3216,140.1950,140.0680,139.9406,139.8129,139.6848,139.5563,139.4275,139.2984,139.1689,139.0391,138.9090,138.7786,138.6478,138.5168,138.3855,138.2540,138.1221,137.9900,137.8576,137.7250,137.5921,137.4590,137.3256,137.1920,137.0582,136.9242,136.7899,136.6554,136.5207
2,2,5,3,W2Mo2Se5S3,4,0,0,12,10,336,400,8.5422,8.3636,8.1745,7.9564,7.7136,7.4539,7.1818,6.9373,6.6910,6.4388,6.1817,5.9206,5.6560,5.3886,5.1188,4.8468,4.5731,4.3335,4.0968,3.8580,3.6172,3.3747,3.1306,2.8851,2.6381,2.3899,2.1406,1.8902,1.6387,1.3864,1.1410,0.9340,0.7682,0.6420,0.5338,0.4365,0.3390,0.2413,0.1433,0.0451,-0.0000,0.0000,-0.0000,-0.0000,-0.0000,-0.0000,-0.0000,-0.0000,-0.0000,-0.0000,-0.0000,0.0000,-0.0000,-0.0000,-0.0000,-0.0000,-0.0000,-0.0000,-0.0000,0.0000,0.0000,-0.0000,0.0000,0.0000,0.0000,-0.0000,-0.0000,-0.0000,-0.0000,-0.0000,-0.0000,-0.0000,-0.0000,-0.0000,0.0000,-0.0000,-0.0000,-0.0000,-0.0000,-0.0000,-0.0000,-0.0000,-0.0000,-0.0000,-0.0000,-0.0000,-0.0000,0.0000,0.0000,-0.0000,-0.0000,-0.0000,-0.0000,0.0114,0.0335,0.0555,0.0776,0.0997,0.1217,0.1438,0.1659,0.1879,0.2100,0.2321,0.2541,0.2762,0.2983,0.3203,0.3424,0.3645,0.3865,0.4114,0.4368,0.4622,0.4876,0.5130,0.5383,0.5637,0.5891,0.6145,0.6399
2,2,6,0,W2Mo2Se6S0,3,0,2,10,8,168,,298.2316,298.1158,298.0000,297.8842,297.7684,297.6526,297.5368,297.4210,297.3051,297.1892,297.0730,296.9564,296.8394,296.7217,296.6032,296.4837,296.3631,296.2414,296.1183,295.9939,295.8680,295.7407,295.6120,295.4817,295.3499,295.2167,295.0821,294.9460,294.8085,294.6698,294.5296,294.3883,294.2457,294.1019,293.9571,293.8111,293.6641,293.5161,293.3671,293.2172,293.0664,292.9147,292.7623,292.6091,292.4551,292.3004,292.1467,292.0468,291.9462,291.8450,291.7433,291.6409,291.5381,291.4347,291.3308,291.2265,291.1217,291.0164,290.9107,290.8046,290.6981,290.5912,290.4839,290.3762,290.2682,290.1598,290.0510,289.9419,289.8325,289.7227,289.6127,289.5022,289.3915,289.2805,289.1691,289.0574,288.9454,288.8331,288.7205,288.6075,288.4942,288.3806,288.2667,288.1525,288.0379,287.9230,287.8078,287.6922,287.5763,287.4601,287.3434,287.2265,287.1091,286.9914,286.8733,286.7548,286.6360,286.5167,286.3970,286.2769,286.1564,286.0355,285.9142,285.7924,285.6701,285.5474,285.4243,285.3006,285.1765,285.0519,284.9268,284.8012,284.6751,284.5485,284.4214,284.2937,284.1655,284.0367,283.9074,283.7775,283.6471
2,2,6,1,W2Mo2Se6S1,4,0,1,11,10,336,,157.2022,157.0594,156.9152,156.7639,156.6053,156.4426,156.2739,156.1011,155.9254,155.7507,155.5769,155.4030,155.2290,155.0558,154.8885,154.7207,154.5521,154.3827,154.2122,154.0405,153.8675,153.6928,153.5164,153.3380,153.1576,152.9748,152.7897,152.6021,152.4118,152.2189,152.0282,151.8380,151.6852,151.5889,151.4916,151.3917,151.2892,151.1998,151.1263,151.0503,150.9716,150.8903,150.8176,150.7462,150.6724,150.5962,150.5176,150.4367,150.3537,150.2685,150.1812,150.0919,150.0006,149.9074,149.8125,149.7157,149.6364,149.5721,149.5062,149.4387,149.3697,149.2993,149.2275,149.1543,149.0798,149.0041,148.9271,148.8490,148.7698,148.6895,148.6081,148.5257,148.4423,148.3580,148.2728,148.1867,148.0998,148.0121,147.9235,147.8342,147.7442,147.6534,147.5620,147.4699,147.3771,147.2838,147.1898,147.0952,147.0001,146.9044,146.8082,146.7115,146.6143,146.5166,146.4185,146.3199,146.2208,146.1214,146.0215,145.9212,145.8205,145.7195,145.6181,145.5163,145.4142,145.3117,145.2090,145.1059,145.0025,144.8988,144.7948,144.6905,144.5859,144.4811,144.3760,144.2707,144.1651,144.0593,143.9532,143.8469,143.7404
2,2,6,2,W2Mo2Se6S2,4,0,0,12,8,168,310,4.8210,4.7684,4.7156,4.6605,4.5978,4.5218,4.4298,4.3219,4.1997,4.0651,3.9201,3.7663,3.6052,3.4377,3.2648,3.0872,2.9056,2.7204,2.5321,2.3410,2.1475,1.9517,1.7540,1.5546,1.3536,1.1511,0.9538,0.7643,0.5736,0.3818,0.1889,0.0000,-0.0000,-0.0000,-0.0000,-0.0000,-0.0000,-0.0000,-0.0000,-0.0000,-0.0000,-0.0000,0.0404,0.0951,0.1497,0.2041,0.2585,0.3127,0.3669,0.4210,0.4750,0.5290,0.5829,0.6367,0.6905,0.7442,0.7979,0.8516,0.9052,0.9588,1.0124,1.0659,1.1194,1.1729,1.2264,1.2798,1.3333,1.3867,1.4401,1.4934,1.5468,1.6002,1.6535,1.7068,1.7601,1.8134,1.8667,1.9200,1.9733,2.0266,2.0799,2.1331,2.1864,2.2396,2.2929,2.3461,2.3993,2.4526,2.5058,2.5590,2.6122,2.6655,2.7187,2.7719,2.8251,2.8783,2.9315,2.9847,3.0379,3.0911,3.1443,3.1975,3.2507,3.3039,3.3571,3.4103,3.4635,3.5167,3.5699,3.6231,3.6763,3.7295,3.7827,3.8359,3.8891,3.9422,3.9954,4.0486,4.1018,4.1550,4.2082
2,2,7,0,W2Mo2Se7S0,3,0,1,11,2,48,,165.8531,165.7191,165.5850,165.4509,165.3167,165.1820,165.0463,164.9088,164.7689,164.6263,164.4807,164.3321,164.1805,164.0261,163.8691,163.7096,163.5479,163.3841,163.2184,163.0511,162.8822,162.7119,162.5403,162.3676,162.1938,162.0191,161.8435,161.6671,161.4899,161.3121,161.1337,160.9548,160.7753,160.5953,160.4149,160.2341,160.0529,159.8713,159.6894,159.5072,159.3247,159.1420,158.9590,158.7757,158.5923,158.4086,158.2256,158.0670,157.9083,157.7494,157.5904,157.4312,157.2719,157.1124,156.9529,156.7932,156.6334,156.4735,156.3135,156.1534,155.9932,155.8330,155.6726,155.5122,155.3517,155.1911,155.0305,154.8697,154.7090,154.5481,154.3873,154.2263,154.0653,153.9043,153.7432,153.5820,153.4208,153.2596,153.0983,152.9370,152.7756,152.6143,152.4528,152.2914,152.1299,151.9683,151.8068,151.6452,151.4836,151.3219,151.1602,150.9985,150.8368,150.6751,150.5133,150.3515,150.1896,150.0278,149.8659,149.7040,149.5421,149.3802,149.2183,149.0563,148.8943,148.7323,148.5703,148.4083,148.2462,148.0842,147.9221,147.7600,147.5979,147.4358,147.2736,147.1115,146.9493,146.7871,146.6250,146.4628,146.3005
2,2,7,1,W2Mo2Se7S1,4,0,0,12,2,48,280,3.1919,3.0778,2.9637,2.8503,2.7409,2.6371,2.5303,2.4200,2.3060,2.1939,2.0830,1.9710,1.8579,1.7438,1.6290,1.5134,1.3972,1.2806,1.1635,1.0460,0.9282,0.8102,0.6919,0.5735,0.4548,0.3361,0.2171,0.0981,-0.0000,-0.0000,-0.0000,-0.0000,-0.0000,-0.0000,0.0000,0.0000,-0.0000,-0.0000,-0.0000,-0.0000,-0.0000,-0.0000,-0.0000,-0.0000,-0.0000,0.0000,-0.0000,-0.0000,-0.0000,0.0000,-0.0000,-0.0000,0.0000,0.0000,-0.0000,0.0000,0.0351,0.1007,0.1663,0.2319,0.2974,0.3629,0.4284,0.4938,0.5592,0.6245,0.6898,0.7551,0.8204,0.8856,0.9508,1.0160,1.0812,1.1463,1.2115,1.2765,1.3416,1.4067,1.4717,1.5368,1.6018,1.6667,1.7317,1.7967,1.8616,1.9266,1.9915,2.0564,2.1213,2.1861,2.2510,2.3159,2.3807,2.4455,2.5104,2.5752,2.6400,2.7048,2.7695,2.8343,2.8991,2.9638,3.0286,3.0933,3.1581,3.2228,3.2875,3.3522,3.4169,3.4816,3.5463,3.6110,3.6757,3.7403,3.8050,3.8697,3.9343,3.9990,4.0636,4.1283,4.1929
2,2,8,0,W2Mo2Se8S0,3,0,0,12,1,6,0,0.0000,-0.0000,0.0000,-0.0000,-0.0000,0.0000,0.0000,0.0000,-0.0000,0.0000,0.0000,-0.0000,-0.0000,0.0000,-0.0000,0.0000,-0.0000,-0.0000,-0.0000,0.0000,-0.0000,-0.0000,-0.0000,-0.0000,-0.0000,-0.0000,-0.0000,-0.0000,-0.0000,0.0000,-0.0000,-0.0000,-0.0000,-0.0000,-0.0000,-0.0000,0.0000,0.0000,-0.0000,-0.0000,-0.0000,-0.0000,0.0000,-0.0000,-0.0000,-0.0000,0.0000,0.0000,-0.0000,-0.0000,-0.0000,0.0000,0.0000,-0.0000,-0.0000,0.0000,-0.0000,0.0000,-0.0000,-0.0000,0.0000,0.0000,0.0000,-0.0000,-0.0000,-0.0000,0.0000,0.0000,0.0000,0.0000,0.0000,0.0000,-0.0000,0.0000,-0.0000,0.0000,-0.0000,-0.0000,0.0000,-0.0000,-0.0000,-0.0000,-0.0000,-0.0000,0.0000,-0.0000,-0.0000,-0.0000,0.0000,-0.0000,-0.0000,-0.0000,-0.0000,-0.0000,-0.0000,0.0000,-0.0000,-0.0000,0.0000,-0.0000,-0.0000,-0.0000,0.0000,0.0000,0.0000,0.0000,-0.0000,0.0000,0.0000,-0.0000,0.0000,-0.0000,0.0000,0.0000,0.0000,0.0000,-0.0000,0.0000,0.0000,-0.0000,0.0000
3,0,0,4,W3Mo0Se0S4,2,1,4,7,12,280,,320.7333,320.4274,320.1215,319.8156,319.5097,319.2038,318.8978,318.5919,318.2860,317.9801,317.6742,317.3683,317.2725,317.1871,317.1018,317.0165,316.9311,316.8458,316.7605,316.6752,316.5898,316.5045,316.4192,316.3338,316.2485,316.1632,316.0778,315.9925,315.9072,315.8219,315.7365,315.6512,315.5659,315.4805,315.3952,315.3099,315.2245,315.1392,315.0539,314.9686,314.8832,314.7979,314.7126,314.6272,314.5419,314.4566,314.3712,314.2859,314.2006,314.1153,314.0299,313.9446,313.8593,313.7739,313.6886,313.6033,313.5180,313.4326,313.3473,313.2620,313.1766,313.0913,313.0060,312.9206,312.8353,312.7500,312.6647,312.5793,312.4940,312.4087,312.3233,312.2380,312.1527,312.0673,311.9820,311.8967,311.8114,311.7260,311.6407,311.5554,311.4700,311.3847,311.2994,311.2140,311.1287,311.0434,310.9581,310.8727,310.7874,310.7021,310.6167,310.5314,310.4461,310.3607,310.2754,310.1901,310.1047,310.0194,309.9340,309.8487,309.7634,309.6780,309.5927,309.5073,309.4220,309.3366,309.2513,309.1659,309.0806,308.9952,308.9099,308.8245,308.7391,308.6537,308.5684,308.4830,308.3976,308.3122,308.2268,308.1414,308.0560
3,0,0,5,W3Mo0Se0S5,2,1,3,8,8,224,,301.1103,300.6933,300.2763,299.8594,299.4424,299.0254,298.6084,298.1914,297.7744,297.3574,296.9404,296.5234,296.3361,296.1604,295.9847,295.8089,295.6332,295.4574,295.2817,295.1060,294.9302,294.7545,294.5787,294.4030,294.2273,294.0515,293.8758,293.7000,293.5243,293.3486,293.1728,292.9971,292.8213,292.6456,292.4699,292.2941,292.1184,291.9426,291.7669,291.5912,291.4154,291.2397,291.0639,290.8882,290.7125,290.5367,290.3610,290.1852,290.0095,289.8338,289.6580,289.4823,289.3065,289.1308,288.9551,288.7793,288.6036,288.4278,288.2521,288.0764,287.9006,287.7249,287.5491,287.3734,287.1977,287.0219,286.8462,286.6704,286.4947,286.3190,286.1432,285.9675,285.7917,285.6160,285.4403,285.2645,285.0888,284.9130,284.7373,284.5616,284.3858,284.2101,284.0343,283.8586,283.6829,283.5071,283.3314,283.1556,282.9799,282.8042,282.6284,282.4527,282.2769,282.1012,281.9255,281.7497,281.5740,281.3982,281.2225,281.0468,280.8710,280.6953,280.5195,280.3438,280.1681,279.9923,279.8166,279.6409,279.4651,279.2894,279.1136,278.9379,278.7622,278.5864,278.4107,278.2349,278.0592,277.8835,277.7077,277.5320,277.3562
3,0,0,6,W3Mo0Se0S6,2,1,2,9,6,112,,387.9701,387.6658,387.3615,387.0572,386.7529,386.4486,386.1443,385.8400,385.5357,385.2314,384.9271,384.6228,384.5636,384.5166,384.4697,384.4227,384.3758,384.3288,384.2819,384.2349,384.1879,384.1410,384.0940,384.0471,384.0001,383.9532,383.9062,383.8593,383.8123,383.7653,383.7184,383.6714,383.6245,383.5775,383.5306,383.4836,383.4366,383.3897,383.3427,383.2958,383.2488,383.2019,383.1549,383.1079,383.0610,383.0140,382.9671,382.9201,382.8732,382.8262,382.7793,382.7323,382.6853,382.6384,382.5914,382.5445,382.4975,382.4506,382.4036,382.3566,382.3097,382.2627,382.2158,382.1688,382.1219,382.0749,382.0280,381.9810,381.9340,381.8871,381.8401,381.7932,381.7462,381.6993,381.6523,381.6053,381.5584,381.5114,381.4645,381.4175,381.3705,381.3236,381.2766,381.2297,381.1827,381.1357,381.0888,381.0418,380.9948,380.9479,380.9009,380.8539,380.8070,380.7600,380.7130,380.6660,380.6191,380.5721,380.5251,380.4781,380.4311,380.3841,380.3371,380.2901,380.2431,380.1961,380.1491,380.1021,380.0551,380.0080,379.9610,379.9139,379.8669,379.8198,379.7728,379.7257,379.6786,379.6315,379.5844,379.5373,379.4902
3,0,0,7,W3Mo0Se0S7,2,1,1,10,2,32,,299.8300,299.5562,299.2823,299.0084,298.7346,298.4607,298.1868,297.9130,297.6391,297.3652,297.0914,296.8175,296.7642,296.7219,296.6797,296.6374,296.5951,296.5529,296.5106,296.4684,296.4261,296.3838,296.3416,296.2993,296.2571,296.2148,296.1725,296.1303,296.0880,296.0458,296.0035,295.9612,295.9190,295.8767,295.8345,295.7922,295.7499,295.7077,295.6654,295.6232,295.5809,295.5386,295.4964,295.4541,295.4118,295.3696,295.3273,295.2851,295.2428,295.2005,295.1583,295.1160,295.0738,295.0315,294.9892,294.9470,294.9047,294.8625,294.8202,294.7779,294.7357,294.6934,294.6512,294.6089,294.5666,294.5244,294.4821,294.4399,294.3976,294.3553,294.3131,294.2708,294.2285,294.1863,294.1440,294.1018,294.0595,294.0172,293.9750,293.9327,293.8905,293.8482,293.8059,293.7637,293.7214,293.6792,293.6369,293.5946,293.5524,293.5101,293.4679,293.4256,293.3833,293.3411,293.2988,293.2566,293.2143,293.1720,293.1298,293.0875,293.0453,293.0030,292.9607,292.9185,292.8762,292.8339,292.7917,292.7494,292.7072,292.6649,292.6226,292.5804,292.5381,292.4959,292.4536,292.4113,292.3691,292.3268,292.2846,292.2423,292.2000
3,0,0,8,W3Mo0Se0S8,2,1,0,11,1,4,,340.8394,340.7308,340.6222,340.5136,340.4050,340.2964,340.1878,340.0792,339.9706,339.8620,339.7534,339.6448,339.7367,339.8386,339.9406,340.0425,340.1444,340.2464,340.3483,340.4503,340.5522,340.6542,340.7561,340.8581,340.9600,341.0620,341.1639,341.2659,341.3678,341.4698,341.5717,341.6736,341.7756,341.8775,341.9795,342.0814,342.1834,342.2853,342.3873,342.4892,342.5912,342.6931,342.7951,342.8970,342.9989,343.1009,343.2028,343.3048,343.4067,343.5087,343.6106,343.7126,343.8145,343.9165,344.0184,344.1204,344.2223,344.3243,344.4262,344.5281,344.6301,344.7320,344.8340,344.9359,345.0379,345.1398,345.2418,345.3437,345.4457,345.5476,345.6496,345.7515,345.8535,345.9554,346.0573,346.1593,346.2612,346.3632,346.4651,346.5671,346.6690,346.7710,346.8729,346.9749,347.0768,347.1788,347.2807,347.3827,347.4846,347.5865,347.6885,347.7904,347.8924,347.9943,348.0963,348.1982,348.3002,348.4021,348.5041,348.6060,348.7080,348.8099,348.9119,349.0138,349.1157,349.2177,349.3196,349.4216,349.5235,349.6255,349.7274,349.8294,349.9313,350.0333,350.1352,350.2372,350.3391,350.4410,350.5430,350.6449,350.7469
3,0,1,3,W3Mo0Se1S3,3,1,4,7,31,1120,,474.1881,473.7830,473.3741,472.9654,472.5573,472.1502,471.7439,471.3381,470.9326,470.5271,470.1215,469.7158,469.3100,468.9040,468.4980,468.0918,467.6856,467.2794,466.8731,466.4668,466.0604,465.6541,465.2477,464.8414,464.4350,464.0287,463.6388,463.2722,462.9052,462.5377,462.1698,461.8016,461.4330,461.0641,460.6950,460.3255,459.9559,459.5860,459.2159,458.8456,458.4752,458.1046,457.7338,457.3629,456.9919,456.6207,456.2495,455.8781,455.5067,455.1351,454.7635,454.3933,454.0550,453.7165,453.3779,453.0391,452.7002,452.3612,452.0221,451.6829,451.3436,451.0041,450.6646,450.3250,449.9853,449.6455,449.3056,448.9656,448.6256,448.2855,447.9453,447.6051,447.2648,446.9244,446.5840,446.2435,445.9030,445.5624,445.2218,444.8811,444.5403,444.1995,443.8587,443.5178,443.1768,442.8359,442.4948,442.1538,441.8126,441.4715,441.1303,440.7890,440.4477,440.1064,439.7651,439.4236,439.0822,438.7407,438.3992,438.0576,437.7160,437.3743,437.0326,436.6909,436.3491,436.0073,435.6654,435.3235,434.9815,434.6395,434.2975,433.9553,433.6132,433.2710,432.9287,432.5864,432.2441,431.9016,431.5592,431.2166,430.8740
3,0,1,4,W3Mo0Se1S4,3,1,3,8,31,1120,,274.6634,274.3803,274.0971,273.8141,273.5318,273.2506,272.9710,272.6930,272.4170,272.1430,271.8710,271.6011,271.3792,271.1615,270.9458,270.7318,270.5195,270.3087,270.0993,269.8913,269.6845,269.4788,269.2741,269.0703,268.8673,268.6650,268.4778,268.3115,268.1453,267.9791,267.8129,267.6466,267.4802,267.3136,267.1468,266.9798,266.8124,266.6447,266.4765,266.3079,266.1388,265.9691,265.7988,265.6278,265.4562,265.2838,265.1106,264.9366,264.7617,264.5858,264.4091,264.2326,264.0832,263.9325,263.7808,263.6278,263.4737,263.3184,263.1618,263.0039,262.8448,262.6844,262.5227,262.3596,262.1953,262.0296,261.8625,261.6941,261.5244,261.3533,261.1808,261.0069,260.8317,260.6551,260.4772,260.2979,260.1172,259.9351,259.7517,259.5670,259.3809,259.1934,259.0046,258.8145,258.6231,258.4303,258.2363,258.0409,257.8443,257.6464,257.4472,257.2467,257.0450,256.8420,256.6378,256.4323,256.2257,256.0178,255.8087,255.5985,255.3870,255.1744,254.9606,254.7457,254.5296,254.3124,254.0940,253.8746,253.6540,253.4323,253.2095,252.9857,252.7608,252.5348,252.3077,252.0796,251.8505,251.6203,251.3891,251.1569,250.9237
3,0,1,5,W3Mo0Se1S5,3,1,2,9,19,672,,20.2503,20.0650,19.8797,19.6945,19.5099,19.3264,19.1441,18.9634,18.7844,18.6072,18.4318,18.2583,18.1682,18.0840,18.0015,17.9205,17.8411,17.7630,17.6862,17.6105,17.5360,17.4625,17.3899,17.3181,17.2471,17.1769,17.1201,17.0821,17.0442,17.0066,16.9691,16.9318,16.8946,16.8576,16.8208,16.7840,16.7474,16.7109,16.6745,16.6383,16.6021,16.5661,16.5301,16.4942,16.4584,16.4227,16.3871,16.3516,16.3161,16.2807,16.2454,16.2113,16.2021,16.1929,16.1838,16.1746,16.1654,16.1562,16.1470,16.1378,16.1287,16.1195,16.1103,16.1011,16.0919,16.0828,16.0736,16.0644,16.0552,16.0460,16.0368,16.0277,16.0185,16.0093,16.0001,15.9909,15.9818,15.9726,15.9634,15.9542,15.9450,15.9358,15.9267,15.9175,15.9083,15.8991,15.8899,15.8808,15.8716,15.8624,15.8532,15.8440,15.8348,15.8257,15.8165,15.8073,15.7981,15.7889,15.7798,15.7706,15.7614,15.7522,15.7430,15.7339,15.7247,15.7155,15.7063,15.6971,15.6879,15.6788,15.6696,15.6604,15.6512,15.6420,15.6329,15.6237,15.6145,15.6053,15.5961,15.5869,15.5778
3,0,1,6,W3Mo0Se1S6,3,1,1,10,8,224,,326.5244,326.1328,325.7395,325.3462,324.9528,324.5595,324.1662,323.7727,323.3792,322.9853,322.5911,322.1962,322.0213,321.8567,321.6911,321.5247,321.3573,321.1889,321.0194,320.8490,320.6775,320.5050,320.3316,320.1572,319.9819,319.8057,319.6286,319.4507,319.2719,319.0924,318.9121,318.7312,318.5495,318.3671,318.1841,318.0004,317.8162,317.6313,317.4459,317.2599,317.0734,316.8864,316.6989,316.5110,316.3225,316.1336,315.9443,315.7545,315.5644,315.3738,315.1828,314.9915,314.7998,314.6077,314.4153,314.2226,314.0295,313.8361,313.6424,313.4484,313.2541,313.0596,312.8647,312.6696,312.4742,312.2785,312.0826,311.8865,311.6901,311.4935,311.2966,311.0995,310.9022,310.7047,310.5070,310.3091,310.1110,309.9127,309.7142,309.5156,309.3167,309.1177,308.9185,308.7191,308.5196,308.3199,308.1200,307.9200,307.7199,307.5196,307.3191,307.1185,306.9178,306.7170,306.5160,306.3148,306.1136,305.9122,305.7107,305.5091,305.3074,305.1056,304.9036,304.7015,304.4994,304.2971,304.0947,303.8922,303.6896,303.4869,303.2842,303.0813,302.8783,302.6753,302.4721,302.2689,302.0656,301.8622,301.6587,301.4551,301.2515
3,0,1,7,W3Mo0Se1S7,3,1,0,11,2,32,,311.7881,311.5391,311.2902,311.0412,310.7922,310.5433,310.2943,310.0453,309.7964,309.5474,309.2984,309.0495,309.0010,308.9626,308.9241,308.8857,308.8473,308.8089,308.7705,308.7320,308.6936,308.6552,308.6168,308.5784,308.5400,308.5015,308.4631,308.4247,308.3863,308.3479,308.3094,308.2710,308.2326,308.1942,308.1558,308.1173,308.0789,308.0405,308.0021,307.9637,307.9252,307.8868,307.8484,307.8100,307.7716,307.7332,307.6947,307.6563,307.6179,307.5795,307.5411,307.5026,307.4642,307.4258,307.3874,307.3490,307.3105,307.2721,307.2337,307.1953,307.1569,307.1184,307.0800,307.0416,307.0032,306.9647,306.9263,306.8879,306.8494,306.8110,306.7726,306.7341,306.6957,306.6572,306.6188,306.5803,306.5419,306.5034,306.4650,306.4265,306.3880,306.3495,306.3111,306.2726,306.2341,306.1956,306.1571,306.1185,306.0800,306.0415,306.0029,305.9644,305.9258,305.8873,305.8487,305.8101,305.7715,305.7329,305.6942,305.6556,305.6169,305.5782,305.5396,305.5009,305.4621,305.4234,305.3846,305.3459,305.3071,305.2683,305.2295,305.1906,305.1517,305.1129,305.0739,305.0350,304.9961,304.9571,304.9181,304.8791,304.8400
3,0,2,2,W3Mo0Se2S2,3,1,4,7,47,1680,,466.1297,465.5966,465.0350,464.4743,463.9224,463.3850,462.8630,462.3548,461.8580,461.3703,460.8901,460.4159,459.9466,459.4815,459.0199,458.5612,458.1051,457.6510,457.1989,456.7483,456.2992,455.8513,455.4044,454.9585,454.5135,454.0691,453.6255,453.1824,452.7398,452.2977,451.8560,451.4147,450.9738,450.5331,450.0928,449.6527,449.2128,448.7732,448.3337,447.8944,447.4553,447.0164,446.5776,446.1844,445.8096,445.4346,445.0595,444.6842,444.3088,443.9333,443.5577,443.1819,442.8060,442.4300,442.0539,441.6777,441.3014,440.9250,440.5486,440.1720,439.7954,439.4187,439.0419,438.6650,438.2881,437.9111,437.5340,437.1569,436.7797,436.4025,436.0252,435.6478,435.2704,434.8929,434.5154,434.1378,433.7602,433.3826,433.0048,432.6271,432.2493,431.8714,431.4935,431.1156,430.7376,430.3595,429.9814,429.6033,429.2251,428.8469,428.4687,428.0904,427.7120,427.3336,426.9551,426.5767,426.1981,425.8195,425.4409,425.0622,424.6835,424.3047,423.9258,423.5469,423.1680,422.7890,422.4099,422.0308,421.6516,421.2724,420.8931,420.5137,420.1343,419.7548,419.3752,418.9956,418.6159,418.2362,417.8563,417.4764,417.0964
3,0,2,3,W3Mo0Se2S3,3,1,3,8,57,2240,,208.9250,208.6473,208.3697,208.0939,207.8245,207.5654,207.3172,207.0792,206.8498,206.6278,206.4122,206.2020,205.9966,205.7986,205.6297,205.4627,205.2973,205.1334,204.9707,204.8092,204.6487,204.4891,204.3304,204.1725,204.0153,203.8587,203.7028,203.5474,203.3926,203.2382,203.0844,202.9309,202.7779,202.6252,202.4730,202.3210,202.1694,202.0181,201.8670,201.7163,201.5658,201.4155,201.2655,201.1257,200.9900,200.8545,200.7192,200.5839,200.4488,200.3139,200.1790,200.0462,199.9554,199.8647,199.7739,199.6831,199.5924,199.5016,199.4108,199.3200,199.2292,199.1384,199.0476,198.9568,198.8659,198.7750,198.6842,198.5932,198.5023,198.4113,198.3203,198.2293,198.1382,198.0471,197.9559,197.8646,197.7733,197.6819,197.5905,197.4989,197.4073,197.3156,197.2238,197.1319,197.0398,196.9476,196.8553,196.7628,196.6702,196.5774,196.4844,196.3913,196.2979,196.2044,196.1106,196.0165,195.9223,195.8277,195.7329,195.6379,195.5425,195.4468,195.3507,195.2544,195.1576,195.0605,194.9631,194.8652,194.7669,194.6682,194.5690,194.4694,194.3693,194.2687,194.1675,194.0659,193.9637,193.8610,193.7577,193.6538,193.5493
3,0,2,4,W3Mo0Se2S4,3,1,2,9,47,1680,,4.2661,4.1901,4.1140,4.0392,3.9686,3.9046,3.8482,3.7987,3.7555,3.7178,3.6851,3.6569,3.6328,3.6151,3.6233,3.6332,3.6447,3.6576,3.6717,3.6870,3.7034,3.7207,3.7389,3.7580,3.7778,3.7984,3.8259,3.8632,3.9009,3.9389,3.9773,4.0160,4.0550,4.0943,4.1339,4.1737,4.2138,4.2541,4.2947,4.3355,4.3765,4.4177,4.4591,4.5007,4.5424,4.5844,4.6265,4.6687,4.7111,4.7536,4.7963,4.8414,4.9364,5.0314,5.1263,5.2213,5.3162,5.4112,5.5062,5.6011,5.6961,5.7910,5.8860,5.9810,6.0759,6.1709,6.2658,6.3608,6.4558,6.5507,6.6457,6.7407,6.8356,6.9306,7.0255,7.1205,7.2155,7.3104,7.4054,7.5003,7.5953,7.6903,7.7852,7.8802,7.9751,8.0701,8.1651,8.2600,8.3550,8.4499,8.5449,8.6399,8.7348,8.8298,8.9247,9.0197,9.1147,9.2096,9.3046,9.3995,9.4945,9.5895,9.6844,9.7794,9.8743,9.9693,10.0643,10.1592,10.2542,10.3492,10.4441,10.5391,10.6340,10.7290,10.8240,10.9189,11.0139,11.1088,11.2038,11.2988,11.3937
3,0,2,5,W3Mo0Se2S5,3,1,1,10,19,672,,312.5585,312.3376,312.1100,311.8737,311.6219,311.3550,311.0764,310.7892,310.4958,310.1977,309.8960,309.5913,309.3575,309.1253,308.8910,308.6548,308.4170,308.1774,307.9363,307.6936,307.4494,307.2038,306.9567,306.7082,306.4583,306.2071,305.9661,305.7401,305.5126,305.2835,305.0529,304.8209,304.5875,304.3527,304.1167,303.8794,303.6409,303.4013,303.1605,302.9187,302.6758,302.4319,302.1870,301.9411,301.6944,301.4467,301.1982,300.9488,300.6986,300.4477,300.1960,299.9446,299.7148,299.4843,299.2531,299.0211,298.7885,298.5552,298.3213,298.0867,297.8516,297.6159,297.3795,297.1427,296.9053,296.6674,296.4289,296.1900,295.9506,295.7107,295.4704,295.2296,294.9884,294.7467,294.5047,294.2623,294.0194,293.7762,293.5326,293.2887,293.0444,292.7998,292.5548,292.3095,292.0639,291.8179,291.5717,291.3252,291.0783,290.8312,290.5838,290.3362,290.0882,289.8400,289.5916,289.3429,289.0939,288.8447,288.5953,288.3456,288.0957,287.8456,287.5953,287.3448,287.0940,286.8431,286.5919,286.3406,286.0890,285.8373,285.5853,285.3332,285.0809,284.8285,284.5758,284.3230,284.0700,283.8168,283.5635,283.3100,283.0564
3,0,2,6,W3Mo0Se2S6,3,1,0,11,6,112,,319.8402,319.5913,319.3423,319.0933,318.8444,318.5953,318.3462,318.0967,317.8465,317.5954,317.3429,317.0887,317.0333,316.9859,316.9365,316.8850,316.8314,316.7757,316.7181,316.6585,316.5971,316.5340,316.4691,316.4027,316.3347,316.2652,316.1944,316.1222,316.0487,315.9740,315.8980,315.8209,315.7426,315.6632,315.5827,315.5012,315.4186,315.3350,315.2503,315.1647,315.0781,314.9905,314.9019,314.8124,314.7220,314.6306,314.5384,314.4452,314.3512,314.2563,314.1605,314.0638,313.9663,313.8680,313.7689,313.6689,313.5682,313.4667,313.3644,313.2613,313.1575,313.0530,312.9477,312.8417,312.7350,312.6277,312.5196,312.4109,312.3015,312.1915,312.0809,311.9696,311.8577,311.7452,311.6321,311.5185,311.4042,311.2894,311.1741,311.0582,310.9418,310.8249,310.7074,310.5895,310.4711,310.3522,310.2328,310.1129,309.9926,309.8718,309.7506,309.6290,309.5069,309.3844,309.2615,309.1382,309.0145,308.8905,308.7660,308.6411,308.5159,308.3903,308.2644,308.1381,308.0115,307.8845,307.7572,307.6296,307.5016,307.3733,307.2448,307.1159,306.9867,306.8572,306.7274,306.5973,306.4670,306.3364,306.2055,306.0743,305.9429
3,0,3,1,W3Mo0Se3S1,3,1,4,7,31,1120,,447.6188,447.1974,446.7760,446.3560,446.0115,445.6916,445.3738,445.0584,444.7456,444.4352,444.1274,443.8220,443.5188,443.2174,442.9175,442.6187,442.3204,442.0221,441.7233,441.4234,441.1218,440.8181,440.5118,440.2024,439.8896,439.6382,439.3846,439.1261,438.8624,438.5935,438.3194,438.0399,437.7552,437.4652,437.1700,436.8698,436.5646,436.2546,435.9398,435.6205,435.2967,434.9687,434.6365,434.3003,433.9604,433.6167,433.2696,432.9190,432.5653,432.2084,431.8486,431.4859,431.1206,430.7526,430.3822,430.0118,429.6510,429.2880,428.9229,428.5559,428.1869,427.8162,427.4438,427.0697,426.6940,426.3168,425.9381,425.5581,425.1767,424.7941,424.4102,424.0252,423.6391,423.2518,422.8636,422.4743,422.0841,421.6929,421.3009,420.9080,420.5144,420.1199,419.7246,419.3286,418.9320,418.5346,418.1366,417.7379,417.3386,416.9388,416.5383,416.1373,415.7358,415.3338,414.9312,414.5281,414.1246,413.7206,413.3162,412.9114,412.5061,412.1004,411.6943,411.2878,410.8809,410.4737,410.0661,409.6582,409.2499,408.8413,408.4324,408.0232,407.6136,407.2037,406.7936,406.3832,405.9724,405.5614,405.1501,404.7386,404.3268
3,0,3,2,W3Mo0Se3S2,3,1,3,8,57,2240,,275.0169,274.6415,274.2475,273.8551,273.5018,273.1687,272.8468,272.5351,272.2322,271.9369,271.6479,271.3645,271.0859,270.8116,270.5451,270.3043,270.0651,269.8273,269.5907,269.3551,269.1205,268.8867,268.6536,268.4212,268.1893,267.9579,267.7268,267.4959,267.2652,267.0346,266.8040,266.5739,266.3586,266.1430,265.9269,265.7103,265.4931,265.2753,265.0567,264.8374,264.6172,264.3961,264.1741,263.9709,263.7746,263.5772,263.3784,263.1784,262.9771,262.7745,262.5704,262.3650,262.1582,261.9500,261.7403,261.5324,261.3385,261.1432,260.9464,260.7481,260.5483,260.3471,260.1444,259.9403,259.7347,259.5276,259.3190,259.1090,258.8976,258.6847,258.4704,258.2547,258.0376,257.8190,257.5991,257.3778,257.1552,256.9311,256.7058,256.4790,256.2510,256.0217,255.7910,255.5591,255.3258,255.0914,254.8556,254.6186,254.3804,254.1410,253.9003,253.6585,253.4155,253.1713,252.9259,252.6794,252.4317,252.1829,251.9330,251.6820,251.4298,251.1766,250.9223,250.6669,250.4104,250.1529,249.8943,249.6347,249.3741,249.1124,248.8498,248.5861,248.3214,248.0558,247.7891,247.5215,247.2530,246.9834,246.7129,246.4415,246.1691
3,0,3,3,W3Mo0Se3S3,3,1,2,9,57,2240,430,4.9337,4.6917,4.4499,4.2111,3.9832,3.7724,3.5798,3.4037,3.2413,3.0902,2.9486,2.8148,2.6878,2.5665,2.4503,2.3384,2.2304,2.1258,2.0242,1.9253,1.8288,1.7345,1.6422,1.5516,1.4626,1.3750,1.2888,1.2037,1.1198,1.0369,0.9548,0.8736,0.7932,0.7136,0.6346,0.5562,0.4784,0.4011,0.3244,0.2481,0.1722,0.0968,0.0217,-0.0000,-0.0000,-0.0000,0.0000,-0.0000,-0.0000,0.0000,0.0000,-0.0000,-0.0000,0.0000,-0.0000,-0.0000,-0.0000,-0.0000,0.0000,0.0000,-0.0000,-0.0000,-0.0000,-0.0000,-0.0000,0.0000,0.0000,-0.0000,-0.0000,0.0000,0.0000,-0.0000,-0.0000,0.0000,-0.0000,-0.0000,0.0000,-0.0000,-0.0000,0.0000,0.0000,-0.0000,-0.0000,-0.0000,0.0000,-0.0000,-0.0000,0.0000,-0.0000,-0.0000,-0.0000,-0.0000,-0.0000,-0.0000,-0.0000,-0.0000,0.0000,-0.0000,-0.0000,-0.0000,-0.0000,-0.0000,0.0000,-0.0000,-0.0000,-0.0000,0.0000,-0.0000,0.0000,-0.0000,-0.0000,-0.0000,0.0000,-0.0000,-0.0000,-0.0000,-0.0000,-0.0000,-0.0000,0.0000,-0.0000
3,0,3,4,W3Mo0Se3S4,3,1,1,10,31,1120,,299.9897,299.7437,299.4950,299.2423,298.9874,298.7333,298.4820,298.2341,297.9897,297.7485,297.5103,297.2745,297.0409,296.8115,296.6035,296.3952,296.1860,295.9759,295.7645,295.5516,295.3371,295.1207,294.9024,294.6821,294.4596,294.2350,294.0139,293.7988,293.5813,293.3613,293.1391,292.9145,292.6876,292.4585,292.2272,291.9937,291.7582,291.5206,291.2811,291.0396,290.7963,290.5511,290.3042,290.0555,289.8052,289.5533,289.2998,289.0449,288.7885,288.5306,288.2714,288.0130,287.7980,287.5816,287.3640,287.1451,286.9249,286.7036,286.4811,286.2575,286.0329,285.8072,285.5805,285.3528,285.1241,284.8946,284.6641,284.4328,284.2007,283.9677,283.7339,283.4994,283.2641,283.0281,282.7914,282.5540,282.3160,282.0773,281.8379,281.5980,281.3574,281.1163,280.8746,280.6324,280.3896,280.1463,279.9024,279.6581,279.4133,279.1680,278.9223,278.6761,278.4294,278.1823,277.9348,277.6869,277.4386,277.1899,276.9408,276.6913,276.4414,276.1912,275.9406,275.6897,275.4385,275.1869,274.9349,274.6827,274.4301,274.1773,273.9241,273.6706,273.4169,273.1628,272.9085,272.6539,272.3991,272.1439,271.8885,271.6329,271.3770
3,0,3,5,W3Mo0Se3S5,3,1,0,11,8,224,,295.2590,295.1074,294.9557,294.8042,294.6532,294.5030,294.3539,294.2060,294.0593,293.9136,293.7688,293.6245,293.5473,293.4731,293.3983,293.3226,293.2457,293.1672,293.0870,293.0049,292.9208,292.8346,292.7463,292.6557,292.5629,292.4678,292.3810,292.3068,292.2301,292.1510,292.0695,291.9856,291.8995,291.8112,291.7206,291.6280,291.5333,291.4365,291.3378,291.2372,291.1347,291.0303,290.9241,290.8162,290.7065,290.5951,290.4821,290.3675,290.2513,290.1335,290.0142,289.8944,289.7934,289.6910,289.5872,289.4819,289.3752,289.2672,289.1578,289.0472,288.9353,288.8221,288.7077,288.5922,288.4754,288.3575,288.2385,288.1185,287.9973,287.8751,287.7518,287.6276,287.5024,287.3762,287.2491,287.1210,286.9921,286.8622,286.7315,286.6000,286.4676,286.3344,286.2004,286.0656,285.9301,285.7938,285.6568,285.5191,285.3807,285.2416,285.1018,284.9613,284.8202,284.6785,284.5362,284.3932,284.2497,284.1055,283.9608,283.8156,283.6698,283.5234,283.3765,283.2291,283.0812,282.9328,282.7840,282.6346,282.4848,282.3345,282.1837,282.0326,281.8809,281.7289,281.5764,281.4236,281.2703,281.1166,280.9626,280.8082,280.6534
3,0,4,0,W3Mo0Se4S0,2,1,4,7,12,280,,320.5815,320.1902,319.7990,319.4078,319.0165,318.6253,318.2341,317.8428,317.4516,317.0604,316.6691,316.2779,315.8867,315.4954,315.1042,314.7130,314.3217,313.9305,313.5393,313.1480,312.7568,312.3656,311.9743,311.5831,311.1919,310.8006,310.4094,310.0182,309.6269,309.2357,308.8445,308.4532,308.0620,307.6708,307.2795,306.8883,306.4971,306.1058,305.7146,305.3234,304.9321,304.5409,304.1497,303.7584,303.3672,302.9760,302.5847,302.1935,301.8023,301.4110,301.0198,300.6286,300.2373,299.8461,299.4549,299.0636,298.6724,298.2812,297.8899,297.4987,297.1075,296.7162,296.3250,295.9338,295.5425,295.1513,294.7601,294.3688,293.9776,293.5864,293.1951,292.8039,292.4127,292.0214,291.6302,291.2390,290.8477,290.4565,290.0652,289.6740,289.2828,288.8915,288.5003,288.1091,287.7178,287.3266,286.9353,286.5441,286.1528,285.7616,285.3703,284.9791,284.5878,284.1966,283.8053,283.4140,283.0228,282.6315,282.2402,281.8489,281.4577,281.0664,280.6751,280.2838,279.8924,279.5011,279.1098,278.7185,278.3271,277.9358,277.5444,277.1530,276.7616,276.3702,275.9788,275.5874,275.1959,274.8045,274.4130,274.0215,273.6300
3,0,4,1,W3Mo0Se4S1,3,1,3,8,31,1120,,281.1479,280.7119,280.2440,279.7669,279.3521,278.9569,278.5627,278.1699,277.7790,277.3901,277.0032,276.6185,276.2357,275.8549,275.4791,275.1183,274.7588,274.4003,274.0427,273.7158,273.4341,273.1528,272.8720,272.5916,272.3116,272.0605,271.8106,271.5606,271.3107,271.0607,270.8107,270.5607,270.3107,270.0607,269.8107,269.5607,269.3107,269.0606,268.8106,268.5605,268.3104,268.0603,267.8102,267.5601,267.3100,267.0598,266.8096,266.5593,266.3091,266.0588,265.8084,265.5580,265.3076,265.0571,264.8066,264.5570,264.3126,264.0681,263.8235,263.5788,263.3341,263.0892,262.8443,262.5993,262.3542,262.1089,261.8636,261.6181,261.3725,261.1267,260.8809,260.6348,260.3887,260.1423,259.8958,259.6492,259.4023,259.1553,258.9080,258.6606,258.4130,258.1651,257.9171,257.6688,257.4203,257.1715,256.9225,256.6733,256.4237,256.1740,255.9239,255.6736,255.4229,255.1720,254.9208,254.6693,254.4175,254.1653,253.9129,253.6600,253.4069,253.1534,252.8996,252.6454,252.3909,252.1359,251.8807,251.6250,251.3690,251.1125,250.8557,250.5985,250.3409,250.0828,249.8244,249.5655,249.3063,249.0466,248.7864,248.5259,248.2649
3,0,4,2,W3Mo0Se4S2,3,1,2,9,47,1680,250,2.3139,2.0954,1.8770,1.6606,1.5067,1.3775,1.2560,1.1419,1.0344,0.9326,0.8360,0.7439,0.6560,0.5718,0.4945,0.4402,0.3873,0.3358,0.2854,0.2361,0.1878,0.1404,0.0938,0.0480,0.0029,-0.0000,0.0000,0.0000,0.0000,-0.0000,-0.0000,0.0000,0.0000,-0.0000,0.0000,-0.0000,-0.0000,0.0000,0.0000,0.0000,-0.0000,-0.0000,0.0000,0.0000,-0.0000,0.0000,0.0000,0.0000,0.0000,-0.0000,0.0000,0.0000,0.0000,0.0000,0.0000,0.0056,0.0388,0.0720,0.1052,0.1383,0.1715,0.2047,0.2379,0.2711,0.3043,0.3374,0.3706,0.4038,0.4370,0.4702,0.5034,0.5365,0.5697,0.6029,0.6361,0.6693,0.7025,0.7356,0.7688,0.8020,0.8352,0.8684,0.9016,0.9347,0.9679,1.0011,1.0343,1.0675,1.1007,1.1339,1.1670,1.2002,1.2334,1.2666,1.2998,1.3330,1.3661,1.3993,1.4325,1.4657,1.4989,1.5321,1.5652,1.5984,1.6316,1.6648,1.6980,1.7312,1.7643,1.7975,1.8307,1.8639,1.8971,1.9303,1.9635,1.9966,2.0298,2.0630,2.0962,2.1294,2.1626
3,0,4,3,W3Mo0Se4S3,3,1,1,10,31,1120,,286.9443,286.7863,286.6283,286.4731,286.3278,286.1976,286.0831,285.9817,285.8894,285.8027,285.7184,285.6340,285.5477,285.4582,285.3645,285.2662,285.1629,285.0543,284.9403,284.8210,284.6964,284.5665,284.4315,284.2915,284.1467,283.9970,283.8428,283.6842,283.5213,283.3542,283.1832,283.0083,282.8297,282.6477,282.4622,282.2735,282.0817,281.8869,281.6892,281.4888,281.2857,281.0802,280.8722,280.7097,280.5641,280.4162,280.2659,280.1135,279.9589,279.8024,279.6439,279.4835,279.3214,279.1575,278.9921,278.8250,278.6564,278.4864,278.3150,278.1423,277.9682,277.7929,277.6164,277.4387,277.2599,277.0801,276.8991,276.7172,276.5343,276.3504,276.1656,275.9799,275.7934,275.6060,275.4178,275.2288,275.0391,274.8486,274.6573,274.4654,274.2728,274.0795,273.8855,273.6909,273.4957,273.2999,273.1034,272.9064,272.7089,272.5107,272.3121,272.1129,271.9132,271.7129,271.5122,271.3110,271.1093,270.9072,270.7046,270.5015,270.2980,270.0940,269.8897,269.6849,269.4797,269.2741,269.0681,268.8617,268.6549,268.4477,268.2402,268.0323,267.8241,267.6155,267.4065,267.1972,266.9875,266.7776,266.5673,266.3566,266.1457
3,0,4,4,W3Mo0Se4S4,3,1,0,11,12,280,,289.8481,289.7316,289.6151,289.4995,289.3874,289.2809,289.1803,289.0855,288.9957,288.9102,288.8284,288.7496,288.6730,288.6005,288.5475,288.4939,288.4391,288.3830,288.3249,288.2647,288.2020,288.1367,288.0685,287.9972,287.9229,287.8453,287.7697,287.6982,287.6233,287.5450,287.4633,287.3782,287.2900,287.1985,287.1040,287.0064,286.9059,286.8026,286.6965,286.5877,286.4764,286.3626,286.2464,286.1279,286.0072,285.8843,285.7594,285.6325,285.5036,285.3730,285.2405,285.1083,285.0150,284.9201,284.8236,284.7255,284.6259,284.5248,284.4223,284.3185,284.2134,284.1070,283.9994,283.8906,283.7806,283.6696,283.5575,283.4443,283.3302,283.2151,283.0990,282.9821,282.8642,282.7455,282.6260,282.5057,282.3845,282.2626,282.1400,282.0167,281.8926,281.7678,281.6424,281.5164,281.3897,281.2624,281.1345,281.0060,280.8769,280.7473,280.6171,280.4864,280.3552,280.2235,280.0913,279.9586,279.8254,279.6918,279.5577,279.4231,279.2882,279.1528,279.0170,278.8807,278.7441,278.6071,278.4697,278.3320,278.1938,278.0553,277.9165,277.7773,277.6377,277.4979,277.3577,277.2171,277.0763,276.9351,276.7937,276.6519,276.5099
3,0,5,0,W3Mo0Se5S0,2,1,3,8,8,224,,331.0185,330.6015,330.1846,329.7676,329.3506,328.9336,328.5166,328.0996,327.6826,327.2656,326.8486,326.4316,326.0146,325.5976,325.1806,324.7636,324.3467,323.9297,323.5127,323.0957,322.6787,322.2617,321.8447,321.4277,321.0107,320.5937,320.1767,319.7597,319.3427,318.9257,318.5088,318.0918,317.6748,317.2578,316.8408,316.4238,316.0068,315.5898,315.1728,314.7558,314.3388,313.9218,313.5048,313.0878,312.6709,312.2539,311.8369,311.4199,311.0029,310.5859,310.1689,309.7519,309.3349,308.9179,308.5009,308.0839,307.6669,307.2499,306.8330,306.4160,305.9990,305.5820,305.1650,304.7480,304.3310,303.9140,303.4970,303.0800,302.6630,302.2460,301.8290,301.4120,300.9951,300.5781,300.1611,299.7441,299.3271,298.9101,298.4931,298.0761,297.6591,297.2421,296.8251,296.4081,295.9911,295.5741,295.1572,294.7402,294.3232,293.9062,293.4892,293.0722,292.6552,292.2382,291.8212,291.4042,290.9872,290.5702,290.1532,289.7362,289.3193,288.9023,288.4853,288.0683,287.6513,287.2343,286.8173,286.4003,285.9833,285.5663,285.1493,284.7323,284.3153,283.8983,283.4814,283.0644,282.6474,282.2304,281.8134,281.3964,280.9794
3,0,5,1,W3Mo0Se5S1,3,1,2,9,19,672,190,3.3331,3.0717,2.8104,2.5500,2.3485,2.1660,1.9852,1.8063,1.6293,1.4543,1.2814,1.1103,0.9412,0.7739,0.6139,0.4793,0.3453,0.2120,0.0793,0.0000,0.0000,-0.0000,0.0000,0.0000,-0.0000,-0.0000,0.0000,-0.0000,-0.0000,0.0000,-0.0000,-0.0000,-0.0000,-0.0000,-0.0000,-0.0000,0.0000,-0.0000,0.0000,-0.0000,-0.0000,0.0000,-0.0000,-0.0000,-0.0000,-0.0000,-0.0000,-0.0000,-0.0000,-0.0000,-0.0000,0.0000,0.0000,0.0000,-0.0000,-0.0000,-0.0000,-0.0000,-0.0000,0.0000,-0.0000,0.0000,-0.0000,-0.0000,-0.0000,-0.0000,0.0000,-0.0000,-0.0000,-0.0000,-0.0000,-0.0000,-0.0000,-0.0000,-0.0000,-0.0000,-0.0000,-0.0000,-0.0000,-0.0000,-0.0000,0.0000,-0.0000,-0.0000,0.0000,-0.0000,-0.0000,0.0000,0.0000,-0.0000,-0.0000,-0.0000,-0.0000,0.0000,0.0000,-0.0000,-0.0000,0.0000,0.0000,-0.0000,-0.0000,-0.0000,0.0000,0.0000,-0.0000,0.0000,-0.0000,-0.0000,-0.0000,0.0000,-0.0000,-0.0000,-0.0000,-0.0000,-0.0000,-0.0000,-0.0000,-0.0000,-0.0000,-0.0000,-0.0000
3,0,5,2,W3Mo0Se5S2,3,1,1,10,19,672,,279.7208,279.4646,279.2083,278.9539,278.7556,278.5796,278.4105,278.2479,278.0908,277.9382,277.7890,277.6423,277.4971,277.3527,277.2116,277.0877,276.9615,276.8327,276.7010,276.5663,276.4285,276.2874,276.1432,275.9957,275.8451,275.7289,275.6116,275.4910,275.3670,275.2399,275.1096,274.9765,274.8406,274.7019,274.5607,274.4170,274.2709,274.1226,273.9721,273.8195,273.6650,273.5085,273.3501,273.1901,273.0283,272.8649,272.6999,272.5334,272.3655,272.1962,272.0255,271.8535,271.6803,271.5059,271.3303,271.1586,271.0106,270.8616,270.7115,270.5604,270.4083,270.2553,270.1014,269.9465,269.7908,269.6342,269.4768,269.3186,269.1596,268.9998,268.8392,268.6779,268.5158,268.3531,268.1896,268.0254,267.8606,267.6951,267.5289,267.3621,267.1947,267.0266,266.8579,266.6886,266.5188,266.3483,266.1773,266.0056,265.8335,265.6607,265.4875,265.3137,265.1393,264.9644,264.7891,264.6131,264.4367,264.2598,264.0824,263.9045,263.7262,263.5473,263.3680,263.1882,263.0079,262.8272,262.6461,262.4644,262.2824,262.0999,261.9170,261.7336,261.5499,261.3657,261.1811,260.9961,260.8107,260.6248,260.4386,260.2520,260.0650
3,0,5,3,W3Mo0Se5S3,3,1,0,11,8,224,,270.6513,270.5076,270.3640,270.2229,270.0908,269.9726,269.8693,269.7793,269.7001,269.6296,269.5660,269.5076,269.4531,269.4017,269.3523,269.3043,269.2572,269.2104,269.1636,269.1165,269.0687,269.0202,268.9706,268.9201,268.8683,268.8153,268.7610,268.7054,268.6484,268.5901,268.5305,268.4694,268.4071,268.3434,268.2784,268.2121,268.1445,268.0756,268.0055,267.9342,267.8616,267.7879,267.7129,267.6802,267.6637,267.6459,267.6267,267.6062,267.5843,267.5611,267.5367,267.5110,267.4841,267.4560,267.4267,267.3962,267.3645,267.3317,267.2979,267.2628,267.2268,267.1896,267.1514,267.1121,267.0718,267.0305,266.9881,266.9448,266.9005,266.8552,266.8090,266.7619,266.7138,266.6648,266.6149,266.5641,266.5124,266.4598,266.4064,266.3522,266.2971,266.2412,266.1845,266.1269,266.0686,266.0095,265.9497,265.8891,265.8277,265.7656,265.7028,265.6392,265.5750,265.5100,265.4444,265.3781,265.3111,265.2435,265.1752,265.1063,265.0367,264.9666,264.8958,264.8244,264.7524,264.6799,264.6068,264.5330,264.4588,264.3840,264.3086,264.2327,264.1563,264.0794,264.0019,263.9240,263.8455,263.7666,263.6871,263.6072,263.5269
3,0,6,0,W3Mo0Se6S0,2,1,2,9,6,112,,339.2667,338.9625,338.6582,338.3539,338.0496,337.7453,337.4410,337.1367,336.8324,336.5281,336.2238,335.9195,335.6152,335.3109,335.0067,334.7024,334.3981,334.0938,333.7895,333.4852,333.1809,332.8766,332.5723,332.2680,331.9637,331.6594,331.3551,331.0508,330.7466,330.4423,330.1380,329.8337,329.5294,329.2251,328.9208,328.6165,328.3122,328.0079,327.7036,327.3993,327.0950,326.7907,326.4865,326.1822,325.8779,325.5736,325.2693,324.9650,324.6607,324.3564,324.0521,323.7478,323.4435,323.1392,322.8349,322.5306,322.2264,321.9221,321.6178,321.3135,321.0092,320.7049,320.4006,320.0963,319.7920,319.4877,319.1834,318.8791,318.5748,318.2705,317.9662,317.6619,317.3576,317.0533,316.7490,316.4446,316.1403,315.8360,315.5317,315.2273,314.9230,314.6187,314.3143,314.0100,313.7056,313.4012,313.0969,312.7925,312.4881,312.1837,311.8793,311.5748,311.2704,310.9660,310.6615,310.3570,310.0525,309.7480,309.4435,309.1390,308.8344,308.5298,308.2252,307.9206,307.6160,307.3113,307.0066,306.7019,306.3971,306.0923,305.7875,305.4827,305.1778,304.8729,304.5680,304.2630,303.9580,303.6529,303.3479,303.0427,302.7376
3,0,6,1,W3Mo0Se6S1,3,1,1,10,8,224,,272.0624,271.8272,271.5919,271.3576,271.1763,271.0120,270.8493,270.6882,270.5289,270.3712,270.2150,270.0602,269.9063,269.7531,269.6054,269.4789,269.3513,269.2223,269.0917,269.0069,268.9911,268.9727,268.9519,268.9284,268.9024,268.8738,268.8427,268.8091,268.7731,268.7348,268.6942,268.6514,268.6065,268.5595,268.5106,268.4599,268.4073,268.3530,268.2970,268.2394,268.1804,268.1198,268.0579,267.9945,267.9299,267.8641,267.7970,267.7287,267.6593,267.5889,267.5173,267.4447,267.3711,267.2965,267.2210,267.1445,267.0671,266.9888,266.9097,266.8296,266.7488,266.6670,266.5845,266.5011,266.4170,266.3320,266.2463,266.1598,266.0725,265.9845,265.8957,265.8061,265.7159,265.6249,265.5332,265.4407,265.3476,265.2537,265.1592,265.0639,264.9680,264.8713,264.7740,264.6760,264.5774,264.4780,264.3780,264.2774,264.1761,264.0741,263.9715,263.8683,263.7645,263.6600,263.5549,263.4491,263.3428,263.2358,263.1283,263.0201,262.9114,262.8020,262.6921,262.5816,262.4706,262.3589,262.2467,262.1340,262.0206,261.9068,261.7924,261.6774,261.5620,261.4460,261.3295,261.2124,261.0949,260.9768,260.8583,260.7392,260.6197
3,0,6,2,W3Mo0Se6S2,3,1,0,11,6,112,,262.6872,262.5084,262.3297,262.1527,262.0267,261.9210,261.8217,261.7283,261.6401,261.5565,261.4766,261.3999,261.3256,261.2531,261.1847,261.1334,261.0812,261.0279,260.9733,260.9171,260.8593,260.7996,260.7380,260.6745,260.6091,260.5758,260.5425,260.5069,260.4691,260.4291,260.3871,260.3431,260.2973,260.2496,260.2002,260.1492,260.0966,260.0425,259.9870,259.9302,259.8720,259.8126,259.7521,259.6904,259.6276,259.5638,259.4989,259.4332,259.3665,259.2989,259.2304,259.1612,259.0911,259.0203,258.9488,258.8811,258.8353,258.7888,258.7416,258.6938,258.6454,258.5964,258.5468,258.4967,258.4460,258.3947,258.3429,258.2906,258.2378,258.1845,258.1307,258.0764,258.0216,257.9664,257.9107,257.8546,257.7981,257.7412,257.6838,257.6260,257.5678,257.5092,257.4502,257.3908,257.3311,257.2710,257.2105,257.1497,257.0885,257.0269,256.9650,256.9028,256.8402,256.7773,256.7141,256.6505,256.5867,256.5225,256.4580,256.3933,256.3282,256.2628,256.1971,256.1312,256.0650,255.9984,255.9317,255.8646,255.7973,255.7297,255.6618,255.5937,255.5254,255.4568,255.3879,255.3188,255.2495,255.1799,255.1101,255.0400,254.9697
3,0,7,0,W3Mo0Se7S0,2,1,1,10,2,32,,291.4289,291.1551,290.8812,290.6073,290.3335,290.0596,289.7857,289.5119,289.2380,288.9642,288.6903,288.4164,288.1426,287.8687,287.5948,287.3210,287.0471,286.7732,286.4994,286.2255,285.9517,285.6778,285.4039,285.1301,284.8562,284.5823,284.3085,284.0346,283.7608,283.4869,283.2130,282.9392,282.6653,282.3914,282.1176,281.8437,281.5698,281.2960,281.0221,280.7483,280.4744,280.2005,279.9267,279.6528,279.3789,279.1051,278.8312,278.5573,278.2835,278.0096,277.7358,277.4619,277.1880,276.9142,276.6403,276.3664,276.0926,275.8187,275.5448,275.2710,274.9971,274.7233,274.4494,274.1755,273.9017,273.6278,273.3539,273.0801,272.8062,272.5323,272.2585,271.9846,271.7108,271.4369,271.1630,270.8892,270.6153,270.3414,270.0676,269.7937,269.5198,269.2460,268.9721,268.6983,268.4244,268.1505,267.8767,267.6028,267.3289,267.0551,266.7812,266.5074,266.2335,265.9596,265.6858,265.4119,265.1380,264.8642,264.5903,264.3164,264.0426,263.7687,263.4949,263.2210,262.9471,262.6733,262.3994,262.1255,261.8517,261.5778,261.3039,261.0301,260.7562,260.4824,260.2085,259.9346,259.6608,259.3869,259.1130,258.8392,258.5653
3,0,7,1,W3Mo0Se7S1,3,1,0,11,2,32,,257.4791,257.2652,257.0514,256.8384,256.6735,256.5242,256.3763,256.2299,256.0851,255.9419,255.8004,255.6605,255.5221,255.3852,255.2543,255.1441,255.0345,254.9255,254.8169,254.7520,254.7520,254.7520,254.7520,254.7520,254.7520,254.7520,254.7520,254.7519,254.7519,254.7519,254.7518,254.7518,254.7517,254.7516,254.7515,254.7513,254.7512,254.7510,254.7507,254.7505,254.7502,254.7498,254.7494,254.7489,254.7484,254.7478,254.7472,254.7464,254.7456,254.7448,254.7438,254.7428,254.7417,254.7405,254.7392,254.7377,254.7362,254.7346,254.7329,254.7311,254.7292,254.7271,254.7250,254.7227,254.7203,254.7178,254.7152,254.7124,254.7096,254.7065,254.7034,254.7002,254.6968,254.6932,254.6896,254.6858,254.6819,254.6778,254.6736,254.6693,254.6649,254.6603,254.6556,254.6507,254.6457,254.6406,254.6354,254.6300,254.6245,254.6188,254.6130,254.6071,254.6010,254.5949,254.5885,254.5821,254.5755,254.5688,254.5620,254.5550,254.5480,254.5407,254.5334,254.5260,254.5184,254.5107,254.5028,254.4949,254.4868,254.4786,254.4703,254.4619,254.4534,254.4447,254.4359,254.4270,254.4180,254.4089,254.3997,254.3904,254.3809
3,0,8,0,W3Mo0Se8S0,2,1,0,11,1,4,,274.1910,274.0824,273.9738,273.8652,273.7566,273.6480,273.5394,273.4308,273.3222,273.2136,273.1050,272.9964,272.8878,272.7792,272.6706,272.5620,272.4534,272.3448,272.2362,272.1276,272.0190,271.9104,271.8018,271.6932,271.5846,271.4760,271.3674,271.2588,271.1502,271.0416,270.9330,270.8244,270.7158,270.6072,270.4986,270.3900,270.2814,270.1728,270.0642,269.9556,269.8470,269.7384,269.6298,269.5212,269.4126,269.3040,269.1954,269.0867,268.9781,268.8695,268.7609,268.6523,268.5437,268.4351,268.3265,268.2179,268.1093,268.0007,267.8921,267.7835,267.6749,267.5663,267.4577,267.3491,267.2405,267.1319,267.0233,266.9147,266.8061,266.6975,266.5889,266.4803,266.3717,266.2631,266.1545,266.0459,265.9373,265.8287,265.7201,265.6115,265.5029,265.3943,265.2857,265.1771,265.0685,264.9599,264.8513,264.7427,264.6341,264.5255,264.4169,264.3083,264.1997,264.0911,263.9825,263.8739,263.7653,263.6567,263.5481,263.4395,263.3309,263.2223,263.1137,263.0051,262.8965,262.7879,262.6793,262.5707,262.4621,262.3535,262.2449,262.1363,262.0277,261.9191,261.8105,261.7018,261.5932,261.4846,261.3760,261.2674,261.1588
3,1,0,4,W3Mo1Se0S4,3,0,4,8,12,280,,442.5327,442.2869,442.0410,441.7952,441.5494,441.3035,441.0577,440.8119,440.5661,440.3202,440.0744,439.8286,439.5827,439.3369,439.0911,438.8453,438.5994,438.3536,438.1078,437.8620,437.6161,437.3703,437.1245,436.8786,436.6328,436.3870,436.1412,435.8953,435.6495,435.4037,435.1578,434.9120,434.6662,434.4204,434.1745,433.9287,433.6829,433.4370,433.1912,432.9454,432.6996,432.4537,432.2079,431.9621,431.7162,431.4704,431.2246,430.9788,430.7329,430.4871,430.2413,429.9955,429.7496,429.5038,429.2580,429.0121,428.7663,428.5205,428.2747,428.0288,427.7830,427.5372,427.2913,427.0455,426.7997,426.5539,426.3080,426.0622,425.8164,425.5705,425.3247,425.0789,424.8331,424.5872,424.3414,424.0956,423.8497,423.6039,423.3581,423.1123,422.8664,422.6206,422.3748,422.1289,421.8831,421.6373,421.3915,421.1456,420.8998,420.6540,420.4082,420.1623,419.9302,419.7019,419.4737,419.2455,419.0173,418.7891,418.5608,418.3326,418.1044,417.8762,417.6480,417.4197,417.1915,416.9633,416.7351,416.5069,416.2786,416.0504,415.8222,415.5940,415.3658,415.1375,414.9093,414.6811,414.4529,414.2247,413.9964,413.7682,413.5400
3,1,0,5,W3Mo1Se0S5,3,0,3,9,8,224,,467.5248,467.3180,467.1112,466.9044,466.6968,466.4868,466.2720,466.0506,465.8214,465.5840,465.3386,465.0856,464.8256,464.5591,464.2868,464.0093,463.7269,463.4402,463.1495,462.8552,462.5575,462.2567,461.9639,461.6886,461.4109,461.1308,460.8484,460.5640,460.2775,459.9892,459.6991,459.4073,459.1138,458.8188,458.5223,458.2244,457.9250,457.6244,457.3224,457.0192,456.7149,456.4093,456.1026,455.7948,455.4860,455.1761,454.8652,454.5533,454.2404,453.9266,453.6119,453.2963,452.9798,452.6625,452.3443,452.0253,451.7055,451.3849,451.0635,450.7414,450.4185,450.0949,449.7706,449.4455,449.1198,448.7934,448.4663,448.1386,447.8102,447.4812,447.1516,446.8213,446.4905,446.1591,445.8270,445.4944,445.1613,444.8276,444.4933,444.1585,443.8232,443.4874,443.1510,442.8142,442.4768,442.1390,441.8007,441.4619,441.1227,440.7830,440.4428,440.1022,439.7734,439.4476,439.1213,438.7947,438.4677,438.1402,437.8124,437.4841,437.1555,436.8265,436.4971,436.1674,435.8373,435.5068,435.1760,434.8449,434.5134,434.1815,433.8494,433.5169,433.1841,432.8509,432.5175,432.1837,431.8496,431.5153,431.1806,430.8457,430.5104
3,1,0,6,W3Mo1Se0S6,3,0,2,10,6,112,,276.8997,276.7832,276.6594,276.5285,276.3940,276.2574,276.1197,275.9813,275.8423,275.7031,275.5635,275.4239,275.2840,275.1441,275.0040,274.8639,274.7238,274.5836,274.4433,274.3030,274.1627,274.0224,273.9017,273.8173,273.7330,273.6486,273.5642,273.4798,273.3953,273.3109,273.2263,273.1417,273.0571,272.9723,272.8875,272.8026,272.7176,272.6324,272.5471,272.4616,272.3759,272.2901,272.2040,272.1176,272.0310,271.9440,271.8567,271.7691,271.6811,271.5927,271.5038,271.4144,271.3246,271.2342,271.1433,271.0518,270.9596,270.8668,270.7734,270.6792,270.5843,270.4886,270.3922,270.2949,270.1967,270.0977,269.9978,269.8970,269.7952,269.6925,269.5888,269.4840,269.3782,269.2714,269.1635,269.0545,268.9443,268.8331,268.7207,268.6072,268.4925,268.3766,268.2595,268.1412,268.0217,267.9010,267.7791,267.6559,267.5316,267.4059,267.2790,267.1509,267.0324,266.9159,266.7981,266.6790,266.5587,266.4372,266.3144,266.1903,266.0650,265.9385,265.8107,265.6817,265.5515,265.4201,265.2875,265.1536,265.0186,264.8824,264.7450,264.6064,264.4666,264.3257,264.1837,264.0405,263.8962,263.7508,263.6043,263.4567,263.3080
3,1,0,7,W3Mo1Se0S7,3,0,1,11,2,32,,141.3568,141.2068,141.0569,140.9069,140.7569,140.6069,140.4570,140.3070,140.1569,140.0067,139.8564,139.7058,139.5549,139.4036,139.2519,139.0997,138.9470,138.7938,138.6400,138.4856,138.3307,138.1751,138.0459,137.9657,137.8850,137.8037,137.7219,137.6397,137.5569,137.4737,137.3900,137.3059,137.2214,137.1365,137.0512,136.9655,136.8795,136.7932,136.7065,136.6196,136.5323,136.4448,136.3570,136.2689,136.1806,136.0920,136.0032,135.9142,135.8250,135.7356,135.6460,135.5562,135.4663,135.3761,135.2858,135.1954,135.1048,135.0140,134.9231,134.8321,134.7409,134.6497,134.5583,134.4667,134.3751,134.2834,134.1915,134.0996,134.0075,133.9154,133.8232,133.7309,133.6385,133.5460,133.4534,133.3608,133.2681,133.1753,133.0824,132.9895,132.8965,132.8035,132.7103,132.6172,132.5239,132.4307,132.3373,132.2439,132.1505,132.0570,131.9634,131.8698,131.7861,131.7052,131.6243,131.5434,131.4624,131.3813,131.3002,131.2191,131.1379,131.0567,130.9755,130.8942,130.8129,130.7316,130.6502,130.5689,130.4874,130.4060,130.3245,130.2430,130.1614,130.0799,129.9983,129.9167,129.8350,129.7533,129.6717,129.5899,129.5082
3,1,0,8,W3Mo1Se0S8,3,0,0,12,1,4,0,-0.0000,-0.0000,-0.0000,-0.0000,-0.0000,0.0000,-0.0000,-0.0000,-0.0000,-0.0000,-0.0000,-0.0000,-0.0000,-0.0000,-0.0000,-0.0000,-0.0000,-0.0000,-0.0000,-0.0000,-0.0000,-0.0000,0.0328,0.1262,0.2197,0.3131,0.4066,0.5000,0.5935,0.6869,0.7804,0.8739,0.9673,1.0608,1.1542,1.2477,1.3411,1.4346,1.5280,1.6215,1.7149,1.8084,1.9018,1.9953,2.0887,2.1822,2.2756,2.3691,2.4625,2.5560,2.6494,2.7429,2.8363,2.9298,3.0232,3.1167,3.2101,3.3036,3.3970,3.4905,3.5839,3.6774,3.7708,3.8643,3.9577,4.0512,4.1446,4.2381,4.3315,4.4250,4.5184,4.6119,4.7053,4.7988,4.8922,4.9857,5.0791,5.1726,5.2660,5.3595,5.4530,5.5464,5.6399,5.7333,5.8268,5.9202,6.0137,6.1071,6.2006,6.2940,6.3875,6.4809,6.5835,6.6887,6.7938,6.8990,7.0042,7.1094,7.2146,7.3198,7.4250,7.5302,7.6354,7.7406,7.8457,7.9509,8.0561,8.1613,8.2665,8.3717,8.4769,8.5821,8.6873,8.7925,8.8977,9.0028,9.1080,9.2132,9.3184,9.4236,9.5288
3,1,1,3,W3Mo1Se1S3,4,0,4,8,31,1120,,431.6833,431.3321,430.9810,430.6559,430.3332,430.0092,429.6826,429.3522,429.0177,428.6788,428.3356,427.9885,427.6379,427.2840,426.9273,426.5682,426.2068,425.8454,425.5268,425.2065,424.9185,424.6453,424.3715,424.0970,423.8220,423.5466,423.2708,422.9945,422.7180,422.4411,422.1639,421.8865,421.6089,421.3311,421.0530,420.7838,420.5503,420.3169,420.0833,419.8497,419.6161,419.3825,419.1488,418.9151,418.6813,418.4476,418.2138,417.9800,417.7463,417.5125,417.2787,417.0449,416.8111,416.5773,416.3435,416.1097,415.8760,415.6422,415.4084,415.1747,414.9409,414.7072,414.4734,414.2397,414.0060,413.7722,413.5385,413.3048,413.0712,412.8375,412.6038,412.3701,412.1365,411.9028,411.6692,411.4356,411.2019,410.9683,410.7347,410.5011,410.2689,410.0523,409.8356,409.6190,409.4024,409.1858,408.9693,408.7527,408.5362,408.3197,408.1032,407.8867,407.6703,407.4538,407.2374,407.0210,406.8046,406.5882,406.3719,406.1555,405.9392,405.7229,405.5066,405.2903,405.0740,404.8577,404.6414,404.4252,404.2089,403.9927,403.7765,403.5602,403.3440,403.1278,402.9116,402.6955,402.4793,402.2631,402.0470,401.8308,401.6147
3,1,1,4,W3Mo1Se1S4,4,0,3,9,31,1120,,470.4179,470.1136,469.8093,469.5050,469.2006,468.8956,468.5891,468.2798,467.9664,467.6477,467.3228,466.9909,466.7008,466.4210,466.1344,465.8411,465.5414,465.2372,464.9666,464.6903,464.4385,464.1958,463.9487,463.6974,463.4419,463.1826,462.9196,462.6531,462.3832,462.1100,461.8336,461.5543,461.2720,460.9870,460.6992,460.4168,460.1639,459.9086,459.6511,459.3912,459.1293,458.8652,458.5991,458.3310,458.0610,457.7891,457.5154,457.2399,456.9627,456.6838,456.4032,456.1211,455.8373,455.5521,455.2653,454.9771,454.6874,454.3964,454.1039,453.8102,453.5151,453.2188,452.9211,452.6223,452.3223,452.0211,451.7187,451.4152,451.1106,450.8049,450.4981,450.1903,449.8814,449.5716,449.2607,448.9489,448.6362,448.3225,448.0078,447.6923,447.3771,447.0749,446.7718,446.4679,446.1632,445.8576,445.5513,445.2442,444.9364,444.6278,444.3185,444.0084,443.6976,443.3861,443.0740,442.7611,442.4476,442.1334,441.8186,441.5032,441.1871,440.8704,440.5531,440.2351,439.9166,439.5975,439.2779,438.9576,438.6369,438.3155,437.9936,437.6712,437.3483,437.0248,436.7009,436.3764,436.0515,435.7260,435.4001,435.0737,434.7468
3,1,1,5,W3Mo1Se1S5,4,0,2,10,19,672,,283.5933,283.3771,283.1304,282.8525,282.5600,282.2601,281.9554,281.6470,281.3356,281.0217,280.7057,280.3878,280.1491,279.9268,279.7038,279.4801,279.2560,279.0329,278.8451,278.6568,278.4951,278.3459,278.1967,278.0477,277.8986,277.7496,277.6006,277.4515,277.3025,277.1534,277.0042,276.8549,276.7055,276.5560,276.4064,276.2637,276.1497,276.0355,275.9212,275.8067,275.6920,275.5771,275.4620,275.3465,275.2309,275.1149,274.9986,274.8819,274.7650,274.6476,274.5298,274.4116,274.2930,274.1740,274.0544,273.9344,273.8138,273.6928,273.5712,273.4490,273.3262,273.2029,273.0789,272.9543,272.8291,272.7032,272.5766,272.4493,272.3213,272.1926,272.0631,271.9329,271.8019,271.6702,271.5376,271.4042,271.2700,271.1350,270.9991,270.8624,270.7259,270.6009,270.4751,270.3484,270.2208,270.0923,269.9629,269.8326,269.7013,269.5691,269.4360,269.3019,269.1669,269.0309,268.8940,268.7561,268.6172,268.4773,268.3365,268.1947,268.0520,267.9082,267.7635,267.6178,267.4711,267.3234,267.1747,267.0251,266.8745,266.7229,266.5704,266.4168,266.2623,266.1068,265.9504,265.7930,265.6347,265.4753,265.3151,265.1539,264.9917
3,1,1,6,W3Mo1Se1S6,4,0,1,11,8,224,,146.2390,145.9901,145.7411,145.4919,145.2418,144.9898,144.7351,144.4770,144.2152,143.9494,143.6792,143.4045,143.2324,143.0737,142.9112,142.7451,142.5754,142.4039,142.2615,142.1161,141.9924,141.8778,141.7610,141.6422,141.5215,141.3991,141.2750,141.1494,141.0222,140.8937,140.7638,140.6328,140.5005,140.3672,140.2327,140.1038,140.0002,139.8957,139.7904,139.6843,139.5776,139.4701,139.3620,139.2532,139.1438,139.0339,138.9234,138.8124,138.7008,138.5888,138.4763,138.3634,138.2500,138.1363,138.0221,137.9075,137.7926,137.6773,137.5616,137.4456,137.3293,137.2127,137.0958,136.9786,136.8611,136.7433,136.6253,136.5070,136.3884,136.2696,136.1506,136.0314,135.9119,135.7922,135.6723,135.5522,135.4319,135.3114,135.1908,135.0699,134.9499,134.8410,134.7320,134.6228,134.5134,134.4039,134.2943,134.1845,134.0746,133.9645,133.8544,133.7441,133.6337,133.5231,133.4125,133.3017,133.1908,133.0798,132.9688,132.8576,132.7463,132.6349,132.5234,132.4118,132.3001,132.1883,132.0765,131.9645,131.8525,131.7404,131.6282,131.5159,131.4035,131.2911,131.1786,131.0660,130.9533,130.8406,130.7278,130.6149,130.5020
3,1,1,7,W3Mo1Se1S7,4,0,0,12,2,32,,4.8536,4.6752,4.4967,4.3182,4.1395,3.9600,3.7795,3.5976,3.4144,3.2298,3.0438,2.8567,2.7972,2.7545,2.7114,2.6679,2.6241,2.5812,2.5677,2.5539,2.5624,2.5812,2.6002,2.6192,2.6384,2.6576,2.6769,2.6962,2.7156,2.7350,2.7545,2.7741,2.7936,2.8132,2.8328,2.8585,2.9081,2.9579,3.0077,3.0576,3.1075,3.1576,3.2077,3.2578,3.3080,3.3583,3.4086,3.4590,3.5095,3.5599,3.6105,3.6611,3.7117,3.7624,3.8131,3.8638,3.9146,3.9654,4.0163,4.0672,4.1181,4.1690,4.2200,4.2711,4.3221,4.3732,4.4243,4.4754,4.5265,4.5777,4.6289,4.6801,4.7314,4.7826,4.8339,4.8852,4.9366,4.9879,5.0393,5.0906,5.1430,5.2056,5.2684,5.3311,5.3939,5.4566,5.5195,5.5823,5.6451,5.7080,5.7709,5.8338,5.8967,5.9597,6.0227,6.0856,6.1486,6.2117,6.2747,6.3377,6.4008,6.4639,6.5269,6.5900,6.6532,6.7163,6.7794,6.8426,6.9057,6.9689,7.0321,7.0953,7.1585,7.2217,7.2849,7.3481,7.4114,7.4746,7.5379,7.6012,7.6644
3,1,2,2,W3Mo1Se2S2,4,0,4,8,47,1680,,421.9895,421.4980,421.0063,420.5147,420.0230,419.5312,419.0390,418.5463,418.0527,417.5583,417.0627,416.5660,416.1599,415.7572,415.3532,414.9478,414.5410,414.1328,413.7231,413.3120,412.8994,412.4853,412.0697,411.6527,411.2342,410.8142,410.3929,409.9701,409.5459,409.1204,408.7170,408.3854,408.0525,407.7184,407.3831,407.0467,406.7092,406.3706,406.0310,405.6903,405.3487,405.0062,404.6628,404.3184,403.9733,403.6273,403.2806,402.9331,402.6840,402.4592,402.2339,402.0083,401.7823,401.5560,401.3293,401.1022,400.8748,400.6471,400.4191,400.1908,399.9622,399.7332,399.5041,399.2746,399.0449,398.8149,398.5846,398.3542,398.1235,397.8925,397.6614,397.4300,397.1984,396.9666,396.7347,396.5025,396.2701,396.0376,395.8049,395.5720,395.3390,395.1058,394.8724,394.6389,394.4052,394.1714,393.9375,393.7034,393.4692,393.2348,393.0004,392.7658,392.5311,392.2962,392.0613,391.8263,391.5911,391.3558,391.1205,390.8850,390.6495,390.4138,390.1781,389.9422,389.7063,389.4703,389.2342,388.9980,388.7618,388.5255,388.2891,388.0526,387.8160,387.5794,387.3427,387.1060,386.8691,386.6322,386.3953,386.1583,385.9212
3,1,2,3,W3Mo1Se2S3,4,0,3,9,57,2240,,474.0685,473.7642,473.4599,473.1557,472.8513,472.5467,472.2408,471.9322,471.6188,471.2984,470.9688,470.6286,470.3990,470.1631,469.9145,469.6534,469.3800,469.0949,468.7987,468.4921,468.1755,467.8498,467.5154,467.1729,466.8229,466.4658,466.1021,465.7322,465.3565,464.9753,464.6098,464.3043,463.9942,463.6798,463.3612,463.0387,462.7124,462.3826,462.0494,461.7130,461.3734,461.0308,460.6854,460.3372,459.9863,459.6329,459.2770,458.9187,458.6461,458.3935,458.1390,457.8826,457.6243,457.3643,457.1025,456.8390,456.5738,456.3070,456.0386,455.7686,455.4971,455.2241,454.9496,454.6737,454.3963,454.1176,453.8374,453.5559,453.2731,452.9890,452.7036,452.4170,452.1291,451.8400,451.5497,451.2582,450.9655,450.6717,450.3768,450.0808,449.7836,449.4854,449.1861,448.8858,448.5845,448.2821,447.9828,447.7151,447.4465,447.1769,446.9063,446.6348,446.3624,446.0891,445.8149,445.5398,445.2639,444.9871,444.7101,444.4366,444.1622,443.8871,443.6111,443.3343,443.0568,442.7785,442.4994,442.2197,441.9391,441.6579,441.3759,441.0932,440.8099,440.5258,440.2411,439.9557,439.6696,439.3829,439.0955,438.8076,438.5189
3,1,2,4,W3Mo1Se2S4,4,0,2,10,47,1680,,288.2516,287.9727,287.6761,287.3696,287.0532,286.7253,286.3861,286.0365,285.6776,285.3104,284.9357,284.5544,284.3142,284.0760,283.8329,283.5853,283.3335,283.0779,282.8188,282.5563,282.2908,282.0224,281.7514,281.4778,281.2019,280.9239,280.6437,280.3616,280.0776,279.7919,279.5234,279.3117,279.0985,278.8839,278.6680,278.4507,278.2323,278.0126,277.7919,277.5700,277.3471,277.1231,276.8982,276.6723,276.4455,276.2177,275.9891,275.7596,275.6085,275.4766,275.3440,275.2109,275.0771,274.9428,274.8078,274.6722,274.5361,274.3993,274.2618,274.1238,273.9851,273.8458,273.7059,273.5653,273.4241,273.2822,273.1396,272.9964,272.8524,272.7078,272.5625,272.4165,272.2698,272.1224,271.9742,271.8253,271.6757,271.5253,271.3742,271.2223,271.0697,270.9162,270.7620,270.6070,270.4512,270.2946,270.1445,270.0523,269.9592,269.8653,269.7706,269.6750,269.5786,269.4813,269.3832,269.2842,269.1844,269.0837,268.9821,268.8797,268.7763,268.6721,268.5670,268.4611,268.3542,268.2465,268.1378,268.0283,267.9178,267.8065,267.6943,267.5812,267.4672,267.3523,267.2365,267.1198,267.0022,266.8837,266.7644,266.6441,266.5230
3,1,2,5,W3Mo1Se2S5,4,0,1,11,19,672,,152.8834,152.5791,152.2648,151.9394,151.6028,151.2526,150.8884,150.5115,150.1234,149.7262,149.3211,148.9096,148.6595,148.4131,148.1624,147.9081,147.6504,147.3897,147.1263,146.8603,146.5920,146.3215,146.0490,145.7746,145.4984,145.2204,144.9409,144.6598,144.3772,144.0932,143.8249,143.6085,143.3908,143.1720,142.9520,142.7309,142.5088,142.2856,142.0615,141.8364,141.6104,141.3835,141.1557,140.9272,140.6978,140.4677,140.2368,140.0052,139.8449,139.7021,139.5589,139.4152,139.2711,139.1266,138.9816,138.8362,138.6904,138.5443,138.3977,138.2508,138.1035,137.9558,137.8078,137.6594,137.5107,137.3617,137.2124,137.0627,136.9127,136.7624,136.6119,136.4610,136.3099,136.1584,136.0067,135.8548,135.7025,135.5501,135.3974,135.2444,135.0912,134.9377,134.7841,134.6302,134.4761,134.3218,134.1739,134.0792,133.9842,133.8891,133.7938,133.6982,133.6025,133.5067,133.4106,133.3144,133.2179,133.1214,133.0246,132.9277,132.8307,132.7334,132.6361,132.5386,132.4409,132.3431,132.2452,132.1471,132.0489,131.9505,131.8520,131.7534,131.6547,131.5559,131.4569,131.3578,131.2586,131.1593,131.0598,130.9603,130.8607
3,1,2,6,W3Mo1Se2S6,4,0,0,12,6,112,,8.3215,8.0933,7.8651,7.6363,7.4051,7.1692,6.9270,6.6778,6.4215,6.1586,5.8894,5.6145,5.5181,5.4263,5.3302,5.2302,5.1268,5.0202,4.9108,4.7987,4.6844,4.5678,4.4494,4.3292,4.2073,4.0840,3.9593,3.8334,3.7064,3.5783,3.4648,3.3992,3.3327,3.2655,3.1975,3.1289,3.0596,2.9898,2.9194,2.8486,2.7773,2.7055,2.6333,2.5607,2.4878,2.4145,2.3409,2.2670,2.2588,2.2671,2.2752,2.2833,2.2913,2.2993,2.3072,2.3151,2.3229,2.3307,2.3384,2.3461,2.3538,2.3614,2.3690,2.3765,2.3840,2.3915,2.3990,2.4064,2.4138,2.4211,2.4285,2.4358,2.4431,2.4504,2.4577,2.4649,2.4721,2.4793,2.4865,2.4937,2.5009,2.5080,2.5152,2.5223,2.5294,2.5365,2.5497,2.6117,2.6738,2.7358,2.7979,2.8599,2.9219,2.9839,3.0459,3.1079,3.1699,3.2318,3.2938,3.3558,3.4177,3.4796,3.5416,3.6035,3.6654,3.7273,3.7892,3.8511,3.9130,3.9749,4.0368,4.0987,4.1606,4.2224,4.2843,4.3462,4.4080,4.4699,4.5317,4.5936,4.6554
3,1,3,1,W3Mo1Se3S1,4,0,4,8,31,1120,,404.3989,404.0766,403.7540,403.4313,403.1071,402.7783,402.4405,402.0905,401.7263,401.3478,400.9557,400.5513,400.1363,399.7121,399.2802,398.8417,398.3978,397.9493,397.4968,397.0410,396.5825,396.1215,395.6584,395.1936,394.7273,394.2595,393.7955,393.3371,392.8778,392.4175,391.9564,391.4982,391.1817,390.8652,390.5487,390.2322,389.9158,389.5994,389.2830,388.9667,388.6504,388.3341,388.0483,387.7731,387.4979,387.2227,386.9474,386.6721,386.3968,386.1214,385.8461,385.5707,385.2953,385.0199,384.7446,384.4692,384.1938,383.9184,383.6430,383.3677,383.0923,382.8170,382.5416,382.2663,381.9910,381.7156,381.4403,381.1650,380.8897,380.6145,380.3392,380.0639,379.7887,379.5135,379.2383,378.9630,378.6878,378.4127,378.1375,377.8623,377.5871,377.3120,377.0369,376.7617,376.4866,376.2115,375.9364,375.6613,375.3863,375.1112,374.8361,374.5611,374.2860,374.0110,373.7360,373.4610,373.1860,372.9110,372.6360,372.3610,372.0860,371.8111,371.5361,371.2611,370.9862,370.7113,370.4363,370.1614,369.8865,369.6116,369.3367,369.0618,368.7869,368.5120,368.2371,367.9623,367.6874,367.4125,367.1377,366.8628,366.5880
3,1,3,2,W3Mo1Se3S2,4,0,3,9,57,2240,,473.9023,473.6156,473.3288,473.0421,472.7556,472.4694,472.1836,471.9145,471.6483,471.3818,471.1145,470.8457,470.5746,470.3007,470.0233,469.7420,469.4565,469.1823,468.9054,468.6234,468.3362,468.0439,467.7466,467.4444,467.1374,466.8257,466.5137,466.2034,465.8887,465.5698,465.2467,464.9230,464.7219,464.5176,464.3101,464.0996,463.8860,463.6695,463.4501,463.2278,463.0027,462.8359,462.6736,462.5087,462.3411,462.1711,461.9985,461.8234,461.6459,461.4660,461.2838,461.0993,460.9125,460.7234,460.5322,460.3388,460.1432,459.9456,459.7458,459.5458,459.3651,459.1825,458.9980,458.8116,458.6233,458.4332,458.2413,458.0476,457.8521,457.6549,457.4560,457.2554,457.0531,456.8492,456.6437,456.4366,456.2279,456.0177,455.8060,455.5928,455.3781,455.1620,454.9444,454.7255,454.5051,454.2834,454.0603,453.8359,453.6102,453.3832,453.1549,452.9254,452.6947,452.4627,452.2295,451.9952,451.7597,451.5230,451.2853,451.0464,450.8064,450.5653,450.3231,450.0799,449.8357,449.5904,449.3441,449.0969,448.8486,448.5994,448.3492,448.1037,447.8583,447.6120,447.3648,447.1167,446.8678,446.6179,446.3672,446.1157,445.8634
3,1,3,3,W3Mo1Se3S3,4,0,2,10,57,2240,,288.7670,288.5463,288.2719,287.9854,287.6951,287.4023,287.1063,286.8362,286.5666,286.2925,286.0137,285.7298,285.4412,285.1478,284.8500,284.5481,284.2425,283.9620,283.6819,283.3982,283.1113,282.8216,282.5292,282.2344,281.9375,281.6386,281.3417,281.0485,280.7538,280.4575,280.1598,279.8638,279.6804,279.4964,279.3117,279.1265,278.9406,278.7542,278.5673,278.3799,278.1919,278.0584,277.9309,277.8029,277.6745,277.5456,277.4163,277.2866,277.1564,277.0257,276.8947,276.7632,276.6313,276.4989,276.3661,276.2329,276.0993,275.9651,275.8306,275.6971,275.5825,275.4674,275.3755,275.3168,275.2577,275.1980,275.1379,275.0773,275.0162,274.9546,274.8925,274.8299,274.7667,274.7031,274.6389,274.5742,274.5089,274.4431,274.3767,274.3097,274.2422,274.1741,274.1054,274.0361,273.9662,273.8957,273.8246,273.7529,273.6805,273.6075,273.5338,273.4595,273.3845,273.3088,273.2325,273.1555,273.0778,272.9994,272.9204,272.8406,272.7601,272.6789,272.5969,272.5143,272.4309,272.3467,272.2619,272.1762,272.0899,272.0027,271.9149,271.8262,271.7368,271.6466,271.5557,271.4640,271.3715,271.2782,271.1842,271.0893,270.9937
3,1,3,4,W3Mo1Se3S4,4,0,1,11,31,1120,,152.6577,152.4678,152.2158,151.9305,151.6339,151.3316,151.0243,150.7392,150.4533,150.1624,149.8662,149.5648,149.2918,149.0155,148.7347,148.4496,148.1605,147.8937,147.6265,147.3555,147.0810,146.8031,146.5222,146.2383,145.9518,145.6627,145.3747,145.0895,144.8020,144.5123,144.2207,143.9299,143.7407,143.5503,143.3586,143.1658,142.9717,142.7765,142.5803,142.3830,142.1846,142.0353,141.8908,141.7455,141.5992,141.4521,141.3041,141.1553,141.0057,140.8554,140.7043,140.5525,140.4000,140.2469,140.0930,139.9385,139.7834,139.6277,139.4714,139.3159,139.1774,139.0384,138.9203,138.8323,138.7438,138.6549,138.5654,138.4755,138.3852,138.2944,138.2032,138.1116,138.0196,137.9272,137.8344,137.7413,137.6478,137.5539,137.4597,137.3652,137.2703,137.1752,137.0797,136.9839,136.8878,136.7915,136.6948,136.5979,136.5007,136.4033,136.3056,136.2076,136.1094,136.0110,135.9124,135.8135,135.7144,135.6150,135.5155,135.4158,135.3158,135.2157,135.1153,135.0148,134.9141,134.8132,134.7121,134.6108,134.5094,134.4078,134.3060,134.2041,134.1020,133.9998,133.8974,133.7949,133.6922,133.5894,133.4864,133.3833,133.2801
3,1,3,5,W3Mo1Se3S5,4,0,0,12,8,224,,6.9488,6.7835,6.6181,6.4508,6.2751,6.0845,5.8763,5.6763,5.4666,5.2462,5.0177,4.7830,4.6049,4.4262,4.2446,4.0608,3.8753,3.7120,3.5504,3.3872,3.2226,3.0567,2.8897,2.7216,2.5526,2.3827,2.2153,2.0517,1.8873,1.7221,1.5564,1.3924,1.3228,1.2530,1.1831,1.1131,1.0429,0.9726,0.9022,0.8316,0.7609,0.7359,0.7162,0.6964,0.6764,0.6564,0.6363,0.6161,0.5958,0.5754,0.5550,0.5344,0.5139,0.4932,0.4725,0.4517,0.4309,0.4100,0.3890,0.3693,0.3656,0.3619,0.3778,0.4218,0.4657,0.5095,0.5533,0.5971,0.6409,0.6846,0.7283,0.7720,0.8157,0.8593,0.9029,0.9465,0.9901,1.0337,1.0772,1.1207,1.1642,1.2077,1.2512,1.2947,1.3382,1.3816,1.4251,1.4685,1.5120,1.5554,1.5988,1.6422,1.6857,1.7291,1.7725,1.8159,1.8592,1.9026,1.9460,1.9894,2.0328,2.0762,2.1195,2.1629,2.2063,2.2497,2.2930,2.3364,2.3798,2.4231,2.4665,2.5099,2.5532,2.5966,2.6400,2.6833,2.7267,2.7701,2.8134,2.8568,2.9002
3,1,4,0,W3Mo1Se4S0,3,0,4,8,12,280,,387.9775,387.6887,387.3375,386.9777,386.6156,386.2527,385.8894,385.5258,385.1621,384.7982,384.4343,384.0704,383.7064,383.3424,382.9784,382.6143,382.2502,381.8862,381.5221,381.1580,380.7939,380.4298,380.0657,379.7015,379.3374,378.9733,378.6092,378.2450,377.8809,377.5167,377.1526,376.7885,376.4243,376.0602,375.6960,375.3319,374.9677,374.6036,374.2394,373.8753,373.5111,373.1470,372.7828,372.4187,372.0545,371.6904,371.3262,370.9621,370.5979,370.2337,369.8696,369.5054,369.1413,368.7771,368.4130,368.0488,367.6846,367.3205,366.9563,366.5922,366.2280,365.8638,365.4997,365.1355,364.7714,364.4072,364.0430,363.6789,363.3147,362.9505,362.5864,362.2222,361.8581,361.4939,361.1297,360.7656,360.4014,360.0372,359.6731,359.3089,358.9448,358.5806,358.2164,357.8523,357.4881,357.1239,356.7598,356.3956,356.0314,355.6673,355.3031,354.9390,354.5748,354.2106,353.8465,353.4823,353.1181,352.7540,352.3898,352.0256,351.6615,351.2973,350.9331,350.5690,350.2048,349.8406,349.4765,349.1123,348.7482,348.3840,348.0198,347.6557,347.2915,346.9273,346.5632,346.1990,345.8348,345.4707,345.1065,344.7423,344.3782
3,1,4,1,W3Mo1Se4S1,4,0,3,9,31,1120,,476.7326,476.5258,476.3191,476.1133,475.9143,475.7257,475.5374,475.3497,475.1625,474.9827,474.8087,474.6366,474.4658,474.2956,474.1251,473.9539,473.7813,473.6068,473.4298,473.2501,473.0673,472.8811,472.6912,472.4974,472.2998,472.0980,471.8922,471.6823,471.4822,471.3435,471.2008,471.0540,470.9049,470.7729,470.6370,470.4975,470.3544,470.2121,470.0791,469.9428,469.8032,469.6603,469.5142,469.3650,469.2128,469.0840,468.9530,468.8190,468.6823,468.5427,468.4003,468.2553,468.1076,467.9573,467.8045,467.6491,467.5030,467.3648,467.2241,467.0811,466.9358,466.7883,466.6385,466.4866,466.3325,466.1763,466.0181,465.8578,465.6956,465.5314,465.3652,465.1971,465.0272,464.8554,464.6818,464.5064,464.3292,464.1503,463.9698,463.7875,463.6035,463.4180,463.2308,463.0420,462.8517,462.6598,462.4664,462.2716,462.0752,461.8774,461.6782,461.4775,461.2755,461.0720,460.8673,460.6611,460.4537,460.2450,460.0350,459.8237,459.6112,459.3974,459.1825,458.9663,458.7490,458.5305,458.3108,458.0900,457.8681,457.6451,457.4210,457.1958,456.9696,456.7423,456.5140,456.2847,456.0543,455.8230,455.5907,455.3574,455.1232
3,1,4,2,W3Mo1Se4S2,4,0,2,10,47,1680,,287.5216,287.3536,287.1672,286.9769,286.7911,286.6141,286.4368,286.2590,286.0804,285.9064,285.7354,285.5633,285.3892,285.2142,285.0494,284.8801,284.7061,284.5273,284.3437,284.1552,283.9621,283.7645,283.5625,283.3563,283.1462,282.9322,282.7147,282.4939,282.2698,282.0427,281.8239,281.6098,281.4816,281.3941,281.3048,281.2137,281.1762,281.1654,281.1531,281.1394,281.1244,281.1082,281.0907,281.0721,281.0525,281.0318,281.0101,280.9875,280.9640,280.9397,280.9145,280.8885,280.8617,280.8342,280.8060,280.7771,280.7475,280.7172,280.6863,280.6547,280.6226,280.5898,280.5564,280.5224,280.4879,280.4527,280.4170,280.3808,280.3439,280.3065,280.2686,280.2301,280.1911,280.1515,280.1114,280.0707,280.0295,279.9877,279.9454,279.9025,279.8590,279.8150,279.7705,279.7254,279.6797,279.6334,279.5866,279.5392,279.4912,279.4426,279.3935,279.3437,279.2933,279.2424,279.1908,279.1386,279.0858,279.0324,278.9783,278.9236,278.8683,278.8123,278.7557,278.6984,278.6405,278.5819,278.5226,278.4627,278.4020,278.3407,278.2788,278.2161,278.1527,278.0886,278.0239,277.9584,277.8922,277.8253,277.7577,277.6893,277.6203
3,1,4,3,W3Mo1Se4S3,4,0,1,11,31,1120,,153.9344,153.7377,153.5115,153.2772,153.0412,152.8046,152.5628,152.3153,152.0622,151.8068,151.5490,151.2877,151.0235,150.7578,150.4989,150.2374,149.9734,149.7071,149.4386,149.1682,148.8959,148.6217,148.3458,148.0681,147.7888,147.5079,147.2314,146.9621,146.6910,146.4183,146.1439,145.8706,145.6993,145.5269,145.3709,145.2518,145.1569,145.0739,144.9899,144.9059,144.8318,144.7567,144.6806,144.6035,144.5255,144.4465,144.3665,144.2857,144.2039,144.1213,144.0378,143.9535,143.8684,143.7824,143.6957,143.6082,143.5200,143.4310,143.3414,143.2510,143.1599,143.0682,142.9758,142.8828,142.7892,142.6950,142.6002,142.5048,142.4089,142.3124,142.2154,142.1178,142.0197,141.9212,141.8221,141.7226,141.6227,141.5222,141.4214,141.3201,141.2184,141.1162,141.0137,140.9108,140.8075,140.7038,140.5998,140.4954,140.3906,140.2855,140.1801,140.0744,139.9683,139.8619,139.7599,139.6739,139.5877,139.5011,139.4143,139.3272,139.2398,139.1522,139.0643,138.9762,138.8878,138.7992,138.7104,138.6214,138.5321,138.4426,138.3529,138.2630,138.1729,138.0826,137.9921,137.9014,137.8105,137.7195,137.6282,137.5368,137.4452
3,1,4,4,W3Mo1Se4S4,4,0,0,12,12,280,340,5.1586,5.0819,4.9940,4.8902,4.7755,4.6521,4.5208,4.3824,4.2375,4.0867,3.9306,3.7696,3.6043,3.4351,3.2625,3.0867,2.9081,2.7270,2.5436,2.3582,2.1710,1.9821,1.7917,1.5999,1.4070,1.2128,1.0305,0.8653,0.6990,0.5315,0.3629,0.1959,0.1229,0.0494,-0.0000,-0.0000,-0.0000,-0.0000,-0.0000,0.0015,0.0229,0.0440,0.0649,0.0857,0.1062,0.1266,0.1468,0.1669,0.1868,0.2066,0.2263,0.2459,0.2653,0.2847,0.3040,0.3231,0.3422,0.3612,0.3802,0.3990,0.4178,0.4366,0.4552,0.4738,0.4924,0.5109,0.5293,0.5477,0.5661,0.5844,0.6026,0.6208,0.6390,0.6572,0.6753,0.6933,0.7114,0.7294,0.7474,0.7653,0.7832,0.8011,0.8189,0.8368,0.8546,0.8724,0.8901,0.9079,0.9256,0.9433,0.9609,0.9786,0.9962,1.0138,1.0399,1.0960,1.1520,1.2080,1.2641,1.3201,1.3760,1.4320,1.4880,1.5440,1.5999,1.6559,1.7118,1.7678,1.8237,1.8796,1.9355,1.9915,2.0474,2.1033,2.1592,2.2151,2.2710,2.3269,2.3827,2.4386,2.4945
3,1,5,0,W3Mo1Se5S0,3,0,3,9,8,224,,498.6219,498.4151,498.2084,498.0016,497.7948,497.5880,497.3813,497.1745,496.9677,496.7609,496.5541,496.3473,496.1403,495.9332,495.7258,495.5179,495.3095,495.1004,494.8903,494.6790,494.4664,494.2523,494.0364,493.8185,493.5987,493.3765,493.1521,492.9251,492.6956,492.4635,492.2288,491.9913,491.7511,491.5082,491.2625,491.0141,490.7631,490.5094,490.2531,489.9942,489.7329,489.4691,489.2029,488.9345,488.6637,488.3908,488.1158,487.8387,487.5596,487.2785,486.9956,486.7110,486.4245,486.1364,485.8467,485.5553,485.2625,484.9682,484.6725,484.3753,484.0769,483.7772,483.4762,483.1741,482.8707,482.5663,482.2607,481.9541,481.6465,481.3378,481.0282,480.7177,480.4062,480.0938,479.7806,479.4665,479.1516,478.8359,478.5194,478.2021,477.8841,477.5654,477.2459,476.9257,476.6049,476.2834,475.9612,475.6383,475.3148,474.9907,474.6660,474.3407,474.0148,473.6883,473.3612,473.0336,472.7054,472.3766,472.0473,471.7175,471.3871,471.0562,470.7248,470.3929,470.0605,469.7275,469.3941,469.0602,468.7258,468.3910,468.0556,467.7198,467.3836,467.0468,466.7097,466.3720,466.0339,465.6954,465.3564,465.0170,464.6772
3,1,5,1,W3Mo1Se5S1,4,0,2,10,19,672,,290.0516,289.8936,289.7355,289.5784,289.4246,289.2759,289.1327,288.9943,288.8598,288.7284,288.5991,288.4711,288.3436,288.2159,288.0874,287.9574,287.8256,287.6914,287.5545,287.4148,287.2721,287.1262,286.9770,286.8247,286.6691,286.5104,286.3486,286.1839,286.0228,285.9205,285.8159,285.7092,285.6003,285.4895,285.3768,285.2622,285.1460,285.0282,284.9088,284.8006,284.6977,284.6514,284.6236,284.5944,284.5639,284.5322,284.4993,284.4653,284.4302,284.3941,284.3571,284.3192,284.2804,284.2408,284.2004,284.1593,284.1175,284.0750,284.0318,283.9880,283.9436,283.8987,283.8531,283.8070,283.7604,283.7133,283.6657,283.6175,283.5689,283.5199,283.4704,283.4204,283.3700,283.3192,283.2679,283.2163,283.1642,283.1116,283.0587,283.0054,282.9516,282.8974,282.8429,282.7879,282.7325,282.6767,282.6204,282.5638,282.5067,282.4492,282.3913,282.3330,282.2742,282.2150,282.1553,282.0952,282.0347,281.9737,281.9122,281.8503,281.7879,281.7250,281.6617,281.5978,281.5335,281.4687,281.4033,281.3375,281.2711,281.2042,281.1368,281.0689,281.0004,280.9314,280.8618,280.7917,280.7210,280.6498,280.5780,280.5056,280.4326
3,1,5,2,W3Mo1Se5S2,4,0,1,11,19,672,,154.7096,154.5755,154.4413,154.3050,154.1668,154.0264,153.8711,153.7027,153.5235,153.3441,153.1646,152.9817,152.7962,152.6084,152.4186,152.2271,152.0339,151.8391,151.6429,151.4452,151.2460,151.0453,150.8431,150.6393,150.4339,150.2268,150.0181,149.8077,149.6071,149.4583,149.3077,149.1555,149.0054,148.9050,148.8030,148.6995,148.5945,148.4986,148.4329,148.3657,148.2971,148.2272,148.1559,148.0832,148.0092,147.9339,147.8574,147.7796,147.7006,147.6205,147.5391,147.4709,147.4253,147.3786,147.3307,147.2819,147.2320,147.1811,147.1292,147.0763,147.0226,146.9679,146.9124,146.8560,146.7988,146.7409,146.6821,146.6226,146.5623,146.5014,146.4397,146.3774,146.3144,146.2508,146.1866,146.1217,146.0563,145.9903,145.9238,145.8567,145.7892,145.7211,145.6525,145.5834,145.5139,145.4439,145.3734,145.3026,145.2313,145.1596,145.0875,145.0150,144.9421,144.8689,144.7953,144.7214,144.6471,144.5725,144.4975,144.4223,144.3467,144.2708,144.1947,144.1182,144.0415,143.9645,143.8872,143.8096,143.7318,143.6538,143.5755,143.4970,143.4182,143.3392,143.2600,143.1806,143.1009,143.0211,142.9410,142.8608,142.7803
3,1,5,3,W3Mo1Se5S3,4,0,0,12,8,224,310,4.5740,4.4725,4.3535,4.2030,4.0412,3.8830,3.7178,3.5476,3.3737,3.2072,3.0467,2.8872,2.7284,2.5715,2.4263,2.2808,2.1348,1.9885,1.8418,1.6946,1.5471,1.3991,1.2508,1.1021,0.9531,0.8038,0.6541,0.5041,0.3539,0.2033,0.0896,-0.0000,-0.0000,-0.0000,-0.0000,0.0000,-0.0000,-0.0000,-0.0000,0.0000,-0.0000,0.0215,0.0652,0.1221,0.1844,0.2467,0.3090,0.3712,0.4334,0.4955,0.5576,0.6197,0.6818,0.7438,0.8058,0.8678,0.9298,0.9917,1.0537,1.1156,1.1774,1.2393,1.3011,1.3630,1.4248,1.4866,1.5483,1.6101,1.6718,1.7335,1.7953,1.8569,1.9186,1.9803,2.0419,2.1036,2.1652,2.2268,2.2884,2.3500,2.4116,2.4732,2.5347,2.5963,2.6578,2.7193,2.7809,2.8424,2.9039,2.9654,3.0268,3.0883,3.1498,3.2112,3.2727,3.3341,3.3955,3.4570,3.5184,3.5798,3.6412,3.7026,3.7640,3.8254,3.8867,3.9481,4.0095,4.0708,4.1322,4.1935,4.2549,4.3162,4.3775,4.4389,4.5002,4.5615,4.6228,4.6841,4.7454,4.8067,4.8680
3,1,6,0,W3Mo1Se6S0,3,0,2,10,6,112,,289.8447,289.8235,289.8024,289.7813,289.7601,289.7390,289.7179,289.6967,289.6756,289.6544,289.6330,289.6114,289.5894,289.5666,289.5430,289.5180,289.4916,289.4634,289.4330,289.4004,289.3652,289.3272,289.2864,289.2426,289.1957,289.1458,289.0926,289.0364,288.9771,288.9147,288.8493,288.7810,288.7098,288.6359,288.5594,288.4802,288.3986,288.3147,288.2284,288.1400,288.0495,287.9570,287.8626,287.7664,287.6685,287.5689,287.4678,287.3651,287.2610,287.1556,287.0489,286.9409,286.8318,286.7215,286.6101,286.4978,286.3844,286.2702,286.1550,286.0390,285.9221,285.8045,285.6861,285.5670,285.4472,285.3268,285.2057,285.0840,284.9618,284.8389,284.7155,284.5916,284.4672,284.3422,284.2168,284.0910,283.9646,283.8379,283.7107,283.5831,283.4551,283.3267,283.1979,283.0687,282.9391,282.8092,282.6789,282.5482,282.4172,282.2858,282.1541,282.0220,281.8896,281.7569,281.6238,281.4903,281.3565,281.2224,281.0879,280.9531,280.8179,280.6824,280.5465,280.4103,280.2738,280.1368,279.9995,279.8619,279.7239,279.5855,279.4467,279.3076,279.1681,279.0281,278.8878,278.7471,278.6060,278.4645,278.3226,278.1803,278.0375
3,1,6,1,W3Mo1Se6S1,4,0,1,11,8,224,,156.4937,156.3549,156.2044,156.0512,155.8999,155.7526,155.6101,155.4719,155.3373,155.2057,155.0766,154.9495,154.8240,154.6997,154.5766,154.4750,154.3736,154.2723,154.1702,154.0672,153.9629,153.8572,153.7498,153.6404,153.5290,153.4323,153.3341,153.2331,153.1297,153.0364,152.9712,152.9035,152.8330,152.7599,152.6839,152.6052,152.5238,152.4396,152.3527,152.2689,152.1855,152.1258,152.0725,152.0167,151.9584,151.8977,151.8466,151.8019,151.7548,151.7056,151.6543,151.6010,151.5457,151.4885,151.4295,151.3687,151.3063,151.2422,151.1765,151.1093,151.0406,150.9705,150.8991,150.8264,150.7524,150.6772,150.6008,150.5233,150.4447,150.3650,150.2844,150.2028,150.1202,150.0367,149.9524,149.8672,149.7812,149.6945,149.6069,149.5187,149.4297,149.3401,149.2498,149.1588,149.0673,148.9751,148.8824,148.7891,148.6952,148.6009,148.5060,148.4107,148.3149,148.2186,148.1219,148.0247,147.9271,147.8292,147.7308,147.6320,147.5329,147.4334,147.3336,147.2334,147.1329,147.0321,146.9309,146.8295,146.7278,146.6257,146.5234,146.4209,146.3181,146.2150,146.1118,146.0111,145.9101,145.8088,145.7074,145.6057,145.5038
3,1,6,2,W3Mo1Se6S2,4,0,0,12,6,112,280,2.3988,2.4276,2.4341,2.3911,2.3209,2.2424,2.1623,2.0820,2.0009,1.9185,1.8341,1.7474,1.6583,1.5667,1.4728,1.3767,1.2784,1.1783,1.0764,0.9728,0.8678,0.7615,0.6540,0.5454,0.4358,0.3253,0.2140,0.1019,-0.0000,-0.0000,-0.0000,-0.0000,-0.0000,-0.0000,-0.0000,-0.0000,-0.0000,-0.0000,-0.0000,-0.0000,-0.0000,-0.0000,-0.0000,-0.0000,-0.0000,-0.0000,-0.0000,-0.0000,-0.0000,0.0000,-0.0000,0.0260,0.0957,0.1652,0.2347,0.3041,0.3734,0.4426,0.5118,0.5809,0.6500,0.7190,0.7879,0.8568,0.9257,0.9945,1.0633,1.1320,1.2008,1.2694,1.3381,1.4067,1.4753,1.5438,1.6124,1.6809,1.7494,1.8178,1.8863,1.9547,2.0231,2.0915,2.1598,2.2282,2.2965,2.3648,2.4331,2.5014,2.5697,2.6379,2.7062,2.7744,2.8426,2.9108,2.9790,3.0472,3.1154,3.1836,3.2517,3.3199,3.3880,3.4562,3.5243,3.5924,3.6605,3.7286,3.7967,3.8648,3.9329,4.0010,4.0691,4.1372,4.2052,4.2733,4.3413,4.4094,4.4774,4.5455,4.6135,4.6815,4.7496
3,1,7,0,W3Mo1Se7S0,3,0,1,11,2,32,,166.7197,166.5698,166.4198,166.2698,166.1195,165.9685,165.8163,165.6628,165.5077,165.3512,165.1933,165.0340,164.8736,164.7121,164.5497,164.3864,164.2224,164.0577,163.8924,163.7265,163.5601,163.3933,163.2261,163.0586,162.8907,162.7225,162.5541,162.3854,162.2165,162.0474,161.8781,161.7086,161.5390,161.3692,161.1992,161.0292,160.8590,160.6887,160.5184,160.3479,160.1773,160.0067,159.8359,159.6651,159.4942,159.3233,159.1523,158.9813,158.8101,158.6390,158.4678,158.2965,158.1252,157.9539,157.7825,157.6111,157.4396,157.2681,157.0966,156.9250,156.7534,156.5818,156.4102,156.2385,156.0668,155.8951,155.7234,155.5516,155.3799,155.2081,155.0362,154.8644,154.6926,154.5207,154.3488,154.1769,154.0050,153.8331,153.6611,153.4892,153.3172,153.1452,152.9732,152.8012,152.6292,152.4572,152.2851,152.1131,151.9410,151.7689,151.5969,151.4248,151.2527,151.0806,150.9085,150.7363,150.5642,150.3921,150.2199,150.0478,149.8756,149.7035,149.5313,149.3591,149.1869,149.0147,148.8425,148.6703,148.4981,148.3259,148.1537,147.9815,147.8093,147.6370,147.4648,147.2926,147.1203,146.9481,146.7758,146.6036,146.4313
3,1,7,1,W3Mo1Se7S1,4,0,0,12,2,32,250,1.4865,1.4513,1.4161,1.3808,1.3439,1.3026,1.2545,1.1989,1.1362,1.0676,0.9941,0.9167,0.8362,0.7534,0.6689,0.6023,0.5363,0.4714,0.4059,0.3400,0.2739,0.2076,0.1411,0.0745,0.0079,-0.0000,-0.0000,-0.0000,-0.0000,0.0000,-0.0000,-0.0000,0.0000,-0.0000,0.0000,0.0000,0.0000,0.0000,0.0000,0.0000,0.0000,-0.0000,-0.0000,-0.0000,0.0000,-0.0000,0.0221,0.0599,0.0976,0.1352,0.1729,0.2104,0.2479,0.2854,0.3228,0.3602,0.3976,0.4349,0.4722,0.5094,0.5466,0.5838,0.6210,0.6581,0.6952,0.7323,0.7694,0.8064,0.8435,0.8805,0.9175,0.9545,0.9914,1.0284,1.0653,1.1022,1.1391,1.1760,1.2128,1.2497,1.2866,1.3234,1.3602,1.3970,1.4338,1.4706,1.5074,1.5442,1.5810,1.6177,1.6545,1.6912,1.7279,1.7647,1.8014,1.8381,1.8748,1.9115,1.9482,1.9849,2.0216,2.0582,2.0949,2.1316,2.1682,2.2049,2.2415,2.2782,2.3148,2.3514,2.3881,2.4247,2.4613,2.4979,2.5349,2.5767,2.6185,2.6603,2.7020,2.7438,2.7855
3,1,8,0,W3Mo1Se8S0,3,0,0,12,1,4,0,0.0000,0.0000,-0.0000,0.0000,-0.0000,0.0000,-0.0000,-0.0000,0.0000,-0.0000,0.0000,0.0000,-0.0000,-0.0000,-0.0000,-0.0000,0.0000,-0.0000,-0.0000,0.0000,0.0000,0.0000,0.0000,0.0000,0.0000,-0.0000,0.0000,-0.0000,-0.0000,0.0000,0.0000,-0.0000,-0.0000,0.0000,0.0000,0.0000,0.0000,-0.0000,-0.0000,0.0000,-0.0000,0.0000,0.0000,0.0000,0.0000,-0.0000,0.0000,0.0000,-0.0000,-0.0000,-0.0000,-0.0000,-0.0000,0.0000,0.0000,-0.0000,-0.0000,0.0000,0.0000,0.0000,0.0000,0.0000,0.0000,-0.0000,-0.0000,0.0000,0.0000,0.0000,0.0000,-0.0000,0.0000,0.0000,0.0000,-0.0000,0.0000,0.0000,-0.0000,-0.0000,0.0000,0.0000,0.0000,-0.0000,0.0000,0.0000,0.0000,-0.0000,-0.0000,0.0000,-0.0000,-0.0000,-0.0000,0.0000,-0.0000,0.0000,0.0000,0.0000,0.0000,0.0000,-0.0000,-0.0000,-0.0000,-0.0000,0.0000,-0.0000,0.0000,-0.0000,0.0000,-0.0000,0.0000,-0.0000,0.0000,-0.0000,-0.0000,0.0000,0.0000,0.0000,-0.0000,-0.0000,0.0000,0.0000,-0.0000
4,0,0,4,W4Mo0Se0S4,2,0,4,8,6,70,,483.9896,483.7966,483.6036,483.4106,483.2176,483.0246,482.8316,482.6386,482.4456,482.2526,482.0596,481.8666,481.8574,481.8574,481.8574,481.8574,481.8574,481.8574,481.8574,481.8574,481.8574,481.8574,481.8574,481.8574,481.8574,481.8574,481.8574,481.8574,481.8574,481.8574,481.8574,481.8574,481.8574,481.8574,481.8574,481.8574,481.8574,481.8574,481.8574,481.8574,481.8574,481.8574,481.8574,481.8574,481.8574,481.8574,481.8574,481.8574,481.8574,481.8574,481.8574,481.8574,481.8574,481.8574,481.8574,481.8574,481.8574,481.8574,481.8574,481.8574,481.8574,481.8574,481.8574,481.8574,481.8574,481.8574,481.8574,481.8574,481.8574,481.8574,481.8574,481.8574,481.8574,481.8574,481.8574,481.8574,481.8574,481.8574,481.8574,481.8574,481.8574,481.8574,481.8574,481.8574,481.8574,481.8574,481.8574,481.8574,481.8574,481.8574,481.8574,481.8574,481.8574,481.8574,481.8574,481.8574,481.8574,481.8574,481.8574,481.8574,481.8574,481.8574,481.8574,481.8574,481.8574,481.8574,481.8574,481.8574,481.8574,481.8574,481.8573,481.8573,481.8573,481.8573,481.8573,481.8573,481.8573,481.8573,481.8573,481.8573,481.8573
4,0,0,5,W4Mo0Se0S5,2,0,3,9,3,56,,472.4632,472.1589,471.8546,471.5504,471.2461,470.9418,470.6375,470.3332,470.0289,469.7246,469.4203,469.1160,469.0159,468.9261,468.8362,468.7464,468.6565,468.5667,468.4768,468.3870,468.2972,468.2073,468.1175,468.0276,467.9378,467.8479,467.7581,467.6682,467.5783,467.4884,467.3985,467.3086,467.2187,467.1287,467.0388,466.9487,466.8587,466.7685,466.6784,466.5881,466.4978,466.4074,466.3169,466.2264,466.1357,466.0449,465.9539,465.8628,465.7716,465.6802,465.5886,465.4969,465.4049,465.3128,465.2204,465.1278,465.0350,464.9419,464.8486,464.7551,464.6612,464.5671,464.4727,464.3780,464.2830,464.1876,464.0920,463.9960,463.8997,463.8031,463.7061,463.6088,463.5111,463.4131,463.3147,463.2159,463.1167,463.0172,462.9173,462.8170,462.7163,462.6153,462.5138,462.4119,462.3097,462.2070,462.1040,462.0006,461.8967,461.7925,461.6878,461.5828,461.4773,461.3714,461.2652,461.1585,461.0514,460.9440,460.8361,460.7278,460.6192,460.5101,460.4006,460.2908,460.1805,460.0699,459.9588,459.8474,459.7356,459.6234,459.5108,459.3979,459.2845,459.1708,459.0567,458.9422,458.8274,458.7122,458.5966,458.4806,458.3643
4,0,0,6,W4Mo0Se0S6,2,0,2,10,3,28,,275.1450,275.0256,274.9061,274.7866,274.6672,274.5477,274.4283,274.3088,274.1893,274.0699,273.9504,273.8309,273.9320,274.0442,274.1563,274.2684,274.3806,274.4927,274.6049,274.7170,274.8292,274.9413,275.0534,275.1656,275.2777,275.3899,275.5020,275.6141,275.7263,275.8384,275.9506,276.0627,276.1748,276.2870,276.3991,276.5112,276.6233,276.7354,276.8475,276.9596,277.0716,277.1836,277.2956,277.4076,277.5195,277.6313,277.7431,277.8548,277.9665,278.0780,278.1895,278.3008,278.4120,278.5231,278.6340,278.7448,278.8553,278.9657,279.0758,279.1857,279.2954,279.4047,279.5138,279.6226,279.7310,279.8391,279.9468,280.0540,280.1609,280.2673,280.3733,280.4788,280.5838,280.6882,280.7921,280.8955,280.9982,281.1003,281.2018,281.3027,281.4028,281.5023,281.6010,281.6990,281.7963,281.8928,281.9885,282.0834,282.1775,282.2707,282.3631,282.4546,282.5452,282.6349,282.7237,282.8116,282.8985,282.9845,283.0695,283.1535,283.2366,283.3186,283.3997,283.4798,283.5588,283.6368,283.7138,283.7897,283.8646,283.9385,284.0113,284.0830,284.1537,284.2233,284.2919,284.3594,284.4258,284.4912,284.5555,284.6187,284.6809
4,0,0,7,W4Mo0Se0S7,2,0,1,11,1,8,,144.2971,144.1342,143.9713,143.8084,143.6455,143.4826,143.3197,143.1568,142.9939,142.8310,142.6681,142.5052,142.5762,142.6589,142.7416,142.8244,142.9071,142.9898,143.0726,143.1553,143.2381,143.3208,143.4035,143.4863,143.5690,143.6517,143.7345,143.8172,143.9000,143.9827,144.0654,144.1482,144.2309,144.3136,144.3964,144.4791,144.5619,144.6446,144.7273,144.8101,144.8928,144.9755,145.0583,145.1410,145.2238,145.3065,145.3892,145.4720,145.5547,145.6374,145.7202,145.8029,145.8857,145.9684,146.0511,146.1339,146.2166,146.2993,146.3821,146.4648,146.5475,146.6303,146.7130,146.7958,146.8785,146.9612,147.0440,147.1267,147.2094,147.2922,147.3749,147.4577,147.5404,147.6231,147.7059,147.7886,147.8713,147.9541,148.0368,148.1196,148.2023,148.2850,148.3678,148.4505,148.5332,148.6160,148.6987,148.7815,148.8642,148.9469,149.0297,149.1124,149.1951,149.2779,149.3606,149.4433,149.5261,149.6088,149.6916,149.7743,149.8570,149.9398,150.0225,150.1052,150.1880,150.2707,150.3535,150.4362,150.5189,150.6017,150.6844,150.7671,150.8499,150.9326,151.0154,151.0981,151.1808,151.2636,151.3463,151.4290,151.5118
4,0,0,8,W4Mo0Se0S8,2,0,0,12,1,1,0,-0.0000,-0.0000,0.0000,-0.0000,-0.0000,0.0000,-0.0000,0.0000,-0.0000,-0.0000,0.0000,0.0000,0.2450,0.5024,0.7597,1.0170,1.2744,1.5317,1.7891,2.0464,2.3037,2.5611,2.8184,3.0757,3.3331,3.5904,3.8477,4.1051,4.3624,4.6198,4.8771,5.1344,5.3918,5.6491,5.9064,6.1638,6.4211,6.6784,6.9358,7.1931,7.4505,7.7078,7.9651,8.2225,8.4798,8.7371,8.9945,9.2518,9.5092,9.7665,10.0238,10.2812,10.5385,10.7958,11.0532,11.3105,11.5678,11.8252,12.0825,12.3399,12.5972,12.8545,13.1119,13.3692,13.6265,13.8839,14.1412,14.3985,14.6559,14.9132,15.1706,15.4279,15.6852,15.9426,16.1999,16.4572,16.7146,16.9719,17.2292,17.4866,17.7439,18.0013,18.2586,18.5159,18.7733,19.0306,19.2879,19.5453,19.8026,20.0599,20.3173,20.5746,20.8320,21.0893,21.3466,21.6040,21.8613,22.1186,22.3760,22.6333,22.8906,23.1480,23.4053,23.6627,23.9200,24.1773,24.4347,24.6920,24.9493,25.2067,25.4640,25.7213,25.9787,26.2360,26.4934,26.7507,27.0080,27.2654,27.5227,27.7800,28.0374
4,0,1,3,W4Mo0Se1S3,3,0,4,8,10,280,,462.0515,461.8430,461.6346,461.4262,461.2186,461.0121,460.8071,460.6038,460.4024,460.2030,460.0057,459.8105,459.6173,459.4261,459.2367,459.0491,458.8632,458.6789,458.4960,458.3144,458.1340,457.9548,457.7766,457.5994,457.4230,457.2475,457.0871,456.9478,456.8088,456.6699,456.5313,456.3928,456.2545,456.1163,455.9784,455.8405,455.7028,455.5653,455.4278,455.2905,455.1534,455.0163,454.8793,454.7425,454.6057,454.4691,454.3325,454.1960,454.0596,453.9233,453.7871,453.6522,453.5454,453.4385,453.3317,453.2249,453.1180,453.0112,452.9044,452.7975,452.6907,452.5839,452.4771,452.3702,452.2634,452.1566,452.0497,451.9429,451.8361,451.7292,451.6224,451.5156,451.4087,451.3019,451.1951,451.0883,450.9814,450.8746,450.7678,450.6609,450.5541,450.4473,450.3404,450.2336,450.1268,450.0199,449.9131,449.8063,449.6995,449.5926,449.4858,449.3790,449.2721,449.1653,449.0585,448.9516,448.8448,448.7380,448.6311,448.5243,448.4175,448.3107,448.2038,448.0970,447.9902,447.8833,447.7765,447.6697,447.5628,447.4560,447.3492,447.2423,447.1355,447.0287,446.9218,446.8150,446.7082,446.6014,446.4945,446.3877,446.2809
4,0,1,4,W4Mo0Se1S4,3,0,3,9,10,280,,467.5649,467.3132,467.0615,466.8100,466.5590,466.3091,466.0605,465.8135,465.5681,465.3245,465.0827,464.8428,464.6454,464.4517,464.2595,464.0687,463.8791,463.6905,463.5027,463.3156,463.1289,462.9425,462.7562,462.5700,462.3836,462.1969,462.0227,461.8662,461.7088,461.5504,461.3910,461.2306,461.0691,460.9065,460.7428,460.5781,460.4121,460.2451,460.0769,459.9076,459.7371,459.5655,459.3928,459.2189,459.0438,458.8677,458.6904,458.5121,458.3326,458.1520,457.9703,457.7888,457.6310,457.4720,457.3120,457.1509,456.9887,456.8254,456.6611,456.4957,456.3293,456.1618,455.9933,455.8239,455.6534,455.4820,455.3096,455.1362,454.9619,454.7867,454.6105,454.4334,454.2555,454.0766,453.8968,453.7162,453.5346,453.3523,453.1691,452.9850,452.8001,452.6144,452.4279,452.2406,452.0525,451.8636,451.6739,451.4834,451.2922,451.1002,450.9075,450.7141,450.5199,450.3250,450.1293,449.9330,449.7360,449.5382,449.3398,449.1407,448.9410,448.7405,448.5394,448.3377,448.1353,447.9322,447.7286,447.5243,447.3194,447.1138,446.9077,446.7009,446.4936,446.2857,446.0772,445.8681,445.6584,445.4482,445.2374,445.0260,444.8141
4,0,1,5,W4Mo0Se1S5,3,0,2,10,6,168,,276.5720,276.4052,276.2384,276.0717,275.9056,275.7404,275.5764,275.4138,275.2527,275.0932,274.9353,274.7791,274.6981,274.6223,274.5480,274.4751,274.4036,274.3333,274.2642,274.1961,274.1291,274.0629,273.9975,273.9330,273.8691,273.8058,273.7547,273.7205,273.6864,273.6525,273.6188,273.5851,273.5516,273.5183,273.4850,273.4518,273.4187,273.3857,273.3527,273.3198,273.2869,273.2541,273.2212,273.1884,273.1556,273.1227,273.0899,273.0569,273.0239,272.9909,272.9577,272.9255,272.9156,272.9054,272.8951,272.8846,272.8738,272.8628,272.8516,272.8401,272.8283,272.8162,272.8039,272.7912,272.7782,272.7648,272.7511,272.7370,272.7225,272.7076,272.6922,272.6765,272.6603,272.6436,272.6265,272.6088,272.5907,272.5720,272.5528,272.5330,272.5127,272.4918,272.4703,272.4483,272.4255,272.4022,272.3782,272.3536,272.3283,272.3023,272.2756,272.2483,272.2202,272.1913,272.1618,272.1315,272.1005,272.0686,272.0361,272.0027,271.9685,271.9336,271.8978,271.8612,271.8238,271.7856,271.7465,271.7066,271.6659,271.6243,271.5818,271.5385,271.4943,271.4493,271.4033,271.3565,271.3088,271.2603,271.2108,271.1605,271.1092
4,0,1,6,W4Mo0Se1S6,3,0,1,11,3,56,,144.0075,143.8559,143.7043,143.5528,143.4017,143.2515,143.1024,142.9543,142.8072,142.6610,142.5155,142.3703,142.3254,142.2855,142.2453,142.2046,142.1632,142.1212,142.0783,142.0346,141.9899,141.9444,141.8979,141.8505,141.8022,141.7530,141.7134,141.6878,141.6611,141.6333,141.6044,141.5746,141.5438,141.5121,141.4796,141.4463,141.4122,141.3773,141.3418,141.3055,141.2686,141.2311,141.1930,141.1544,141.1151,141.0754,141.0352,140.9944,140.9533,140.9116,140.8696,140.8280,140.8064,140.7844,140.7620,140.7392,140.7159,140.6923,140.6684,140.6441,140.6194,140.5945,140.5692,140.5436,140.5177,140.4916,140.4652,140.4385,140.4115,140.3843,140.3568,140.3292,140.3013,140.2731,140.2448,140.2162,140.1875,140.1585,140.1294,140.1001,140.0705,140.0409,140.0110,139.9810,139.9508,139.9205,139.8900,139.8594,139.8286,139.7977,139.7666,139.7354,139.7041,139.6726,139.6411,139.6094,139.5776,139.5456,139.5136,139.4815,139.4492,139.4168,139.3844,139.3518,139.3192,139.2864,139.2536,139.2206,139.1876,139.1545,139.1213,139.0880,139.0546,139.0212,138.9877,138.9541,138.9204,138.8867,138.8529,138.8190,138.7850
4,0,1,7,W4Mo0Se1S7,3,0,0,12,1,8,,0.7317,0.6716,0.6115,0.5515,0.4920,0.4332,0.3754,0.3188,0.2634,0.2094,0.1568,0.1055,0.1781,0.2582,0.3395,0.4220,0.5056,0.5903,0.6759,0.7624,0.8498,0.9378,1.0266,1.1160,1.2060,1.2965,1.3972,1.5119,1.6267,1.7417,1.8568,1.9721,2.0874,2.2029,2.3185,2.4342,2.5499,2.6658,2.7817,2.8978,3.0139,3.1300,3.2463,3.3626,3.4790,3.5955,3.7120,3.8286,3.9452,4.0619,4.1786,4.2962,4.4326,4.5689,4.7053,4.8416,4.9779,5.1143,5.2506,5.3870,5.5233,5.6597,5.7960,5.9323,6.0687,6.2050,6.3414,6.4777,6.6140,6.7504,6.8867,7.0231,7.1594,7.2957,7.4321,7.5684,7.7048,7.8411,7.9774,8.1138,8.2501,8.3865,8.5228,8.6591,8.7955,8.9318,9.0682,9.2045,9.3408,9.4772,9.6135,9.7499,9.8862,10.0225,10.1589,10.2952,10.4316,10.5679,10.7042,10.8406,10.9769,11.1133,11.2496,11.3859,11.5223,11.6586,11.7950,11.9313,12.0677,12.2040,12.3403,12.4767,12.6130,12.7494,12.8857,13.0220,13.1584,13.2947,13.4311,13.5674,13.7037
4,0,2,2,W4Mo0Se2S2,3,0,4,8,16,420,,438.6448,438.3989,438.1532,437.9098,437.6745,437.4521,437.2434,437.0469,436.8606,436.6827,436.5116,436.3461,436.1850,436.0277,435.8733,435.7214,435.5715,435.4232,435.2760,435.1299,434.9844,434.8395,434.6950,434.5507,434.4066,434.2624,434.1183,433.9741,433.8297,433.6851,433.5404,433.3954,433.2502,433.1047,432.9590,432.8130,432.6667,432.5202,432.3733,432.2263,432.0789,431.9313,431.7834,431.6751,431.5825,431.4894,431.3958,431.3018,431.2074,431.1126,431.0174,430.9219,430.8259,430.7296,430.6330,430.5361,430.4389,430.3413,430.2435,430.1454,430.0471,429.9485,429.8497,429.7506,429.6513,429.5518,429.4520,429.3521,429.2520,429.1517,429.0512,428.9505,428.8496,428.7486,428.6475,428.5461,428.4447,428.3430,428.2413,428.1394,428.0374,427.9352,427.8330,427.7306,427.6281,427.5254,427.4227,427.3199,427.2169,427.1139,427.0108,426.9075,426.8042,426.7008,426.5973,426.4937,426.3901,426.2863,426.1825,426.0786,425.9747,425.8706,425.7665,425.6623,425.5581,425.4538,425.3494,425.2450,425.1405,425.0359,424.9313,424.8267,424.7220,424.6172,424.5124,424.4075,424.3026,424.1976,424.0926,423.9875,423.8824
4,0,2,3,W4Mo0Se2S3,3,0,3,9,17,560,,464.6543,464.4739,464.2935,464.1147,463.9416,463.7776,463.6234,463.4780,463.3401,463.2082,463.0809,462.9569,462.8349,462.7166,462.6207,462.5224,462.4211,462.3161,462.2070,462.0937,461.9758,461.8533,461.7262,461.5945,461.4582,461.3176,461.1727,461.0236,460.8707,460.7139,460.5535,460.3898,460.2227,460.0525,459.8794,459.7034,459.5247,459.3435,459.1598,458.9738,458.7855,458.5951,458.4026,458.2170,458.0331,457.8472,457.6596,457.4702,457.2791,457.0864,456.8921,456.6980,456.5397,456.3799,456.2185,456.0557,455.8915,455.7258,455.5589,455.3905,455.2209,455.0501,454.8779,454.7046,454.5301,454.3543,454.1775,453.9994,453.8203,453.6401,453.4588,453.2764,453.0929,452.9085,452.7230,452.5364,452.3489,452.1604,451.9710,451.7805,451.5892,451.3968,451.2036,451.0094,450.8144,450.6184,450.4215,450.2238,450.0252,449.8257,449.6254,449.4242,449.2222,449.0193,448.8157,448.6112,448.4059,448.1999,447.9930,447.7853,447.5769,447.3677,447.1578,446.9471,446.7356,446.5234,446.3105,446.0969,445.8825,445.6674,445.4516,445.2351,445.0179,444.8000,444.5815,444.3622,444.1423,443.9217,443.7005,443.4786,443.2561
4,0,2,4,W4Mo0Se2S4,3,0,2,10,16,420,,276.5793,276.4454,276.2936,276.1365,275.9810,275.8304,275.6861,275.5476,275.4145,275.2859,275.1613,275.0401,274.9218,274.8084,274.7172,274.6265,274.5360,274.4455,274.3550,274.2642,274.1731,274.0816,273.9897,273.8974,273.8046,273.7113,273.6233,273.5430,273.4620,273.3804,273.2981,273.2153,273.1319,273.0480,272.9636,272.8786,272.7931,272.7072,272.6208,272.5340,272.4468,272.3591,272.2711,272.1826,272.0938,272.0046,271.9150,271.8251,271.7348,271.6442,271.5532,271.4640,271.4191,271.3738,271.3281,271.2819,271.2352,271.1882,271.1406,271.0927,271.0443,270.9955,270.9462,270.8965,270.8463,270.7957,270.7446,270.6931,270.6411,270.5886,270.5357,270.4823,270.4284,270.3740,270.3192,270.2638,270.2079,270.1515,270.0946,270.0371,269.9791,269.9206,269.8615,269.8018,269.7416,269.6808,269.6194,269.5574,269.4948,269.4316,269.3677,269.3033,269.2382,269.1725,269.1061,269.0391,268.9714,268.9030,268.8340,268.7642,268.6938,268.6227,268.5508,268.4783,268.4050,268.3310,268.2563,268.1809,268.1046,268.0277,267.9500,267.8715,267.7923,267.7123,267.6315,267.5500,267.4677,267.3846,267.3007,267.2160,267.1305
4,0,2,5,W4Mo0Se2S5,3,0,1,11,6,168,,146.1863,146.0723,145.9118,145.7444,145.5767,145.4105,145.2463,145.0842,144.9242,144.7661,144.6101,144.4561,144.3040,144.1549,144.0168,143.8798,143.7438,143.6087,143.4743,143.3406,143.2074,143.0747,142.9424,142.8104,142.6785,142.5468,142.4282,142.3282,142.2278,142.1270,142.0257,141.9239,141.8217,141.7191,141.6160,141.5124,141.4083,141.3038,141.1988,141.0934,140.9875,140.8812,140.7744,140.6672,140.5595,140.4514,140.3429,140.2340,140.1246,140.0149,139.9047,139.7961,139.7278,139.6589,139.5896,139.5199,139.4497,139.3791,139.3080,139.2365,139.1647,139.0924,139.0197,138.9467,138.8733,138.7995,138.7254,138.6509,138.5761,138.5010,138.4255,138.3497,138.2736,138.1973,138.1206,138.0436,137.9664,137.8889,137.8111,137.7330,137.6547,137.5761,137.4973,137.4183,137.3390,137.2595,137.1797,137.0998,137.0196,136.9392,136.8586,136.7778,136.6968,136.6156,136.5343,136.4527,136.3710,136.2890,136.2069,136.1247,136.0422,135.9596,135.8769,135.7940,135.7109,135.6277,135.5443,135.4608,135.3771,135.2933,135.2094,135.1253,135.0411,134.9567,134.8723,134.7877,134.7030,134.6181,134.5332,134.4481,134.3630
4,0,2,6,W4Mo0Se2S6,3,0,0,12,3,28,0,0.0000,-0.0000,0.0000,0.0000,0.0000,-0.0000,-0.0000,0.0000,-0.0000,0.0000,-0.0000,-0.0000,-0.0000,-0.0000,0.0000,-0.0000,0.0000,0.0000,0.0000,0.0000,-0.0000,0.0000,0.0000,-0.0000,-0.0000,-0.0000,0.0192,0.0656,0.1115,0.1568,0.2017,0.2462,0.2903,0.3340,0.3774,0.4205,0.4633,0.5058,0.5482,0.5903,0.6322,0.6739,0.7155,0.7569,0.7981,0.8393,0.8803,0.9212,0.9619,1.0026,1.0432,1.0855,1.1649,1.2442,1.3233,1.4023,1.4811,1.5598,1.6384,1.7168,1.7952,1.8734,1.9515,2.0295,2.1074,2.1852,2.2629,2.3406,2.4181,2.4956,2.5730,2.6503,2.7276,2.8048,2.8819,2.9589,3.0359,3.1129,3.1898,3.2666,3.3434,3.4201,3.4968,3.5735,3.6501,3.7266,3.8031,3.8796,3.9561,4.0325,4.1088,4.1851,4.2614,4.3377,4.4139,4.4901,4.5663,4.6424,4.7185,4.7946,4.8706,4.9467,5.0227,5.0986,5.1746,5.2505,5.3264,5.4023,5.4782,5.5540,5.6299,5.7057,5.7814,5.8572,5.9329,6.0087,6.0844,6.1601,6.2358,6.3114,6.3871
4,0,3,1,W4Mo0Se3S1,3,0,4,8,10,280,,419.8671,419.5730,419.2789,418.9861,418.7593,418.5540,418.3507,418.1494,417.9503,417.7534,417.5588,417.3664,417.1761,416.9879,416.8015,416.6168,416.4338,416.2522,416.0720,415.8930,415.7152,415.5383,415.3624,415.1874,415.0131,414.8967,414.7826,414.6684,414.5543,414.4402,414.3261,414.2120,414.0979,413.9838,413.8697,413.7556,413.6415,413.5273,413.4132,413.2991,413.1850,413.0709,412.9568,412.8427,412.7286,412.6145,412.5004,412.3862,412.2721,412.1580,412.0439,411.9298,411.8157,411.7016,411.5875,411.4755,411.3738,411.2721,411.1705,411.0688,410.9671,410.8655,410.7638,410.6621,410.5605,410.4588,410.3571,410.2555,410.1538,410.0521,409.9505,409.8488,409.7472,409.6455,409.5438,409.4422,409.3405,409.2388,409.1372,409.0355,408.9338,408.8322,408.7305,408.6288,408.5272,408.4255,408.3238,408.2222,408.1205,408.0188,407.9172,407.8155,407.7138,407.6122,407.5105,407.4088,407.3072,407.2055,407.1038,407.0022,406.9005,406.7988,406.6972,406.5955,406.4939,406.3922,406.2905,406.1889,406.0872,405.9855,405.8839,405.7822,405.6805,405.5789,405.4772,405.3756,405.2739,405.1722,405.0706,404.9689,404.8673
4,0,3,2,W4Mo0Se3S2,3,0,3,9,17,560,,467.3396,467.0547,466.7699,466.4871,466.2393,466.0094,465.7896,465.5789,465.3760,465.1798,464.9893,464.8037,464.6224,464.4449,464.2742,464.1263,463.9797,463.8341,463.6894,463.5453,463.4016,463.2583,463.1152,462.9721,462.8289,462.6854,462.5415,462.3972,462.2523,462.1067,461.9604,461.8136,461.6793,461.5439,461.4074,461.2696,461.1306,460.9902,460.8485,460.7054,460.5608,460.4149,460.2674,460.1361,460.0104,459.8831,459.7541,459.6235,459.4913,459.3574,459.2219,459.0847,458.9460,458.8055,458.6635,458.5227,458.3941,458.2638,458.1321,457.9987,457.8638,457.7274,457.5894,457.4500,457.3091,457.1666,457.0228,456.8774,456.7307,456.5825,456.4329,456.2820,456.1297,455.9760,455.8210,455.6646,455.5070,455.3481,455.1878,455.0264,454.8637,454.6997,454.5345,454.3682,454.2006,454.0319,453.8620,453.6909,453.5188,453.3455,453.1711,452.9956,452.8190,452.6413,452.4626,452.2829,452.1021,451.9203,451.7375,451.5537,451.3689,451.1831,450.9964,450.8087,450.6201,450.4305,450.2400,450.0486,449.8563,449.6631,449.4690,449.2741,449.0783,448.8816,448.6841,448.4857,448.2866,448.0866,447.8858,447.6842,447.4818
4,0,3,3,W4Mo0Se3S3,3,0,2,10,17,560,,280.0716,279.8879,279.6512,279.4067,279.1693,278.9462,278.7390,278.5463,278.3657,278.1953,278.0332,277.8781,277.7291,277.5852,277.4458,277.3103,277.1782,277.0492,276.9229,276.7990,276.6772,276.5573,276.4392,276.3225,276.2073,276.0932,275.9803,275.8684,275.7574,275.6473,275.5379,275.4291,275.3210,275.2134,275.1063,274.9996,274.8934,274.7875,274.6820,274.5768,274.4718,274.3671,274.2625,274.2059,274.1687,274.1313,274.0937,274.0560,274.0181,273.9801,273.9418,273.9034,273.8648,273.8261,273.7871,273.7479,273.7086,273.6690,273.6292,273.5892,273.5489,273.5085,273.4677,273.4268,273.3856,273.3441,273.3023,273.2603,273.2180,273.1754,273.1326,273.0894,273.0459,273.0021,272.9580,272.9135,272.8687,272.8236,272.7781,272.7322,272.6860,272.6394,272.5924,272.5450,272.4972,272.4490,272.4003,272.3513,272.3018,272.2519,272.2015,272.1506,272.0993,272.0475,271.9952,271.9425,271.8892,271.8354,271.7811,271.7263,271.6709,271.6150,271.5586,271.5016,271.4440,271.3859,271.3272,271.2679,271.2081,271.1476,271.0865,271.0248,270.9625,270.8996,270.8361,270.7719,270.7071,270.6416,270.5755,270.5087,270.4413
4,0,3,4,W4Mo0Se3S4,3,0,1,11,10,280,,146.7771,146.6645,146.5520,146.4408,146.3335,146.2309,146.1319,146.0349,145.9387,145.8423,145.7454,145.6476,145.5487,145.4510,145.3705,145.2877,145.2026,145.1153,145.0259,144.9345,144.8411,144.7459,144.6490,144.5504,144.4501,144.3483,144.2450,144.1403,144.0342,143.9268,143.8181,143.7083,143.5972,143.4850,143.3716,143.2573,143.1418,143.0254,142.9080,142.7897,142.6705,142.5504,142.4294,142.3293,142.2371,142.1440,142.0501,141.9553,141.8596,141.7632,141.6659,141.5694,141.5026,141.4351,141.3668,141.2977,141.2280,141.1575,141.0864,141.0146,140.9423,140.8693,140.7957,140.7215,140.6467,140.5715,140.4957,140.4193,140.3425,140.2652,140.1874,140.1091,140.0304,139.9513,139.8717,139.7917,139.7113,139.6305,139.5493,139.4678,139.3858,139.3036,139.2209,139.1379,139.0546,138.9710,138.8871,138.8028,138.7183,138.6334,138.5483,138.4628,138.3771,138.2912,138.2050,138.1185,138.0317,137.9447,137.8575,137.7701,137.6824,137.5945,137.5063,137.4180,137.3294,137.2406,137.1517,137.0625,136.9731,136.8836,136.7938,136.7039,136.6138,136.5235,136.4331,136.3424,136.2516,136.1607,136.0696,135.9783,135.8869
4,0,3,5,W4Mo0Se3S5,3,0,0,12,3,56,130,0.7552,0.6806,0.6059,0.5321,0.4611,0.3947,0.3330,0.2756,0.2218,0.1712,0.1235,0.0785,0.0360,0.0000,0.0000,-0.0000,-0.0000,-0.0000,0.0000,-0.0000,0.0000,-0.0000,0.0000,-0.0000,-0.0000,-0.0000,-0.0000,-0.0000,-0.0000,0.0000,-0.0000,0.0000,-0.0000,-0.0000,-0.0000,0.0000,0.0000,-0.0000,-0.0000,0.0000,0.0000,-0.0000,0.0000,-0.0000,0.0000,-0.0000,0.0000,0.0000,0.0000,0.0000,-0.0000,0.0026,0.0611,0.1195,0.1778,0.2359,0.2939,0.3518,0.4096,0.4672,0.5248,0.5822,0.6396,0.6968,0.7540,0.8111,0.8680,0.9249,0.9818,1.0385,1.0952,1.1518,1.2083,1.2647,1.3211,1.3774,1.4337,1.4899,1.5460,1.6021,1.6581,1.7141,1.7700,1.8259,1.8817,1.9375,1.9932,2.0489,2.1045,2.1601,2.2156,2.2711,2.3266,2.3820,2.4374,2.4928,2.5481,2.6033,2.6586,2.7138,2.7690,2.8241,2.8792,2.9343,2.9894,3.0444,3.0994,3.1544,3.2093,3.2643,3.3191,3.3740,3.4289,3.4837,3.5385,3.5933,3.6480,3.7027,3.7574,3.8121,3.8668
4,0,4,0,W4Mo0Se4S0,2,0,4,8,6,70,,400.3474,400.1544,399.9614,399.7684,399.5754,399.3824,399.1894,398.9964,398.8034,398.6104,398.4174,398.2244,398.0314,397.8384,397.6454,397.4524,397.2593,397.0663,396.8733,396.6803,396.4873,396.2943,396.1013,395.9083,395.7153,395.5223,395.3293,395.1363,394.9433,394.7503,394.5573,394.3643,394.1713,393.9783,393.7853,393.5923,393.3993,393.2063,393.0133,392.8203,392.6273,392.4343,392.2413,392.0483,391.8553,391.6623,391.4693,391.2763,391.0833,390.8903,390.6973,390.5043,390.3113,390.1183,389.9253,389.7323,389.5393,389.3463,389.1533,388.9602,388.7672,388.5742,388.3812,388.1882,387.9952,387.8022,387.6092,387.4162,387.2232,387.0302,386.8372,386.6442,386.4512,386.2582,386.0652,385.8722,385.6792,385.4862,385.2932,385.1002,384.9072,384.7142,384.5212,384.3282,384.1352,383.9422,383.7492,383.5562,383.3632,383.1702,382.9772,382.7842,382.5912,382.3982,382.2052,382.0122,381.8192,381.6262,381.4332,381.2402,381.0472,380.8541,380.6611,380.4681,380.2751,380.0821,379.8891,379.6961,379.5031,379.3101,379.1171,378.9241,378.7311,378.5381,378.3451,378.1521,377.9591,377.7661,377.5731,377.3801,377.1871
4,0,4,1,W4Mo0Se4S1,3,0,3,9,10,280,,473.1054,472.8440,472.5826,472.3223,472.1208,471.9383,471.7575,471.5786,471.4016,471.2266,471.0536,470.8826,470.7135,470.5461,470.3833,470.2338,470.0854,469.9379,469.7912,469.6716,469.5920,469.5125,469.4332,469.3539,469.2745,469.2203,469.1666,469.1122,469.0570,469.0011,468.9442,468.8864,468.8276,468.7678,468.7068,468.6446,468.5811,468.5164,468.4503,468.3829,468.3141,468.2438,468.1721,468.0988,468.0241,467.9479,467.8701,467.7908,467.7099,467.6274,467.5434,467.4578,467.3706,467.2819,467.1916,467.1007,467.0128,466.9234,466.8325,466.7400,466.6460,466.5505,466.4535,466.3550,466.2550,466.1536,466.0507,465.9465,465.8408,465.7336,465.6251,465.5153,465.4040,465.2915,465.1776,465.0623,464.9458,464.8280,464.7089,464.5886,464.4670,464.3442,464.2201,464.0949,463.9685,463.8409,463.7121,463.5822,463.4512,463.3190,463.1857,463.0514,462.9159,462.7794,462.6418,462.5031,462.3635,462.2228,462.0810,461.9383,461.7946,461.6499,461.5042,461.3576,461.2100,461.0615,460.9121,460.7617,460.6104,460.4583,460.3052,460.1512,459.9964,459.8407,459.6842,459.5268,459.3686,459.2095,459.0496,458.8890,458.7275
4,0,4,2,W4Mo0Se4S2,3,0,2,10,16,420,,280.9829,280.7758,280.5508,280.3236,280.1515,280.0011,279.8574,279.7201,279.5886,279.4622,279.3401,279.2218,279.1068,278.9947,278.8881,278.8014,278.7152,278.6293,278.5435,278.4577,278.3717,278.2855,278.1990,278.1120,278.0247,277.9743,277.9255,277.8756,277.8248,277.7731,277.7204,277.6668,277.6124,277.5571,277.5010,277.4442,277.3866,277.3283,277.2693,277.2096,277.1493,277.0884,277.0269,276.9648,276.9022,276.8390,276.7754,276.7113,276.6466,276.5816,276.5160,276.4501,276.3837,276.3170,276.2498,276.1873,276.1493,276.1109,276.0721,276.0330,275.9935,275.9537,275.9135,275.8731,275.8323,275.7911,275.7497,275.7079,275.6659,275.6235,275.5808,275.5377,275.4944,275.4507,275.4068,275.3625,275.3179,275.2730,275.2277,275.1821,275.1362,275.0900,275.0434,274.9964,274.9492,274.9016,274.8536,274.8053,274.7566,274.7075,274.6581,274.6083,274.5581,274.5075,274.4565,274.4051,274.3533,274.3012,274.2485,274.1955,274.1420,274.0881,274.0338,273.9790,273.9237,273.8680,273.8119,273.7552,273.6981,273.6405,273.5824,273.5237,273.4646,273.4050,273.3449,273.2842,273.2230,273.1613,273.0991,273.0363,272.9729
4,0,4,3,W4Mo0Se4S3,3,0,1,11,10,280,,150.1172,149.9191,149.7197,149.5171,149.3386,149.1727,149.0142,148.8630,148.7182,148.5791,148.4448,148.3147,148.1883,148.0650,147.9475,147.8485,147.7505,147.6532,147.5564,147.4598,147.3634,147.2668,147.1702,147.0731,146.9757,146.8777,146.7792,146.6800,146.5800,146.4793,146.3778,146.2758,146.1839,146.0910,145.9971,145.9022,145.8063,145.7095,145.6116,145.5127,145.4128,145.3120,145.2102,145.1363,145.0732,145.0089,144.9436,144.8772,144.8098,144.7414,144.6719,144.6016,144.5303,144.4581,144.3850,144.3133,144.2520,144.1900,144.1271,144.0635,143.9991,143.9340,143.8681,143.8015,143.7343,143.6664,143.5978,143.5286,143.4588,143.3884,143.3174,143.2458,143.1737,143.1010,143.0278,142.9541,142.8799,142.8052,142.7300,142.6543,142.5782,142.5017,142.4247,142.3473,142.2695,142.1913,142.1127,142.0337,141.9543,141.8746,141.7945,141.7141,141.6333,141.5522,141.4708,141.3891,141.3070,141.2247,141.1420,141.0591,140.9759,140.8924,140.8086,140.7246,140.6403,140.5558,140.4710,140.3859,140.3007,140.2152,140.1294,140.0435,139.9573,139.8709,139.7843,139.6976,139.6106,139.5234,139.4360,139.3484,139.2607
4,0,4,4,W4Mo0Se4S4,3,0,0,12,6,70,0,0.0000,0.0000,-0.0000,-0.0000,0.0000,-0.0000,-0.0000,0.0000,0.0000,-0.0000,0.0000,0.0000,-0.0000,0.0000,0.0000,-0.0000,-0.0000,-0.0000,-0.0000,-0.0000,-0.0000,-0.0000,0.0000,-0.0000,0.0000,-0.0000,-0.0000,-0.0000,-0.0000,-0.0000,-0.0000,-0.0000,0.0000,-0.0000,-0.0000,0.0000,-0.0000,-0.0000,-0.0000,0.0000,-0.0000,0.0000,0.0000,0.0530,0.1274,0.2014,0.2751,0.3486,0.4217,0.4947,0.5673,0.6398,0.7120,0.7840,0.8558,0.9274,0.9989,1.0702,1.1413,1.2122,1.2830,1.3537,1.4242,1.4946,1.5648,1.6350,1.7050,1.7749,1.8447,1.9144,1.9840,2.0535,2.1229,2.1923,2.2615,2.3306,2.3997,2.4687,2.5376,2.6065,2.6753,2.7440,2.8126,2.8812,2.9497,3.0182,3.0866,3.1549,3.2232,3.2914,3.3596,3.4278,3.4959,3.5639,3.6319,3.6998,3.7678,3.8356,3.9035,3.9712,4.0390,4.1067,4.1744,4.2420,4.3096,4.3772,4.4447,4.5122,4.5797,4.6472,4.7146,4.7820,4.8493,4.9166,4.9839,5.0512,5.1185,5.1857,5.2529,5.3201,5.3872
4,0,5,0,W4Mo0Se5S0,2,0,3,9,3,56,,499.7826,499.4783,499.1740,498.8697,498.5654,498.2611,497.9568,497.6526,497.3483,497.0440,496.7397,496.4354,496.1311,495.8268,495.5225,495.2182,494.9139,494.6096,494.3053,494.0010,493.6967,493.3925,493.0882,492.7839,492.4796,492.1753,491.8710,491.5667,491.2624,490.9581,490.6538,490.3495,490.0452,489.7409,489.4366,489.1324,488.8281,488.5238,488.2195,487.9152,487.6109,487.3066,487.0023,486.6980,486.3937,486.0894,485.7851,485.4808,485.1765,484.8722,484.5679,484.2636,483.9593,483.6549,483.3506,483.0463,482.7420,482.4376,482.1332,481.8289,481.5245,481.2201,480.9157,480.6113,480.3068,480.0024,479.6979,479.3934,479.0889,478.7843,478.4798,478.1752,477.8705,477.5658,477.2611,476.9564,476.6516,476.3467,476.0419,475.7369,475.4319,475.1269,474.8218,474.5166,474.2114,473.9061,473.6008,473.2953,472.9898,472.6843,472.3786,472.0729,471.7670,471.4611,471.1551,470.8490,470.5428,470.2365,469.9301,469.6236,469.3169,469.0102,468.7033,468.3964,468.0893,467.7821,467.4747,467.1673,466.8596,466.5519,466.2440,465.9360,465.6279,465.3196,465.0111,464.7025,464.3938,464.0849,463.7758,463.4666,463.1572
4,0,5,1,W4Mo0Se5S1,3,0,2,10,6,168,,285.8473,285.6121,285.3768,285.1425,284.9612,284.7969,284.6342,284.4732,284.3139,284.1564,284.0007,283.8468,283.6946,283.5440,283.4000,283.2788,283.1583,283.0383,282.9189,282.8475,282.8475,282.8475,282.8475,282.8475,282.8475,282.8475,282.8475,282.8475,282.8475,282.8475,282.8475,282.8475,282.8475,282.8475,282.8475,282.8475,282.8475,282.8475,282.8475,282.8475,282.8475,282.8475,282.8475,282.8475,282.8475,282.8475,282.8475,282.8475,282.8474,282.8474,282.8474,282.8474,282.8474,282.8473,282.8473,282.8472,282.8472,282.8471,282.8470,282.8469,282.8468,282.8467,282.8465,282.8463,282.8461,282.8459,282.8457,282.8454,282.8451,282.8447,282.8443,282.8439,282.8434,282.8428,282.8422,282.8415,282.8408,282.8400,282.8391,282.8382,282.8372,282.8360,282.8348,282.8335,282.8321,282.8305,282.8289,282.8271,282.8252,282.8232,282.8210,282.8187,282.8162,282.8136,282.8108,282.8078,282.8046,282.8013,282.7977,282.7940,282.7901,282.7859,282.7815,282.7769,282.7720,282.7669,282.7616,282.7560,282.7501,282.7439,282.7375,282.7308,282.7238,282.7164,282.7088,282.7008,282.6926,282.6839,282.6750,282.6657,282.6560
4,0,5,2,W4Mo0Se5S2,3,0,1,11,6,168,,151.8433,151.6645,151.4858,151.3088,151.2054,151.1273,151.0530,150.9818,150.9129,150.8456,150.7792,150.7135,150.6480,150.5826,150.5184,150.4621,150.4047,150.3462,150.2864,150.2254,150.1629,150.0990,150.0335,149.9664,149.8976,149.8856,149.8740,149.8600,149.8435,149.8247,149.8035,149.7800,149.7542,149.7262,149.6960,149.6637,149.6292,149.5928,149.5544,149.5140,149.4718,149.4277,149.3818,149.3343,149.2850,149.2342,149.1817,149.1278,149.0724,149.0155,148.9572,148.8977,148.8368,148.7746,148.7113,148.6505,148.6075,148.5633,148.5181,148.4718,148.4246,148.3763,148.3271,148.2771,148.2261,148.1743,148.1216,148.0682,148.0140,147.9590,147.9033,147.8468,147.7897,147.7320,147.6736,147.6145,147.5549,147.4946,147.4338,147.3724,147.3105,147.2481,147.1851,147.1217,147.0577,146.9933,146.9284,146.8631,146.7974,146.7312,146.6647,146.5977,146.5304,146.4626,146.3945,146.3261,146.2572,146.1881,146.1186,146.0488,145.9787,145.9082,145.8375,145.7665,145.6952,145.6236,145.5517,145.4796,145.4072,145.3346,145.2617,145.1885,145.1152,145.0416,144.9678,144.8937,144.8194,144.7450,144.6703,144.5954,144.5203
4,0,5,3,W4Mo0Se5S3,3,0,0,12,3,56,140,0.9787,0.8470,0.7153,0.5847,0.5000,0.4326,0.3700,0.3117,0.2573,0.2063,0.1586,0.1138,0.0716,0.0320,-0.0000,-0.0000,-0.0000,0.0000,0.0000,0.0000,-0.0000,-0.0000,-0.0000,0.0000,0.0000,0.0000,0.0000,0.0000,-0.0000,0.0000,0.0000,0.0007,0.0215,0.0422,0.0627,0.0831,0.1034,0.1235,0.1436,0.1635,0.1833,0.2029,0.2225,0.2552,0.2932,0.3309,0.3685,0.4060,0.4432,0.4803,0.5173,0.5541,0.5908,0.6274,0.6638,0.7044,0.7654,0.8264,0.8873,0.9481,1.0087,1.0693,1.1298,1.1902,1.2505,1.3107,1.3708,1.4309,1.4909,1.5508,1.6106,1.6704,1.7301,1.7897,1.8493,1.9088,1.9683,2.0277,2.0870,2.1463,2.2055,2.2647,2.3239,2.3830,2.4420,2.5010,2.5600,2.6189,2.6778,2.7366,2.7954,2.8542,2.9129,2.9716,3.0302,3.0888,3.1474,3.2060,3.2645,3.3230,3.3814,3.4399,3.4983,3.5567,3.6150,3.6733,3.7316,3.7899,3.8481,3.9063,3.9645,4.0227,4.0809,4.1390,4.1971,4.2552,4.3133,4.3713,4.4294,4.4874,4.5454
4,0,6,0,W4Mo0Se6S0,2,0,2,10,3,28,,288.5428,288.4233,288.3039,288.1844,288.0650,287.9455,287.8260,287.7066,287.5871,287.4676,287.3482,287.2287,287.1093,286.9898,286.8703,286.7509,286.6314,286.5120,286.3925,286.2730,286.1536,286.0341,285.9146,285.7952,285.6757,285.5563,285.4368,285.3173,285.1979,285.0784,284.9590,284.8395,284.7200,284.6006,284.4811,284.3616,284.2422,284.1227,284.0033,283.8838,283.7643,283.6449,283.5254,283.4059,283.2865,283.1670,283.0476,282.9281,282.8086,282.6892,282.5697,282.4503,282.3308,282.2113,282.0919,281.9724,281.8529,281.7335,281.6140,281.4945,281.3751,281.2556,281.1361,281.0166,280.8971,280.7776,280.6582,280.5387,280.4191,280.2996,280.1801,280.0606,279.9410,279.8215,279.7019,279.5823,279.4627,279.3431,279.2235,279.1038,278.9842,278.8644,278.7447,278.6249,278.5052,278.3853,278.2654,278.1455,278.0256,277.9056,277.7855,277.6654,277.5452,277.4250,277.3047,277.1843,277.0639,276.9434,276.8228,276.7021,276.5813,276.4605,276.3395,276.2184,276.0972,275.9759,275.8545,275.7329,275.6112,275.4894,275.3675,275.2453,275.1231,275.0006,274.8780,274.7553,274.6323,274.5092,274.3859,274.2624,274.1386
4,0,6,1,W4Mo0Se6S1,3,0,1,11,3,56,,154.4419,154.3140,154.1863,154.0593,153.9805,153.9173,153.8554,153.7951,153.7363,153.6792,153.6236,153.5695,153.5168,153.4650,153.4211,153.4068,153.3918,153.3758,153.3585,153.3613,153.3993,153.4734,153.5451,153.6142,153.6806,153.7441,153.8047,153.8622,153.9166,153.9679,154.0159,154.0608,154.1025,154.1410,154.1763,154.2086,154.2379,154.2641,154.2874,154.3079,154.3256,154.3406,154.3530,154.3629,154.3702,154.3753,154.3780,154.3784,154.3768,154.3730,154.3673,154.3597,154.3502,154.3389,154.3259,154.3113,154.2950,154.2773,154.2581,154.2374,154.2154,154.1921,154.1675,154.1417,154.1148,154.0867,154.0575,154.0274,153.9961,153.9640,153.9309,153.8969,153.8620,153.8263,153.7898,153.7526,153.7145,153.6758,153.6364,153.5963,153.5555,153.5141,153.4721,153.4295,153.3864,153.3427,153.2985,153.2538,153.2085,153.1628,153.1166,153.0700,153.0230,152.9755,152.9276,152.8793,152.8306,152.7816,152.7322,152.6824,152.6323,152.5819,152.5312,152.4801,152.4287,152.3771,152.3251,152.2729,152.2204,152.1677,152.1146,152.0614,152.0079,151.9541,151.9002,151.8460,151.7916,151.7370,151.6821,151.6271,151.5719
4,0,6,2,W4Mo0Se6S2,3,0,0,12,3,28,40,0.3676,0.2535,0.1395,0.0264,0.0000,-0.0000,0.0000,0.0000,-0.0000,0.0000,0.0000,0.0000,0.0000,0.0000,0.0000,-0.0000,-0.0000,-0.0000,-0.0000,0.0000,0.0000,-0.0000,-0.0000,0.0000,-0.0000,0.0761,0.1545,0.2321,0.3089,0.3851,0.4606,0.5355,0.6100,0.6839,0.7574,0.8304,0.9031,0.9754,1.0473,1.1189,1.1903,1.2613,1.3321,1.4027,1.4730,1.5431,1.6130,1.6827,1.7522,1.8215,1.8907,1.9597,2.0286,2.0974,2.1660,2.2373,2.3222,2.4071,2.4918,2.5765,2.6610,2.7455,2.8299,2.9142,2.9984,3.0825,3.1665,3.2505,3.3345,3.4183,3.5021,3.5858,3.6695,3.7531,3.8367,3.9202,4.0037,4.0871,4.1705,4.2538,4.3371,4.4203,4.5035,4.5867,4.6698,4.7529,4.8360,4.9190,5.0020,5.0850,5.1679,5.2509,5.3337,5.4166,5.4994,5.5822,5.6650,5.7478,5.8305,5.9132,5.9959,6.0786,6.1612,6.2438,6.3265,6.4090,6.4916,6.5742,6.6567,6.7392,6.8217,6.9042,6.9867,7.0692,7.1516,7.2340,7.3164,7.3988,7.4812,7.5636,7.6460
4,0,7,0,W4Mo0Se7S0,2,0,1,11,1,8,,166.3329,166.1700,166.0071,165.8442,165.6813,165.5184,165.3555,165.1926,165.0297,164.8668,164.7039,164.5410,164.3781,164.2151,164.0522,163.8893,163.7264,163.5635,163.4006,163.2377,163.0748,162.9119,162.7490,162.5861,162.4232,162.2603,162.0974,161.9345,161.7716,161.6087,161.4458,161.2829,161.1200,160.9571,160.7942,160.6313,160.4684,160.3055,160.1426,159.9797,159.8168,159.6539,159.4910,159.3281,159.1652,159.0023,158.8394,158.6765,158.5136,158.3507,158.1878,158.0249,157.8620,157.6991,157.5362,157.3733,157.2104,157.0475,156.8845,156.7216,156.5587,156.3958,156.2329,156.0700,155.9071,155.7442,155.5813,155.4184,155.2555,155.0926,154.9297,154.7668,154.6039,154.4410,154.2781,154.1152,153.9523,153.7894,153.6265,153.4636,153.3007,153.1378,152.9749,152.8120,152.6491,152.4862,152.3233,152.1604,151.9975,151.8346,151.6717,151.5088,151.3459,151.1830,151.0201,150.8572,150.6943,150.5314,150.3685,150.2056,150.0427,149.8798,149.7169,149.5540,149.3910,149.2281,149.0652,148.9023,148.7394,148.5765,148.4136,148.2507,148.0878,147.9249,147.7620,147.5991,147.4362,147.2733,147.1104,146.9475,146.7846
4,0,7,1,W4Mo0Se7S1,3,0,0,12,1,8,140,0.9306,0.8135,0.6963,0.5800,0.5077,0.4497,0.3930,0.3377,0.2839,0.2316,0.1807,0.1313,0.0834,0.0368,0.0000,-0.0000,-0.0000,-0.0000,0.0000,0.0000,0.0086,0.0875,0.1664,0.2453,0.3242,0.4031,0.4820,0.5609,0.6398,0.7187,0.7975,0.8764,0.9553,1.0342,1.1131,1.1920,1.2709,1.3498,1.4287,1.5076,1.5865,1.6654,1.7443,1.8231,1.9020,1.9809,2.0598,2.1387,2.2176,2.2965,2.3754,2.4543,2.5332,2.6121,2.6910,2.7699,2.8488,2.9276,3.0065,3.0854,3.1643,3.2432,3.3221,3.4010,3.4799,3.5588,3.6377,3.7166,3.7955,3.8744,3.9532,4.0321,4.1110,4.1899,4.2688,4.3477,4.4266,4.5055,4.5844,4.6633,4.7422,4.8211,4.9000,4.9789,5.0577,5.1366,5.2155,5.2944,5.3733,5.4522,5.5311,5.6100,5.6889,5.7678,5.8467,5.9256,6.0045,6.0834,6.1622,6.2411,6.3200,6.3989,6.4778,6.5567,6.6356,6.7145,6.7934,6.8723,6.9512,7.0301,7.1090,7.1879,7.2668,7.3457,7.4246,7.5035,7.5824,7.6613,7.7402,7.8191,7.8980
4,0,8,0,W4Mo0Se8S0,2,0,0,12,1,1,0,0.0000,0.0000,0.0000,0.0000,0.0000,0.0000,0.0000,0.0000,0.0000,0.0000,-0.0000,0.0000,0.0000,0.0000,0.0000,0.0000,0.0000,0.0000,0.0000,0.0000,0.0000,0.0000,0.0000,0.0000,0.0000,-0.0000,0.0000,0.0000,-0.0000,0.0000,0.0000,-0.0000,0.0000,0.0000,0.0000,0.0000,0.0000,-0.0000,0.0000,0.0000,0.0000,0.0000,0.0000,0.0000,-0.0000,-0.0000,-0.0000,0.0000,0.0000,0.0000,0.0000,0.0000,0.0000,-0.0000,0.0000,0.0000,0.0000,0.0000,-0.0000,0.0000,-0.0000,0.0000,0.0000,-0.0000,-0.0000,-0.0000,0.0000,0.0000,0.0000,-0.0000,0.0000,0.0000,-0.0000,0.0000,0.0000,-0.0000,0.0000,0.0000,-0.0000,0.0000,0.0000,-0.0000,0.0000,-0.0000,0.0000,0.0000,0.0000,0.0000,-0.0000,0.0000,0.0000,0.0000,-0.0000,0.0000,0.0000,-0.0000,-0.0000,0.0000,0.0000,0.0000,-0.0000,-0.0000,0.0000,0.0000,0.0000,0.0000,-0.0000,0.0000,-0.0000,-0.0000,0.0000,0.0000,0.0000,-0.0000,-0.0000,-0.0000,-0.0000,0.0000,-0.0000,-0.0000,0.0000
