108  
21   

1    
  0.0100000000000000   0.0000000000000000   0.0000000000000000
  -0.2412280100    0.0008654800   -0.0021978600
   0.0012105700    0.0003325900    0.0000147900
   0.0011683400   -0.0004457200   -0.0000413700
  -0.0000477800   -0.0003761800   -0.0000103600
  -0.0001357300    0.0002448100    0.0000400500
   0.0000489300   -0.0000000100    0.0000025600
  -0.0000393000   -0.0011719100   -0.0000523900
   0.0000489700   -0.0000002000   -0.0000044500
  -0.0001427100    0.0011173400    0.0000353700
   0.0049223600   -0.0117687600   -0.0002563100
   0.0006762400   -0.0007176800    0.0000368900
  -0.0000411500    0.0000518500    0.0000228200
   0.0000698200   -0.0000582800   -0.0000042800
  -0.0000594000   -0.0000086500   -0.0000087200
  -0.0000340900   -0.0000405100   -0.0000110000
   0.0045884800    0.0087521600   -0.0007729100
  -0.0000415200   -0.0000806400    0.0000394200
   0.0007217200   -0.0006907600    0.0000984800
   0.0054205600   -0.0093148300    0.0000123200
   0.0001669700    0.0000059700    0.0000056400
   0.0088874400    0.0093228200    0.0004634600
   0.0017696000    0.0000505600    0.0000334500
  -0.0000313700    0.0000688600   -0.0000017900
  -0.0000277800   -0.0000501000    0.0000052100
   0.0000051400    0.0000359800    0.0000082000
   0.0000184800   -0.0000543300   -0.0000130600
   0.0018251700    0.0001041100    0.0000176600
   0.0045487300    0.0103271000    0.0001630100
  -0.0000365300   -0.0000310600    0.0000086800
   0.0006916200    0.0005854200   -0.0001185000
  -0.0000385600   -0.0000331100   -0.0000271600
   0.0000535500    0.0000733000   -0.0000180800
  -0.0000396200    0.0000537300   -0.0000021400
   0.0006841500    0.0006011200   -0.0000086000
  -0.0000358300    0.0000557900   -0.0000149100
   0.0044619800   -0.0077753500   -0.0001554200
   0.0373960400   -0.0151843500   -0.0308238200
   0.0000664600   -0.0000184000    0.0000273100
   0.0004636100   -0.0009154800   -0.0004310400
   0.0006449800    0.0004077700   -0.0001307700
  -0.0000627000    0.0000192500    0.0000807300
  -0.0000175300    0.0000031100   -0.0000081300
   0.0000411800   -0.0000452800    0.0000574000
   0.0000044800   -0.0000164400   -0.0000021800
   0.0000566200   -0.0000618100    0.0000074800
   0.0013986500    0.0027870500    0.0014325600
  -0.0000254500    0.0000023900   -0.0000025400
   0.0013044900   -0.0028617300   -0.0013445700
  -0.0000574500   -0.0000090200    0.0000033800
  -0.0000078900   -0.0000044000   -0.0000016800
  -0.0000186400    0.0000056400   -0.0000012300
  -0.0000674400    0.0000082100    0.0000239800
  -0.0000694300   -0.0000009900   -0.0000276200
  -0.0034741100    0.0000111600    0.0000402100
   0.0148025300    0.0001706200    0.0003623900
  -0.0000267800   -0.0001644500    0.0000516800
   0.0000113000    0.0001823500   -0.0000504700
  -0.0000082400   -0.0000150900    0.0000289900
   0.0000060200    0.0000366100   -0.0000220400
  -0.0000021900    0.0000024300   -0.0000010200
   0.0000336200   -0.0007867500    0.0002885500
  -0.0000265400    0.0000004800    0.0000018100
  -0.0000292100    0.0004747000   -0.0000436500
   0.0004646900    0.0010394500    0.0000783400
   0.0000769700    0.0000294700    0.0000558800
   0.0427876500    0.0165617500   -0.0306121000
   0.0005994100   -0.0003151700    0.0001741000
  -0.0000153700   -0.0000039700   -0.0000133400
  -0.0000572500    0.0000416200    0.0001270800
   0.0000009300    0.0000179400   -0.0000136000
   0.0000288100    0.0000335400    0.0000749700
   0.0000589000    0.0000252300    0.0000411100
   0.0008384100    0.0010323400    0.0002513900
   0.0000931900    0.0000345000   -0.0000363800
   0.0436425200    0.0162998600    0.0313858300
   0.0005754300   -0.0002007700   -0.0001080700
  -0.0000161900   -0.0000059000    0.0000060600
  -0.0001051800   -0.0000038300   -0.0001101200
   0.0000021300    0.0000152100    0.0000195000
   0.0000372100    0.0000376400   -0.0000824000
   0.0001015700    0.0000359300   -0.0000419300
   0.0148320600   -0.0003178700   -0.0003313400
  -0.0000395500   -0.0001289300   -0.0000766700
  -0.0000641200    0.0001440200    0.0000651500
  -0.0000166500   -0.0000426600   -0.0000233200
  -0.0000011700    0.0000277900    0.0000171900
  -0.0000096200    0.0000035100   -0.0000018100
  -0.0000549100   -0.0005471300    0.0000086100
  -0.0000284500   -0.0000012500   -0.0000017100
  -0.0000735700    0.0005819900    0.0001550000
   0.0010605800    0.0033112000   -0.0013517500
  -0.0000138800   -0.0000083700    0.0000031200
   0.0009292900   -0.0031359400    0.0015525800
  -0.0000823600    0.0000107700   -0.0000209200
  -0.0000136800   -0.0000002200    0.0000159800
  -0.0000133900    0.0000033800   -0.0000014000
  -0.0001139400    0.0000161000   -0.0000526400
  -0.0001049300   -0.0000075600    0.0000190100
  -0.0045482100    0.0000558000   -0.0001407200
   0.0456943500   -0.0178711900    0.0329368900
   0.0000708900   -0.0000369100   -0.0000751000
   0.0005283400   -0.0009941300   -0.0002802300
   0.0005491200    0.0003177500   -0.0001645400
  -0.0000711500   -0.0000358200   -0.0001423300
  -0.0000228900    0.0000041400    0.0000092300
   0.0000262200   -0.0000338500   -0.0000826900
   0.0000013000   -0.0000127600    0.0000184500
   0.0001206700   -0.0000352200   -0.0000547900

1    
 -0.0100000000000000   0.0000000000000000   0.0000000000000000
   0.2414962200    0.0010546900    0.0020226000
  -0.0011711100   -0.0003253600   -0.0000127400
  -0.0012134100    0.0004541300    0.0000454000
   0.0000434600    0.0003943200    0.0000110400
   0.0001356700   -0.0002302200   -0.0000397400
  -0.0000492600   -0.0000004500   -0.0000022600
   0.0000520400    0.0011563800    0.0000544200
  -0.0000492900   -0.0000005700    0.0000044800
   0.0001286800   -0.0011321600   -0.0000350500
  -0.0048993500    0.0118509400    0.0002459300
  -0.0006882400    0.0006948900   -0.0000390900
   0.0000429600   -0.0000499700   -0.0000225200
  -0.0000708700    0.0000595000    0.0000048000
   0.0000590600    0.0000104800    0.0000085100
   0.0000354200    0.0000398800    0.0000112400
  -0.0044080200   -0.0088167900    0.0007751400
   0.0000418100    0.0000802700   -0.0000389100
  -0.0007228400    0.0007028200   -0.0000970400
  -0.0048613900    0.0090771400    0.0000089700
  -0.0001668900   -0.0000071900   -0.0000057100
  -0.0095311100   -0.0095747200   -0.0004742100
  -0.0017681200   -0.0000587900   -0.0000291200
   0.0000327500   -0.0000670000    0.0000021000
   0.0000256100    0.0000522400   -0.0000047800
  -0.0000049900   -0.0000378600   -0.0000079100
  -0.0000191900    0.0000528300    0.0000130800
  -0.0018246200   -0.0000635900   -0.0000204100
  -0.0045675300   -0.0102243700   -0.0001744300
   0.0000344700    0.0000330000   -0.0000082900
  -0.0006786100   -0.0006045900    0.0001155800
   0.0000386300    0.0000345600    0.0000271900
  -0.0000529700   -0.0000723700    0.0000180900
   0.0000377000   -0.0000546100    0.0000024200
  -0.0006860400   -0.0005890700    0.0000104400
   0.0000352400   -0.0000561200    0.0000153800
  -0.0046566400    0.0076868600    0.0001456600
  -0.0366610200    0.0147269100    0.0298316500
  -0.0000654100    0.0000171000   -0.0000273500
  -0.0004747700    0.0009184900    0.0004198100
  -0.0006424700   -0.0004089600    0.0001506200
   0.0000620300   -0.0000172200   -0.0000799300
   0.0000174600   -0.0000032100    0.0000083700
  -0.0000408100    0.0000449500   -0.0000576000
  -0.0000046200    0.0000164900    0.0000022600
  -0.0000581500    0.0000607300   -0.0000072900
  -0.0014044700   -0.0027656100   -0.0014039300
   0.0000250800   -0.0000031200    0.0000024100
  -0.0012979000    0.0028829500    0.0013748700
   0.0000569900    0.0000122300   -0.0000003300
   0.0000075100    0.0000044200    0.0000015900
   0.0000185600   -0.0000055600    0.0000011600
   0.0000676800   -0.0000092700   -0.0000224300
   0.0000686100    0.0000001500    0.0000294900
   0.0034765700    0.0000160400   -0.0000281500
  -0.0147766200    0.0001532600   -0.0005735800
   0.0000294800    0.0001616500   -0.0000521700
  -0.0000145300   -0.0001861600    0.0000504500
   0.0000077100    0.0000149500   -0.0000285600
  -0.0000058800   -0.0000360500    0.0000223500
   0.0000018800   -0.0000024400    0.0000012000
  -0.0000378300    0.0007884700   -0.0002830200
   0.0000262300   -0.0000007100   -0.0000018200
   0.0000321300   -0.0004752700    0.0000513800
  -0.0004471900   -0.0010372200   -0.0000644800
  -0.0000783700   -0.0000307100   -0.0000573600
  -0.0437497500   -0.0171663600    0.0317485500
  -0.0005989200    0.0003190100   -0.0001988200
   0.0000150200    0.0000039300    0.0000131900
   0.0000569600   -0.0000386900   -0.0001279000
  -0.0000014200   -0.0000178200    0.0000134900
  -0.0000295200   -0.0000337900   -0.0000753400
  -0.0000569000   -0.0000273300   -0.0000418200
  -0.0008251900   -0.0010264700   -0.0002643700
  -0.0000948300   -0.0000361500    0.0000367600
  -0.0446139600   -0.0168966100   -0.0325008300
  -0.0005765200    0.0002016600    0.0001305900
   0.0000158100    0.0000058700   -0.0000059000
   0.0001059300    0.0000056700    0.0001118400
  -0.0000023500   -0.0000150500   -0.0000193100
  -0.0000382100   -0.0000380900    0.0000828700
  -0.0001006200   -0.0000377400    0.0000429800
  -0.0148276500    0.0006048300    0.0005288600
   0.0000431700    0.0001250500    0.0000776200
   0.0000603800   -0.0001477100   -0.0000638200
   0.0000161400    0.0000430700    0.0000229900
   0.0000010500   -0.0000276200   -0.0000175300
   0.0000093900   -0.0000036400    0.0000017300
   0.0000561900    0.0005452500   -0.0000137000
   0.0000282000    0.0000010500    0.0000018700
   0.0000748400   -0.0005842300   -0.0001638500
  -0.0010678900   -0.0032808600    0.0013327300
   0.0000134800    0.0000075900   -0.0000022400
  -0.0009288900    0.0031731900   -0.0015777800
   0.0000820500   -0.0000066700    0.0000182300
   0.0000134400    0.0000001700   -0.0000157000
   0.0000131300   -0.0000033400    0.0000017500
   0.0001138100   -0.0000171100    0.0000510400
   0.0001042900    0.0000064100   -0.0000204800
   0.0045449300   -0.0000225600    0.0001353700
  -0.0446672100    0.0172495400   -0.0317872300
  -0.0000700300    0.0000355000    0.0000738200
  -0.0005482100    0.0009950900    0.0002960300
  -0.0005498700   -0.0003167300    0.0001344200
   0.0000705400    0.0000389900    0.0001415200
   0.0000226100   -0.0000039600   -0.0000093400
  -0.0000259400    0.0000336900    0.0000820000
  -0.0000014400    0.0000129000   -0.0000185100
  -0.0001231600    0.0000336600    0.0000543400

1    
  0.0000000000000000   0.0000000000000000   0.0100000000000000
  -0.0021141900    0.0012202200   -0.2716768600
  -0.0000476700   -0.0000166300    0.0006355900
   0.0000171900    0.0000661800    0.0006365100
  -0.0000486400   -0.0000479100    0.0006365100
   0.0000288200   -0.0000265000    0.0005788900
  -0.0000045100    0.0000025700   -0.0000687000
  -0.0000093500    0.0000496400    0.0006355700
   0.0000023200   -0.0000013500   -0.0000687800
   0.0000372900   -0.0000116900    0.0005789200
  -0.0009036300    0.0003718300   -0.0059767900
   0.0000523500    0.0000876400    0.0000970000
  -0.0000088700   -0.0000379600    0.0000150000
  -0.0000270200   -0.0000104500   -0.0000269600
   0.0000116700    0.0000248300   -0.0000070900
   0.0000057700    0.0000270500    0.0000314700
  -0.0006364000   -0.0007650100   -0.0067124300
   0.0000055200   -0.0000122100    0.0000121500
  -0.0001092100   -0.0000462800    0.0001130500
   0.0003441900    0.0009337100   -0.0067124600
  -0.0000045200    0.0000286600   -0.0000269700
  -0.0007738900    0.0005965700   -0.0059768100
  -0.0000146100    0.0001176900    0.0001130700
  -0.0000205400   -0.0000185500    0.0000314800
   0.0000284900    0.0000266800    0.0000150000
   0.0000133500    0.0000013000    0.0000121700
  -0.0000156100   -0.0000225200   -0.0000071100
  -0.0000497500   -0.0000891200    0.0000970100
   0.0002386000    0.0003482600   -0.0068151300
   0.0000150400   -0.0000218800    0.0000164000
   0.0000066300   -0.0000038000    0.0002208400
   0.0000028300    0.0000114700    0.0000164100
   0.0000183400   -0.0000105700   -0.0000531600
   0.0000265000   -0.0000020800    0.0000163900
   0.0001162900   -0.0000671200    0.0002205800
  -0.0000084600   -0.0000082200    0.0000164300
  -0.0001822500   -0.0003807900   -0.0068151400
  -0.0288640000    0.0166618400    0.0453017000
  -0.0000133000   -0.0000117600   -0.0000260100
   0.0005777100   -0.0002755600    0.0005961100
   0.0005275200   -0.0003624800    0.0005961100
  -0.0000643100   -0.0001283600   -0.0000519800
  -0.0000265000    0.0000153000   -0.0000052100
   0.0000035600    0.0000173700   -0.0000260000
  -0.0000221300    0.0000127900    0.0000010700
   0.0000789600    0.0001198800   -0.0000519900
   0.0016228000    0.0008453300    0.0027633300
  -0.0000007200   -0.0000288100    0.0000009400
  -0.0016981500    0.0009802900    0.0026426300
  -0.0000114000   -0.0000581100    0.0000348900
  -0.0000179600    0.0000103700   -0.0000006200
   0.0000246200    0.0000150400    0.0000009500
  -0.0000444800    0.0000256700    0.0000219500
   0.0000446400    0.0000389200    0.0000348800
   0.0000796100   -0.0018280300    0.0027633500
  -0.0000768300   -0.0361335700    0.0464478700
  -0.0001663500    0.0000480300   -0.0000297100
   0.0001434400    0.0000442900   -0.0000416600
   0.0000272500   -0.0000171800   -0.0000125100
  -0.0000204600    0.0000052900   -0.0000162000
   0.0000008600   -0.0000261300   -0.0000049300
  -0.0001516900    0.0005470000    0.0007122400
  -0.0000042200   -0.0000302600    0.0000054600
   0.0001583200    0.0004936200    0.0008836600
   0.0002774700    0.0001157900    0.0007923900
   0.0000003500    0.0000026000   -0.0000030100
  -0.0308732400   -0.0177745700    0.0474421500
   0.0002687000    0.0002392400    0.0008670900
  -0.0000209600   -0.0000091600   -0.0000052300
  -0.0000587200    0.0001757700   -0.0000747500
  -0.0000196700   -0.0000071100    0.0000004900
   0.0000156800    0.0000037200   -0.0000033900
   0.0001073300   -0.0001192700   -0.0000600900
  -0.0005495300   -0.0001422100    0.0007122600
   0.0000285100   -0.0000150300   -0.0000125600
   0.0312515700    0.0181378300    0.0464478700
  -0.0003482700   -0.0003839800    0.0008836200
   0.0000230600    0.0000123000   -0.0000049100
   0.0000334100   -0.0001463600   -0.0000416400
   0.0000240900    0.0000187900    0.0000054800
  -0.0000148300    0.0000150800   -0.0000161700
  -0.0001247900    0.0001200300   -0.0000297600
  -0.0000485700    0.0356242900    0.0474421400
   0.0001569500   -0.0000332900   -0.0000601400
  -0.0001815800   -0.0000370400   -0.0000747200
  -0.0000020900   -0.0000016000   -0.0000030800
   0.0000046200   -0.0000154300   -0.0000033600
  -0.0000025800    0.0000227200   -0.0000052000
   0.0000384900   -0.0002981700    0.0007924000
  -0.0000036700    0.0000205800    0.0000005300
  -0.0000728100   -0.0003523400    0.0008670500
  -0.0017236600   -0.0012549300    0.0026257400
   0.0000011000    0.0000276000    0.0000051900
   0.0019330200   -0.0011158100    0.0024740300
   0.0000055500    0.0000453400    0.0000758900
   0.0000159400   -0.0000091900    0.0000005800
  -0.0000233100   -0.0000147500    0.0000051700
   0.0000303300   -0.0000175100    0.0000741600
  -0.0000364700   -0.0000274900    0.0000758800
   0.0002246700    0.0021202400    0.0026257100
   0.0322576300   -0.0186208300    0.0484204100
  -0.0000091800    0.0000096200   -0.0000052000
  -0.0003090400    0.0001883000    0.0007400600
  -0.0003176400    0.0001734100    0.0007400400
   0.0000327500    0.0001479400   -0.0000297700
   0.0000207100   -0.0000119700   -0.0000031700
  -0.0000129000    0.0000031100   -0.0000052200
   0.0000144700   -0.0000083400    0.0000124600
  -0.0001117600   -0.0001023500   -0.0000297700

1    
  0.0000000000000000   0.0000000000000000  -0.0100000000000000
   0.0020965500   -0.0012099700    0.2717471000
   0.0000390500    0.0000083900   -0.0006345000
  -0.0000104300   -0.0000734100   -0.0006335700
   0.0000582700    0.0000457100   -0.0006335700
  -0.0000415000    0.0000249600   -0.0005786600
   0.0000045500   -0.0000026400    0.0000689100
   0.0000121600   -0.0000380700   -0.0006345000
  -0.0000024100    0.0000013900    0.0000688700
  -0.0000423900    0.0000234500   -0.0005786300
   0.0007534900   -0.0002953600    0.0059795500
  -0.0000499100   -0.0000873000   -0.0000979600
   0.0000088300    0.0000394700   -0.0000151800
   0.0000262400    0.0000098500    0.0000273300
  -0.0000128500   -0.0000244600    0.0000070400
  -0.0000047600   -0.0000276600   -0.0000310000
   0.0006502800    0.0005704700    0.0067376200
  -0.0000058500    0.0000109800   -0.0000123100
   0.0001118600    0.0000445400   -0.0001113300
  -0.0001687900   -0.0008484500    0.0067375800
   0.0000046000   -0.0000276800    0.0000273100
   0.0006326100   -0.0005047900    0.0059795100
   0.0000173800   -0.0001191800   -0.0001113300
   0.0000215500    0.0000179600   -0.0000309900
  -0.0000297500   -0.0000273600   -0.0000151700
  -0.0000124200   -0.0000004200   -0.0000122800
   0.0000147400    0.0000233600    0.0000070300
   0.0000506600    0.0000869000   -0.0000979600
  -0.0000624900   -0.0002153500    0.0068187000
  -0.0000151700    0.0000234000   -0.0000165600
  -0.0000124400    0.0000072000   -0.0002211500
  -0.0000016800   -0.0000108100   -0.0000165000
  -0.0000178400    0.0000102900    0.0000534400
  -0.0000278300    0.0000014500   -0.0000165500
  -0.0001177500    0.0000679800   -0.0002212600
   0.0000085300    0.0000068600   -0.0000164800
   0.0001552600    0.0001618100    0.0068186900
   0.0298579300   -0.0172356000   -0.0463669500
   0.0000117800    0.0000124600    0.0000263600
  -0.0005625300    0.0002723100   -0.0006088700
  -0.0005171600    0.0003509300   -0.0006088700
   0.0000662600    0.0001250500    0.0000515000
   0.0000265800   -0.0000153400    0.0000056500
  -0.0000048900   -0.0000164400    0.0000263600
   0.0000224300   -0.0000129500   -0.0000007400
  -0.0000751500   -0.0001199200    0.0000515000
  -0.0016062900   -0.0008341100   -0.0027615400
   0.0000007000    0.0000284700   -0.0000008400
   0.0016776400   -0.0009684300   -0.0026335200
   0.0000112700    0.0000593900   -0.0000339900
   0.0000176300   -0.0000101800    0.0000007000
  -0.0000243000   -0.0000148300   -0.0000008500
   0.0000456600   -0.0000263600   -0.0000209200
  -0.0000458000   -0.0000394600   -0.0000339900
  -0.0000810300    0.0018081300   -0.0027615500
   0.0001003900    0.0373118600   -0.0473864200
   0.0001644700   -0.0000446800    0.0000290500
  -0.0001408100   -0.0000409700    0.0000409000
  -0.0000268000    0.0000152700    0.0000129900
   0.0000206300   -0.0000070900    0.0000167500
  -0.0000009400    0.0000263900    0.0000052300
   0.0001463600   -0.0005283800   -0.0007275700
   0.0000041600    0.0000306900   -0.0000049500
  -0.0001549500   -0.0004843000   -0.0008919600
  -0.0002883300   -0.0001163900   -0.0007825300
   0.0000010400   -0.0000014300    0.0000029300
   0.0298439600    0.0171720500   -0.0464817400
  -0.0002776800   -0.0002487200   -0.0008568500
   0.0000207900    0.0000090900    0.0000052200
   0.0000579200   -0.0001788100    0.0000751800
   0.0000194200    0.0000069500   -0.0000005500
  -0.0000138900   -0.0000028500    0.0000031100
  -0.0001110700    0.0001199000    0.0000605500
   0.0005307600    0.0001375100   -0.0007276000
  -0.0000266300    0.0000155600    0.0000129900
  -0.0322601000   -0.0187475600   -0.0473864200
   0.0003418900    0.0003763900   -0.0008919600
  -0.0000233300   -0.0000123800    0.0000052100
  -0.0000349400    0.0001424100    0.0000409000
  -0.0000244900   -0.0000189400   -0.0000049500
   0.0000164500   -0.0000143200    0.0000167400
   0.0001209400   -0.0001200700    0.0000290700
   0.0000555500   -0.0344316500   -0.0464817400
  -0.0001593800    0.0000362200    0.0000605700
   0.0001838000    0.0000392700    0.0000751900
   0.0000017500   -0.0000002000    0.0000029300
  -0.0000044900    0.0000134500    0.0000030900
   0.0000025200   -0.0000225600    0.0000052100
  -0.0000434200    0.0003078900   -0.0007825500
   0.0000037000   -0.0000202900   -0.0000005500
   0.0000765000    0.0003648400   -0.0008568500
   0.0017304000    0.0012586800   -0.0026276200
  -0.0000013000   -0.0000278500   -0.0000049500
  -0.0019395100    0.0011195900   -0.0024734400
  -0.0000058200   -0.0000433900   -0.0000762700
  -0.0000163200    0.0000094300   -0.0000004800
   0.0000234700    0.0000150500   -0.0000049500
  -0.0000290400    0.0000167700   -0.0000744900
   0.0000346500    0.0000267400   -0.0000762800
  -0.0002245400   -0.0021279500   -0.0026276200
  -0.0312543400    0.0180416800   -0.0475435300
   0.0000075400   -0.0000082000    0.0000048400
   0.0003180500   -0.0001906700   -0.0007307100
   0.0003241600   -0.0001800600   -0.0007307000
  -0.0000314200   -0.0001511700    0.0000302700
  -0.0000207200    0.0000119500    0.0000038900
   0.0000108700   -0.0000024300    0.0000048200
  -0.0000142000    0.0000082000   -0.0000123500
   0.0001151900    0.0001028100    0.0000302600

10   
  0.0100000000000000   0.0000000000000000   0.0000000000000000
   0.0049931300    0.0069207200   -0.0008239700
  -0.0000420400   -0.0000598600   -0.0000090300
   0.0006820200   -0.0005692900    0.0000513700
   0.0045001300   -0.0095223300   -0.0006394400
   0.0007164800   -0.0005575800   -0.0001107200
  -0.0000406000    0.0000110300    0.0000055200
   0.0000696700   -0.0000484000   -0.0000264400
  -0.0000351400    0.0000672400    0.0000050700
  -0.0000585400   -0.0000990800    0.0000121800
  -0.2417980700    0.0012228700   -0.0019343700
   0.0012983000    0.0004680500   -0.0000363100
   0.0012549700   -0.0003525600    0.0000030200
  -0.0000518400   -0.0002956500   -0.0000338100
   0.0000332900    0.0004692100    0.0000593300
   0.0000460300   -0.0000019200    0.0000031900
  -0.0000457400   -0.0011298200    0.0000570000
   0.0000460200   -0.0000017800   -0.0000060200
   0.0000259800    0.0011596900   -0.0000669500
   0.0007404900    0.0006679800    0.0000516200
  -0.0000434600    0.0000882400    0.0000327600
   0.0048821800   -0.0080580500    0.0000010600
   0.0049598600    0.0110409700    0.0004489300
  -0.0000445600   -0.0000234800    0.0000223000
   0.0007445900    0.0006511800    0.0000096500
  -0.0000492800   -0.0000270600   -0.0000399300
   0.0000970900    0.0000376900    0.0000025000
  -0.0000501000    0.0000843500   -0.0000231900
   0.0095357000   -0.0094459600    0.0007059900
   0.0001668800   -0.0000036100    0.0000044700
   0.0048573200    0.0090447300   -0.0002693700
   0.0018238700   -0.0000471200    0.0000497900
   0.0000203800    0.0000371100    0.0000152000
   0.0000040200   -0.0000519800   -0.0000128100
  -0.0000264600    0.0000592100   -0.0000291700
  -0.0000321600   -0.0000393300    0.0000208900
   0.0017686600   -0.0000730800    0.0000167800
   0.0001366300   -0.0005832400    0.0003601800
  -0.0000246900    0.0000002200   -0.0000007200
   0.0001219000    0.0005319300   -0.0002227700
   0.0112525300    0.0004867000   -0.0004882400
  -0.0000509100   -0.0001418200    0.0000462800
  -0.0000315500    0.0001173500   -0.0000563600
  -0.0000009800   -0.0000030800    0.0000243700
  -0.0000164400    0.0000074100   -0.0000300100
  -0.0000156000   -0.0000036700   -0.0000030000
   0.0005671800    0.0009273800   -0.0004424000
   0.0000588200    0.0000136600    0.0000300400
   0.0368805100    0.0143866700   -0.0296097100
   0.0006626200   -0.0004083200   -0.0001968800
  -0.0000171900    0.0000015400   -0.0000124500
  -0.0000765600   -0.0000251500    0.0000719300
   0.0000014600    0.0000136900    0.0000008500
   0.0000302100    0.0000561600    0.0000607200
   0.0000654100    0.0000598000    0.0000291800
   0.0447372300   -0.0178997500   -0.0322609100
   0.0000842200   -0.0000268100    0.0000669600
   0.0005373600   -0.0009074400    0.0000773100
   0.0006559000    0.0002107900    0.0000973700
  -0.0000663300   -0.0000308500    0.0000935000
  -0.0000138200    0.0000082500   -0.0000143900
   0.0000569400   -0.0000645800    0.0000628100
  -0.0000003300   -0.0000158500   -0.0000145000
   0.0000836400    0.0000323900    0.0000639100
  -0.0000988600    0.0000157000    0.0000259000
  -0.0001088000   -0.0000245500   -0.0000513900
  -0.0044174100   -0.0000337300   -0.0001496700
   0.0008568800    0.0029824800    0.0014455400
  -0.0000010300    0.0000061300    0.0000019300
   0.0009897500   -0.0030859400   -0.0012192500
  -0.0000680800   -0.0000066600   -0.0000174100
  -0.0000153300    0.0000011600    0.0000000200
  -0.0000154700   -0.0000049500    0.0000119000
  -0.0000776600    0.0000049900   -0.0000457600
  -0.0000828900   -0.0000170600    0.0000333100
  -0.0042012100    0.0000172500    0.0000412300
   0.0009859000    0.0030675900   -0.0010353900
  -0.0000106400   -0.0000035200   -0.0000028800
   0.0011285400   -0.0029561300    0.0011273700
  -0.0000711100    0.0000144800   -0.0000036600
  -0.0000233300    0.0000097400   -0.0000002400
  -0.0000098400   -0.0000067500   -0.0000023500
   0.0449291700   -0.0165201900    0.0322416500
   0.0000848600   -0.0000289600   -0.0000389200
   0.0009165200   -0.0010564200    0.0002996100
   0.0006258800    0.0002413000   -0.0000648400
  -0.0001162200    0.0000181200   -0.0000894700
  -0.0000142800    0.0000009900    0.0000096800
   0.0000265600   -0.0000482600   -0.0000841000
  -0.0000005500   -0.0000138500    0.0000157500
   0.0001142000   -0.0000403300   -0.0000704300
   0.0006554200    0.0008482000   -0.0002980300
   0.0000772600    0.0000312700   -0.0000835000
   0.0456938200    0.0180382300    0.0322194300
   0.0006013700   -0.0002200300   -0.0000275600
  -0.0000217400   -0.0000086100    0.0000107300
  -0.0000755200    0.0000298900   -0.0000995400
   0.0000004200    0.0000140500    0.0000217300
   0.0000538900    0.0000640200   -0.0000710200
   0.0001442000   -0.0000238800   -0.0000745500
   0.0000248600   -0.0006162700    0.0001400700
  -0.0000232000    0.0000000600    0.0000008700
   0.0000737800    0.0009219900    0.0000761900
   0.0149285400    0.0000753200    0.0005390600
   0.0000314100   -0.0001998600   -0.0000389000
  -0.0000121200    0.0001762000    0.0000459200
  -0.0000088500   -0.0000391300   -0.0000035600
  -0.0000232300    0.0000127900    0.0000150000
  -0.0000131300   -0.0000026100   -0.0000006000

10   
 -0.0100000000000000   0.0000000000000000   0.0000000000000000
  -0.0048305500   -0.0070131800    0.0008329700
   0.0000421900    0.0000601700    0.0000086600
  -0.0006822600    0.0005826400   -0.0000509300
  -0.0044942200    0.0096062700    0.0006472100
  -0.0007280400    0.0005417700    0.0001104100
   0.0000428400   -0.0000088700   -0.0000058700
  -0.0000709600    0.0000498900    0.0000268600
   0.0000345500   -0.0000655800   -0.0000054700
   0.0000600200    0.0000983100   -0.0000123700
   0.2415522900    0.0007147900    0.0022110900
  -0.0012521700   -0.0004611200    0.0000317800
  -0.0012954900    0.0003585500   -0.0000059000
   0.0000531900    0.0003089200    0.0000342600
  -0.0000305600   -0.0004526300   -0.0000592900
  -0.0000458300    0.0000014100   -0.0000031300
   0.0000592400    0.0011150600   -0.0000548400
  -0.0000458500    0.0000015200    0.0000060500
  -0.0000378200   -0.0011749300    0.0000676700
  -0.0007376000   -0.0006544300   -0.0000505300
   0.0000435100   -0.0000879800   -0.0000331200
  -0.0050409300    0.0079735300   -0.0000046700
  -0.0049613000   -0.0109602600   -0.0004421200
   0.0000424700    0.0000256700   -0.0000224800
  -0.0007335300   -0.0006711000   -0.0000104900
   0.0000500500    0.0000292100    0.0000399900
  -0.0000951300   -0.0000358100   -0.0000026300
   0.0000491900   -0.0000847800    0.0000230800
  -0.0088827000    0.0092132500   -0.0007003500
  -0.0001669400    0.0000025600   -0.0000045100
  -0.0054245600   -0.0092639500    0.0002435500
  -0.0018254300    0.0000456700   -0.0000505800
  -0.0000173400   -0.0000340000   -0.0000151700
  -0.0000060200    0.0000549000    0.0000129600
   0.0000270500   -0.0000603500    0.0000290400
   0.0000322000    0.0000378900   -0.0000211800
  -0.0017692600    0.0001115600   -0.0000151500
  -0.0001368900    0.0005870400   -0.0003558700
   0.0000249000   -0.0000001300    0.0000006800
  -0.0001236600   -0.0005275200    0.0002239500
  -0.0112556900   -0.0002304500    0.0002847000
   0.0000540100    0.0001388100   -0.0000479600
   0.0000285400   -0.0001206100    0.0000550400
   0.0000015100    0.0000032200   -0.0000245000
   0.0000165200   -0.0000068700    0.0000296100
   0.0000157800    0.0000042100    0.0000033500
  -0.0005551800   -0.0009257500    0.0004537200
  -0.0000596400   -0.0000144700   -0.0000301300
  -0.0376126000   -0.0148322300    0.0306059000
  -0.0006672900    0.0004079300    0.0001770100
   0.0000171500   -0.0000012800    0.0000122200
   0.0000772000    0.0000278400   -0.0000724500
  -0.0000013200   -0.0000134300   -0.0000009700
  -0.0000304600   -0.0000561200   -0.0000607700
  -0.0000635100   -0.0000608400   -0.0000294200
  -0.0437649400    0.0172988900    0.0310896700
  -0.0000825900    0.0000259900   -0.0000653600
  -0.0005544500    0.0009094100   -0.0000897300
  -0.0006528500   -0.0002097800   -0.0000741000
   0.0000671800    0.0000335800   -0.0000922000
   0.0000143500   -0.0000079400    0.0000145800
  -0.0000560600    0.0000647600   -0.0000625700
   0.0000007000    0.0000161400    0.0000146900
  -0.0000851300   -0.0000339100   -0.0000627400
   0.0000996100   -0.0000168000   -0.0000241400
   0.0001088700    0.0000235400    0.0000531400
   0.0044208500    0.0000618400    0.0001573700
  -0.0008595700   -0.0029488900   -0.0014224700
   0.0000014400   -0.0000064400   -0.0000026400
  -0.0009794200    0.0031124200    0.0012367000
   0.0000683300    0.0000108200    0.0000200400
   0.0000155200   -0.0000007300   -0.0000003100
   0.0000158900    0.0000052300   -0.0000121500
   0.0000786000   -0.0000059200    0.0000438600
   0.0000826200    0.0000158600   -0.0000348700
   0.0041984300    0.0000098200   -0.0000473800
  -0.0009872900   -0.0030442100    0.0010126700
   0.0000110000    0.0000030800    0.0000035200
  -0.0011264400    0.0029798100   -0.0011479800
   0.0000715500   -0.0000102500    0.0000004200
   0.0000234600   -0.0000092700    0.0000007000
   0.0000102200    0.0000071000    0.0000028200
  -0.0439549300    0.0159338000   -0.0311157000
  -0.0000834600    0.0000278700    0.0000385200
  -0.0009305300    0.0010602700   -0.0002868100
  -0.0006224900   -0.0002403200    0.0000423700
   0.0001155400   -0.0000157900    0.0000881500
   0.0000147100   -0.0000006400   -0.0000097400
  -0.0000257300    0.0000482100    0.0000834400
   0.0000007800    0.0000142000   -0.0000158000
  -0.0001157200    0.0000386900    0.0000690900
  -0.0006365600   -0.0008472000    0.0002837400
  -0.0000783900   -0.0000321800    0.0000850000
  -0.0467619800   -0.0186729400   -0.0334329600
  -0.0006039700    0.0002188400    0.0000560800
   0.0000217400    0.0000092700   -0.0000102200
   0.0000754100   -0.0000268500    0.0001007800
  -0.0000001700   -0.0000137100   -0.0000214900
  -0.0000544000   -0.0000636600    0.0000715400
  -0.0001422200    0.0000228200    0.0000755900
  -0.0000259100    0.0006152500   -0.0001469500
   0.0000234200    0.0000000800   -0.0000008700
  -0.0000711600   -0.0009202600   -0.0000803100
  -0.0149543200    0.0002299000   -0.0003463300
  -0.0000279600    0.0001958000    0.0000395800
   0.0000091000   -0.0001792700   -0.0000446900
   0.0000085600    0.0000396900    0.0000029500
   0.0000238000   -0.0000129500   -0.0000155000
   0.0000132800    0.0000029600    0.0000001000

10   
  0.0000000000000000   0.0000000000000000   0.0100000000000000
  -0.0002532800   -0.0007804300   -0.0059794700
   0.0000224900    0.0000067900    0.0000150400
   0.0000383800    0.0000018300    0.0000987000
  -0.0008624300   -0.0003884300   -0.0067139100
   0.0001002100    0.0000219900    0.0001118300
   0.0000389600    0.0000139000    0.0000125400
  -0.0000049600   -0.0000093700   -0.0000270900
  -0.0000116400   -0.0000040100    0.0000311600
  -0.0000081100    0.0000096800   -0.0000070300
  -0.0020545900   -0.0035988400   -0.2704423300
   0.0000003200   -0.0000405600    0.0006342400
  -0.0000286300    0.0000404500    0.0006350900
   0.0000625700   -0.0000093000    0.0006359300
  -0.0000724500    0.0000270000    0.0006978000
  -0.0000060400   -0.0000104600   -0.0000673200
  -0.0000328000   -0.0000088100    0.0006367700
   0.0000032000    0.0000054700   -0.0000673400
   0.0000590200   -0.0000377700    0.0007000500
  -0.0000107300   -0.0000170400   -0.0000338000
  -0.0000221100    0.0000132400    0.0000113400
  -0.0004371800   -0.0003432400   -0.0059863800
   0.0000727500   -0.0004819700   -0.0059622500
  -0.0000326700    0.0000276300    0.0000116600
  -0.0000518000   -0.0000880300   -0.0000337400
   0.0000237300   -0.0000125300    0.0000113700
  -0.0000019800   -0.0000047400    0.0000021900
   0.0000396000   -0.0000155100    0.0000110800
  -0.0003884900   -0.0005120300   -0.0059769200
  -0.0000057300   -0.0000081500   -0.0000272000
  -0.0000982100   -0.0008486400   -0.0067362400
  -0.0000204500    0.0000314900    0.0000960700
   0.0000137800   -0.0000026200   -0.0000071000
  -0.0000086600    0.0000404100    0.0000119400
  -0.0000045800    0.0000237000    0.0000150900
   0.0000015900   -0.0000113800    0.0000312300
  -0.0000314600    0.0000918200    0.0001126300
  -0.0001033200    0.0006193200    0.0006446500
  -0.0000039900   -0.0000230600   -0.0000032500
   0.0000549800    0.0005436600    0.0005643800
   0.0000429300   -0.0330966600    0.0450623800
  -0.0001688400    0.0000169600   -0.0000577300
   0.0001524300    0.0000226700   -0.0000393300
   0.0000163400   -0.0000031700   -0.0000246700
  -0.0000134200   -0.0000152500   -0.0000253300
  -0.0000028500   -0.0000263500   -0.0000051000
   0.0005699100    0.0002168500    0.0006574700
  -0.0000092300    0.0000133200   -0.0000249300
  -0.0296901200   -0.0170907200    0.0461385500
   0.0004338400    0.0003070300    0.0005772400
  -0.0000215100   -0.0000157900   -0.0000053500
  -0.0000588400    0.0001398200   -0.0000386700
  -0.0000182100   -0.0000151200   -0.0000033600
  -0.0000051800   -0.0000184100   -0.0000253600
   0.0000956400   -0.0001377400   -0.0000571600
  -0.0312032100    0.0178787300    0.0460998900
  -0.0000125800   -0.0000110100   -0.0000137300
   0.0004305800   -0.0000631800    0.0008370400
   0.0003602100   -0.0004412900    0.0007521900
  -0.0000419000   -0.0002038000   -0.0000324900
  -0.0000216500    0.0000106200   -0.0000037100
   0.0000008700    0.0000296200   -0.0000108500
  -0.0000258100    0.0000062800    0.0000017400
   0.0001239400    0.0000972600   -0.0000275200
  -0.0000259700    0.0000071900    0.0001006600
   0.0000184800   -0.0000001600    0.0000953700
   0.0001868400   -0.0020580200    0.0024970900
   0.0017307900    0.0010836000    0.0025211100
   0.0000011500   -0.0000252700    0.0000031600
  -0.0015472300    0.0012161700    0.0026976600
   0.0000035500   -0.0000226400    0.0000845200
  -0.0000299300    0.0000178900    0.0000043900
   0.0000216300    0.0000121200    0.0000018300
   0.0000208100   -0.0000199000    0.0000998900
  -0.0000229100   -0.0000094900    0.0000836900
   0.0000743600    0.0020292200    0.0025231600
  -0.0018607500   -0.0008589600    0.0024881100
  -0.0000003100    0.0000243200    0.0000017800
   0.0018187300   -0.0007252500    0.0026978100
  -0.0000092600    0.0000173600    0.0000947900
   0.0000301300   -0.0000169400    0.0000045100
  -0.0000221300   -0.0000115900    0.0000032800
   0.0321197500   -0.0186941600    0.0470549200
   0.0000231200    0.0000162100   -0.0000111800
  -0.0005408100    0.0000856400    0.0007684500
  -0.0002645000    0.0003323000    0.0008462700
   0.0000239500    0.0001516800   -0.0000266200
   0.0000203300   -0.0000136000   -0.0000039100
  -0.0000048200   -0.0000157700   -0.0000139300
   0.0000186700   -0.0000193400    0.0000014200
  -0.0001521100   -0.0001381900   -0.0000317200
  -0.0004552100   -0.0001493200    0.0007948100
   0.0000028200   -0.0000189400   -0.0000161300
   0.0325509600    0.0186445700    0.0471392800
  -0.0003712300   -0.0003676900    0.0006470400
   0.0000211100    0.0000146500   -0.0000037500
   0.0000218600   -0.0001760400    0.0000007900
   0.0000212900    0.0000072100    0.0000107800
   0.0000006700    0.0000337800   -0.0000141200
  -0.0001234700    0.0000891900   -0.0000101600
   0.0000959700   -0.0004599300    0.0008031300
  -0.0000043300    0.0000223900    0.0000105200
  -0.0001289000   -0.0004883300    0.0006622600
  -0.0001592800    0.0387141700    0.0480392000
   0.0001365600   -0.0000588800   -0.0000092000
  -0.0001615900   -0.0000656100    0.0000017500
  -0.0000181600   -0.0000090700   -0.0000167000
   0.0000287100    0.0000153900   -0.0000146900
   0.0000020600    0.0000258800   -0.0000039500

37   
  0.0100000000000000   0.0000000000000000   0.0000000000000000
   0.0366592300   -0.0147423800   -0.0288669800
   0.0004882400    0.0003132700    0.0005733500
   0.0000644300   -0.0000296700   -0.0000125700
   0.0000401500   -0.0000319100    0.0000038200
   0.0000557300    0.0000878800    0.0000768700
   0.0000041400   -0.0000163500   -0.0000224800
   0.0006496400   -0.0008205600    0.0005282900
  -0.0000177900    0.0000030700   -0.0000266300
  -0.0000623100   -0.0001300900   -0.0000647800
   0.0001310100    0.0006784200   -0.0000979000
   0.0001278200   -0.0007242300    0.0000536300
  -0.0000251900   -0.0000015600   -0.0000042700
  -0.0000014300   -0.0000210600    0.0000162700
  -0.0000159300    0.0000023000   -0.0000030700
  -0.0000168800    0.0000285600   -0.0000132200
   0.0112588600   -0.0003150500   -0.0000028900
  -0.0000304600   -0.0000001400    0.0001524000
  -0.0000517600   -0.0000080100   -0.0001668300
   0.0376154700    0.0155832700    0.0296812800
   0.0000597600    0.0000328300    0.0000102600
   0.0005412700   -0.0003333800   -0.0005753500
   0.0000654300   -0.0000726300   -0.0000979200
   0.0000307100    0.0000342300    0.0000057300
   0.0000010700    0.0000153400    0.0000178800
  -0.0000771000    0.0000919200    0.0000580900
  -0.0000172900   -0.0000047200    0.0000211900
   0.0006583100    0.0008381100   -0.0004326600
  -0.0034757300   -0.0000302700   -0.0000863600
  -0.0000696200   -0.0000174800   -0.0000462300
  -0.0000674800    0.0000086800    0.0000438300
  -0.0000188700    0.0000066200   -0.0000247000
  -0.0000081200   -0.0000041000    0.0000175100
  -0.0000575800    0.0000058100    0.0000116400
   0.0013189300   -0.0028919300    0.0016951100
  -0.0000253400    0.0000019000    0.0000003900
   0.0013821000    0.0027960100   -0.0016089500
  -0.1057739800   -0.0001378200   -0.0012175300
   0.0000208800   -0.0000571900   -0.0000147100
   0.0000211900    0.0000573900    0.0000023400
   0.0000241200   -0.0000531700   -0.0000619600
   0.0000142000    0.0000685700    0.0000539000
   0.0000050100   -0.0000001600    0.0000003200
   0.0000241800    0.0000606800   -0.0000694200
   0.0000050200   -0.0000003700   -0.0000003600
   0.0000141500   -0.0000570600    0.0000562500
  -0.0009363900    0.0023023600    0.0019406400
  -0.0000055500   -0.0000195300    0.0000041900
   0.0000307400   -0.0000398500   -0.0000004000
  -0.0000005300   -0.0000166300    0.0000079300
  -0.0000047200   -0.0000027100    0.0000002100
  -0.0000006600    0.0000167300    0.0000019400
   0.0000292300   -0.0000407400    0.0000819900
  -0.0000052100    0.0000136200   -0.0000035100
  -0.0009226300    0.0001280600    0.0005064400
   0.0013610000   -0.0036752900   -0.0008486500
  -0.0001584500   -0.0000689900   -0.0000242300
   0.0000310100   -0.0000086700   -0.0000048200
   0.0000131000   -0.0000145600   -0.0000173300
  -0.0000017800    0.0000033900    0.0000049800
   0.0000049800    0.0000041400    0.0000024400
   0.0015016300   -0.0042658500    0.0009017900
   0.0000240500   -0.0000157300   -0.0000069800
  -0.0001668800   -0.0000703000    0.0000549600
   0.0013726000   -0.0012033900    0.0014004300
  -0.0000114900   -0.0000016300    0.0000013800
   0.0014207800    0.0014332600   -0.0012562400
  -0.0000145100   -0.0000299400   -0.0000236200
  -0.0000076000    0.0000160500    0.0000030000
  -0.0000073900   -0.0000177300   -0.0000041400
  -0.0000099900    0.0000216600    0.0000185400
  -0.0000066500   -0.0000142100   -0.0000165900
  -0.0000041100   -0.0000307300   -0.0000153400
   0.0084453200    0.0002184400    0.0017538300
   0.0000372900    0.0000009400    0.0000006300
   0.0082198300   -0.0002533900   -0.0017766300
  -0.0000160300    0.0000055900   -0.0000019500
   0.0000234100    0.0000186300    0.0000067700
   0.0000157300   -0.0000194600   -0.0000086200
   0.0000255800   -0.0000084900   -0.0000129400
   0.0000172100    0.0000124300    0.0000147200
  -0.0000529000   -0.0000101800   -0.0000087600
  -0.0010615600   -0.0026972300   -0.0016750800
   0.0000894000    0.0000763100    0.0000412100
  -0.0000055400    0.0000218600   -0.0000027200
  -0.0000039200    0.0000042900    0.0000027800
  -0.0000043300    0.0000094800   -0.0000086200
   0.0000004100   -0.0000223800    0.0000017200
  -0.0011513000   -0.0000931600   -0.0004373100
  -0.0000051000   -0.0000138900    0.0000080200
   0.0000685200    0.0000406000   -0.0001475900
   0.0013720000    0.0036256300    0.0009882900
   0.0000343500    0.0000078100    0.0000079300
  -0.0001595100    0.0000626900    0.0000194700
   0.0000032100   -0.0000011800   -0.0000055800
   0.0000172700    0.0000113700    0.0000181400
   0.0000001700   -0.0000062900   -0.0000048600
  -0.0001343600    0.0000922600   -0.0000499100
   0.0000235500    0.0000157300    0.0000072800
   0.0014880100    0.0043355700   -0.0009710100
  -0.0020005400   -0.0000277000   -0.0000534200
   0.0000366600   -0.0001514500   -0.0000672800
   0.0000511300    0.0001533500    0.0000844900
  -0.0000730500   -0.0002714900    0.0000499500
  -0.0000858800    0.0002566300   -0.0000370800
   0.0000046400    0.0000009700    0.0000018500
  -0.0001100800    0.0000812000   -0.0000242000
   0.0000067400    0.0000005300    0.0000005400
  -0.0001091400   -0.0000924000    0.0000143900

37   
 -0.0100000000000000   0.0000000000000000   0.0000000000000000
  -0.0373987700    0.0151682600    0.0298532300
  -0.0004499100   -0.0003017900   -0.0005668800
  -0.0000665900    0.0000318200    0.0000126900
  -0.0000414900    0.0000320800   -0.0000043800
  -0.0000584500   -0.0000872200   -0.0000771800
  -0.0000042500    0.0000164300    0.0000220200
  -0.0006376100    0.0008119300   -0.0005163200
   0.0000175800   -0.0000032900    0.0000263100
   0.0000626700    0.0001302600    0.0000656800
  -0.0001417500   -0.0006848200    0.0001027300
  -0.0001169500    0.0007183800   -0.0000502900
   0.0000250900    0.0000014600    0.0000036900
   0.0000015900    0.0000202700   -0.0000161700
   0.0000159200   -0.0000023200    0.0000026800
   0.0000166100   -0.0000294900    0.0000134400
  -0.0112511700    0.0004921800   -0.0000947300
   0.0000295200   -0.0000011600   -0.0001504100
   0.0000531100    0.0000061600    0.0001689200
  -0.0368783900   -0.0151595100   -0.0286889900
  -0.0000578900   -0.0000309800   -0.0000100400
  -0.0005810200    0.0003462700    0.0005825600
  -0.0000630700    0.0000729400    0.0000967400
  -0.0000296900   -0.0000341300   -0.0000062400
  -0.0000010400   -0.0000153600   -0.0000182500
   0.0000767800   -0.0000917100   -0.0000573300
   0.0000173100    0.0000046100   -0.0000215400
  -0.0006714500   -0.0008477500    0.0004443200
   0.0034752000    0.0000501800    0.0000743200
   0.0000687000    0.0000171400    0.0000441200
   0.0000680400   -0.0000088400   -0.0000461900
   0.0000188000   -0.0000064400    0.0000241200
   0.0000078600    0.0000042400   -0.0000179800
   0.0000574700   -0.0000067800   -0.0000109500
  -0.0012832400    0.0028525400   -0.0016806700
   0.0000251500   -0.0000017200   -0.0000010000
  -0.0014208800   -0.0028325500    0.0016196900
   0.1057817900   -0.0009914800   -0.0007614000
  -0.0000212900    0.0000558300    0.0000162500
  -0.0000209700   -0.0000587200   -0.0000007000
  -0.0000247200    0.0000558800    0.0000622100
  -0.0000137700   -0.0000656700   -0.0000537600
  -0.0000051100    0.0000004000   -0.0000003600
  -0.0000247300   -0.0000592900    0.0000686200
  -0.0000051000    0.0000001900    0.0000000700
  -0.0000138600    0.0000584900   -0.0000570900
   0.0009188600   -0.0022517600   -0.0019136400
   0.0000050800    0.0000189600   -0.0000041700
  -0.0000261900    0.0000404800    0.0000044800
   0.0000005600    0.0000163300   -0.0000082000
   0.0000046700    0.0000027200   -0.0000001800
   0.0000004300   -0.0000162300   -0.0000019300
  -0.0000276900    0.0000396000   -0.0000769300
   0.0000054700   -0.0000138300    0.0000034100
   0.0009323700   -0.0001313000   -0.0005171400
  -0.0013572600    0.0037064700    0.0008519700
   0.0001547300    0.0000684500    0.0000256900
  -0.0000316800    0.0000087200    0.0000050400
  -0.0000129800    0.0000148500    0.0000173400
   0.0000016100   -0.0000031000   -0.0000051100
  -0.0000052800   -0.0000040900   -0.0000028300
  -0.0015199500    0.0042455200   -0.0009054700
  -0.0000237600    0.0000153200    0.0000066600
   0.0001679800    0.0000717900   -0.0000568800
  -0.0013747900    0.0012198500   -0.0013941600
   0.0000113900    0.0000018800   -0.0000015000
  -0.0014195800   -0.0014196700    0.0012626700
   0.0000148300    0.0000269600    0.0000283800
   0.0000073700   -0.0000156400   -0.0000032300
   0.0000074200    0.0000181200    0.0000038900
   0.0000097300   -0.0000211500   -0.0000187200
   0.0000067500    0.0000146500    0.0000165200
   0.0000039400    0.0000308000    0.0000158200
  -0.0082411900   -0.0002176800   -0.0017185300
  -0.0000373800   -0.0000016800   -0.0000008100
  -0.0084221500    0.0002527000    0.0018139300
   0.0000157100   -0.0000031700    0.0000024300
  -0.0000234100   -0.0000181200   -0.0000065100
  -0.0000159100    0.0000199100    0.0000089400
  -0.0000256500    0.0000086400    0.0000132100
  -0.0000173800   -0.0000123500   -0.0000145400
   0.0000529100    0.0000126400    0.0000074700
   0.0010851700    0.0027548500    0.0016951500
  -0.0000929700   -0.0000747900   -0.0000367000
   0.0000057700   -0.0000226400    0.0000027300
   0.0000038000   -0.0000043000   -0.0000028800
   0.0000041600   -0.0000097400    0.0000082900
  -0.0000005000    0.0000227700   -0.0000018500
   0.0011375200    0.0000908500    0.0004224600
   0.0000046800    0.0000137400   -0.0000082300
  -0.0000701800   -0.0000417900    0.0001534000
  -0.0013772800   -0.0035966300   -0.0009849600
  -0.0000338900   -0.0000078700   -0.0000076400
   0.0001632500   -0.0000632100   -0.0000178000
  -0.0000032600    0.0000013800    0.0000056600
  -0.0000174800   -0.0000111000   -0.0000181100
  -0.0000000700    0.0000063700    0.0000046000
   0.0001333900   -0.0000903800    0.0000477600
  -0.0000240800   -0.0000161800   -0.0000076100
  -0.0014702700   -0.0043561000    0.0009671600
   0.0019988600    0.0000290500   -0.0000248800
  -0.0000380300    0.0001504000    0.0000655300
  -0.0000499100   -0.0001542500   -0.0000865400
   0.0000735700    0.0002727000   -0.0000505100
   0.0000847800   -0.0002556600    0.0000365300
  -0.0000047200   -0.0000008100   -0.0000019200
   0.0001084600   -0.0000809200    0.0000233500
  -0.0000068500   -0.0000005800   -0.0000005400
   0.0001104200    0.0000922700   -0.0000154200

37   
  0.0000000000000000   0.0000000000000000   0.0100000000000000
  -0.0308660700    0.0178175700    0.0463538900
  -0.0004112400   -0.0000888800    0.0006069300
   0.0000276100   -0.0000506200   -0.0000253800
   0.0000576500    0.0000014100   -0.0000253900
   0.0000092700   -0.0000893700   -0.0000518500
  -0.0000025400    0.0000014500    0.0000007200
  -0.0001287300    0.0004005400    0.0006069300
  -0.0000081700    0.0000047300   -0.0000055600
   0.0000819800    0.0000366800   -0.0000518400
   0.0003567700   -0.0002957700    0.0006547000
  -0.0002204100   -0.0003298800    0.0005749200
  -0.0000007500    0.0000003300   -0.0000034100
   0.0000242900    0.0000490000   -0.0000240600
  -0.0000031900   -0.0000160100   -0.0000052900
  -0.0000296800    0.0000529600   -0.0000245300
  -0.0003846200   -0.0356113700    0.0461213700
  -0.0000554400    0.0000528400   -0.0000390900
   0.0000465000    0.0000628100   -0.0000573300
   0.0306454000    0.0181432000    0.0461213500
  -0.0000302800   -0.0000455500   -0.0000240400
   0.0004345600   -0.0001610200    0.0006546800
  -0.0000311300   -0.0000717400   -0.0000573400
  -0.0000607200   -0.0000008000   -0.0000245400
  -0.0000006500    0.0000005000   -0.0000034100
  -0.0000734500    0.0000215500   -0.0000390600
   0.0000122900    0.0000107900   -0.0000053000
   0.0001754400    0.0003558900    0.0005749200
  -0.0000349800    0.0016029800    0.0027648700
   0.0000289400    0.0000187000    0.0000367200
  -0.0000232600    0.0000134400    0.0000236300
   0.0000012200   -0.0000023300    0.0000010600
   0.0000018500   -0.0000010700   -0.0000005000
  -0.0000017000   -0.0000343800    0.0000367300
   0.0013449500   -0.0007763700    0.0026388100
   0.0000026600    0.0000001000    0.0000010700
  -0.0014055700   -0.0007713900    0.0027648600
  -0.0002325300    0.0001343100   -0.1445514800
  -0.0000003600    0.0000725300   -0.0002074600
  -0.0000137100    0.0000707500   -0.0002075100
  -0.0000681700   -0.0000235300   -0.0002075100
   0.0000558300   -0.0000310400   -0.0002144300
  -0.0000002500    0.0000001300    0.0000030400
  -0.0000630100   -0.0000359700   -0.0002074400
   0.0000003100   -0.0000001800    0.0000030100
   0.0000547800   -0.0000328300   -0.0002144400
  -0.0005100700    0.0019227100    0.0001542900
   0.0000036500    0.0000114600    0.0000144100
  -0.0000803100    0.0000463600   -0.0003399500
  -0.0000019000    0.0000037600    0.0000146000
  -0.0000002600    0.0000001400    0.0000165200
  -0.0000081100   -0.0000088700    0.0000144100
   0.0000050400   -0.0000029100   -0.0003378500
  -0.0000042100   -0.0000002300    0.0000145900
  -0.0019200600   -0.0005198900    0.0001542700
   0.0008446100   -0.0008938500   -0.0032718500
   0.0000847700    0.0000461600    0.0000130200
  -0.0000062900    0.0000042300   -0.0000192600
  -0.0000180900   -0.0000092100    0.0000093000
   0.0000060400   -0.0000006800   -0.0000275500
   0.0000014700   -0.0000044700   -0.0000202500
  -0.0003560500    0.0011393400   -0.0033620700
   0.0000056400    0.0000029600   -0.0000292800
  -0.0000300300   -0.0000214100    0.0000569300
   0.0017621200   -0.0017576200    0.0003248400
  -0.0000003800    0.0000015700    0.0000125400
  -0.0017845600   -0.0017676200    0.0000909300
  -0.0000266000   -0.0000046300   -0.0003695800
   0.0000160400   -0.0000055000    0.0000156000
  -0.0000147400   -0.0000009100    0.0000173600
  -0.0000018600   -0.0000029100    0.0000081300
  -0.0000002400   -0.0000030600    0.0000097800
   0.0000094800   -0.0001199500   -0.0003096400
  -0.0011646800   -0.0002615000   -0.0033620900
  -0.0000010800    0.0000202600    0.0000093200
   0.0011964600   -0.0002843600   -0.0032718600
   0.0000035200    0.0000367100    0.0000569100
   0.0000046000    0.0000009600   -0.0000202600
  -0.0000067900    0.0000033300   -0.0000192700
   0.0000002500   -0.0000063500   -0.0000292800
   0.0000036100   -0.0000048900   -0.0000275700
   0.0000024500   -0.0000965000    0.0000130200
   0.0006381800    0.0024293700    0.0000909200
   0.0001085900    0.0000518000   -0.0003096500
  -0.0000065800    0.0000132300    0.0000173600
  -0.0000015700   -0.0000004800    0.0000125300
   0.0000025100    0.0000017500    0.0000097600
   0.0000127600   -0.0000111600    0.0000156100
   0.0024032900   -0.0006468800    0.0003248100
   0.0000016100    0.0000030700    0.0000081300
  -0.0000093000    0.0000253400   -0.0003696000
  -0.0007293900   -0.0008243000   -0.0032939200
   0.0000054700    0.0000037400   -0.0000224200
  -0.0000829100    0.0000478700   -0.0000020600
  -0.0000055600    0.0000039100   -0.0000283600
   0.0000175900   -0.0000101400    0.0000107200
  -0.0000005000   -0.0000066000   -0.0000224300
   0.0000230500   -0.0000133000    0.0000715600
  -0.0000061800    0.0000028800   -0.0000283500
   0.0003490200    0.0010438800   -0.0032939100
   0.0000565000   -0.0000326200    0.0160663000
  -0.0000142300    0.0000337900    0.0000392300
  -0.0000024600    0.0000180000    0.0000295300
  -0.0000168300   -0.0000068800    0.0000295300
   0.0000283100   -0.0000287300    0.0000683900
   0.0000000000   -0.0000000100    0.0000017400
  -0.0000363800   -0.0000045800    0.0000391900
   0.0000008600   -0.0000005100   -0.0000022200
   0.0000390200   -0.0000101400    0.0000684100

37   
  0.0000000000000000   0.0000000000000000  -0.0100000000000000
   0.0297904500   -0.0171966200   -0.0453136100
   0.0004390300    0.0000773900   -0.0005973200
  -0.0000270200    0.0000505200    0.0000274800
  -0.0000572500   -0.0000018500    0.0000274900
  -0.0000055200    0.0000878600    0.0000517500
   0.0000018000   -0.0000010200   -0.0000003900
   0.0001525100   -0.0004188900   -0.0005973300
   0.0000081100   -0.0000046900    0.0000057100
  -0.0000788100   -0.0000391700    0.0000517700
  -0.0003589000    0.0003254800   -0.0006467400
   0.0002259700    0.0003596800   -0.0005660300
   0.0000006500   -0.0000010100    0.0000037900
  -0.0000244700   -0.0000484800    0.0000259800
   0.0000031200    0.0000159700    0.0000055100
   0.0000299300   -0.0000525800    0.0000265500
   0.0003882400    0.0343726600   -0.0450785800
   0.0000562000   -0.0000495600    0.0000389500
  -0.0000478000   -0.0000591800    0.0000575800
  -0.0295709400   -0.0175268300   -0.0450785900
   0.0000297300    0.0000454100    0.0000259700
  -0.0004613300    0.0001480200   -0.0006467600
   0.0000273400    0.0000709700    0.0000575600
   0.0000604900    0.0000004500    0.0000265500
   0.0000012200   -0.0000000400    0.0000037900
   0.0000710500   -0.0000238700    0.0000389700
  -0.0000122800   -0.0000106800    0.0000055000
  -0.0001984900   -0.0003756200   -0.0005660500
   0.0000331300   -0.0016323700   -0.0027596900
  -0.0000284700   -0.0000185500   -0.0000323200
   0.0000230200   -0.0000132700   -0.0000193800
  -0.0000014600    0.0000021200   -0.0000006100
  -0.0000016100    0.0000009100    0.0000009300
   0.0000017600    0.0000339300   -0.0000323100
  -0.0013736500    0.0007930000   -0.0026369900
  -0.0000026000    0.0000002000   -0.0000006100
   0.0014301300    0.0007876800   -0.0027597000
   0.0002243000   -0.0001295700    0.1412565900
  -0.0000034200   -0.0000725500    0.0002038000
   0.0000174400   -0.0000706500    0.0002037400
   0.0000699200    0.0000202600    0.0002037500
  -0.0000575500    0.0000277700    0.0002107900
   0.0000001900   -0.0000001000   -0.0000037000
   0.0000611500    0.0000392500    0.0002037600
  -0.0000003600    0.0000002000   -0.0000037400
  -0.0000528400    0.0000359200    0.0002108200
   0.0005137500   -0.0019364500   -0.0001560300
  -0.0000032600   -0.0000111700   -0.0000147400
   0.0000785500   -0.0000453500    0.0003376700
   0.0000020100   -0.0000036300   -0.0000145400
   0.0000001800   -0.0000000800   -0.0000167000
   0.0000080200    0.0000084100   -0.0000147300
   0.0000003000   -0.0000001600    0.0003398700
   0.0000041600    0.0000000800   -0.0000145200
   0.0019338200    0.0005235800   -0.0001560300
  -0.0008297100    0.0008533600    0.0032402200
  -0.0000877400   -0.0000478800   -0.0000139000
   0.0000064500   -0.0000041200    0.0000179700
   0.0000179500    0.0000091300   -0.0000104400
  -0.0000063400    0.0000003300    0.0000273700
  -0.0000014100    0.0000046000    0.0000189300
   0.0003280400   -0.0011071900    0.0033290200
  -0.0000062100   -0.0000028700    0.0000291000
   0.0000312900    0.0000220400   -0.0000613900
  -0.0017659200    0.0017656800   -0.0003239400
   0.0000003500   -0.0000017400   -0.0000128000
   0.0017899000    0.0017788900   -0.0000899300
   0.0000265900    0.0000098100    0.0003689900
  -0.0000156700    0.0000057400   -0.0000161300
   0.0000142100    0.0000012400   -0.0000178100
   0.0000018600    0.0000030600   -0.0000081600
   0.0000001000    0.0000032000   -0.0000098800
  -0.0000096800    0.0001184300    0.0003049900
   0.0011228700    0.0002696500    0.0033290400
   0.0000010700   -0.0000201000   -0.0000104200
  -0.0011539200    0.0002916800    0.0032402100
  -0.0000034500   -0.0000381000   -0.0000613900
  -0.0000046800   -0.0000010700    0.0000189100
   0.0000067900   -0.0000035200    0.0000179600
  -0.0000006000    0.0000068000    0.0000290800
  -0.0000034600    0.0000053300    0.0000273700
  -0.0000024500    0.0000999000   -0.0000139200
  -0.0006452600   -0.0024396300   -0.0000899400
  -0.0001074000   -0.0000508800    0.0003049800
   0.0000060400   -0.0000129300   -0.0000177900
   0.0000016800    0.0000005600   -0.0000128000
  -0.0000027200   -0.0000016700   -0.0000098900
  -0.0000128200    0.0000107000   -0.0000161400
  -0.0024121800    0.0006461700   -0.0003239100
  -0.0000017300   -0.0000031300   -0.0000081700
   0.0000048000   -0.0000279500    0.0003690000
   0.0007161000    0.0007817300    0.0032590600
  -0.0000056800   -0.0000036300    0.0000210200
   0.0000862500   -0.0000497800    0.0000007500
   0.0000057300   -0.0000043000    0.0000280300
  -0.0000173900    0.0000100600   -0.0000120100
   0.0000002900    0.0000067200    0.0000209900
  -0.0000238400    0.0000137900   -0.0000760300
   0.0000065900   -0.0000028200    0.0000280000
  -0.0003188100   -0.0010110800    0.0032590600
  -0.0000571200    0.0000329700   -0.0157299700
   0.0000144200   -0.0000336400   -0.0000384500
   0.0000023200   -0.0000181700   -0.0000288400
   0.0000169000    0.0000070700   -0.0000288600
  -0.0000283600    0.0000287900   -0.0000667500
  -0.0000000100    0.0000000100   -0.0000019800
   0.0000363500    0.0000043200   -0.0000384000
  -0.0000008800    0.0000005100    0.0000019400
  -0.0000391100    0.0000101600   -0.0000667900

55   
  0.0100000000000000   0.0000000000000000   0.0000000000000000
   0.0147862800   -0.0002553600   -0.0001277800
   0.0000123800    0.0000629700    0.0001429700
  -0.0000278600   -0.0000385800   -0.0001644000
   0.0000288000    0.0005679900   -0.0001453000
  -0.0000259600   -0.0005541800    0.0001587900
  -0.0000264900   -0.0000012500   -0.0000042800
  -0.0000079100   -0.0000239300    0.0000272700
  -0.0000021900    0.0000022700    0.0000007500
   0.0000057700    0.0000191700   -0.0000203100
   0.0437628300   -0.0160657100   -0.0311504100
   0.0005632100    0.0001992400    0.0004236700
   0.0000819800   -0.0000140700   -0.0000117900
   0.0000556200   -0.0000441400    0.0000014800
   0.0000828500    0.0001327800    0.0001214900
  -0.0000006800   -0.0000139000   -0.0000260300
   0.0006608000   -0.0012183200    0.0003581600
  -0.0000143800    0.0000010300   -0.0000217900
  -0.0000667700   -0.0001438100   -0.0000420300
   0.0010041000   -0.0030723000    0.0015438900
  -0.0000012600   -0.0000017000   -0.0000012600
   0.0008417500    0.0029036800   -0.0017228400
  -0.0044183000   -0.0000519900   -0.0001900500
  -0.0001096500   -0.0000097600   -0.0000199600
  -0.0000990200   -0.0000070900    0.0000257100
  -0.0000157400   -0.0000059800   -0.0000216500
  -0.0000155100    0.0000144100    0.0000295600
  -0.0000683200   -0.0000087700   -0.0000031300
   0.0437554000    0.0162379200    0.0309232100
   0.0000786300    0.0000124700    0.0000003900
   0.0004385600   -0.0002466500   -0.0002852800
   0.0000592100   -0.0000692700   -0.0001092200
   0.0000297000    0.0000453900   -0.0000151600
   0.0000010400    0.0000159300    0.0000193800
  -0.0000573800    0.0001494600    0.0000591700
  -0.0000152600    0.0000002600    0.0000208200
   0.0005928100    0.0009685300   -0.0002689000
   0.0013521100   -0.0042815900    0.0008342400
   0.0000316700   -0.0000109800   -0.0000065000
  -0.0001559400   -0.0000703700    0.0000854800
   0.0015136800   -0.0037116500   -0.0003451400
  -0.0001697200   -0.0000836700   -0.0000301800
   0.0000238400   -0.0000095400    0.0000060700
   0.0000128600   -0.0000126800   -0.0000179500
   0.0000050700    0.0000081200    0.0000013700
  -0.0000018700    0.0000015000    0.0000061300
   0.0014205900   -0.0012786300    0.0017938300
  -0.0000112300   -0.0000000800    0.0000004400
   0.0013733100    0.0013693400   -0.0017575500
  -0.0000042100    0.0000191800   -0.0000075700
  -0.0000067400    0.0000084700    0.0000001300
  -0.0000097400   -0.0000164600    0.0000018200
  -0.0000075700    0.0000215100    0.0000143500
  -0.0000073500   -0.0000269200   -0.0000158000
  -0.0000147700   -0.0000069100    0.0000274000
  -0.1164594000    0.0016297500   -0.0000481900
   0.0000301200   -0.0000496800    0.0000263100
   0.0000302300    0.0000276200   -0.0000429900
   0.0000123100   -0.0000285000   -0.0000557700
   0.0000198300    0.0000332300    0.0000461000
   0.0000015500   -0.0000016500    0.0000006800
   0.0000120500    0.0000561900   -0.0000474900
   0.0000015600   -0.0000019200    0.0000006600
   0.0000196900   -0.0000393300    0.0000106600
   0.0000937800   -0.0000822200    0.0001374300
  -0.0000115700    0.0000136200   -0.0000085100
  -0.0009938500    0.0001249900    0.0005022000
  -0.0010148100    0.0034090200    0.0023510400
  -0.0000118000   -0.0000177100   -0.0000001100
   0.0000956700   -0.0000475900   -0.0000214600
  -0.0000045300   -0.0000287000    0.0000084700
  -0.0000032100   -0.0000040100   -0.0000018000
  -0.0000047000    0.0000182600    0.0000007800
  -0.0001874300    0.0001398600   -0.0000568300
   0.0000264000    0.0000076800    0.0000083500
   0.0011907600    0.0037427300   -0.0010098700
   0.0011414400    0.0029266800    0.0005216800
   0.0000267300    0.0000019800   -0.0000005900
  -0.0002035000    0.0001257700    0.0000210300
   0.0000102300   -0.0000070200   -0.0000064500
   0.0000124600    0.0000041100    0.0000225900
   0.0000035500   -0.0000055400   -0.0000059200
  -0.0024141500    0.0000406800    0.0000191600
   0.0000614300   -0.0001618400   -0.0000166700
   0.0000745800    0.0001967200    0.0000013300
  -0.0001034400   -0.0002559400    0.0000468500
  -0.0001060900    0.0002581400   -0.0000481200
   0.0000038000   -0.0000003000    0.0000010900
  -0.0001024300    0.0000961000    0.0000016100
   0.0000047500    0.0000002200    0.0000001900
  -0.0000832500   -0.0000967800   -0.0000005800
   0.0067899600    0.0003581500    0.0015697600
   0.0000223700    0.0000010700    0.0000020900
   0.0066786100   -0.0005088200   -0.0014054600
   0.0000584000   -0.0000085800    0.0000557400
   0.0000198100    0.0000215100    0.0000077900
   0.0000196100   -0.0000162900   -0.0000049200
   0.0000274500   -0.0000017600   -0.0000111300
   0.0000259300    0.0000107200    0.0000126600
   0.0000128600   -0.0000082800    0.0000064800
  -0.0012861900    0.0000506900   -0.0005567300
  -0.0000075700   -0.0000168800    0.0000116700
   0.0000849000    0.0000309400   -0.0000825300
  -0.0009044800   -0.0033757700   -0.0020686400
   0.0000864600   -0.0000043900    0.0000189500
  -0.0000022100    0.0000217600    0.0000004000
  -0.0000033200    0.0000052900    0.0000022500
   0.0000021500    0.0000273200   -0.0000123900
  -0.0000065500   -0.0000167200    0.0000013900

55   
 -0.0100000000000000   0.0000000000000000   0.0000000000000000
  -0.0147950800    0.0004401200    0.0000492300
  -0.0000131800   -0.0000644800   -0.0001413000
   0.0000286900    0.0000368500    0.0001662600
  -0.0000422700   -0.0005716900    0.0001526300
   0.0000357800    0.0005489100   -0.0001544900
   0.0000265500    0.0000014100    0.0000040300
   0.0000083700    0.0000230400   -0.0000268400
   0.0000022300   -0.0000022100   -0.0000011300
  -0.0000059000   -0.0000199400    0.0000207300
  -0.0447397900    0.0166076100    0.0323053800
  -0.0005284100   -0.0001919200   -0.0004269400
  -0.0000843700    0.0000160800    0.0000120300
  -0.0000569800    0.0000443900   -0.0000018700
  -0.0000855800   -0.0001325700   -0.0001218400
   0.0000006900    0.0000138100    0.0000257800
  -0.0006475500    0.0012089600   -0.0003467600
   0.0000142400   -0.0000011800    0.0000217300
   0.0000670900    0.0001449200    0.0000434900
  -0.0009650300    0.0030285500   -0.0015402300
   0.0000013200    0.0000018200    0.0000009200
  -0.0008744000   -0.0029463600    0.0017280100
   0.0044202800    0.0000800600    0.0001835400
   0.0001083600    0.0000087900    0.0000182100
   0.0000997800    0.0000061000   -0.0000279400
   0.0000158600    0.0000061500    0.0000212300
   0.0000155500   -0.0000140600   -0.0000301300
   0.0000682500    0.0000072000    0.0000036700
  -0.0427825800   -0.0156915000   -0.0297941200
  -0.0000762900   -0.0000105100   -0.0000002900
  -0.0004731200    0.0002548000    0.0002806100
  -0.0000563000    0.0000699400    0.0001092200
  -0.0000282800   -0.0000449900    0.0000144000
  -0.0000009200   -0.0000159100   -0.0000196400
   0.0000571100   -0.0001483500   -0.0000574300
   0.0000154900   -0.0000004400   -0.0000208400
  -0.0006052000   -0.0009753700    0.0002775300
  -0.0013656700    0.0042648100   -0.0008401100
  -0.0000312300    0.0000105400    0.0000062600
   0.0001573200    0.0000725600   -0.0000871000
  -0.0015079700    0.0037437100    0.0003392500
   0.0001652600    0.0000830200    0.0000311200
  -0.0000241700    0.0000095100   -0.0000057800
  -0.0000126700    0.0000129600    0.0000180400
  -0.0000050100   -0.0000077000   -0.0000014800
   0.0000016900   -0.0000014500   -0.0000063000
  -0.0014200000    0.0012929200   -0.0017809000
   0.0000112600    0.0000001100   -0.0000003500
  -0.0013743200   -0.0013554300    0.0017706000
   0.0000040200   -0.0000219900    0.0000115300
   0.0000066500   -0.0000080700   -0.0000002000
   0.0000099700    0.0000169800   -0.0000019800
   0.0000072700   -0.0000210100   -0.0000145500
   0.0000076400    0.0000274000    0.0000157500
   0.0000147400    0.0000077500   -0.0000258400
   0.1164625900   -0.0030720700   -0.0022617100
  -0.0000300600    0.0000489900   -0.0000216700
  -0.0000299700   -0.0000277400    0.0000479400
  -0.0000127100    0.0000304500    0.0000572600
  -0.0000188800   -0.0000306000   -0.0000444900
  -0.0000015100    0.0000018100   -0.0000004700
  -0.0000129800   -0.0000544700    0.0000470300
  -0.0000015100    0.0000016900   -0.0000007200
  -0.0000190500    0.0000407100   -0.0000109200
  -0.0000919600    0.0000801900   -0.0001298200
   0.0000118900   -0.0000138200    0.0000083700
   0.0010089200   -0.0001253500   -0.0005223100
   0.0009882100   -0.0033269400   -0.0023150500
   0.0000116300    0.0000170200    0.0000001200
  -0.0000900900    0.0000486000    0.0000263200
   0.0000046500    0.0000283600   -0.0000088400
   0.0000032000    0.0000039800    0.0000019500
   0.0000044900   -0.0000177700   -0.0000006500
   0.0001858000   -0.0001363500    0.0000552300
  -0.0000268300   -0.0000080600   -0.0000084300
  -0.0011819500   -0.0037608000    0.0010112500
  -0.0011454000   -0.0028990400   -0.0005191300
  -0.0000262700   -0.0000022200    0.0000008500
   0.0002099700   -0.0001271900   -0.0000191400
  -0.0000101800    0.0000076100    0.0000065200
  -0.0000126900   -0.0000038800   -0.0000222500
  -0.0000033400    0.0000055000    0.0000058200
   0.0024142000   -0.0000393200   -0.0001030800
  -0.0000613900    0.0001597400    0.0000161100
  -0.0000749600   -0.0001994300   -0.0000016800
   0.0001052200    0.0002571100   -0.0000475200
   0.0001044700   -0.0002570400    0.0000477500
  -0.0000037900    0.0000003200   -0.0000010000
   0.0001003000   -0.0000965700   -0.0000028300
  -0.0000047400   -0.0000002400   -0.0000000500
   0.0000851400    0.0000962400   -0.0000002700
  -0.0066076400   -0.0003543400   -0.0015323000
  -0.0000223100   -0.0000017700   -0.0000016700
  -0.0068596800    0.0005151900    0.0014403000
  -0.0000591100    0.0000105400   -0.0000549500
  -0.0000196400   -0.0000210500   -0.0000073000
  -0.0000197300    0.0000166800    0.0000054700
  -0.0000274300    0.0000019200    0.0000115600
  -0.0000259100   -0.0000106800   -0.0000123100
  -0.0000124700    0.0000106100   -0.0000078300
   0.0012735700   -0.0000511200    0.0005411900
   0.0000072900    0.0000165800   -0.0000117500
  -0.0000867100   -0.0000313200    0.0000888100
   0.0009314300    0.0034581600    0.0021009200
  -0.0000914700    0.0000048000   -0.0000138400
   0.0000023100   -0.0000225400   -0.0000003700
   0.0000033500   -0.0000052600   -0.0000021200
  -0.0000022400   -0.0000277400    0.0000121700
   0.0000067700    0.0000172300   -0.0000012700

55   
 -0.0050012563370808   0.0086595285697785   0.0000000000000000
  -0.0073811500    0.0461237400   -0.0311819600
   0.0001528000   -0.0000335100   -0.0000335900
  -0.0001267400    0.0000417400    0.0001229600
  -0.0007173200    0.0005734700    0.0005448800
   0.0004256900    0.0009174000    0.0003499600
   0.0000138800    0.0000104000   -0.0000244600
  -0.0000094000    0.0001015400   -0.0000270400
   0.0000033700   -0.0000168400   -0.0000232800
   0.0000288600    0.0000588300    0.0000152700
  -0.0378624400    0.0300300400    0.0321851500
  -0.0010542500    0.0001044800   -0.0002623000
  -0.0000649800   -0.0000065500   -0.0000043500
  -0.0000856200    0.0000487300    0.0000247400
  -0.0000135300   -0.0001420900    0.0000235800
  -0.0000133100   -0.0000086800    0.0000183500
  -0.0001392200    0.0009578000   -0.0005465600
   0.0000142900   -0.0000087300    0.0000200300
   0.0000047300    0.0001368100   -0.0001541600
  -0.0031469600   -0.0005386900   -0.0018183700
   0.0000061600   -0.0000083800    0.0000220800
   0.0021294800   -0.0036204800   -0.0000774100
   0.0021800600    0.0024200900    0.0018749500
   0.0000341300   -0.0000627900    0.0000095100
   0.0000642600   -0.0000540300   -0.0000211500
   0.0000035700   -0.0000106100    0.0000000800
   0.0000085400   -0.0000222200   -0.0000305700
   0.0000264100   -0.0000800300    0.0000209300
  -0.0071216700    0.0130195300   -0.0000935600
  -0.0000122400   -0.0000263800   -0.0000018000
   0.0006718700    0.0003275300    0.0000425100
  -0.0000051000   -0.0000513100    0.0001593100
   0.0000148200    0.0000073000    0.0000045500
   0.0000149500   -0.0000242500   -0.0000039400
   0.0000641200   -0.0000341500   -0.0001814300
   0.0000042500   -0.0000086900   -0.0000027400
  -0.0005700700   -0.0004186600   -0.0000721600
  -0.0038233100    0.0072815100   -0.0011698000
  -0.0000231700    0.0000047800    0.0000069500
   0.0000178800   -0.0000505400   -0.0000023900
  -0.0044933300    0.0071607400    0.0011486300
   0.0000212600   -0.0000056400   -0.0000045100
  -0.0000256900    0.0000147200   -0.0000002800
  -0.0000188400    0.0000320600    0.0000009300
   0.0000011000    0.0000276300   -0.0000044400
   0.0000036300    0.0000219600   -0.0000033500
   0.0005244500   -0.0009313000    0.0006355900
   0.0000041600   -0.0000019800   -0.0000015500
  -0.0017616800   -0.0023518600    0.0024277900
  -0.0000248500    0.0000921500    0.0001111000
  -0.0000092500   -0.0000104200    0.0000027400
   0.0000239400    0.0000079800    0.0000016800
  -0.0000118000   -0.0000132000   -0.0000064000
   0.0000176700    0.0000107000    0.0000126100
  -0.0000180200    0.0000722900   -0.0000049100
   0.0609075900   -0.1048755600   -0.0013880400
   0.0000085200    0.0000324300    0.0000189500
  -0.0000588800   -0.0000064100    0.0000529400
   0.0000427400    0.0000136000    0.0000025700
  -0.0000445400    0.0000190800   -0.0000331700
  -0.0000023500    0.0000043500    0.0000009000
  -0.0000322200   -0.0000262600   -0.0000163600
  -0.0000021800    0.0000044400   -0.0000012800
   0.0000171100    0.0000546000   -0.0000610300
  -0.0000872500    0.0001100200   -0.0001628700
  -0.0000090000   -0.0000095200   -0.0000123300
   0.0033746400    0.0004712100   -0.0021621900
   0.0006138400   -0.0011480500   -0.0005120300
   0.0000175600    0.0000058600    0.0000005400
  -0.0001157800    0.0000930100    0.0000371900
   0.0000180500    0.0000052200    0.0000123200
  -0.0000018400   -0.0000038700    0.0000041000
  -0.0000220400   -0.0000176000    0.0000002400
   0.0001882100   -0.0001293000    0.0001094600
  -0.0000059900    0.0000004600    0.0000059500
   0.0017934600    0.0024063500   -0.0003004500
   0.0025061200    0.0027598400    0.0008368100
   0.0000011900    0.0000124100    0.0000045300
   0.0001916800   -0.0001073100   -0.0000174400
   0.0000013200    0.0000316100   -0.0000044500
   0.0000020300    0.0000158100   -0.0000199300
  -0.0000058200    0.0000270300    0.0000026000
   0.0012514200   -0.0020661400   -0.0000540300
   0.0001172600   -0.0000519200   -0.0000304600
  -0.0001910300   -0.0002282600   -0.0000221800
   0.0001181300    0.0001388400   -0.0000350200
  -0.0000017500   -0.0001236400    0.0000170300
  -0.0000027700    0.0000038500    0.0000017800
  -0.0001904000   -0.0000233800    0.0000555500
  -0.0000026700    0.0000027700    0.0000003100
   0.0003054500    0.0000796700    0.0000366600
  -0.0036927900   -0.0008399300   -0.0008770400
  -0.0000129400    0.0000117300    0.0000209700
  -0.0029256600   -0.0002962200    0.0004290300
  -0.0000185800   -0.0002053500   -0.0001031300
  -0.0000055900    0.0000020600   -0.0000051000
  -0.0000202400    0.0000220200   -0.0000003200
  -0.0000287800    0.0000135700    0.0000052800
  -0.0000021800    0.0000071700   -0.0000064600
  -0.0000031900   -0.0002239300    0.0000119600
  -0.0021289900    0.0007981200   -0.0013623500
   0.0000176700    0.0000089800   -0.0000234000
   0.0000135100    0.0000580500   -0.0000182700
   0.0001731600    0.0020721400    0.0015181800
  -0.0000041700    0.0000669500   -0.0000110500
  -0.0000177200   -0.0000155500    0.0000009200
   0.0000078900   -0.0000099700    0.0000010300
  -0.0000218100   -0.0000183400    0.0000254000
   0.0000241900    0.0000092500   -0.0000012200

55   
  0.0050012563370808  -0.0086595285697785   0.0000000000000000
   0.0073953900   -0.0472611500    0.0323298800
  -0.0001535600    0.0000336300    0.0000347500
   0.0001273600   -0.0000447600   -0.0001227200
   0.0006824200   -0.0005391600   -0.0005354500
  -0.0004275900   -0.0009054100   -0.0003402200
  -0.0000137300   -0.0000103800    0.0000240800
   0.0000084100   -0.0001048500    0.0000280900
  -0.0000031100    0.0000167700    0.0000231000
  -0.0000282600   -0.0000608800   -0.0000160100
   0.0368795900   -0.0294463700   -0.0310225100
   0.0010646400   -0.0001129100    0.0002723100
   0.0000637200    0.0000078600    0.0000037200
   0.0000824600   -0.0000479600   -0.0000235700
   0.0000131000    0.0001413500   -0.0000225900
   0.0000134800    0.0000088300   -0.0000186000
   0.0001510600   -0.0010073600    0.0005567200
  -0.0000142600    0.0000088700   -0.0000202700
  -0.0000065400   -0.0001348000    0.0001534700
   0.0032052500    0.0005262400    0.0018265700
  -0.0000062000    0.0000080200   -0.0000224700
  -0.0021487400    0.0036089800    0.0000696900
  -0.0021577400   -0.0023634100   -0.0018613800
  -0.0000333600    0.0000632100   -0.0000091300
  -0.0000635200    0.0000530500    0.0000189100
  -0.0000035900    0.0000104800   -0.0000005500
  -0.0000088100    0.0000221000    0.0000300600
  -0.0000269000    0.0000808000   -0.0000233800
   0.0069549500   -0.0131038200    0.0000108600
   0.0000130800    0.0000263800    0.0000020300
  -0.0006709500   -0.0003191900   -0.0000393300
   0.0000070500    0.0000515200   -0.0001569500
  -0.0000144300   -0.0000068100   -0.0000044800
  -0.0000149800    0.0000241300    0.0000034800
  -0.0000626700    0.0000366300    0.0001839700
  -0.0000043000    0.0000087000    0.0000024000
   0.0005782100    0.0004163700    0.0000772500
   0.0039294800   -0.0074594100    0.0011807500
   0.0000233000   -0.0000048100   -0.0000066200
  -0.0000194800    0.0000494000    0.0000024800
   0.0043894800   -0.0069790200   -0.0011394300
  -0.0000229000    0.0000048800    0.0000024600
   0.0000252200   -0.0000149000    0.0000005600
   0.0000195000   -0.0000316800   -0.0000011800
  -0.0000010900   -0.0000276100    0.0000048100
  -0.0000039900   -0.0000222300    0.0000037200
  -0.0005254800    0.0009408300   -0.0006476000
  -0.0000040400    0.0000019700    0.0000017700
   0.0017113600    0.0022972000   -0.0023881000
   0.0000242900   -0.0000898600   -0.0001048200
   0.0000089900    0.0000100400   -0.0000025900
  -0.0000229800   -0.0000078700   -0.0000016400
   0.0000118300    0.0000135700    0.0000063000
  -0.0000172800   -0.0000104400   -0.0000127800
   0.0000164700   -0.0000677100    0.0000092200
  -0.0596542200    0.1055861600   -0.0009251800
  -0.0000095000   -0.0000325500   -0.0000190200
   0.0000565000    0.0000056600   -0.0000516100
  -0.0000404500   -0.0000157000    0.0000004500
   0.0000441000   -0.0000199100    0.0000332300
   0.0000022700   -0.0000044400   -0.0000006000
   0.0000314900    0.0000292300    0.0000196300
   0.0000023400   -0.0000043800    0.0000012200
  -0.0000188100   -0.0000563600    0.0000624800
   0.0000889700   -0.0001118100    0.0001701900
   0.0000093500    0.0000097100    0.0000121800
  -0.0034601700   -0.0004863300    0.0021943200
  -0.0006045500    0.0011377300    0.0004949300
  -0.0000178900   -0.0000060000   -0.0000004500
   0.0001177800   -0.0000957500   -0.0000322400
  -0.0000177600   -0.0000053400   -0.0000124400
   0.0000018900    0.0000039200   -0.0000039100
   0.0000228200    0.0000184200   -0.0000001600
  -0.0001909000    0.0001291900   -0.0001115300
   0.0000057700   -0.0000006800   -0.0000059700
  -0.0018156700   -0.0024184000    0.0002984100
  -0.0024845600   -0.0027630400   -0.0008393900
  -0.0000011100   -0.0000124600   -0.0000047400
  -0.0001874300    0.0001047700    0.0000189400
  -0.0000010200   -0.0000309200    0.0000044800
  -0.0000023900   -0.0000157600    0.0000202300
   0.0000060000   -0.0000275800   -0.0000022800
  -0.0012489100    0.0020656500   -0.0000332000
  -0.0001175700    0.0000534700    0.0000291700
   0.0001906600    0.0002263300    0.0000221000
  -0.0001166800   -0.0001385800    0.0000339700
   0.0000025800    0.0001220400   -0.0000179400
   0.0000026600   -0.0000039700   -0.0000016300
   0.0001912500    0.0000243500   -0.0000568900
   0.0000027700   -0.0000028200   -0.0000001500
  -0.0003072900   -0.0000797500   -0.0000366900
   0.0037001900    0.0008595100    0.0008742200
   0.0000128700   -0.0000120300   -0.0000206400
   0.0029043000    0.0002826800   -0.0004309900
   0.0000166800    0.0002029500    0.0001007700
   0.0000055600   -0.0000020500    0.0000050400
   0.0000200100   -0.0000216100    0.0000006900
   0.0000296000   -0.0000136800   -0.0000052500
   0.0000019700   -0.0000073100    0.0000066500
   0.0000031800    0.0002290600   -0.0000102600
   0.0021152300   -0.0008076600    0.0013742100
  -0.0000182200   -0.0000090300    0.0000234900
  -0.0000116300   -0.0000564100    0.0000237100
  -0.0001914600   -0.0020817100   -0.0015059800
   0.0000036900   -0.0000673100    0.0000115600
   0.0000173900    0.0000149900   -0.0000010400
  -0.0000080300    0.0000098700   -0.0000009100
   0.0000215100    0.0000178400   -0.0000253700
  -0.0000247800   -0.0000092700    0.0000011600

55   
  0.0000000000000000   0.0000000000000000   0.0100000000000000
   0.0004606900   -0.0372431600    0.0473515800
  -0.0000505800    0.0001012900   -0.0000410100
   0.0000517800    0.0000811900   -0.0000294600
   0.0002769000   -0.0001119900    0.0007225000
  -0.0000388300    0.0001293900    0.0008906700
   0.0000018300   -0.0000218700    0.0000054900
   0.0000285900    0.0000595000   -0.0000113600
  -0.0000011100   -0.0000074800   -0.0000049000
  -0.0000217200    0.0000834800   -0.0000153300
  -0.0322197100    0.0185956500    0.0470145200
   0.0001045800   -0.0000156000    0.0008437400
   0.0000671300   -0.0000584800   -0.0000127100
   0.0000630200   -0.0000090800   -0.0000096200
   0.0000649800   -0.0000668400   -0.0000267700
  -0.0000150600    0.0000099300    0.0000019000
   0.0000998800    0.0003713700    0.0007617500
  -0.0000145100    0.0000028500   -0.0000035600
   0.0000942300   -0.0000284600   -0.0000319200
   0.0012142300   -0.0005990500    0.0026977200
  -0.0000023600    0.0000019300    0.0000036900
  -0.0014210100   -0.0008725800    0.0025231900
   0.0001521900    0.0012548200    0.0024910800
   0.0000523400    0.0000327500    0.0000968800
  -0.0000250300    0.0000374000    0.0001025000
  -0.0000122800   -0.0000032900    0.0000022500
   0.0000000300    0.0000003800    0.0000049100
   0.0000187200   -0.0000285000    0.0000862900
   0.0317207900    0.0178247900    0.0474021900
  -0.0000574200   -0.0000594800   -0.0000018800
  -0.0000936300   -0.0000298400    0.0007897000
  -0.0000434300   -0.0001137500   -0.0000600000
  -0.0000754800   -0.0000242300   -0.0000022000
   0.0000140300    0.0000058900    0.0000009500
  -0.0001290500   -0.0000010000   -0.0000744200
   0.0000133600    0.0000055400   -0.0000048800
  -0.0001995700    0.0000594700    0.0008640300
  -0.0008616700    0.0015939900   -0.0032668700
  -0.0000051500    0.0000072800   -0.0000182800
  -0.0000238700   -0.0000044200    0.0000116400
   0.0009080400   -0.0014983200   -0.0033575300
   0.0000540300    0.0000338900    0.0000601600
  -0.0000067400    0.0000112200   -0.0000293500
  -0.0000173700   -0.0000108800    0.0000097100
   0.0000025200   -0.0000063600   -0.0000192400
   0.0000051600   -0.0000139800   -0.0000276500
   0.0012496400   -0.0012116800    0.0000915500
  -0.0000014300    0.0000023400    0.0000129600
  -0.0013877400   -0.0012963000    0.0003256000
   0.0000157400    0.0000572200   -0.0003055400
   0.0000167200   -0.0000000200    0.0000100400
  -0.0000187800   -0.0000012100    0.0000082800
   0.0000039700   -0.0000007900    0.0000178600
  -0.0000031600    0.0000002400    0.0000161500
   0.0000252200   -0.0001597200   -0.0003697600
   0.0011202100    0.0003723700   -0.1513950100
  -0.0000471500    0.0000338800   -0.0003257000
   0.0000256600    0.0000355100   -0.0003257900
  -0.0000458400   -0.0000504000   -0.0002939900
   0.0000097700   -0.0000663400   -0.0003186100
   0.0000007300   -0.0000010700    0.0000037200
  -0.0000577800   -0.0000292600   -0.0002940800
   0.0000005800    0.0000011700    0.0000037200
   0.0000459100   -0.0000105600   -0.0003186900
   0.0000264600   -0.0000275900   -0.0003717600
   0.0000001500   -0.0000006700    0.0000102300
  -0.0023223100   -0.0007639900    0.0002817400
  -0.0005106400    0.0022105700    0.0002812300
   0.0000087400    0.0000191200    0.0000101500
  -0.0001347200    0.0001146700   -0.0003739800
  -0.0000006000   -0.0000007100    0.0000111100
   0.0000018200   -0.0000035000    0.0000097100
  -0.0000085800   -0.0000196700    0.0000109100
   0.0000171400   -0.0000120900    0.0000275600
  -0.0000021200    0.0000052600   -0.0000311400
   0.0003085200    0.0013450700   -0.0033885000
  -0.0008385600   -0.0010945400   -0.0037632400
   0.0000044000    0.0000100900   -0.0000297500
  -0.0001079400   -0.0000002800    0.0000301300
  -0.0000044700   -0.0000021200   -0.0000291700
   0.0000201600   -0.0000143400    0.0000061100
  -0.0000060200   -0.0000130900   -0.0000316600
  -0.0000107700    0.0000640600    0.0201718300
  -0.0000351100    0.0000342300    0.0000714900
   0.0000570100    0.0000346400    0.0000609000
  -0.0000293200   -0.0000360000    0.0000708200
   0.0000171600   -0.0000455800    0.0000255500
   0.0000002800    0.0000002300   -0.0000020700
  -0.0000216400   -0.0000105300    0.0000601700
   0.0000017400    0.0000022000   -0.0000020700
   0.0000366400    0.0000216800    0.0000034600
  -0.0013230500   -0.0000967900   -0.0036876300
  -0.0000016200    0.0000256100    0.0000046700
   0.0011925100   -0.0003168300   -0.0033925500
  -0.0000137900    0.0000106200    0.0000515700
   0.0000131800   -0.0000002500   -0.0000309700
  -0.0000148300   -0.0000003000   -0.0000350700
  -0.0000028600   -0.0000046300   -0.0000281300
  -0.0000013900   -0.0000073700   -0.0000326700
  -0.0000609100   -0.0000838700    0.0000144300
   0.0020922000   -0.0007487900    0.0001271200
   0.0000033600    0.0000007200    0.0000119300
   0.0000178800   -0.0000193900   -0.0003757500
   0.0004152900    0.0021918100    0.0003602900
   0.0001322500    0.0000847100   -0.0003820800
  -0.0000096200    0.0000239700    0.0000105400
  -0.0000048400   -0.0000033000    0.0000094100
   0.0000019500   -0.0000007100    0.0000113000
   0.0000111100   -0.0000231200    0.0000110100

55   
  0.0000000000000000   0.0000000000000000  -0.0100000000000000
  -0.0004756100    0.0359897300   -0.0464807400
   0.0000501900   -0.0000966300    0.0000417600
  -0.0000521800   -0.0000767700    0.0000295800
  -0.0002942000    0.0001534200   -0.0007169600
   0.0000554900   -0.0000916200   -0.0008845500
  -0.0000018600    0.0000208500   -0.0000047600
  -0.0000291800   -0.0000581700    0.0000144700
   0.0000010900    0.0000075300    0.0000053200
   0.0000225800   -0.0000817200    0.0000178600
   0.0311280300   -0.0179801100   -0.0461384200
  -0.0000627800    0.0000115500   -0.0008393000
  -0.0000651700    0.0000585300    0.0000151900
  -0.0000622400    0.0000079300    0.0000125700
  -0.0000616900    0.0000650000    0.0000275400
   0.0000142100   -0.0000096500   -0.0000011400
  -0.0000716700   -0.0004045400   -0.0007585800
   0.0000145200   -0.0000029000    0.0000040600
  -0.0000913600    0.0000254700    0.0000323400
  -0.0012416200    0.0006101900   -0.0026975000
   0.0000022700   -0.0000015300   -0.0000027200
   0.0014463700    0.0008857000   -0.0025208300
  -0.0001547600   -0.0012867400   -0.0024938900
  -0.0000520300   -0.0000323700   -0.0000933000
   0.0000250300   -0.0000372200   -0.0000980900
   0.0000119500    0.0000032100   -0.0000013000
   0.0000003600   -0.0000005600   -0.0000039300
  -0.0000186400    0.0000284900   -0.0000819900
  -0.0306377000   -0.0171964900   -0.0465199500
   0.0000556600    0.0000595700    0.0000042300
   0.0000493600    0.0000266000   -0.0007849700
   0.0000393800    0.0001124200    0.0000607200
   0.0000746200    0.0000226600    0.0000044300
  -0.0000132400   -0.0000055400   -0.0000000400
   0.0001257100   -0.0000024500    0.0000755200
  -0.0000133100   -0.0000056200    0.0000055100
   0.0001732900   -0.0000926900   -0.0008597000
   0.0008385200   -0.0015690900    0.0032450700
   0.0000046400   -0.0000073000    0.0000183500
   0.0000260200    0.0000057400   -0.0000155800
  -0.0008989900    0.0014669000    0.0033335700
  -0.0000577200   -0.0000357900   -0.0000585500
   0.0000068800   -0.0000110600    0.0000285000
   0.0000172700    0.0000108100   -0.0000101900
  -0.0000027900    0.0000058400    0.0000193500
  -0.0000048800    0.0000140200    0.0000268200
  -0.0012688700    0.0012251700   -0.0000892500
   0.0000014400   -0.0000024800   -0.0000126500
   0.0014065000    0.0013107500   -0.0003232500
  -0.0000154600   -0.0000505500    0.0003091100
  -0.0000162400    0.0000002700   -0.0000096600
   0.0000183100    0.0000014600   -0.0000080000
  -0.0000039300    0.0000009800   -0.0000172300
   0.0000029700   -0.0000001600   -0.0000155300
  -0.0000267000    0.0001576300    0.0003688900
  -0.0010935000   -0.0003724400    0.1484329000
   0.0000438400   -0.0000342400    0.0003210100
  -0.0000222100   -0.0000360100    0.0003209000
   0.0000486800    0.0000459100    0.0002891700
  -0.0000118700    0.0000638100    0.0003137900
  -0.0000007000    0.0000009800   -0.0000038000
   0.0000552100    0.0000337200    0.0002891400
  -0.0000005800   -0.0000012400   -0.0000038300
  -0.0000447200    0.0000137300    0.0003137300
  -0.0000213600    0.0000250400    0.0003726500
  -0.0000001500    0.0000004200   -0.0000098700
   0.0023431100    0.0007674500   -0.0002760500
   0.0005140600   -0.0022277700   -0.0002764900
  -0.0000082400   -0.0000189300   -0.0000100000
   0.0001323500   -0.0001155100    0.0003704500
   0.0000008100    0.0000005500   -0.0000106300
  -0.0000020300    0.0000035900   -0.0000094800
   0.0000086100    0.0000189400   -0.0000108300
  -0.0000193100    0.0000133500   -0.0000314200
   0.0000027700   -0.0000054200    0.0000313800
  -0.0002901200   -0.0013343100    0.0033632700
   0.0008373700    0.0010749700    0.0037327000
  -0.0000045100   -0.0000099900    0.0000289800
   0.0001129600   -0.0000020300   -0.0000289200
   0.0000048000    0.0000016000    0.0000295200
  -0.0000200200    0.0000143100   -0.0000066500
   0.0000058600    0.0000132000    0.0000308600
   0.0000100600   -0.0000649800   -0.0197455100
   0.0000338600   -0.0000348600   -0.0000679100
  -0.0000554500   -0.0000353800   -0.0000572700
   0.0000303400    0.0000363500   -0.0000685300
  -0.0000178800    0.0000450800   -0.0000232000
  -0.0000002000   -0.0000002200    0.0000021900
   0.0000225800    0.0000115800   -0.0000579600
  -0.0000017400   -0.0000022000    0.0000022200
  -0.0000367400   -0.0000202600   -0.0000011900
   0.0013027600    0.0001081000    0.0036563700
   0.0000016600   -0.0000254400   -0.0000054100
  -0.0011728400    0.0003299900    0.0033647800
   0.0000136000   -0.0000126200   -0.0000551800
  -0.0000130500   -0.0000000300    0.0000301500
   0.0000148400    0.0000000400    0.0000341800
   0.0000026300    0.0000050300    0.0000282700
   0.0000016200    0.0000078900    0.0000327700
   0.0000612400    0.0000898400   -0.0000137700
  -0.0021112700    0.0007519600   -0.0001214700
  -0.0000033900   -0.0000009100   -0.0000116400
  -0.0000221600    0.0000169800    0.0003758900
  -0.0004195400   -0.0022068800   -0.0003551800
  -0.0001311400   -0.0000842900    0.0003783700
   0.0000092400   -0.0000236500   -0.0000105400
   0.0000050400    0.0000033600   -0.0000093200
  -0.0000020300    0.0000006500   -0.0000109400
  -0.0000110100    0.0000224400   -0.0000108700

91   
  0.0100000000000000   0.0000000000000000   0.0000000000000000
   0.0010428200    0.0032564000   -0.0017228600
   0.0009463300   -0.0031771000    0.0019411100
  -0.0000137900    0.0000032000    0.0000010200
  -0.0001134400    0.0000163600    0.0000290100
  -0.0045477100    0.0000722400    0.0002217700
  -0.0001051500   -0.0000046000   -0.0000364600
  -0.0000823500    0.0000054900    0.0000058900
  -0.0000133500   -0.0000075500   -0.0000236300
  -0.0000138400   -0.0000000100    0.0000160100
   0.0006284900   -0.0002534200   -0.0004510800
   0.0467617600    0.0182907700    0.0336819400
   0.0000788600    0.0000115500    0.0000019500
   0.0000000500    0.0000136000    0.0000212500
   0.0001446800   -0.0001321100   -0.0001214900
   0.0000547900    0.0000579500   -0.0000003000
   0.0005952900    0.0012232600   -0.0003590200
  -0.0000757500    0.0001408200    0.0000234900
  -0.0000217600   -0.0000077100    0.0000209400
   0.0149470800    0.0003829100    0.0001073500
  -0.0000111100    0.0000650200    0.0001631100
   0.0000299300   -0.0000897200   -0.0001372300
   0.0000207200    0.0004871100   -0.0000946400
   0.0000784000   -0.0005272800    0.0001351000
  -0.0000234800    0.0000004200    0.0000042300
  -0.0000087600   -0.0000187700    0.0000182000
  -0.0000133500   -0.0000040400   -0.0000025100
  -0.0000238600    0.0000183900   -0.0000285400
   0.0446647000   -0.0172694000   -0.0311801700
   0.0005556600    0.0003152600    0.0003124900
   0.0000689900   -0.0000071000    0.0000082200
   0.0000250000   -0.0000613400    0.0000115300
   0.0001200200    0.0000743200    0.0001134500
   0.0000011700   -0.0000127600   -0.0000145000
   0.0005559400   -0.0009910100    0.0003255200
  -0.0000231500    0.0000040900   -0.0000208000
  -0.0000709300   -0.0001451800   -0.0000314400
   0.0013818500    0.0042776700   -0.0007263900
  -0.0001622100    0.0000641800   -0.0000854400
   0.0000339900    0.0000131300    0.0000054100
  -0.0001317700    0.0000911400    0.0000240300
   0.0014757600    0.0036867000    0.0003307200
   0.0000240500    0.0000105500   -0.0000063400
   0.0000032200    0.0000040700   -0.0000058100
  -0.0000000300   -0.0000117800   -0.0000004600
   0.0000170000    0.0000114400    0.0000174800
  -0.0019997300   -0.0000297000   -0.0000844700
   0.0000508200   -0.0002018200    0.0000026100
   0.0000374800    0.0001647200    0.0000145800
  -0.0001083800   -0.0002352200    0.0000365500
  -0.0001105400    0.0002425100   -0.0000390200
   0.0000066800    0.0000005700   -0.0000007900
  -0.0000740600    0.0000820000    0.0000164300
   0.0000045800    0.0000008400    0.0000000500
  -0.0000842800   -0.0000783400   -0.0000288200
   0.0066078700   -0.0003979400   -0.0012978600
   0.0068592900    0.0005461800    0.0011972700
   0.0000222700   -0.0000024000   -0.0000014400
   0.0000273000   -0.0000176400   -0.0000026500
   0.0000130100    0.0000043800   -0.0000609600
   0.0000259900    0.0000127600   -0.0000013800
   0.0000585500    0.0000149100   -0.0000144800
   0.0000196100   -0.0000118700   -0.0000147200
   0.0000197100    0.0000049900    0.0000133000
  -0.0009247600   -0.0003205700   -0.0004276500
  -0.0000023500   -0.0000216800    0.0000094300
   0.0000881900    0.0000456200   -0.0001278500
  -0.0012657600   -0.0031501900   -0.0020858000
   0.0000837700    0.0000649800   -0.0000182100
  -0.0000073700    0.0000160900   -0.0000033300
  -0.0000033300    0.0000072000    0.0000050300
  -0.0000066500    0.0000243500   -0.0000111900
   0.0000022300   -0.0000234800   -0.0000018900
   0.0012025000   -0.0037327500    0.0008715400
   0.0000291700   -0.0000113000   -0.0000074000
  -0.0001936300   -0.0001274400    0.0000439400
   0.0011160800   -0.0028571600   -0.0005674100
  -0.0001712000   -0.0001413000   -0.0000158700
   0.0000261400   -0.0000025800    0.0000028500
   0.0000168100   -0.0000016200   -0.0000228500
   0.0000045700    0.0000127200    0.0000066500
   0.0000072600   -0.0000000500    0.0000057700
   0.0017550000    0.0018114600   -0.0016947800
   0.0017092400   -0.0018940100    0.0017022000
  -0.0000125900   -0.0000000200   -0.0000002900
  -0.0000011200   -0.0000129400   -0.0000010700
   0.0000601900   -0.0000215800    0.0000100900
  -0.0000050100    0.0000236900   -0.0000017300
   0.0000433300    0.0000067600   -0.0000252500
  -0.0000045900    0.0000210800    0.0000253800
  -0.0000041200   -0.0000153800   -0.0000253300
  -0.1216476500   -0.0031056300   -0.0023610900
   0.0000413400   -0.0000326600    0.0000399600
   0.0000416100    0.0000555700   -0.0000163800
   0.0000185600   -0.0000442700   -0.0000426300
   0.0000151400    0.0000472400    0.0000589700
   0.0000026200    0.0000015900   -0.0000007400
   0.0000185000    0.0000437700   -0.0000124800
   0.0000025900    0.0000014000   -0.0000004300
   0.0000155800   -0.0000600400    0.0000480500
  -0.0011895000    0.0001397300    0.0004428800
   0.0000828100   -0.0000054000    0.0000772200
   0.0000043400    0.0000238100   -0.0000117500
   0.0000840100   -0.0000044200    0.0000228600
  -0.0012101100    0.0032939800    0.0018702600
   0.0000042800   -0.0000201900    0.0000024500
  -0.0000008600    0.0000212400    0.0000007400
  -0.0000008500   -0.0000228700    0.0000156100
  -0.0000013900   -0.0000088500   -0.0000047800

91   
 -0.0100000000000000   0.0000000000000000   0.0000000000000000
  -0.0010854800   -0.0033031600    0.0017308500
  -0.0009114200    0.0031318600   -0.0019317800
   0.0000136800   -0.0000031800   -0.0000014000
   0.0001147400   -0.0000170600   -0.0000303800
   0.0045458500   -0.0000390500   -0.0002274700
   0.0001044300    0.0000038300    0.0000347100
   0.0000822900   -0.0000065200   -0.0000054900
   0.0000133900    0.0000078400    0.0000231800
   0.0000136000    0.0000001500   -0.0000163000
  -0.0006633100    0.0002611900    0.0004508100
  -0.0456943500   -0.0176962300   -0.0324743100
  -0.0000763100   -0.0000095900   -0.0000020900
  -0.0000001600   -0.0000137500   -0.0000215400
  -0.0001414800    0.0001323000    0.0001212700
  -0.0000531000   -0.0000575100    0.0000000600
  -0.0006096500   -0.0012314200    0.0003706700
   0.0000755200   -0.0001398600   -0.0000223200
   0.0000220900    0.0000075700   -0.0000212600
  -0.0149377900   -0.0001863800   -0.0001860400
   0.0000104000   -0.0000667600   -0.0001617900
  -0.0000291400    0.0000880800    0.0001383200
  -0.0000296200   -0.0004918200    0.0000999200
  -0.0000661300    0.0005240900   -0.0001264800
   0.0000234600   -0.0000001600   -0.0000044800
   0.0000089400    0.0000176200   -0.0000177200
   0.0000134100    0.0000039200    0.0000020300
   0.0000234200   -0.0000197000    0.0000290500
  -0.0456971500    0.0178501600    0.0323330100
  -0.0005206100   -0.0003064700   -0.0003143800
  -0.0000713700    0.0000090400   -0.0000085000
  -0.0000266800    0.0000620300   -0.0000122100
  -0.0001234400   -0.0000736700   -0.0001134600
  -0.0000011400    0.0000127100    0.0000141800
  -0.0005426100    0.0009852000   -0.0003162800
   0.0000228400   -0.0000041400    0.0000207200
   0.0000712100    0.0001461900    0.0000327900
  -0.0013669700   -0.0042932600    0.0007193400
   0.0001606800   -0.0000620900    0.0000838300
  -0.0000344100   -0.0000135400   -0.0000056900
   0.0001360900   -0.0000918600   -0.0000228500
  -0.0014825600   -0.0036566200   -0.0003372900
  -0.0000236900   -0.0000106200    0.0000065100
  -0.0000031000   -0.0000039800    0.0000055700
  -0.0000000900    0.0000120300    0.0000003600
  -0.0000171600   -0.0000112100   -0.0000174600
   0.0019998300    0.0000270400    0.0000288700
  -0.0000505300    0.0001992800   -0.0000020100
  -0.0000374800   -0.0001667600   -0.0000142600
   0.0001099900    0.0002361000   -0.0000362800
   0.0001088200   -0.0002415600    0.0000391800
  -0.0000067100   -0.0000005000    0.0000009300
   0.0000723800   -0.0000824600   -0.0000172100
  -0.0000045900   -0.0000009200    0.0000000700
   0.0000862100    0.0000780600    0.0000277300
  -0.0067896300    0.0004028700    0.0013287200
  -0.0066789600   -0.0005392000   -0.0011689500
  -0.0000223500    0.0000018000    0.0000017800
  -0.0000275300    0.0000180600    0.0000028600
  -0.0000123100   -0.0000028500    0.0000612000
  -0.0000257800   -0.0000123800    0.0000016900
  -0.0000588900   -0.0000122000    0.0000129400
  -0.0000196700    0.0000118600    0.0000149900
  -0.0000197200   -0.0000049000   -0.0000129300
   0.0009109600    0.0003184300    0.0004070200
   0.0000022200    0.0000215200   -0.0000094300
  -0.0000897200   -0.0000480100    0.0001356100
   0.0012942700    0.0032303400    0.0021183500
  -0.0000878700   -0.0000631100    0.0000218100
   0.0000075400   -0.0000167600    0.0000033900
   0.0000034100   -0.0000072800   -0.0000048500
   0.0000066900   -0.0000244800    0.0000109800
  -0.0000021800    0.0000240100    0.0000020700
  -0.0012115800    0.0037141400   -0.0008716800
  -0.0000287500    0.0000109500    0.0000072200
   0.0001954200    0.0001308500   -0.0000453900
  -0.0011099400    0.0028818900    0.0005687800
   0.0001647500    0.0001397500    0.0000180600
  -0.0000266100    0.0000023000   -0.0000027400
  -0.0000166300    0.0000018400    0.0000231200
  -0.0000045600   -0.0000123500   -0.0000066300
  -0.0000073700    0.0000000500   -0.0000059400
  -0.0017582100   -0.0017978500    0.0017072900
  -0.0017055000    0.0019069900   -0.0016895500
   0.0000125700    0.0000001000    0.0000005400
   0.0000012500    0.0000133100    0.0000008900
  -0.0000599600    0.0000209900   -0.0000044900
   0.0000046900   -0.0000232300    0.0000014400
  -0.0000432100   -0.0000063100    0.0000262400
   0.0000043400   -0.0000207000   -0.0000253000
   0.0000043300    0.0000157800    0.0000252300
   0.1216113100    0.0015742600   -0.0000462600
  -0.0000417100    0.0000324000   -0.0000345200
  -0.0000414500   -0.0000563500    0.0000215100
  -0.0000193000    0.0000467400    0.0000443500
  -0.0000149600   -0.0000454100   -0.0000572800
  -0.0000026300   -0.0000014100    0.0000008300
  -0.0000193900   -0.0000422400    0.0000121500
  -0.0000026400   -0.0000016100    0.0000003600
  -0.0000144900    0.0000618100   -0.0000484900
   0.0012012200   -0.0001416100   -0.0004590900
  -0.0000814500    0.0000045900   -0.0000708500
  -0.0000042700   -0.0000240600    0.0000118300
  -0.0000802900    0.0000055500   -0.0000188800
   0.0011809000   -0.0032134700   -0.0018416700
  -0.0000043500    0.0000194000   -0.0000023200
   0.0000008200   -0.0000206900   -0.0000005000
   0.0000008100    0.0000226700   -0.0000156600
   0.0000013400    0.0000087300    0.0000049800

91   
  0.0000000000000000   0.0000000000000000   0.0100000000000000
  -0.0013289300   -0.0006096000    0.0026250100
   0.0015519100   -0.0008958700    0.0024729700
   0.0000027500    0.0000035900    0.0000053600
  -0.0000520500    0.0000300700    0.0000757100
  -0.0001367200    0.0014556900    0.0026249900
   0.0000197900    0.0000340300    0.0000778000
  -0.0000196000   -0.0000341600    0.0000778100
  -0.0000017400   -0.0000041800    0.0000053600
   0.0000160200   -0.0000092400    0.0000008300
  -0.0003141800   -0.0000037600    0.0007995700
   0.0333747600    0.0197774900    0.0480036100
  -0.0000856400   -0.0000523400   -0.0000155000
   0.0000219500    0.0000137000    0.0000109000
  -0.0000771200   -0.0000897200   -0.0000093100
  -0.0000718200   -0.0000245200   -0.0000132200
  -0.0000560500    0.0000452200    0.0006548900
  -0.0001018000   -0.0000069200    0.0000013100
   0.0000106300    0.0000054800   -0.0000037500
  -0.0004348200   -0.0387922000    0.0480036000
  -0.0000449100    0.0000915900    0.0000013400
   0.0000391100    0.0001116500   -0.0000093200
  -0.0001538500    0.0002739300    0.0007995700
  -0.0000672200    0.0000259400    0.0006548900
  -0.0000009000   -0.0000258700    0.0000109000
   0.0000025000    0.0001003600   -0.0000154900
   0.0000005700   -0.0000119500   -0.0000037600
  -0.0000147000    0.0000744600   -0.0000132200
  -0.0328920100    0.0189870200    0.0483856900
   0.0003130400   -0.0000072300    0.0007362100
   0.0000758000   -0.0000520400   -0.0000041600
   0.0000829800   -0.0000396100   -0.0000041600
   0.0000569100   -0.0001333000   -0.0000296300
  -0.0000187700    0.0000108500    0.0000127000
   0.0001628200   -0.0002674200    0.0007361900
  -0.0000091700    0.0000052900   -0.0000030800
   0.0001438900    0.0000173800   -0.0000296300
   0.0009971300    0.0016981500   -0.0032869400
   0.0000175000   -0.0000101100   -0.0000031900
   0.0000080000    0.0000099100   -0.0000215000
  -0.0000471000    0.0000271800    0.0000747700
  -0.0009718400   -0.0017127500   -0.0032869400
   0.0000074300    0.0000108700   -0.0000283200
  -0.0000057000   -0.0000118600   -0.0000283300
  -0.0000045800   -0.0000118700   -0.0000215300
   0.0000181900   -0.0000104900    0.0000111500
   0.0000146300   -0.0000084500    0.0160757900
  -0.0000862200    0.0000083000    0.0000311100
   0.0000670400    0.0000105500    0.0000407200
   0.0000243900   -0.0000633500    0.0000407300
  -0.0000156200   -0.0000511400    0.0000696000
  -0.0000005400    0.0000003000   -0.0000021100
  -0.0000503200    0.0000705300    0.0000311100
  -0.0000018800    0.0000010900    0.0000018500
   0.0000364800    0.0000390900    0.0000695800
   0.0015580900   -0.0001103500   -0.0036854300
  -0.0014297700   -0.0003186800   -0.0033904100
   0.0000018300    0.0000252000    0.0000046900
  -0.0000113700   -0.0000005000   -0.0000286700
   0.0000072600    0.0000157100    0.0000121100
   0.0000124800   -0.0000003900   -0.0000332100
   0.0000551500   -0.0000831500    0.0000539500
  -0.0000053100   -0.0000032100   -0.0000347400
   0.0000076400   -0.0000012000   -0.0000305600
   0.0020710300   -0.0005394000    0.0003615900
  -0.0000004300   -0.0000014400    0.0000106900
  -0.0000184600    0.0000025200   -0.0003801500
   0.0005453000    0.0018838600    0.0001279600
   0.0000860100    0.0000729800   -0.0003773300
  -0.0000119800    0.0000205100    0.0000118700
  -0.0000020800   -0.0000022400    0.0000095400
  -0.0000014700    0.0000005700    0.0000111200
   0.0000122400   -0.0000225100    0.0000111600
  -0.0004391400    0.0013974800   -0.0033904100
   0.0000001400    0.0000062100   -0.0000346900
  -0.0000100000   -0.0000141400    0.0000121200
   0.0008747600   -0.0012940500   -0.0036854200
   0.0000995800   -0.0000061600    0.0000539500
  -0.0000052600    0.0000100900   -0.0000286400
  -0.0000209600   -0.0000142000    0.0000046300
   0.0000048700   -0.0000060200   -0.0000305900
   0.0000065500   -0.0000106100   -0.0000332000
  -0.0013586000   -0.0014143800    0.0001279700
   0.0015028700   -0.0015236500    0.0003615800
   0.0000009100    0.0000029000    0.0000095000
  -0.0000237600    0.0000001000    0.0000119000
  -0.0000114100    0.0000147000   -0.0003801300
   0.0000256300    0.0000006300    0.0000111800
  -0.0000201700   -0.0001109800   -0.0003773100
   0.0000010400    0.0000011200    0.0000107300
  -0.0000012300    0.0000010000    0.0000110800
  -0.0011859000    0.0006847900   -0.1491014200
  -0.0000205800    0.0000388600   -0.0003908100
   0.0000386900    0.0000353900   -0.0003906700
  -0.0000113400   -0.0000512600   -0.0003906900
   0.0000470200   -0.0000414900   -0.0003633700
  -0.0000003800    0.0000002100   -0.0000009700
  -0.0000440100   -0.0000016500   -0.0003908100
  -0.0000007600    0.0000004500   -0.0000009500
   0.0000594400   -0.0000199900   -0.0003633400
  -0.0018430500   -0.0005483300    0.0002066000
  -0.0000192100    0.0000110900   -0.0003874400
  -0.0000023200   -0.0000007300    0.0000116400
  -0.0000737500    0.0000425800   -0.0003889300
  -0.0004469300    0.0018702500    0.0002066100
   0.0000120500    0.0000250400    0.0000115700
  -0.0000156600   -0.0000229400    0.0000115700
  -0.0000005100    0.0000023700    0.0000117000
   0.0000047600   -0.0000027300    0.0000107600

91   
  0.0000000000000000   0.0000000000000000  -0.0100000000000000
   0.0013549700    0.0006217200   -0.0026278500
  -0.0015773500    0.0009105300   -0.0024740300
  -0.0000027100   -0.0000031200   -0.0000045000
   0.0000515700   -0.0000297700   -0.0000727800
   0.0001392800   -0.0014842600   -0.0026278700
  -0.0000197100   -0.0000338700   -0.0000741500
   0.0000194600    0.0000339800   -0.0000741400
   0.0000013500    0.0000038800   -0.0000045200
  -0.0000156900    0.0000090700    0.0000000400
   0.0002676600    0.0000003500   -0.0007979100
  -0.0322737900   -0.0191601400   -0.0471729500
   0.0000829800    0.0000524200    0.0000177000
  -0.0000210800   -0.0000132800   -0.0000101900
   0.0000730800    0.0000875900    0.0000103600
   0.0000708000    0.0000225300    0.0000159600
   0.0000276700   -0.0000866200   -0.0006539100
   0.0000986200    0.0000040300   -0.0000009700
  -0.0000104000   -0.0000055600    0.0000041000
   0.0004508000    0.0375300600   -0.0471729600
   0.0000458200   -0.0000874500   -0.0000009500
  -0.0000392300   -0.0001070400    0.0000103400
   0.0001335200   -0.0002319900   -0.0007979100
   0.0000889200    0.0000193800   -0.0006539000
   0.0000009200    0.0000249100   -0.0000101900
  -0.0000038200   -0.0000980500    0.0000177100
  -0.0000004200    0.0000117800    0.0000041000
   0.0000158500   -0.0000725900    0.0000159500
   0.0318282700   -0.0183730500   -0.0475763300
  -0.0002641100    0.0000048800   -0.0007342000
  -0.0000732100    0.0000522300    0.0000061900
  -0.0000818200    0.0000373100    0.0000061900
  -0.0000523700    0.0001316000    0.0000306200
   0.0000180200   -0.0000104400   -0.0000118500
  -0.0001363200    0.0002263400   -0.0007342100
   0.0000090600   -0.0000052600    0.0000041300
  -0.0001400900   -0.0000204800    0.0000306400
  -0.0009756500   -0.0016790700    0.0032661800
  -0.0000197500    0.0000113900   -0.0000006200
  -0.0000075000   -0.0000099000    0.0000215000
   0.0000504400   -0.0000291400   -0.0000729700
   0.0009660400    0.0016846000    0.0032661300
  -0.0000075900   -0.0000107000    0.0000276700
   0.0000054800    0.0000119300    0.0000276300
   0.0000048200    0.0000114600    0.0000215300
  -0.0000180600    0.0000104000   -0.0000115600
  -0.0000138000    0.0000079300   -0.0157217300
   0.0000848900   -0.0000089700   -0.0000272800
  -0.0000659300   -0.0000112000   -0.0000369900
  -0.0000232900    0.0000627400   -0.0000369900
   0.0000142600    0.0000512400   -0.0000656400
   0.0000004400   -0.0000002700    0.0000023300
   0.0000502600   -0.0000690200   -0.0000272600
   0.0000018500   -0.0000011000   -0.0000015800
  -0.0000372400   -0.0000379300   -0.0000656500
  -0.0015429600    0.0001206800    0.0036588800
   0.0014150600    0.0003315100    0.0033672400
  -0.0000018600   -0.0000250600   -0.0000051600
   0.0000113800    0.0000003300    0.0000280600
  -0.0000070900   -0.0000182400   -0.0000158000
  -0.0000125400    0.0000002400    0.0000325700
  -0.0000555500    0.0000882500   -0.0000525900
   0.0000050800    0.0000038000    0.0000348700
  -0.0000073900    0.0000016700    0.0000307600
  -0.0020981100    0.0005446600   -0.0003538600
   0.0000002800    0.0000012300   -0.0000102800
   0.0000142500   -0.0000047400    0.0003802900
  -0.0005530200   -0.0019103500   -0.0001206100
  -0.0000852600   -0.0000744900    0.0003743700
   0.0000114400   -0.0000202000   -0.0000116600
   0.0000023000    0.0000023800   -0.0000092600
   0.0000011500   -0.0000007300   -0.0000106500
  -0.0000123300    0.0000218700   -0.0000110300
   0.0004206600   -0.0013911300    0.0033672300
  -0.0000007800   -0.0000063400    0.0000348300
   0.0000123000    0.0000152400   -0.0000157200
  -0.0008761500    0.0012757700    0.0036588100
  -0.0001041600    0.0000039400   -0.0000525600
   0.0000053800   -0.0000099800    0.0000280700
   0.0000208700    0.0000141700   -0.0000051400
  -0.0000051800    0.0000055900    0.0000307500
  -0.0000064900    0.0000107100    0.0000325400
   0.0013776800    0.0014342700   -0.0001206800
  -0.0015209500    0.0015444800   -0.0003538700
  -0.0000009300   -0.0000031400   -0.0000092400
   0.0000232300    0.0000002100   -0.0000116600
   0.0000112200   -0.0000099200    0.0003803600
  -0.0000251200   -0.0000002900   -0.0000110600
   0.0000218300    0.0001111000    0.0003744200
  -0.0000009400   -0.0000009000   -0.0000103200
   0.0000012300   -0.0000006400   -0.0000106600
   0.0011300300   -0.0006525500    0.1463624800
   0.0000173500   -0.0000394600    0.0003848500
  -0.0000356800   -0.0000358600    0.0003850300
   0.0000132500    0.0000489000    0.0003850000
  -0.0000495100    0.0000370900    0.0003574300
   0.0000003400   -0.0000002100    0.0000007800
   0.0000429500    0.0000047500    0.0003848000
   0.0000007300   -0.0000004600    0.0000007900
  -0.0000568800    0.0000243600    0.0003574300
   0.0018682900    0.0005531800   -0.0001989300
   0.0000225600   -0.0000130400    0.0003869800
   0.0000024700    0.0000005700   -0.0000113200
   0.0000742300   -0.0000428600    0.0003855300
   0.0004553600   -0.0018945100   -0.0001988500
  -0.0000115600   -0.0000246700   -0.0000114500
   0.0000155800    0.0000223500   -0.0000113800
   0.0000007300   -0.0000024100   -0.0000113500
  -0.0000049400    0.0000028400   -0.0000105000
