108  
42   

1    
  0.0100000000000000   0.0000000000000000   0.0000000000000000
  -0.2264299900    0.0017926200   -0.0000025000
   0.0015024500    0.0000202200   -0.0000403000
   0.0014612700   -0.0003018200    0.0000571100
   0.0000849800   -0.0008515100    0.0001219400
  -0.0002122600    0.0005636300   -0.0000975100
   0.0000741200   -0.0000095400   -0.0000000300
   0.0000914900   -0.0009933300    0.0000372800
   0.0000741600   -0.0000133500   -0.0000026700
  -0.0002175600    0.0009804400    0.0000494700
   0.0050569700   -0.0132766500    0.0006511000
   0.0008091700   -0.0007155000    0.0000078500
   0.0000606900    0.0000032600    0.0000068100
   0.0000859900   -0.0001786100    0.0000150000
  -0.0000515100    0.0000670500   -0.0000310100
  -0.0000534300    0.0000006000   -0.0000046300
   0.0046908300    0.0095323800    0.0008152200
   0.0000944000   -0.0000848500    0.0000078100
   0.0008652300   -0.0007270400   -0.0000982900
   0.0106740300    0.0095765600    0.0000109500
   0.0037278900   -0.0093400600    0.0000591500
   0.0001925700    0.0000413200    0.0000000100
  -0.0000131200   -0.0000476400    0.0000097300
   0.0020149400    0.0001640200   -0.0000044900
  -0.0000363700    0.0000799200   -0.0000064900
   0.0016169700    0.0001562100    0.0000038700
   0.0000048900    0.0000129600    0.0000226200
   0.0000340900   -0.0000375600   -0.0000155100
   0.0003819400    0.0004803400   -0.0000317600
   0.0044972500    0.0100260500   -0.0006479300
  -0.0000429400   -0.0000050200   -0.0000053800
  -0.0000619900    0.0000640600   -0.0000000600
   0.0000346400   -0.0000775400    0.0000291800
   0.0000361100    0.0000742200   -0.0000137100
   0.0035923900   -0.0076131300   -0.0008948100
   0.0005575600    0.0007654100    0.0000537300
   0.0000479800    0.0000255500   -0.0000068500
   0.0120564500    0.0000506500   -0.0006575500
  -0.0001284000   -0.0001299000   -0.0000699300
  -0.0000901200    0.0001687300    0.0000642900
  -0.0000370200    0.0000739800   -0.0000412500
   0.0000244400   -0.0000375100    0.0000088100
  -0.0000303800    0.0000094100   -0.0000028300
   0.0002658700   -0.0007487400   -0.0004275600
  -0.0000579500    0.0000041900   -0.0000036000
   0.0002440600    0.0003868800    0.0002341400
   0.0383925600   -0.0158659100    0.0294219400
  -0.0000078700    0.0000180800   -0.0000508900
   0.0003882300   -0.0007589800    0.0001406500
   0.0007261800    0.0005407300    0.0001006600
  -0.0000975300   -0.0000988400   -0.0000745200
  -0.0000615100    0.0000240800    0.0000147900
   0.0000367800   -0.0000306400   -0.0000582700
  -0.0000038300   -0.0000273500    0.0000056300
   0.0001118200    0.0000020300    0.0000068000
   0.0370761800   -0.0142806800   -0.0285230000
  -0.0000051500   -0.0000007500    0.0000417700
   0.0005380700   -0.0007722800   -0.0001828600
   0.0006565800    0.0004149600   -0.0001335400
  -0.0001192000   -0.0000413700    0.0001167700
  -0.0000506400    0.0000090300   -0.0000142400
   0.0000134500   -0.0000303000    0.0000633100
  -0.0000041800   -0.0000195800   -0.0000043700
   0.0001165600   -0.0000470700    0.0000256400
   0.0401949500    0.0136327700    0.0270795300
   0.0009693300    0.0009749300    0.0001460200
   0.0000409500    0.0000183300   -0.0000208400
  -0.0001398800    0.0000037100   -0.0000854100
   0.0005914700   -0.0001033800   -0.0000724400
  -0.0000268900    0.0000016300    0.0000160400
   0.0000777500    0.0000755300   -0.0000311200
  -0.0000020100    0.0000140500    0.0000202400
   0.0000109600    0.0000241200   -0.0000832400
   0.0003523900   -0.0024620600    0.0007074800
   0.0007571700    0.0027665500   -0.0008463100
  -0.0000183800   -0.0000051300    0.0000057900
  -0.0000157500    0.0000134700    0.0000008500
  -0.0000525600   -0.0000029700   -0.0000287100
  -0.0000195200    0.0000013900    0.0000161100
  -0.0040044000   -0.0000914600   -0.0002584900
  -0.0000947300    0.0000208900   -0.0000484800
  -0.0000768700   -0.0000225200    0.0000417800
   0.0004546800   -0.0026442300   -0.0006796500
   0.0008802600    0.0029016200    0.0007830800
  -0.0000414400   -0.0000042800   -0.0000072600
  -0.0000171200    0.0000140200   -0.0000033100
  -0.0000521900   -0.0000011200    0.0000267500
  -0.0000149900   -0.0000029600   -0.0000151100
  -0.0041169500   -0.0000972300    0.0002446500
  -0.0000918600    0.0000153100    0.0000281500
  -0.0000733800   -0.0000104900   -0.0000178400
   0.0161977300   -0.0002403500    0.0007325500
  -0.0000766300   -0.0001903700    0.0000678800
  -0.0000487700    0.0002335600   -0.0000773500
  -0.0000455900    0.0000139600    0.0000243600
   0.0000080500    0.0000064200    0.0000094200
  -0.0000290400    0.0000070900    0.0000054800
   0.0001074000   -0.0008270400   -0.0000595500
  -0.0000428000    0.0000006600    0.0000034800
   0.0001067300    0.0005379400    0.0002206000
   0.0417838000    0.0155347600   -0.0280419600
   0.0007762200    0.0009548800   -0.0000863200
   0.0000359900    0.0000043400    0.0000281500
  -0.0001288200    0.0000609700    0.0000552500
   0.0006051400   -0.0001649700    0.0001337900
  -0.0000335600   -0.0000104000   -0.0000186800
   0.0000793300    0.0000302800   -0.0000101500
  -0.0000037900    0.0000214800   -0.0000210900
   0.0000383000    0.0000297900    0.0000602300

1    
 -0.0100000000000000   0.0000000000000000   0.0000000000000000
   0.2269136300   -0.0001680200   -0.0001304800
  -0.0014666400   -0.0000128600    0.0000403600
  -0.0015079200    0.0003130800   -0.0000571300
  -0.0000909800    0.0008670600   -0.0001238500
   0.0002110700   -0.0005520100    0.0000961600
  -0.0000744100    0.0000088700   -0.0000002200
  -0.0000844600    0.0009799700   -0.0000402000
  -0.0000743600    0.0000129200    0.0000025700
   0.0002057500   -0.0009924000   -0.0000518100
  -0.0050646700    0.0133621500   -0.0006611600
  -0.0008191200    0.0006914800   -0.0000084500
  -0.0000589300   -0.0000009300   -0.0000067900
  -0.0000881300    0.0001799300   -0.0000154700
   0.0000504800   -0.0000651400    0.0000308800
   0.0000549500   -0.0000009800    0.0000044300
  -0.0045415400   -0.0096061900   -0.0008192300
  -0.0000940500    0.0000850400   -0.0000077900
  -0.0008741000    0.0007442200    0.0000970800
  -0.0113110000   -0.0098437200   -0.0000114000
  -0.0032152900    0.0091257300   -0.0000595600
  -0.0001919600   -0.0000414400    0.0000000100
   0.0000112100    0.0000513600   -0.0000097900
  -0.0020100900   -0.0001618500    0.0000041400
   0.0000376900   -0.0000764100    0.0000064100
  -0.0016127000   -0.0001205000   -0.0000065900
  -0.0000052500   -0.0000142800   -0.0000225800
  -0.0000343100    0.0000369700    0.0000156500
  -0.0003705800   -0.0004942200    0.0000314500
  -0.0045062500   -0.0099189200    0.0006358900
   0.0000417800    0.0000066000    0.0000053500
   0.0000606700   -0.0000650300   -0.0000001400
  -0.0000330800    0.0000781200   -0.0000293400
  -0.0000343900   -0.0000735200    0.0000132800
  -0.0037465700    0.0075247000    0.0008912200
  -0.0005612800   -0.0007474700   -0.0000556000
  -0.0000485600   -0.0000256200    0.0000069800
  -0.0120315100    0.0002189000    0.0008724300
   0.0001314700    0.0001263100    0.0000714400
   0.0000882500   -0.0001731500   -0.0000636300
   0.0000377500   -0.0000748000    0.0000418900
  -0.0000248100    0.0000377100   -0.0000086900
   0.0000303000   -0.0000091700    0.0000027000
  -0.0002663400    0.0007605200    0.0004302100
   0.0000579900   -0.0000042900    0.0000037300
  -0.0002431100   -0.0003807000   -0.0002362800
  -0.0376434700    0.0154202100   -0.0284591200
   0.0000088400   -0.0000191600    0.0000504100
  -0.0003964000    0.0007594600   -0.0001290500
  -0.0007180700   -0.0005458900   -0.0001213100
   0.0000979700    0.0001018900    0.0000749300
   0.0000617000   -0.0000239200   -0.0000149900
  -0.0000363500    0.0000309700    0.0000584000
   0.0000037800    0.0000274600   -0.0000057900
  -0.0001136800   -0.0000027700   -0.0000065400
  -0.0363415500    0.0138517000    0.0276029900
   0.0000057900   -0.0000004000   -0.0000412000
  -0.0005474100    0.0007720900    0.0001710700
  -0.0006517000   -0.0004165900    0.0001570700
   0.0001190500    0.0000440600   -0.0001168400
   0.0000508200   -0.0000089000    0.0000143800
  -0.0000133900    0.0000301100   -0.0000627400
   0.0000041300    0.0000196700    0.0000044800
  -0.0001184900    0.0000458600   -0.0000253400
  -0.0411047100   -0.0141569300   -0.0280527500
  -0.0009557800   -0.0009738400   -0.0001569100
  -0.0000416000   -0.0000196900    0.0000218200
   0.0001402200   -0.0000026800    0.0000859500
  -0.0005929100    0.0001055400    0.0000959100
   0.0000267000   -0.0000014800   -0.0000159300
  -0.0000766800   -0.0000776500    0.0000328100
   0.0000019000   -0.0000138700   -0.0000201000
  -0.0000113000   -0.0000240600    0.0000838900
  -0.0003431700    0.0024908400   -0.0007294100
  -0.0007704500   -0.0027449900    0.0008379100
   0.0000180900    0.0000047700   -0.0000050500
   0.0000155600   -0.0000134600   -0.0000005700
   0.0000519100    0.0000070600    0.0000248200
   0.0000194000   -0.0000014300   -0.0000158500
   0.0040016900    0.0001155100    0.0002538700
   0.0000954800   -0.0000223800    0.0000468900
   0.0000756900    0.0000212700   -0.0000439900
  -0.0004488900    0.0026716400    0.0007076200
  -0.0008898900   -0.0028797000   -0.0007679100
   0.0000411300    0.0000036100    0.0000066500
   0.0000170900   -0.0000139200    0.0000030000
   0.0000515800    0.0000045300   -0.0000227100
   0.0000147100    0.0000029800    0.0000148500
   0.0041140300    0.0001244900   -0.0002384600
   0.0000926800   -0.0000166800   -0.0000265000
   0.0000722700    0.0000094000    0.0000199400
  -0.0161630500    0.0005322400   -0.0009109800
   0.0000799000    0.0001870000   -0.0000685900
   0.0000470800   -0.0002378400    0.0000772700
   0.0000454900   -0.0000145700   -0.0000237400
  -0.0000079500   -0.0000062200   -0.0000082600
   0.0000289800   -0.0000071200   -0.0000053800
  -0.0001072200    0.0008311400    0.0000598400
   0.0000428200   -0.0000007400   -0.0000035200
  -0.0001046500   -0.0005379500   -0.0002152000
  -0.0427337900   -0.0160941100    0.0290849700
  -0.0007639900   -0.0009525900    0.0000974700
  -0.0000370300   -0.0000057000   -0.0000289100
   0.0001287100   -0.0000593000   -0.0000558400
  -0.0006079700    0.0001650800   -0.0001560300
   0.0000333400    0.0000106100    0.0000184900
  -0.0000785000   -0.0000318900    0.0000093500
   0.0000037100   -0.0000213000    0.0000208600
  -0.0000388500   -0.0000294700   -0.0000604800

1    
 -0.0049990207541360   0.0086608193318945   0.0000000000000000
   0.1135781500   -0.1975118800    0.0016044300
  -0.0010006300   -0.0005213500   -0.0000064500
  -0.0007369200   -0.0003612400   -0.0000634000
  -0.0009142600    0.0012773100   -0.0000676000
   0.0009614800    0.0004273800    0.0000053500
  -0.0000485700    0.0000690000   -0.0000037700
  -0.0007816500    0.0013036800    0.0000177500
  -0.0000450900    0.0000709500    0.0000080200
   0.0005807400    0.0002008900    0.0000434700
   0.0042192600    0.0141202800    0.0000573100
  -0.0009552200    0.0017692300    0.0000037800
  -0.0001113600   -0.0000322600    0.0000077800
  -0.0001544700    0.0003188200   -0.0000099700
   0.0000014300    0.0000317800    0.0000053400
   0.0001007300    0.0000799000   -0.0000024400
  -0.0115926800   -0.0002451500   -0.0005519200
  -0.0000465200   -0.0000044500    0.0000060800
  -0.0009948200    0.0017443300   -0.0000367000
  -0.0148280300   -0.0027223300   -0.0000895100
   0.0068609200    0.0083629100   -0.0000755900
  -0.0001272800   -0.0000121400    0.0000153400
   0.0000512100   -0.0000467200   -0.0000253100
  -0.0010973800   -0.0000067400    0.0000547700
   0.0000159800   -0.0000689400   -0.0000168600
  -0.0009525900    0.0000153300    0.0001029700
  -0.0000521200    0.0000309800    0.0000029700
   0.0000200500    0.0000260300    0.0000227800
   0.0004459200    0.0007775000    0.0000302300
  -0.0097883500   -0.0011093400    0.0011421400
   0.0000800300   -0.0000422800    0.0000197900
   0.0000170200   -0.0000432800   -0.0000049400
  -0.0000278300    0.0000637800   -0.0000253000
   0.0000853500    0.0000908400    0.0000034100
   0.0084290600    0.0101853300    0.0001191700
   0.0005534900    0.0008573800   -0.0001294300
  -0.0000697700   -0.0000127600    0.0000173400
  -0.0061659900    0.0391114700    0.0285424600
   0.0000297900    0.0000591300    0.0000120800
   0.0001267800   -0.0000964100   -0.0000606400
   0.0000094800   -0.0000138600   -0.0000149400
  -0.0000060600    0.0000356400   -0.0000473300
   0.0000183400   -0.0000514200    0.0000189600
   0.0005685200    0.0011780300    0.0006117500
   0.0000328200    0.0000083000    0.0000014500
  -0.0007255200    0.0003633600    0.0000933600
  -0.0315389200    0.0256721900   -0.0288979300
  -0.0000183400    0.0000129200    0.0000566100
   0.0001213700    0.0007667700   -0.0001211100
  -0.0012923200    0.0001330800   -0.0004524000
  -0.0000975300    0.0000566400   -0.0000075700
   0.0000473300   -0.0000582200   -0.0000163000
   0.0000103900   -0.0000291100    0.0000234800
  -0.0000190400   -0.0000172500   -0.0000093400
   0.0000104200   -0.0001583600    0.0000731700
  -0.0302561400    0.0247363900    0.0277926700
  -0.0000158600    0.0000058300   -0.0000539900
   0.0000400800    0.0006912300    0.0001303700
  -0.0010501100    0.0000267000    0.0001427300
  -0.0000618700    0.0000492700   -0.0000244100
   0.0000364100   -0.0000402400    0.0000214500
  -0.0000145700   -0.0000015600   -0.0000401000
  -0.0000195900   -0.0000177700    0.0000037900
  -0.0000024800   -0.0001175100   -0.0001108000
  -0.0081072300    0.0137638800   -0.0006627000
  -0.0007486600   -0.0003708000   -0.0001526500
   0.0000133700   -0.0000170400   -0.0000500500
   0.0002085700    0.0000690700    0.0000444000
   0.0004243200    0.0002626400   -0.0000981700
   0.0000110400   -0.0000157400    0.0000034100
  -0.0001007000   -0.0001722100   -0.0000455700
   0.0000151600   -0.0000245100   -0.0000053100
   0.0000161700    0.0000127900    0.0000316900
  -0.0024847000   -0.0009613400   -0.0008376400
   0.0019779400   -0.0033276200    0.0001018600
   0.0000122400   -0.0000123800   -0.0000020700
   0.0000076000   -0.0000334400   -0.0000041500
   0.0000248900   -0.0000749300   -0.0000136900
   0.0000115500   -0.0000265200   -0.0000142100
   0.0020784100    0.0019250400    0.0005816200
   0.0000603000   -0.0000598800    0.0000418200
   0.0000257100   -0.0000355400    0.0000182300
  -0.0027563700   -0.0010904900    0.0009250300
   0.0020792100   -0.0036738800   -0.0000421600
   0.0000277100   -0.0000155300   -0.0000057200
   0.0000201300   -0.0000297100    0.0000054900
   0.0000236200   -0.0000907000    0.0000071300
  -0.0000045300   -0.0000176500    0.0000150400
   0.0021015000    0.0019192100   -0.0009526700
   0.0000759900   -0.0000725400    0.0000066000
   0.0000064000   -0.0000450700    0.0000000600
  -0.0085280400    0.0459004500   -0.0296985700
  -0.0000555800    0.0001122800    0.0000442100
   0.0001462500   -0.0000949500    0.0001475600
   0.0000128600    0.0000514000    0.0000548100
   0.0000093000    0.0000204800    0.0000847000
   0.0000211800   -0.0000549000   -0.0000185000
   0.0003945900    0.0013200600    0.0000842900
   0.0000228600    0.0000102300   -0.0000223200
  -0.0003201200    0.0004110900    0.0002032600
  -0.0082381500    0.0132266900    0.0005656900
  -0.0006442400   -0.0002934900    0.0001089900
   0.0000154600    0.0000011000    0.0000393300
   0.0002284200    0.0000145500   -0.0000375100
   0.0005913000    0.0004153700   -0.0003163900
   0.0000148400   -0.0000149800    0.0000028900
  -0.0001320100   -0.0001642100    0.0000426300
   0.0000185900   -0.0000327700    0.0000005500
  -0.0000198300   -0.0000015500   -0.0000297800

1    
  0.0049990207541360  -0.0086608193318945   0.0000000000000000
  -0.1147453000    0.1965807600   -0.0015067500
   0.0010160200    0.0005170500    0.0000065600
   0.0007185100    0.0003532500    0.0000626100
   0.0008829400   -0.0012425600    0.0000638600
  -0.0009587600   -0.0004112400   -0.0000069700
   0.0000484300   -0.0000689600    0.0000036200
   0.0007949600   -0.0013434700   -0.0000232100
   0.0000451100   -0.0000709300   -0.0000080500
  -0.0005971500   -0.0002092000   -0.0000449700
  -0.0043025700   -0.0134481800   -0.0000779700
   0.0009199100   -0.0017898300   -0.0000047700
   0.0001084800    0.0000317400   -0.0000077200
   0.0001546800   -0.0003190000    0.0000095100
  -0.0000004300   -0.0000321200   -0.0000054300
  -0.0001023900   -0.0000816100    0.0000021600
   0.0120886000   -0.0001111200    0.0005557100
   0.0000472400    0.0000054500   -0.0000061700
   0.0009912400   -0.0017502000    0.0000352300
   0.0147515100    0.0026485200    0.0000859300
  -0.0067275800   -0.0084480800    0.0000831400
   0.0001255300    0.0000122800   -0.0000153000
  -0.0000514700    0.0000451400    0.0000248800
   0.0010814800   -0.0000011500   -0.0000556100
  -0.0000146900    0.0000680300    0.0000166200
   0.0009730800    0.0000067300   -0.0001029000
   0.0000522700   -0.0000321900   -0.0000034100
  -0.0000218900   -0.0000261200   -0.0000231000
  -0.0004185200   -0.0007739500   -0.0000308000
   0.0097963000    0.0012920500   -0.0011468500
  -0.0000798100    0.0000441100   -0.0000200500
  -0.0000183800    0.0000433800    0.0000046000
   0.0000269300   -0.0000632400    0.0000248700
  -0.0000859100   -0.0000922100   -0.0000039100
  -0.0085446200   -0.0102154500   -0.0001244800
  -0.0005692600   -0.0008652400    0.0001288500
   0.0000693700    0.0000110800   -0.0000171800
   0.0061767100   -0.0382873100   -0.0276329800
  -0.0000270100   -0.0000593800   -0.0000121300
  -0.0001277800    0.0000940800    0.0000607600
  -0.0000084100    0.0000147500    0.0000154200
   0.0000057300   -0.0000352200    0.0000472100
  -0.0000186000    0.0000514100   -0.0000191800
  -0.0005665100   -0.0011839000   -0.0006033600
  -0.0000328400   -0.0000082700   -0.0000015700
   0.0007249700   -0.0003594700   -0.0001133700
   0.0322969000   -0.0261128400    0.0298252500
   0.0000184300   -0.0000135400   -0.0000568900
  -0.0001162500   -0.0007685600    0.0000964800
   0.0012883800   -0.0001266000    0.0004611600
   0.0000987700   -0.0000543600    0.0000077400
  -0.0000474300    0.0000578100    0.0000160800
  -0.0000090000    0.0000298200   -0.0000228100
   0.0000189600    0.0000174000    0.0000091800
  -0.0000130400    0.0001590900   -0.0000728800
   0.0309953000   -0.0251593200   -0.0287218300
   0.0000158700   -0.0000061600    0.0000542400
  -0.0000379700   -0.0006925500   -0.0001038900
   0.0010455000   -0.0000148600   -0.0001500900
   0.0000627900   -0.0000466000    0.0000247900
  -0.0000363800    0.0000398500   -0.0000212300
   0.0000158100    0.0000016700    0.0000409600
   0.0000196900    0.0000177500   -0.0000036600
   0.0000003700    0.0001166900    0.0001103000
   0.0078750700   -0.0139280300    0.0004694500
   0.0007426900    0.0003692800    0.0001543600
  -0.0000137100    0.0000171200    0.0000501600
  -0.0002068900   -0.0000656500   -0.0000434100
  -0.0004251700   -0.0002631400    0.0001021400
  -0.0000112100    0.0000157000   -0.0000034900
   0.0001036600    0.0001715100    0.0000461700
  -0.0000151800    0.0000245400    0.0000052200
  -0.0000165600   -0.0000135400   -0.0000315200
   0.0024679300    0.0009363800    0.0008178300
  -0.0020040800    0.0033150400   -0.0001036100
  -0.0000125100    0.0000124600    0.0000023300
  -0.0000075100    0.0000336900    0.0000049700
  -0.0000248900    0.0000763800    0.0000122200
  -0.0000115600    0.0000264200    0.0000144700
  -0.0021065700   -0.0019187800   -0.0005943700
  -0.0000593300    0.0000593300   -0.0000432400
  -0.0000292200    0.0000333800   -0.0000221400
   0.0027385100    0.0010607200   -0.0009010600
  -0.0021049300    0.0036548800    0.0000461600
  -0.0000278600    0.0000154200    0.0000055600
  -0.0000198600    0.0000299000   -0.0000061500
  -0.0000235800    0.0000917300   -0.0000056800
   0.0000044300    0.0000175700   -0.0000151900
  -0.0021352700   -0.0019200500    0.0009730600
  -0.0000748500    0.0000722100   -0.0000054200
  -0.0000097500    0.0000436300    0.0000032200
   0.0085367200   -0.0447954500    0.0286758600
   0.0000584600   -0.0001124100   -0.0000428500
  -0.0001473400    0.0000930800   -0.0001474600
  -0.0000118500   -0.0000502800   -0.0000534800
  -0.0000096000   -0.0000203000   -0.0000839100
  -0.0000215100    0.0000546400    0.0000186100
  -0.0003886400   -0.0013330200   -0.0000915100
  -0.0000229500   -0.0000103700    0.0000224800
   0.0003204800   -0.0004108700   -0.0001719700
   0.0079718700   -0.0133890700   -0.0003459000
   0.0006392300    0.0002925400   -0.0001104100
  -0.0000162100   -0.0000011000   -0.0000392800
  -0.0002263700   -0.0000114500    0.0000371800
  -0.0005934000   -0.0004219100    0.0003113600
  -0.0000149600    0.0000148700   -0.0000028200
   0.0001361200    0.0001642300   -0.0000433600
  -0.0000186000    0.0000327200   -0.0000004800
   0.0000198800    0.0000011500    0.0000296600

1    
 -0.0000009506667072  -0.0000005487243663   0.0099999999397567
   0.0000560600    0.0018698900   -0.2569406300
   0.0000523700   -0.0000433200    0.0004229700
  -0.0000370700   -0.0000336700    0.0004231900
   0.0000414500    0.0000436300    0.0006267000
   0.0000444300    0.0000790900    0.0004029900
  -0.0000025300    0.0000076800   -0.0000655400
   0.0001214100   -0.0000004500    0.0006255300
   0.0000002100   -0.0000041800   -0.0000655400
  -0.0000984800   -0.0000435800    0.0004023700
   0.0006606100    0.0003542800   -0.0036999600
  -0.0001336700   -0.0000362300   -0.0002214000
  -0.0000259800   -0.0000204400   -0.0000301200
   0.0000050500    0.0000140600   -0.0000547000
   0.0000141900   -0.0000002900   -0.0000298800
   0.0000141500    0.0000001800   -0.0000154200
   0.0002552000    0.0007160800   -0.0049410800
  -0.0000067300   -0.0000017000   -0.0000154200
   0.0000129600    0.0000011800   -0.0002216100
   0.0001981700   -0.0000245700   -0.0046779300
  -0.0001727100   -0.0000596100   -0.0064462300
   0.0000002700   -0.0000037300   -0.0000270500
   0.0000079100   -0.0000074400   -0.0000241600
  -0.0000155200   -0.0000132300    0.0001791200
  -0.0000100100   -0.0000129900   -0.0000030600
   0.0000028300    0.0000387100    0.0000792500
   0.0000002800   -0.0000126300    0.0000382200
   0.0000016000   -0.0000188100    0.0000207200
   0.0001092600   -0.0000347500    0.0002031700
  -0.0009656900    0.0002907300   -0.0064704500
   0.0000271400   -0.0000197100   -0.0000197800
  -0.0000101300   -0.0000005100   -0.0000284800
  -0.0000237400    0.0000135900    0.0000469100
  -0.0000032300    0.0000207800   -0.0000513000
  -0.0002704500    0.0008687200   -0.0056012000
   0.0000139200    0.0000027400    0.0003332400
   0.0000136000    0.0000047300    0.0000449700
  -0.0002132100    0.0330985600    0.0433655700
   0.0001429600   -0.0000078400   -0.0000058900
  -0.0001443400   -0.0000203800   -0.0000547600
  -0.0000296100    0.0000219900   -0.0000238200
   0.0000145000   -0.0000085600   -0.0000128000
  -0.0000025700    0.0000276900    0.0000007300
   0.0001115100   -0.0006944300    0.0003221000
   0.0000004300    0.0000221100   -0.0000010800
   0.0000587600   -0.0005392200    0.0006133100
   0.0298365200   -0.0174471700    0.0445981300
   0.0000006800    0.0000112800   -0.0000046400
  -0.0003829100    0.0003956400    0.0005351400
  -0.0006218800    0.0004752000    0.0002964700
   0.0000548200    0.0001107100    0.0000086100
   0.0000256900   -0.0000167900    0.0000016200
  -0.0000006700   -0.0000257000   -0.0000149800
   0.0000165900   -0.0000048500    0.0000088500
  -0.0000749300   -0.0000778600   -0.0000235700
  -0.0274209800    0.0163123700    0.0439001600
   0.0000024700   -0.0000085400    0.0000078600
   0.0003373600   -0.0003469900    0.0006062300
   0.0004232400   -0.0002523100    0.0005396100
  -0.0000460700   -0.0000981000    0.0000041500
  -0.0000225000    0.0000151400    0.0000043400
   0.0000027300    0.0000108800   -0.0000095900
  -0.0000135600    0.0000121300    0.0000072200
   0.0000790200    0.0000962100   -0.0000339700
   0.0281076200    0.0163110100    0.0435355000
  -0.0002713000    0.0000351800    0.0007774600
   0.0000163100   -0.0000047700    0.0000153800
   0.0000048300   -0.0001371500   -0.0000360700
  -0.0000774700   -0.0002432800    0.0009436600
   0.0000225900    0.0000123600    0.0000031900
  -0.0001439300    0.0000914200   -0.0000444800
   0.0000162400    0.0000142700   -0.0000007000
  -0.0000109300    0.0000073400    0.0000082800
   0.0014781100   -0.0012100400    0.0019647300
  -0.0012367800   -0.0009138200    0.0026767400
   0.0000009700    0.0000331300    0.0000128500
  -0.0000313600   -0.0000172300    0.0000218800
   0.0000169700    0.0000053900    0.0000756100
   0.0000202500   -0.0000119000    0.0000097400
  -0.0001356000    0.0017914700    0.0021856300
   0.0000162600    0.0000028900    0.0000738300
   0.0000091300   -0.0000050200    0.0001326000
  -0.0016055600    0.0009940900    0.0019546400
   0.0013616400    0.0006767500    0.0026675000
  -0.0000000800   -0.0000299300    0.0000102900
   0.0000286100    0.0000169400    0.0000173100
  -0.0000171100   -0.0000319100    0.0000781200
  -0.0000180900    0.0000109400    0.0000053900
   0.0001417500   -0.0018421600    0.0022250500
  -0.0000245400    0.0000051900    0.0000562400
   0.0000021000    0.0000132900    0.0001127000
   0.0004016800   -0.0341421600    0.0440570200
  -0.0001322700    0.0000608900    0.0000301900
   0.0001261700    0.0000609000   -0.0000114800
   0.0000211800   -0.0000099000    0.0000083900
  -0.0000119800    0.0000178800    0.0000178300
   0.0000018500   -0.0000260400    0.0000040200
  -0.0001166400    0.0003493500    0.0007029600
  -0.0000016900   -0.0000202200    0.0000110500
  -0.0000294300    0.0003091700    0.0008907300
  -0.0305486000   -0.0176308000    0.0445673600
   0.0003245900    0.0000170200    0.0007000900
  -0.0000255600    0.0000098300    0.0000050000
  -0.0000215600    0.0001611300   -0.0000446700
   0.0002454300    0.0003893200    0.0007638700
  -0.0000236600   -0.0000107500   -0.0000005800
   0.0001190500   -0.0000752200   -0.0000235100
  -0.0000221200   -0.0000094200    0.0000015700
   0.0000117000   -0.0000208700    0.0000037500

1    
  0.0000009506667072   0.0000005487243663  -0.0099999999397567
  -0.0001107600   -0.0018229700    0.2568082300
  -0.0000616400    0.0000361900   -0.0004231500
   0.0000438600    0.0000278200   -0.0004229200
  -0.0000361100   -0.0000484100   -0.0006287100
  -0.0000568200   -0.0000812700   -0.0004038300
   0.0000027100   -0.0000078200    0.0000651300
  -0.0001245000    0.0000094300   -0.0006298800
   0.0000000200    0.0000042900    0.0000651400
   0.0000952000    0.0000543200   -0.0004044200
  -0.0007851700   -0.0003266300    0.0036763200
   0.0001337000    0.0000350500    0.0002193400
   0.0000251600    0.0000214800    0.0000293300
  -0.0000059300   -0.0000148200    0.0000541800
  -0.0000149100    0.0000008300    0.0000295800
  -0.0000137000   -0.0000017500    0.0000151900
  -0.0002724100   -0.0008648100    0.0049449400
   0.0000069700    0.0000008400    0.0000152200
  -0.0000117100   -0.0000032700    0.0002191800
  -0.0002929100    0.0001210100    0.0046785000
   0.0003471200    0.0001528300    0.0064468800
  -0.0000000700    0.0000048900    0.0000267300
  -0.0000094600    0.0000065000    0.0000240800
   0.0000214300    0.0000104100   -0.0001790400
   0.0000113200    0.0000130500    0.0000028700
  -0.0000020500   -0.0000434100   -0.0000814800
   0.0000003200    0.0000141300   -0.0000386300
  -0.0000011800    0.0000199800   -0.0000210900
  -0.0001171800    0.0000387000   -0.0002049800
   0.0011483400   -0.0001623300    0.0064466300
  -0.0000266200    0.0000209500    0.0000189100
   0.0000083200   -0.0000005500    0.0000282400
   0.0000253600   -0.0000138300   -0.0000471300
   0.0000038700   -0.0000211400    0.0000507600
   0.0002723300   -0.0010516900    0.0056005000
  -0.0000156600    0.0000007700   -0.0003365900
  -0.0000124200   -0.0000051900   -0.0000452700
   0.0002284300   -0.0320065400   -0.0423276200
  -0.0001450900    0.0000118900    0.0000063400
   0.0001462000    0.0000238400    0.0000555400
   0.0000303400   -0.0000236700    0.0000236300
  -0.0000145500    0.0000065400    0.0000123600
   0.0000025400   -0.0000274300   -0.0000011800
  -0.0001194800    0.0007180900   -0.0003047300
  -0.0000005300   -0.0000218200    0.0000006600
  -0.0000538400    0.0005543200   -0.0006033200
  -0.0288953900    0.0169146500   -0.0436194900
  -0.0000021600   -0.0000104600    0.0000041000
   0.0003952800   -0.0003985400   -0.0005259900
   0.0006387600   -0.0004911300   -0.0002789500
  -0.0000522100   -0.0001141000   -0.0000076700
  -0.0000255000    0.0000166600   -0.0000019600
  -0.0000005400    0.0000270900    0.0000144700
  -0.0000163000    0.0000044400   -0.0000091900
   0.0000792000    0.0000774900    0.0000246300
   0.0283510400   -0.0168567200   -0.0448957600
  -0.0000041200    0.0000094000   -0.0000077600
  -0.0003217600    0.0003431400   -0.0006186700
  -0.0004146000    0.0002436900   -0.0005517000
   0.0000482800    0.0000945200   -0.0000044900
   0.0000226700   -0.0000152000   -0.0000045100
  -0.0000041200   -0.0000103100    0.0000097000
   0.0000138300   -0.0000123700   -0.0000075400
  -0.0000755000   -0.0000968400    0.0000332800
  -0.0290515700   -0.0168867000   -0.0444462500
   0.0002474000   -0.0000388400   -0.0007924800
  -0.0000143900    0.0000053600   -0.0000156700
  -0.0000055800    0.0001335700    0.0000353200
   0.0000701700    0.0002327800   -0.0009525700
  -0.0000228000   -0.0000124500   -0.0000033500
   0.0001412000   -0.0000911700    0.0000442000
  -0.0000165000   -0.0000144200    0.0000007800
   0.0000124300   -0.0000066300   -0.0000086200
  -0.0014958400    0.0012156800   -0.0019655300
   0.0012452400    0.0009182500   -0.0026742600
  -0.0000009900   -0.0000334400   -0.0000131600
   0.0000316200    0.0000174300   -0.0000221500
  -0.0000171500   -0.0000031600   -0.0000769700
  -0.0000205100    0.0000120600   -0.0000101900
   0.0001315900   -0.0018089700   -0.0021894700
  -0.0000144300   -0.0000039500   -0.0000751000
  -0.0000109300    0.0000040300   -0.0001338100
   0.0015904800   -0.0009884400   -0.0019469200
  -0.0013572600   -0.0006726500   -0.0026624100
   0.0000000300    0.0000295300   -0.0000105100
  -0.0000283400   -0.0000169000   -0.0000178300
   0.0000171400    0.0000338400   -0.0000772900
   0.0000178200   -0.0000109400   -0.0000056300
  -0.0001466700    0.0018322800   -0.0022252200
   0.0000264700   -0.0000062900   -0.0000552300
  -0.0000039200   -0.0000141900   -0.0001119200
  -0.0003781100    0.0352251500   -0.0448997900
   0.0001303400   -0.0000574600   -0.0000305200
  -0.0001241100   -0.0000577200    0.0000104800
  -0.0000209500    0.0000076800   -0.0000081800
   0.0000123100   -0.0000201900   -0.0000177100
  -0.0000018600    0.0000263000   -0.0000041700
   0.0001133800   -0.0003329300   -0.0007172800
   0.0000016600    0.0000204800   -0.0000111200
   0.0000318500   -0.0002994600   -0.0008978000
   0.0295703900    0.0170588800   -0.0436432700
  -0.0003447900   -0.0000187800   -0.0006884500
   0.0000270500   -0.0000092200   -0.0000052900
   0.0000204900   -0.0001643800    0.0000456700
  -0.0002602600   -0.0004061200   -0.0007511800
   0.0000234000    0.0000105500    0.0000001900
  -0.0001229400    0.0000760500    0.0000242000
   0.0000218900    0.0000092100   -0.0000022400
  -0.0000101200    0.0000221000   -0.0000042000

19   
  0.0100000000000000   0.0000000000000000   0.0000000000000000
   0.0113146200   -0.0108700200    0.0002443700
   0.0001918700   -0.0000356000    0.0000000900
   0.0032139800    0.0097379600   -0.0002622300
   0.0016116700   -0.0001776900    0.0000043600
   0.0000350900    0.0000442100    0.0000015200
   0.0000042400   -0.0000571500    0.0000000900
  -0.0000124300    0.0000519000    0.0000086100
  -0.0000368100   -0.0000045600   -0.0000106900
   0.0020110000   -0.0000782300   -0.0000197900
   0.0041785000    0.0136817500    0.0000556900
   0.0000167800   -0.0000267900   -0.0000161300
   0.0006039700    0.0009651800   -0.0000207100
  -0.0000633800   -0.0000187400   -0.0000019200
   0.0000586200    0.0001192400   -0.0000036500
   0.0000145200    0.0000076200   -0.0000116500
   0.0004507500    0.0008186800    0.0000374700
  -0.0000029300    0.0000583200   -0.0000165700
   0.0043395100   -0.0098104800   -0.0002244700
  -0.2337313800    0.0012629200   -0.0000365100
   0.0011607400    0.0004757500   -0.0000347100
   0.0011195500   -0.0001674900    0.0000370200
  -0.0001334700   -0.0001390000    0.0000133100
   0.0001255000    0.0004247700   -0.0000104200
   0.0000312000   -0.0000011300    0.0000018700
  -0.0001279600   -0.0009759300   -0.0000330400
   0.0000312000   -0.0000011700   -0.0000014700
   0.0001180100    0.0010493700    0.0000134000
   0.0039234800   -0.0105591400   -0.0001454900
   0.0002265500   -0.0007777300    0.0000363300
  -0.0000410300    0.0000181500    0.0000154600
   0.0000183200   -0.0000779300    0.0000076100
   0.0000069800    0.0000515900   -0.0000032500
  -0.0000213800   -0.0000668200    0.0000202800
   0.0040505600    0.0068626900    0.0002674600
  -0.0000096500   -0.0000236400    0.0000103800
   0.0002346100   -0.0007739800   -0.0000281400
   0.0007366800    0.0027035000    0.0011108100
  -0.0000394400    0.0000062400    0.0000066500
   0.0012282900   -0.0028164300   -0.0011481000
  -0.0000271900   -0.0000092500   -0.0000125700
  -0.0000182100   -0.0000207900   -0.0000000200
  -0.0000185300    0.0000085100    0.0000169400
  -0.0000507600    0.0000084300    0.0000171300
  -0.0000556800   -0.0000155800   -0.0000198700
  -0.0035843100    0.0002614100   -0.0002844700
   0.0003910000    0.0009612800   -0.0002341900
   0.0000700800    0.0000242900    0.0000348100
   0.0389818700    0.0159479500   -0.0303825200
   0.0005434300   -0.0005923000   -0.0001234100
  -0.0000340200   -0.0000041000   -0.0000121100
  -0.0000956600    0.0000150100    0.0001014800
   0.0000039100    0.0000129100    0.0000017300
   0.0000361600    0.0000534600    0.0000576300
   0.0000326500   -0.0000144800    0.0000426900
   0.0005532100    0.0008088600    0.0002195600
   0.0000830100    0.0000335400   -0.0000367800
   0.0381043000    0.0152674200    0.0302649500
   0.0005183500   -0.0004275800    0.0001845400
  -0.0000300400   -0.0000071300    0.0000115600
  -0.0000913400   -0.0000193900   -0.0001155600
   0.0000059900    0.0000152400    0.0000006100
   0.0000392200    0.0000616800   -0.0000631800
   0.0000599700   -0.0000167400   -0.0000618300
   0.0437687400   -0.0160396900   -0.0317845000
   0.0001059700   -0.0000508800    0.0000192200
   0.0008742400   -0.0010574100   -0.0002198900
   0.0004566700    0.0001155800    0.0000449100
  -0.0001060600    0.0000413600    0.0001194500
  -0.0000128300    0.0000045300   -0.0000129000
   0.0000219900   -0.0000354800    0.0000836500
   0.0000029500   -0.0000152700   -0.0000160800
   0.0000413000   -0.0000146400    0.0000642800
   0.0152639400    0.0005095300   -0.0009497100
   0.0000355300   -0.0001957500    0.0000342100
  -0.0000061000    0.0001378800   -0.0000386700
   0.0000065700   -0.0000490100    0.0000268300
  -0.0000344700    0.0000341900   -0.0000521600
  -0.0000030200   -0.0000029000   -0.0000074200
  -0.0000610700   -0.0005263900   -0.0000367300
  -0.0000252800    0.0000021400   -0.0000026400
  -0.0000285500    0.0008805000   -0.0001275000
   0.0149742000    0.0005135200    0.0009949400
  -0.0000095600   -0.0001665300   -0.0000357500
  -0.0000543700    0.0001063800    0.0000440600
   0.0000092100   -0.0000346900   -0.0000153800
  -0.0000280100    0.0000212800    0.0000497400
  -0.0000104200   -0.0000017600    0.0000043900
  -0.0000652600   -0.0005366900   -0.0000196100
  -0.0000281800    0.0000019000    0.0000022200
  -0.0000637400    0.0008871200    0.0002245100
   0.0003482700    0.0028438600   -0.0008968400
  -0.0000301200    0.0000055100   -0.0000060900
   0.0009263900   -0.0029515000    0.0009485600
  -0.0000439400    0.0000003100    0.0000166500
  -0.0000209000   -0.0000119700    0.0000024900
  -0.0000234900   -0.0000011500   -0.0000224100
  -0.0000756100    0.0000157100   -0.0000559300
  -0.0001007200   -0.0000278600    0.0000551900
  -0.0042506600    0.0001815000    0.0002003500
   0.0448042500   -0.0168161100    0.0319580200
   0.0000887700   -0.0000410300   -0.0000185000
   0.0007025000   -0.0012025800    0.0002338600
   0.0004797900    0.0003161600   -0.0001004300
  -0.0001050500    0.0000135100   -0.0001006700
  -0.0000187300    0.0000029200    0.0000169500
   0.0000234700   -0.0000332600   -0.0000717300
   0.0000007100   -0.0000175400    0.0000151300
   0.0000163800   -0.0000381700   -0.0000390400

19   
 -0.0100000000000000   0.0000000000000000   0.0000000000000000
  -0.0106699300    0.0106009100   -0.0002475800
  -0.0001928900    0.0000345000   -0.0000003000
  -0.0037287700   -0.0099593500    0.0002557600
  -0.0016178600    0.0001819600   -0.0000008100
  -0.0000334000   -0.0000434900   -0.0000012700
  -0.0000060700    0.0000575600    0.0000001400
   0.0000119000   -0.0000526000   -0.0000087600
   0.0000372000    0.0000030200    0.0000106400
  -0.0020145800    0.0001143300    0.0000168300
  -0.0041854200   -0.0135985500   -0.0000662300
  -0.0000189700    0.0000290500    0.0000160600
  -0.0005970200   -0.0009919500    0.0000180100
   0.0000626200    0.0000215400    0.0000014500
  -0.0000579700   -0.0001182700    0.0000036200
  -0.0000167900   -0.0000075100    0.0000115300
  -0.0004484900   -0.0008040700   -0.0000362700
   0.0000021200   -0.0000579500    0.0000166200
  -0.0044935300    0.0097470900    0.0002196600
   0.2332780500    0.0005609000   -0.0000137800
  -0.0011148700   -0.0004651400    0.0000339200
  -0.0011559400    0.0001726700   -0.0000376000
   0.0001367200    0.0001548500   -0.0000138600
  -0.0001219200   -0.0004059900    0.0000100800
  -0.0000311500    0.0000008400   -0.0000018100
   0.0001422100    0.0009635600    0.0000333600
  -0.0000312000    0.0000007500    0.0000014100
  -0.0001293600   -0.0010624300   -0.0000127800
  -0.0038916300    0.0106649600    0.0001308300
  -0.0002349800    0.0007593500   -0.0000382400
   0.0000422700   -0.0000163800   -0.0000156300
  -0.0000190900    0.0000784500   -0.0000075800
  -0.0000077800   -0.0000504900    0.0000028100
   0.0000229900    0.0000663700   -0.0000203100
  -0.0038814600   -0.0069580000   -0.0002723800
   0.0000099800    0.0000238500   -0.0000103000
  -0.0002301300    0.0007880200    0.0000295200
  -0.0007522000   -0.0026776000   -0.0010745800
   0.0000395900   -0.0000070300   -0.0000068100
  -0.0012093500    0.0028356000    0.0011726600
   0.0000275200    0.0000112300    0.0000147200
   0.0000176800    0.0000208900   -0.0000000900
   0.0000188600   -0.0000085700   -0.0000170000
   0.0000513200   -0.0000089500   -0.0000155500
   0.0000551400    0.0000149000    0.0000209900
   0.0035865000   -0.0002325200    0.0002968900
  -0.0003814700   -0.0009594000    0.0002452800
  -0.0000710000   -0.0000255400   -0.0000351100
  -0.0397590400   -0.0164326700    0.0314261200
  -0.0005480700    0.0005899200    0.0000989700
   0.0000342400    0.0000044100    0.0000120000
   0.0000964400   -0.0000123100   -0.0001013500
  -0.0000040200   -0.0000130600   -0.0000018300
  -0.0000368400   -0.0000534400   -0.0000578900
  -0.0000307000    0.0000129000   -0.0000420600
  -0.0005433300   -0.0008065200   -0.0002300400
  -0.0000840300   -0.0000349300    0.0000371300
  -0.0388698500   -0.0157408100   -0.0312826800
  -0.0005230400    0.0004234600   -0.0001607800
   0.0000301100    0.0000074000   -0.0000115000
   0.0000919100    0.0000208400    0.0001163000
  -0.0000061000   -0.0000153700   -0.0000005000
  -0.0000400200   -0.0000618300    0.0000632800
  -0.0000589000    0.0000152700    0.0000619400
  -0.0428210500    0.0154495000    0.0306783700
  -0.0001052100    0.0000491400   -0.0000185800
  -0.0008888500    0.0010619600    0.0002106100
  -0.0004570500   -0.0001156100   -0.0000228100
   0.0001051800   -0.0000407500   -0.0001181000
   0.0000127700   -0.0000045400    0.0000129000
  -0.0000216800    0.0000353100   -0.0000832200
  -0.0000032000    0.0000153600    0.0000162100
  -0.0000419400    0.0000123200   -0.0000630800
  -0.0153015800   -0.0002189200    0.0007583500
  -0.0000340200    0.0001932000   -0.0000339700
   0.0000029500   -0.0001394300    0.0000384100
  -0.0000071500    0.0000492800   -0.0000265900
   0.0000344200   -0.0000342700    0.0000520400
   0.0000029300    0.0000027600    0.0000074600
   0.0000568300    0.0005248000    0.0000434500
   0.0000250500   -0.0000023800    0.0000025700
   0.0000297300   -0.0008786900    0.0001292900
  -0.0150101700   -0.0002303300   -0.0007905700
   0.0000115800    0.0001632300    0.0000361500
   0.0000507300   -0.0001089800   -0.0000430200
  -0.0000096400    0.0000347900    0.0000153200
   0.0000278800   -0.0000215900   -0.0000495200
   0.0000102700    0.0000015400   -0.0000044500
   0.0000624800    0.0005345400    0.0000127900
   0.0000280100   -0.0000021300   -0.0000020900
   0.0000634500   -0.0008857600   -0.0002269000
  -0.0003609000   -0.0028098400    0.0008696800
   0.0000302300   -0.0000062100    0.0000069500
  -0.0009085800    0.0029790400   -0.0009609800
   0.0000442200    0.0000032700   -0.0000192500
   0.0000207000    0.0000119600   -0.0000021800
   0.0000234800    0.0000010200    0.0000226400
   0.0000762300   -0.0000164600    0.0000543900
   0.0001001300    0.0000270400   -0.0000562700
   0.0042527800   -0.0001484700   -0.0002036900
  -0.0438436100    0.0162134500   -0.0308270000
  -0.0000880900    0.0000394600    0.0000179600
  -0.0007166700    0.0012057000   -0.0002231100
  -0.0004792800   -0.0003147200    0.0000778800
   0.0001040600   -0.0000119500    0.0000995500
   0.0000185300   -0.0000028100   -0.0000169800
  -0.0000232900    0.0000332800    0.0000712600
  -0.0000008800    0.0000176300   -0.0000153000
  -0.0000180400    0.0000356200    0.0000382000

19   
 -0.0000009506667072  -0.0000005487243663   0.0099999999397567
   0.0000665600   -0.0000541200   -0.0046776200
  -0.0000004700    0.0000181300   -0.0000269000
  -0.0000359400   -0.0000220800   -0.0064452600
   0.0000024400    0.0001209800    0.0000800500
  -0.0000150900    0.0000168800    0.0000208200
   0.0000220400    0.0000167000    0.0000382700
   0.0000100100   -0.0000233800   -0.0000242100
  -0.0000073600   -0.0000231600   -0.0000030600
  -0.0000051800    0.0000614000    0.0001781000
  -0.0000135700    0.0000847100   -0.0046776800
   0.0000070600   -0.0000215000    0.0000208200
   0.0000505700   -0.0000351900    0.0001781000
  -0.0000152400    0.0000203500   -0.0000242100
   0.0000154600   -0.0000094800   -0.0000269100
   0.0000254900    0.0000107300    0.0000382700
   0.0001059700   -0.0000583900    0.0000800600
  -0.0000237400    0.0000052100   -0.0000030700
  -0.0000370700   -0.0000200800   -0.0064451800
   0.0000482100    0.0000277500   -0.2588426800
   0.0000340200   -0.0000086600    0.0007330700
  -0.0000297300    0.0000051000    0.0007331000
  -0.0000266800    0.0000344700    0.0005260400
   0.0000094700    0.0000338000    0.0007330200
  -0.0000015000   -0.0000008700   -0.0000688400
   0.0000165200   -0.0000403300    0.0005260500
   0.0000016700    0.0000009600   -0.0000688800
  -0.0000105000   -0.0000282700    0.0007330500
   0.0000004200    0.0000498800   -0.0081041300
  -0.0000255900   -0.0000147700    0.0004756300
  -0.0000115800   -0.0000272800    0.0000291500
  -0.0000068900   -0.0000040000   -0.0000340000
   0.0000164600    0.0000213800    0.0000557800
  -0.0000294500    0.0000036300    0.0000291500
   0.0000434000   -0.0000245700   -0.0081041600
   0.0000267300    0.0000035500    0.0000557900
  -0.0000820100   -0.0000473300    0.0005219200
   0.0018330700    0.0010580500    0.0018952600
   0.0000015900   -0.0000359200    0.0000032700
  -0.0017138000    0.0008298900    0.0025923000
   0.0000164500   -0.0000592000    0.0000183700
  -0.0000303200    0.0000193500    0.0000032700
   0.0000191100    0.0000110300   -0.0000043700
  -0.0000430300    0.0000438500    0.0000183700
   0.0000572600    0.0000330600   -0.0000102000
  -0.0001386300   -0.0018991100    0.0025923100
   0.0005745300    0.0003291600    0.0004908200
  -0.0000011700    0.0000080800   -0.0000194400
  -0.0303801000   -0.0175353600    0.0453512800
   0.0005724100    0.0003328400    0.0004908200
  -0.0000214900   -0.0000124000   -0.0000046600
  -0.0001177800    0.0001633900   -0.0000570200
  -0.0000123000   -0.0000071100    0.0000087500
   0.0000064100   -0.0000050600   -0.0000194500
   0.0000825800   -0.0001837100   -0.0000570200
  -0.0006712800   -0.0002785800    0.0006020500
   0.0000116400   -0.0000188100   -0.0000234900
   0.0293076500    0.0169163400    0.0442219500
  -0.0005770000   -0.0004419300    0.0006020600
   0.0000247200    0.0000142800   -0.0000022900
   0.0000905900   -0.0001479700   -0.0000297600
   0.0000206800    0.0000119300    0.0000076200
  -0.0000104600    0.0000194900   -0.0000234900
  -0.0000828300    0.0001524500   -0.0000297600
  -0.0299749200    0.0166571700    0.0445448300
  -0.0000446200   -0.0000110400   -0.0000143200
   0.0006041600    0.0000894900    0.0007822100
   0.0002021700   -0.0004204600    0.0010340500
  -0.0000510900   -0.0001951600   -0.0000773000
  -0.0000237100    0.0000101500   -0.0000035500
   0.0000189900    0.0000092600   -0.0000031500
  -0.0000266500    0.0000170400    0.0000012000
   0.0001301700    0.0001290600   -0.0000455400
  -0.0005696900   -0.0342874700    0.0445448600
  -0.0001945600    0.0000533800   -0.0000773000
   0.0001768700    0.0000481600   -0.0000455300
   0.0000175200    0.0000118100   -0.0000031500
  -0.0000318800   -0.0000331100   -0.0000143100
  -0.0000030800   -0.0000256100   -0.0000035500
  -0.0002629600    0.0003853700    0.0010340600
   0.0000014400   -0.0000316000    0.0000012000
   0.0003797000    0.0004783800    0.0007822200
   0.0004851900    0.0356464400    0.0455463200
   0.0002165000   -0.0000357600   -0.0000946000
  -0.0002017000   -0.0000347300   -0.0000630500
  -0.0000076100   -0.0000133100   -0.0000013900
   0.0000193700    0.0000234400   -0.0000145600
   0.0000017800    0.0000217000   -0.0000074400
   0.0001524600   -0.0003630700    0.0009064100
  -0.0000003300    0.0000211500    0.0000010000
  -0.0003160700   -0.0004389300    0.0006896000
  -0.0019842900   -0.0011453300    0.0017148000
  -0.0000010300    0.0000352500    0.0000094200
   0.0019018500   -0.0009203700    0.0024372400
  -0.0000189200    0.0000139000    0.0000828700
   0.0000300100   -0.0000185300    0.0000094200
  -0.0000213800   -0.0000123500    0.0000001900
   0.0000025700   -0.0000233300    0.0000828700
  -0.0000359800   -0.0000207600    0.0000373600
   0.0001543400    0.0021072100    0.0024372400
   0.0311093900   -0.0174100900    0.0455463600
   0.0000299900    0.0000050600   -0.0000145500
  -0.0005381800   -0.0000541400    0.0006896100
  -0.0002381200    0.0003136200    0.0009064200
   0.0000773300    0.0002053500   -0.0000946000
   0.0000196800   -0.0000093200   -0.0000074500
  -0.0000153300    0.0000000700   -0.0000014000
   0.0000181400   -0.0000108800    0.0000010000
  -0.0001309600   -0.0001572900   -0.0000630400

19   
  0.0000009506667072   0.0000005487243663  -0.0099999999397567
   0.0000474000    0.0001337900    0.0046786500
  -0.0000003900   -0.0000172200    0.0000269200
  -0.0001548500    0.0000952000    0.0064474200
  -0.0000076600   -0.0001227900   -0.0000807800
   0.0000160800   -0.0000181000   -0.0000210200
  -0.0000231300   -0.0000167300   -0.0000386100
  -0.0000094700    0.0000233500    0.0000240600
   0.0000055600    0.0000229600    0.0000028900
   0.0000039100   -0.0000610700   -0.0001804000
   0.0001395900   -0.0000258500    0.0046787000
  -0.0000076200    0.0000229800   -0.0000210200
  -0.0000509300    0.0000339300   -0.0001804000
   0.0000154700   -0.0000198800    0.0000240600
  -0.0000151000    0.0000083000    0.0000269100
  -0.0000260600   -0.0000116600   -0.0000386000
  -0.0001101500    0.0000547900   -0.0000807700
   0.0000226600   -0.0000066700    0.0000028800
   0.0000049800   -0.0001817000    0.0064473600
   0.0000251200    0.0000146600    0.2587663100
  -0.0000405500    0.0000042700   -0.0007328800
   0.0000389800   -0.0000109500   -0.0007328600
   0.0000396200   -0.0000352100   -0.0005257100
  -0.0000165600   -0.0000373000   -0.0007328500
   0.0000014200    0.0000008300    0.0000688800
  -0.0000106600    0.0000519100   -0.0005257200
  -0.0000019800   -0.0000011400    0.0000688300
   0.0000100600    0.0000392100   -0.0007328100
  -0.0001833100    0.0001158800    0.0081073400
   0.0000326200    0.0000188400   -0.0004780800
   0.0000124000    0.0000290000   -0.0000293400
   0.0000061700    0.0000035500    0.0000340500
  -0.0000179500   -0.0000213300   -0.0000559000
   0.0000313100   -0.0000037700   -0.0000293500
   0.0000086200   -0.0002167000    0.0081073300
  -0.0000274600   -0.0000049000   -0.0000558900
   0.0000860000    0.0000496500   -0.0005215500
  -0.0018135400   -0.0010467700   -0.0018902700
  -0.0000014100    0.0000354500   -0.0000034400
   0.0017030300   -0.0008184900   -0.0025911800
  -0.0000165300    0.0000606000   -0.0000173300
   0.0000299800   -0.0000189500   -0.0000034500
  -0.0000187900   -0.0000108500    0.0000044900
   0.0000442100   -0.0000446200   -0.0000173300
  -0.0000583500   -0.0000336800    0.0000107700
   0.0001431100    0.0018840800   -0.0025911800
  -0.0005848200   -0.0003324600   -0.0004791000
   0.0000024900   -0.0000074000    0.0000188800
   0.0294042100    0.0169720800   -0.0443627200
  -0.0005804000   -0.0003401000   -0.0004791100
   0.0000214200    0.0000123600    0.0000045200
   0.0001157200   -0.0001660000    0.0000571900
   0.0000120200    0.0000069300   -0.0000087300
  -0.0000051700    0.0000058500    0.0000188800
  -0.0000858600    0.0001832200    0.0000571900
   0.0006615600    0.0002747600   -0.0006134700
  -0.0000103600    0.0000193300    0.0000241600
  -0.0302678800   -0.0174706100   -0.0451888000
   0.0005688300    0.0004354200   -0.0006134600
  -0.0000247600   -0.0000142900    0.0000026300
  -0.0000929500    0.0001454600    0.0000300000
  -0.0000210700   -0.0000121600   -0.0000074700
   0.0000115600   -0.0000186400    0.0000241600
   0.0000794600   -0.0001532500    0.0000300000
   0.0309581100   -0.0172522500   -0.0454448200
   0.0000431000    0.0000114100    0.0000146700
  -0.0005877200   -0.0000922100   -0.0007967000
  -0.0001962200    0.0004121800   -0.0010414600
   0.0000521100    0.0001924500    0.0000770900
   0.0000237000   -0.0000102300    0.0000038500
  -0.0000205600   -0.0000085800    0.0000035200
   0.0000268500   -0.0000172800   -0.0000007500
  -0.0001271800   -0.0001291000    0.0000458500
   0.0005461500    0.0354365100   -0.0454448600
   0.0001927200   -0.0000511400    0.0000770900
  -0.0001754100   -0.0000455600    0.0000458500
  -0.0000177200   -0.0000135200    0.0000035200
   0.0000314300    0.0000316100    0.0000146700
   0.0000029900    0.0000256400    0.0000038500
   0.0002587600   -0.0003760700   -0.0010414600
  -0.0000015300    0.0000318900   -0.0000007400
  -0.0003738200   -0.0004627800   -0.0007966900
  -0.0005115500   -0.0344824000   -0.0446314700
  -0.0002185500    0.0000376100    0.0000952800
   0.0002035400    0.0000369800    0.0000631700
   0.0000072200    0.0000114900    0.0000010400
  -0.0000194800   -0.0000249900    0.0000142300
  -0.0000018500   -0.0000216400    0.0000073000
  -0.0001574200    0.0003727700   -0.0008998900
   0.0000003600   -0.0000209600   -0.0000012600
   0.0003232900    0.0004557400   -0.0006758800
   0.0019980600    0.0011532800   -0.0017137600
   0.0000011800   -0.0000356600   -0.0000091600
  -0.0019030200    0.0009277500   -0.0024317800
   0.0000189700   -0.0000119000   -0.0000838200
  -0.0000302900    0.0000188600   -0.0000091600
   0.0000216200    0.0000124700   -0.0000001900
  -0.0000008000    0.0000223700   -0.0000838200
   0.0000342300    0.0000197600   -0.0000378200
  -0.0001485300   -0.0021119000   -0.0024317800
  -0.0301146400    0.0168049800   -0.0446314800
  -0.0000313700   -0.0000043600    0.0000142100
   0.0005563300    0.0000519700   -0.0006758800
   0.0002440500   -0.0003227800   -0.0008998900
  -0.0000767500   -0.0002080500    0.0000952700
  -0.0000196600    0.0000092100    0.0000072900
   0.0000135800    0.0000005100    0.0000010400
  -0.0000179800    0.0000107800   -0.0000012700
   0.0001338400    0.0001577400    0.0000631700

28   
  0.0100000000000000   0.0000000000000000   0.0000000000000000
   0.0003763400    0.0007232000    0.0001134600
  -0.0000423700    0.0000678000    0.0000267300
   0.0044125800   -0.0087457600   -0.0010604800
   0.0036626500    0.0119611800   -0.0002722400
   0.0000475700   -0.0000514100    0.0000129100
   0.0005641000    0.0009582300    0.0000138800
  -0.0000615700   -0.0000137200   -0.0000092100
   0.0000355800    0.0001196200   -0.0000037700
   0.0000326300   -0.0000121000   -0.0000246700
   0.0086530900   -0.0104204900    0.0006981800
   0.0002035500   -0.0000238300    0.0000163000
   0.0046860000    0.0095892100   -0.0003456200
   0.0014960200   -0.0001606000    0.0000240600
   0.0000020600    0.0000529400    0.0000107400
  -0.0000099400   -0.0000529000   -0.0000004400
  -0.0000033300    0.0000305800   -0.0000045500
  -0.0000233700   -0.0000174200   -0.0000041700
   0.0019597900   -0.0000343400    0.0000078300
   0.0039997400    0.0069057600    0.0000949800
  -0.0000412900   -0.0000553400   -0.0000121100
   0.0002335100   -0.0007611600   -0.0000292800
   0.0039814000   -0.0105959000    0.0000150700
   0.0002280400   -0.0007909400   -0.0000839600
  -0.0000091000    0.0000617400    0.0000269500
   0.0000186200   -0.0000778400   -0.0000064800
  -0.0000220000    0.0000067900   -0.0000304500
   0.0000084400   -0.0000337700    0.0000171100
  -0.2337682500    0.0010160600   -0.0018418200
   0.0008829600    0.0003883600   -0.0000954600
   0.0008466500   -0.0002486300    0.0000867800
  -0.0002300300   -0.0001912200    0.0000585800
  -0.0000699900    0.0002965900   -0.0000316900
   0.0000286700   -0.0000015600    0.0000022600
  -0.0002238900   -0.0009512800    0.0000134600
   0.0000286400   -0.0000018500   -0.0000029200
  -0.0000766700    0.0009163300   -0.0000195900
   0.0003033100    0.0009664300   -0.0003815200
   0.0000805700    0.0000171000    0.0000223200
   0.0370551500    0.0148840600   -0.0291898500
   0.0005909500   -0.0005846200   -0.0001337600
  -0.0000234400   -0.0000032400   -0.0000110700
  -0.0000901600    0.0000021400    0.0000998400
   0.0000061400    0.0000188800    0.0000046400
   0.0000424900    0.0000601300    0.0000589300
   0.0000084500    0.0000086500    0.0000253100
  -0.0000585400    0.0000101100    0.0000186400
  -0.0000593900   -0.0000068500   -0.0000268400
  -0.0039542200    0.0002709500   -0.0002271800
   0.0008909400    0.0028437600    0.0011699600
  -0.0000430900    0.0000059900    0.0000005000
   0.0012405200   -0.0030906600   -0.0011692500
  -0.0000392800   -0.0000165000   -0.0000093500
  -0.0000141400   -0.0000218900   -0.0000069800
  -0.0000246900    0.0000153200    0.0000185200
  -0.0000600400    0.0000194000   -0.0000526900
  -0.0000571000   -0.0000113900    0.0000294200
  -0.0036275800    0.0002608900    0.0001284700
   0.0009674600    0.0027865600   -0.0008293900
  -0.0000418500   -0.0000031100   -0.0000060600
   0.0012638700   -0.0027833300    0.0011433900
  -0.0000363700    0.0000044800   -0.0000043100
  -0.0000206600   -0.0000149600    0.0000030400
  -0.0000219800    0.0000069800   -0.0000085900
  -0.0000966700   -0.0005825200   -0.0000334800
  -0.0000258900    0.0000013600   -0.0000006500
  -0.0001241000    0.0006024600    0.0000958400
   0.0150660400    0.0006264300   -0.0004618800
  -0.0000207500   -0.0001655100    0.0000667400
  -0.0000307900    0.0001331600   -0.0000757600
  -0.0000005500   -0.0000530000    0.0000293200
  -0.0000229000    0.0000658000   -0.0000463500
  -0.0000051100    0.0000010000   -0.0000055100
   0.0426243300   -0.0159128900   -0.0309379700
   0.0000943300   -0.0000417500    0.0000425700
   0.0004830400   -0.0010112600    0.0000449400
   0.0004575700    0.0002451100    0.0000398000
  -0.0000620500    0.0000268300    0.0001347200
  -0.0000116500    0.0000033900   -0.0000145900
   0.0000169900   -0.0000318300    0.0000815800
   0.0000049200   -0.0000174700   -0.0000112100
   0.0000287200   -0.0000339600    0.0000710500
   0.0443725500   -0.0162770000    0.0316955500
   0.0000984700   -0.0000358200   -0.0000188800
   0.0006470500   -0.0011589700    0.0002247200
   0.0004581500    0.0003475900   -0.0000310600
  -0.0001077300    0.0000307800   -0.0001079500
  -0.0000161000    0.0000040500    0.0000108400
   0.0000251400   -0.0000358600   -0.0000836700
   0.0000038000   -0.0000159700    0.0000169000
   0.0000335300   -0.0000672400   -0.0000394500
   0.0005427200    0.0009161700   -0.0002681200
   0.0001031200    0.0000424600   -0.0000810800
   0.0444313900    0.0168039000    0.0312224500
   0.0004868000   -0.0002957600    0.0000047200
  -0.0000279600   -0.0000093000    0.0000076000
  -0.0000989900    0.0000148400   -0.0001912100
   0.0000049400    0.0000177800    0.0000106400
   0.0000305400    0.0000568700   -0.0000878800
   0.0000928900   -0.0000300800   -0.0001062400
  -0.0000754500   -0.0004829500    0.0000764600
  -0.0000250000    0.0000018000    0.0000019100
  -0.0000871000    0.0008397100    0.0002868900
   0.0147364200    0.0000428900    0.0004018100
  -0.0000068300   -0.0001656900   -0.0000712000
  -0.0000794200    0.0001200900    0.0000599600
   0.0000107900   -0.0000430800   -0.0000304800
  -0.0000084200    0.0000221900    0.0000499200
  -0.0000049200    0.0000037300    0.0000012000

28   
 -0.0100000000000000   0.0000000000000000   0.0000000000000000
  -0.0003761000   -0.0007093200   -0.0001131200
   0.0000424300   -0.0000677400   -0.0000270300
  -0.0045928800    0.0086694200    0.0010535100
  -0.0036741600   -0.0118716100    0.0002683700
  -0.0000489200    0.0000536800   -0.0000130900
  -0.0005546800   -0.0009838000   -0.0000159300
   0.0000610200    0.0000162800    0.0000092300
  -0.0000350000   -0.0001187200    0.0000033200
  -0.0000351900    0.0000121000    0.0000244400
  -0.0080614700    0.0101349600   -0.0006936200
  -0.0002038100    0.0000231200   -0.0000164400
  -0.0052214600   -0.0098390500    0.0003174400
  -0.0014998700    0.0001608600   -0.0000258800
  -0.0000003600   -0.0000524100   -0.0000108800
   0.0000083100    0.0000530500    0.0000003800
   0.0000036400   -0.0000316200    0.0000046200
   0.0000239400    0.0000160400    0.0000041800
  -0.0019629100    0.0000724800   -0.0000090200
  -0.0038174000   -0.0069813700   -0.0000902300
   0.0000420300    0.0000554000    0.0000118500
  -0.0002280400    0.0007760300    0.0000289000
  -0.0039486200    0.0106944800   -0.0000193000
  -0.0002366600    0.0007709700    0.0000840700
   0.0000105200   -0.0000602000   -0.0000272800
  -0.0000187900    0.0000784800    0.0000065500
   0.0000224300   -0.0000052900    0.0000302800
  -0.0000063400    0.0000336100   -0.0000173500
   0.2335227100    0.0008937700    0.0019945100
  -0.0008445100   -0.0003782400    0.0000900300
  -0.0008807500    0.0002557100   -0.0000893000
   0.0002310700    0.0002082900   -0.0000593900
   0.0000723100   -0.0002785400    0.0000311500
  -0.0000283800    0.0000016200   -0.0000023900
   0.0002372600    0.0009379000   -0.0000131800
  -0.0000283800    0.0000013400    0.0000029700
   0.0000656900   -0.0009297600    0.0000184000
  -0.0002959700   -0.0009608800    0.0003910500
  -0.0000815800   -0.0000181500   -0.0000223600
  -0.0377699500   -0.0153310300    0.0301788200
  -0.0005938300    0.0005825800    0.0001143500
   0.0000235000    0.0000032900    0.0000110200
   0.0000916000    0.0000001500   -0.0000997600
  -0.0000061000   -0.0000187000   -0.0000046300
  -0.0000430000   -0.0000602500   -0.0000587600
  -0.0000064100   -0.0000095200   -0.0000247800
   0.0000589600   -0.0000104900   -0.0000172200
   0.0000592900    0.0000063700    0.0000282700
   0.0039594700   -0.0002412800    0.0002397500
  -0.0009078200   -0.0028115900   -0.0011359600
   0.0000433500   -0.0000068500   -0.0000007800
  -0.0012177000    0.0031160400    0.0011947100
   0.0000397800    0.0000186800    0.0000112900
   0.0000139100    0.0000220800    0.0000069000
   0.0000253500   -0.0000151300   -0.0000184700
   0.0000606500   -0.0000195400    0.0000511200
   0.0000567200    0.0000108500   -0.0000306900
   0.0036271400   -0.0002344500   -0.0001365900
  -0.0009868900   -0.0027632500    0.0008030200
   0.0000420500    0.0000024200    0.0000066200
  -0.0012487200    0.0028088500   -0.0011643200
   0.0000369300   -0.0000015600    0.0000020800
   0.0000205800    0.0000150400   -0.0000027300
   0.0000223700   -0.0000068300    0.0000088800
   0.0000935500    0.0005805600    0.0000407800
   0.0000259100   -0.0000014000    0.0000006100
   0.0001237600   -0.0006043000   -0.0000911600
  -0.0150754600   -0.0003388000    0.0002783400
   0.0000223900    0.0001638400   -0.0000672700
   0.0000279400   -0.0001348500    0.0000753100
   0.0000004300    0.0000531800   -0.0000290600
   0.0000231900   -0.0000652500    0.0000461600
   0.0000052800   -0.0000010300    0.0000056900
  -0.0416644000    0.0153256200    0.0298252800
  -0.0000931300    0.0000405700   -0.0000409400
  -0.0004997600    0.0010159500   -0.0000537000
  -0.0004590700   -0.0002438200   -0.0000144600
   0.0000621300   -0.0000254100   -0.0001335900
   0.0000118400   -0.0000032100    0.0000147900
  -0.0000165400    0.0000318800   -0.0000811400
  -0.0000046500    0.0000177200    0.0000114400
  -0.0000296400    0.0000318800   -0.0000699500
  -0.0433925600    0.0156881500   -0.0305834500
  -0.0000971700    0.0000343000    0.0000188600
  -0.0006601900    0.0011655900   -0.0002137200
  -0.0004579200   -0.0003479700    0.0000089900
   0.0001064300   -0.0000293800    0.0001067700
   0.0000161600   -0.0000038000   -0.0000108100
  -0.0000244200    0.0000359200    0.0000833100
  -0.0000037300    0.0000162700   -0.0000170000
  -0.0000345200    0.0000653800    0.0000389400
  -0.0005275000   -0.0009102200    0.0002565400
  -0.0001041300   -0.0000436600    0.0000828800
  -0.0454610100   -0.0174256800   -0.0323845600
  -0.0004872500    0.0002936900    0.0000259900
   0.0000282500    0.0000096200   -0.0000074400
   0.0000996100   -0.0000122000    0.0001923700
  -0.0000048300   -0.0000175100   -0.0000103900
  -0.0000309400   -0.0000569300    0.0000887100
  -0.0000909200    0.0000284900    0.0001068300
   0.0000721300    0.0004813200   -0.0000825700
   0.0000251000   -0.0000018400   -0.0000016900
   0.0000908600   -0.0008383000   -0.0002922800
  -0.0147656600    0.0002784200   -0.0001878900
   0.0000085300    0.0001630200    0.0000716000
   0.0000767300   -0.0001218200   -0.0000584700
  -0.0000110100    0.0000436400    0.0000306800
   0.0000086900   -0.0000225800   -0.0000497300
   0.0000051100   -0.0000037900   -0.0000012000

28   
 -0.0000009506667072  -0.0000005487243663   0.0099999999397567
  -0.0000326200    0.0000157100    0.0002029200
  -0.0000058900    0.0000190700   -0.0000194100
  -0.0006643800    0.0008478900   -0.0064685800
  -0.0008259600   -0.0003260300   -0.0056020800
  -0.0000073000    0.0000170000    0.0000450700
   0.0000546400   -0.0001179200    0.0003342100
   0.0000003100   -0.0000050100   -0.0000284000
  -0.0000131700   -0.0000039700   -0.0000512300
   0.0000287600   -0.0000123100    0.0000465800
  -0.0006954400   -0.0005521000   -0.0056019700
  -0.0000100300   -0.0000094000   -0.0000512200
   0.0004018600   -0.0009994000   -0.0064686200
  -0.0000027100   -0.0000361000    0.0002029200
   0.0000110800   -0.0000148100    0.0000450800
   0.0000037200    0.0000310700    0.0000465700
  -0.0000041800    0.0000027600   -0.0000284000
   0.0000135700   -0.0000146300   -0.0000194000
  -0.0000747800    0.0001063000    0.0003342200
  -0.0001134500    0.0002808500   -0.0081061400
   0.0000153200    0.0000137600    0.0000292000
   0.0000385700    0.0000222500    0.0004776800
   0.0001864400   -0.0002387000   -0.0081062000
  -0.0000264500   -0.0000152900    0.0005206700
   0.0000109800   -0.0000085600    0.0000558200
   0.0000072900    0.0000042100   -0.0000341300
   0.0000195800    0.0000063700    0.0000291800
  -0.0000019000    0.0000138000    0.0000558300
  -0.0018976400   -0.0010953600   -0.2597161600
   0.0000852200   -0.0000757300    0.0007071400
  -0.0000894200    0.0000138000    0.0007082100
   0.0000192500    0.0000608400    0.0005173800
  -0.0000230300    0.0001116900    0.0007071100
  -0.0000028500   -0.0000016500   -0.0000681100
   0.0000623100   -0.0000137900    0.0005173600
   0.0000022600    0.0000012900   -0.0000681200
  -0.0000328400   -0.0000842800    0.0007081500
   0.0006208600    0.0003094700    0.0005685200
  -0.0000051200    0.0000139400   -0.0000243200
  -0.0292001100   -0.0168543100    0.0442208700
   0.0005785200    0.0003828100    0.0005685100
  -0.0000241000   -0.0000139000   -0.0000078800
  -0.0001383100    0.0001701400   -0.0000827300
  -0.0000191300   -0.0000110600    0.0000017900
   0.0000094900   -0.0000114100   -0.0000243200
   0.0000781400   -0.0002048700   -0.0000827300
  -0.0000570700    0.0000429700    0.0000066900
   0.0000747200    0.0000431300   -0.0000012600
  -0.0000286000   -0.0021117900    0.0025344500
   0.0019829400    0.0011445600    0.0020696300
   0.0000013300   -0.0000303500    0.0000029600
  -0.0018429300    0.0010315300    0.0025344400
   0.0000086700   -0.0000709200    0.0000066800
  -0.0000256100    0.0000163200    0.0000029400
   0.0000223400    0.0000128900   -0.0000010600
   0.0000420000   -0.0000396100    0.0000245100
  -0.0000593600   -0.0000342500   -0.0000157500
   0.0003071600    0.0020696400    0.0025201300
  -0.0019676500   -0.0011357300    0.0020333100
  -0.0000000700    0.0000308400    0.0000065500
   0.0019457700   -0.0007692700    0.0025201200
  -0.0000132900    0.0000561800    0.0000245100
   0.0000266800   -0.0000154800    0.0000065600
  -0.0000249400   -0.0000144000   -0.0000000600
  -0.0001181400    0.0002853100    0.0009946900
  -0.0000053200   -0.0000239500    0.0000004500
   0.0002960400    0.0003536600    0.0009082100
  -0.0006804000   -0.0329057900    0.0449166300
  -0.0002174900    0.0000358500   -0.0001148800
   0.0001791200    0.0000252000   -0.0000916500
   0.0000040800    0.0000163500    0.0000077900
  -0.0000123300   -0.0000021600   -0.0000102200
  -0.0000037500   -0.0000249400   -0.0000082300
  -0.0288338400    0.0158701500    0.0449166000
  -0.0000080400   -0.0000095900   -0.0000102200
   0.0004543300    0.0000794400    0.0009082200
   0.0001879500   -0.0002450200    0.0009947000
  -0.0000777400   -0.0002062600   -0.0001148800
  -0.0000234800    0.0000092300   -0.0000082300
   0.0000162100   -0.0000046500    0.0000077900
  -0.0000233900    0.0000073700    0.0000004500
   0.0001114200    0.0001425000   -0.0000916400
   0.0311838000   -0.0175639200    0.0457685600
   0.0000182300    0.0000170500   -0.0000176100
  -0.0006465700    0.0000243700    0.0007253700
  -0.0002676800    0.0003006600    0.0008798000
   0.0000744600    0.0001781600   -0.0000963100
   0.0000216900   -0.0000138000   -0.0000108000
  -0.0000147000   -0.0000041800   -0.0000014000
   0.0000199200   -0.0000150000    0.0000066000
  -0.0001136300   -0.0001664300   -0.0000708400
  -0.0004226000   -0.0001599400    0.0008395300
  -0.0000098800   -0.0000215900   -0.0000095200
   0.0303264600    0.0175044300    0.0456003600
  -0.0003498800   -0.0002859400    0.0008395200
   0.0000199900    0.0000115300   -0.0000078100
   0.0000835000   -0.0001698700   -0.0000529200
   0.0000185000    0.0000106800    0.0000147700
  -0.0000236400    0.0000022400   -0.0000095100
  -0.0001053200    0.0001572700   -0.0000529300
   0.0001264600   -0.0003821800    0.0008798000
  -0.0000030200    0.0000247500    0.0000065900
  -0.0003023000   -0.0005720700    0.0007253700
   0.0003891800    0.0357878700    0.0457685300
   0.0001915200   -0.0000246400   -0.0000963100
  -0.0002009500   -0.0000151500   -0.0000708300
  -0.0000109600   -0.0000106500   -0.0000014000
   0.0000238800    0.0000072500   -0.0000176200
  -0.0000011100    0.0000256800   -0.0000108000

28   
  0.0000009506667072   0.0000005487243663  -0.0099999999397567
   0.0000306500   -0.0000180000   -0.0002051700
   0.0000048000   -0.0000207200    0.0000193900
   0.0006213700   -0.0010552800    0.0064481200
   0.0009600600    0.0004265500    0.0055997200
   0.0000064900   -0.0000148600   -0.0000450900
  -0.0000545200    0.0001175400   -0.0003358500
   0.0000002000    0.0000060000    0.0000284300
   0.0000138200    0.0000032400    0.0000510100
  -0.0000297900    0.0000118800   -0.0000474100
   0.0008495800    0.0006179200    0.0055996400
   0.0000096700    0.0000103300    0.0000510000
  -0.0006029900    0.0010658500    0.0064481900
  -0.0000002700    0.0000355500   -0.0002051700
  -0.0000096100    0.0000130800   -0.0000450900
  -0.0000046400   -0.0000317200   -0.0000474100
   0.0000052900   -0.0000028200    0.0000284300
  -0.0000155200    0.0000145100    0.0000193800
   0.0000745200   -0.0001060100   -0.0003358500
   0.0001624400   -0.0005003000    0.0081053800
  -0.0000157300   -0.0000151500   -0.0000291800
  -0.0000360400   -0.0000207700   -0.0004757700
  -0.0003519500    0.0003909100    0.0081054200
   0.0000311800    0.0000179400   -0.0005229100
  -0.0000097000    0.0000104500   -0.0000557900
  -0.0000078500   -0.0000045500    0.0000339700
  -0.0000209700   -0.0000060400   -0.0000291900
   0.0000041600   -0.0000135700   -0.0000557900
   0.0018947100    0.0010937700    0.2596030700
  -0.0000909500    0.0000698700   -0.0007098300
   0.0000960800   -0.0000209000   -0.0007087200
  -0.0000075700   -0.0000599800   -0.0005172100
   0.0000150400   -0.0001136900   -0.0007097900
   0.0000030400    0.0000017300    0.0000679900
  -0.0000557400    0.0000234400   -0.0005172200
  -0.0000024100   -0.0000013700    0.0000679700
   0.0000300100    0.0000935600   -0.0007087200
  -0.0006317900   -0.0003130000   -0.0005565200
   0.0000066600   -0.0000132100    0.0000238700
   0.0282448100    0.0163028800   -0.0432050000
  -0.0005870500   -0.0003905300   -0.0005565100
   0.0000242200    0.0000139700    0.0000075500
   0.0001367200   -0.0001727600    0.0000829000
   0.0000189900    0.0000109700   -0.0000019300
  -0.0000081100    0.0000123600    0.0000238600
  -0.0000812200    0.0002047800    0.0000829100
   0.0000585000   -0.0000437200   -0.0000058100
  -0.0000755000   -0.0000435800    0.0000016400
   0.0000314100    0.0021001600   -0.0025323700
  -0.0019685900   -0.0011362600   -0.0020697000
  -0.0000009300    0.0000299000   -0.0000031000
   0.0018342800   -0.0010232900   -0.0025323700
  -0.0000085800    0.0000725300   -0.0000058100
   0.0000254000   -0.0000157400   -0.0000031200
  -0.0000217100   -0.0000125300    0.0000012600
  -0.0000406000    0.0000389000   -0.0000253800
   0.0000581200    0.0000335400    0.0000149800
  -0.0003017800   -0.0020864800   -0.0025165100
   0.0019879600    0.0011474500   -0.0020349200
   0.0000002600   -0.0000312000   -0.0000066200
  -0.0019576600    0.0007823400   -0.0025165100
   0.0000133700   -0.0000546200   -0.0000253900
  -0.0000268900    0.0000158500   -0.0000066000
   0.0000253400    0.0000146300   -0.0000000100
   0.0001140400   -0.0002745900   -0.0010025600
   0.0000054600    0.0000243200   -0.0000003200
  -0.0002914300   -0.0003458700   -0.0009172500
   0.0006817100    0.0340538200   -0.0458265800
   0.0002162000   -0.0000341800    0.0001150000
  -0.0001770800   -0.0000229100    0.0000921600
  -0.0000041200   -0.0000180600   -0.0000074800
   0.0000126700    0.0000008200    0.0000104400
   0.0000038500    0.0000249600    0.0000083500
   0.0298286100   -0.0164432700   -0.0458265700
   0.0000070500    0.0000105700    0.0000104700
  -0.0004452600   -0.0000793400   -0.0009172400
  -0.0001807400    0.0002360800   -0.0010025600
   0.0000785500    0.0002043000    0.0001149900
   0.0000235400   -0.0000091500    0.0000083600
  -0.0000176800    0.0000054500   -0.0000074800
   0.0000237900   -0.0000074400   -0.0000003200
  -0.0001084200   -0.0001418700    0.0000921800
  -0.0302042700    0.0169782800   -0.0448696400
  -0.0000195300   -0.0000164600    0.0000171900
   0.0006638200   -0.0000284400   -0.0007116900
   0.0002723000   -0.0003083400   -0.0008743500
  -0.0000735000   -0.0001810800    0.0000970900
  -0.0000215400    0.0000138700    0.0000106900
   0.0000133500    0.0000047700    0.0000010800
  -0.0000193800    0.0000149500   -0.0000068500
   0.0001164000    0.0001670300    0.0000711000
   0.0004171200    0.0001574600   -0.0008469400
   0.0000114700    0.0000227100    0.0000102400
  -0.0312998900   -0.0180662800   -0.0464439500
   0.0003449700    0.0002824200   -0.0008469500
  -0.0000198600   -0.0000114600    0.0000079100
  -0.0000849700    0.0001677400    0.0000533200
  -0.0000186900   -0.0000107900   -0.0000147700
   0.0000254000   -0.0000014100    0.0000102400
   0.0001027400   -0.0001574800    0.0000533100
  -0.0001307800    0.0003900300   -0.0008743400
   0.0000032400   -0.0000242500   -0.0000068700
   0.0003074200    0.0005890300   -0.0007116700
  -0.0004063600   -0.0346467200   -0.0448696300
  -0.0001935500    0.0000269200    0.0000970800
   0.0002028500    0.0000172500    0.0000711000
   0.0000108200    0.0000091600    0.0000010600
  -0.0000240200   -0.0000086800    0.0000172200
   0.0000012300   -0.0000256000    0.0000107000

37   
  0.0100000000000000   0.0000000000000000   0.0000000000000000
   0.0120386000   -0.0000980700   -0.0001818800
  -0.0000895100    0.0000952000   -0.0001461800
  -0.0001289000   -0.0000427300    0.0001430100
   0.0002596800    0.0008057700    0.0001135200
   0.0002498000   -0.0007011200    0.0000548800
  -0.0000578600    0.0000042800    0.0000005700
  -0.0000372400   -0.0000118000   -0.0000301700
  -0.0000302700    0.0000039200   -0.0000024800
   0.0000241900    0.0000068600    0.0000142000
   0.0360092000   -0.0139427400    0.0276113300
   0.0004232100    0.0002962700   -0.0004485700
   0.0000064400   -0.0000269600    0.0000007000
   0.0000371800    0.0000306800    0.0000050900
   0.0000832200    0.0000711400   -0.0000913700
  -0.0000016000   -0.0000285600    0.0000193100
   0.0007929700   -0.0010605700   -0.0005610800
  -0.0000420800    0.0000161300    0.0000224900
  -0.0001101600   -0.0001390800    0.0000628900
   0.0007294600    0.0026733300    0.0018157000
   0.0012379600   -0.0025429100   -0.0017149800
  -0.0000393800   -0.0000082500    0.0000017200
  -0.0000510400    0.0000033200   -0.0000427100
  -0.0035817000   -0.0000370600   -0.0001354100
  -0.0000556900   -0.0000149500    0.0000583700
  -0.0000278300   -0.0000054600    0.0000160900
  -0.0000185800    0.0000086300    0.0000189100
  -0.0000179400   -0.0000055500   -0.0000298300
   0.0002829600   -0.0004079300    0.0006224800
   0.0377804900    0.0153259600   -0.0292174000
   0.0000820900    0.0000392400   -0.0000062100
   0.0000063100    0.0000189800   -0.0000188700
   0.0000090500   -0.0000553800    0.0000794700
   0.0000431800    0.0000398900    0.0000088300
   0.0005867100    0.0007901400    0.0005769300
  -0.0000914600    0.0000658400   -0.0001382400
  -0.0000233100   -0.0000033300   -0.0000239700
  -0.1016776400    0.0001410900    0.0023432700
   0.0000246700   -0.0000515200   -0.0000255300
   0.0000248400    0.0000470300   -0.0000107900
   0.0000053100   -0.0000547600    0.0000738500
   0.0000212300    0.0000515000   -0.0001035200
   0.0000123300   -0.0000029800   -0.0000006300
   0.0000051300    0.0001092500    0.0001169800
   0.0000123400   -0.0000032900   -0.0000007700
   0.0000213400   -0.0000475800   -0.0000729900
   0.0011889600   -0.0048079800   -0.0005564300
   0.0000518400   -0.0000241700   -0.0000023200
  -0.0001139100   -0.0000184700   -0.0000869500
   0.0012015700   -0.0041407900    0.0007142100
  -0.0001384800   -0.0000086200    0.0000292000
   0.0000524400   -0.0000140900    0.0000070000
   0.0000262000   -0.0000401400    0.0000133100
   0.0000008000    0.0000132900   -0.0000058700
  -0.0000036700    0.0000092400   -0.0000040000
  -0.0009603500   -0.0001626600    0.0004332400
   0.0000085600   -0.0000269600   -0.0000067400
   0.0000463500    0.0000488500    0.0000184200
  -0.0008475900   -0.0019836400    0.0016066400
   0.0000350100    0.0000415900   -0.0000420600
   0.0000137100    0.0000142700    0.0000061300
  -0.0000042800   -0.0000064200   -0.0000001800
  -0.0000030200    0.0000211700    0.0000083400
  -0.0000028900   -0.0000164200   -0.0000003200
  -0.0007843800    0.0003711900   -0.0002201300
   0.0000869300   -0.0001146900   -0.0000982400
  -0.0000027200    0.0000151500    0.0000013600
   0.0000951900   -0.0001270300    0.0000418900
  -0.0012990000    0.0028083200   -0.0018223800
  -0.0000090600   -0.0000196100   -0.0000061800
   0.0000036100    0.0000184600   -0.0000006200
  -0.0000055000   -0.0000086800   -0.0000149300
  -0.0000040700   -0.0000024600    0.0000020300
   0.0011773000    0.0012257900    0.0013455300
   0.0014060200   -0.0017050100   -0.0014600900
  -0.0000064100    0.0000032200   -0.0000022200
  -0.0000064800   -0.0000170600    0.0000005500
  -0.0000329500    0.0000610800    0.0000410800
  -0.0000015800    0.0000078200   -0.0000079100
   0.0000014900    0.0000411500   -0.0000226700
  -0.0000035100    0.0000156400   -0.0000150000
  -0.0000107800   -0.0000175200    0.0000164800
   0.0066527800   -0.0004005700    0.0012473700
   0.0081431400    0.0000766200   -0.0016408600
   0.0000462900   -0.0000006300    0.0000024600
   0.0000318300   -0.0000236100    0.0000086400
  -0.0000242600   -0.0000401200   -0.0000643000
   0.0000255600    0.0000218000   -0.0000100700
  -0.0000661600    0.0000133100   -0.0000105500
   0.0000287500   -0.0000094900    0.0000163000
   0.0000333600    0.0000183200   -0.0000172300
  -0.0026060600   -0.0001101900   -0.0002651200
   0.0000554900   -0.0001490100    0.0000632500
   0.0000614600    0.0001467600   -0.0000463000
  -0.0000672800   -0.0002575500   -0.0000411900
  -0.0000854600    0.0002611600    0.0000418900
   0.0000167000   -0.0000007600    0.0000003200
  -0.0001036400    0.0000962000    0.0000198200
   0.0000112100   -0.0000009600    0.0000021500
  -0.0001086600   -0.0000832000   -0.0000317500
   0.0010563000    0.0037222400    0.0008594000
  -0.0002310700    0.0001101500    0.0000577200
   0.0000384900    0.0000189800    0.0000028400
  -0.0001507000    0.0000851000   -0.0000339900
   0.0012964700    0.0036935000   -0.0008352300
   0.0000388900    0.0000093300   -0.0000072800
   0.0000106900   -0.0000137400    0.0000014100
  -0.0000006400   -0.0000081200    0.0000097400
   0.0000134200    0.0000188000   -0.0000166300

37   
 -0.0100000000000000   0.0000000000000000   0.0000000000000000
  -0.0120519500    0.0002521400    0.0002577000
   0.0000885700   -0.0000958600    0.0001442400
   0.0001306300    0.0000417300   -0.0001447700
  -0.0002724800   -0.0008125000   -0.0001175300
  -0.0002374600    0.0006927900   -0.0000575600
   0.0000579600   -0.0000046300   -0.0000003300
   0.0000379800    0.0000105900    0.0000296700
   0.0000302400   -0.0000037300    0.0000026600
  -0.0000246800   -0.0000078200   -0.0000145800
  -0.0367269000    0.0143281300   -0.0285467300
  -0.0003857200   -0.0002854100    0.0004424700
  -0.0000080800    0.0000286000   -0.0000008900
  -0.0000382400   -0.0000312100   -0.0000048600
  -0.0000861900   -0.0000700300    0.0000921800
   0.0000014300    0.0000280900   -0.0000191300
  -0.0007791900    0.0010489400    0.0005467200
   0.0000422900   -0.0000162500   -0.0000223800
   0.0001105100    0.0001396100   -0.0000639000
  -0.0007593600   -0.0027083500   -0.0018314900
  -0.0011997900    0.0025138700    0.0017022300
   0.0000394400    0.0000084000   -0.0000013400
   0.0000515300   -0.0000034200    0.0000442800
   0.0035899200    0.0000645500    0.0001470000
   0.0000555900    0.0000150900   -0.0000569800
   0.0000279000    0.0000044300   -0.0000168500
   0.0000186900   -0.0000084900   -0.0000187300
   0.0000179700    0.0000057900    0.0000302500
  -0.0003163300    0.0004207900   -0.0006303400
  -0.0370449700   -0.0148881400    0.0282175700
  -0.0000796400   -0.0000371500    0.0000057700
  -0.0000061900   -0.0000189300    0.0000191800
  -0.0000059700    0.0000561600   -0.0000797800
  -0.0000420600   -0.0000397700   -0.0000084000
  -0.0005983500   -0.0007989700   -0.0005890000
   0.0000902200   -0.0000660100    0.0001366600
   0.0000233300    0.0000029900    0.0000240500
   0.1016307500   -0.0012406600   -0.0003917500
  -0.0000251700    0.0000500200    0.0000234000
  -0.0000249900   -0.0000485000    0.0000085900
  -0.0000057400    0.0000577100   -0.0000745600
  -0.0000207600   -0.0000488200    0.0001026600
  -0.0000123600    0.0000033100    0.0000005000
  -0.0000059500   -0.0001071500   -0.0001156600
  -0.0000122900    0.0000030100    0.0000008900
  -0.0000206600    0.0000491600    0.0000736800
  -0.0012106400    0.0047856500    0.0005704300
  -0.0000514700    0.0000236100    0.0000025500
   0.0001146900    0.0000192900    0.0000891000
  -0.0011933000    0.0041827400   -0.0007156300
   0.0001348800    0.0000094500   -0.0000298000
  -0.0000530300    0.0000141700   -0.0000074200
  -0.0000261300    0.0000405100   -0.0000133700
  -0.0000006700   -0.0000133500    0.0000057200
   0.0000035800   -0.0000090200    0.0000041000
   0.0009528000    0.0001605800   -0.0004250900
  -0.0000089900    0.0000265500    0.0000068300
  -0.0000478400   -0.0000503700   -0.0000229600
   0.0008658400    0.0020309800   -0.0016276900
  -0.0000388700   -0.0000413000    0.0000385200
  -0.0000133100   -0.0000147000   -0.0000062000
   0.0000043200    0.0000064800    0.0000001200
   0.0000028900   -0.0000215600   -0.0000081100
   0.0000031400    0.0000171200    0.0000002700
   0.0007992900   -0.0003731500    0.0002366900
  -0.0000851800    0.0001118200    0.0000928800
   0.0000030700   -0.0000153100   -0.0000011200
  -0.0000922300    0.0001282600   -0.0000462100
   0.0012742500   -0.0027505800    0.0018042600
   0.0000085600    0.0000190800    0.0000061500
  -0.0000037700   -0.0000180800    0.0000006200
   0.0000055400    0.0000083900    0.0000152700
   0.0000040800    0.0000023600   -0.0000020300
  -0.0011756700   -0.0012110100   -0.0013491700
  -0.0014068500    0.0017159300    0.0014555900
   0.0000062900   -0.0000029300    0.0000023100
   0.0000065200    0.0000172900   -0.0000004000
   0.0000322800   -0.0000637200   -0.0000462500
   0.0000016100   -0.0000076600    0.0000080400
  -0.0000019000   -0.0000410400    0.0000223400
   0.0000033900   -0.0000152600    0.0000151100
   0.0000109700    0.0000178400   -0.0000164600
  -0.0068277200    0.0004039400   -0.0012801000
  -0.0079461100   -0.0000795000    0.0016073200
  -0.0000464000   -0.0000000800   -0.0000025200
  -0.0000320400    0.0000241000   -0.0000091300
   0.0000239400    0.0000423600    0.0000631600
  -0.0000253200   -0.0000215000    0.0000096000
   0.0000661100   -0.0000102800    0.0000119900
  -0.0000285700    0.0000095400   -0.0000168600
  -0.0000333500   -0.0000183200    0.0000168200
   0.0026089900    0.0001115100    0.0003345900
  -0.0000569100    0.0001482000   -0.0000615100
  -0.0000601900   -0.0001477800    0.0000479000
   0.0000686000    0.0002588200    0.0000423800
   0.0000847000   -0.0002603000   -0.0000416700
  -0.0000167000    0.0000009700   -0.0000003300
   0.0001022300   -0.0000961400   -0.0000189100
  -0.0000111800    0.0000008100   -0.0000022400
   0.0001103600    0.0000833500    0.0000322600
  -0.0010422400   -0.0037402700   -0.0008545400
   0.0002294800   -0.0001080900   -0.0000562700
  -0.0000388400   -0.0000195000   -0.0000027300
   0.0001549900   -0.0000857200    0.0000324700
  -0.0013034200   -0.0036635000    0.0008323000
  -0.0000385000   -0.0000093000    0.0000069400
  -0.0000105300    0.0000138000   -0.0000013300
   0.0000005700    0.0000082900   -0.0000097800
  -0.0000136100   -0.0000186100    0.0000164500

37   
 -0.0000009506667072  -0.0000005487243663   0.0099999999397567
  -0.0007695500    0.0314222800    0.0423572100
   0.0000636400   -0.0000311000   -0.0000555000
  -0.0000708300   -0.0000252200   -0.0000061200
  -0.0004312400    0.0004697100    0.0003051100
   0.0002364100    0.0002694200    0.0006022600
  -0.0000036400   -0.0000008000   -0.0000015900
  -0.0000412900   -0.0000413800   -0.0000255200
  -0.0000027000    0.0000202400    0.0000006500
   0.0000087900   -0.0000491800   -0.0000139000
   0.0268240200   -0.0163836400    0.0423572300
   0.0003515500    0.0000699500    0.0006022600
  -0.0000381800    0.0000322100   -0.0000139000
  -0.0000564900   -0.0000150600   -0.0000255100
   0.0000048900    0.0000706600   -0.0000555000
  -0.0000025200   -0.0000027500   -0.0000015900
   0.0001910300   -0.0006083600    0.0003051200
   0.0000161600   -0.0000124500    0.0000006300
  -0.0000572700   -0.0000487200   -0.0000061200
   0.0011075900    0.0006393000    0.0018932500
  -0.0011764300    0.0003414300    0.0025913000
   0.0000066800   -0.0000035800    0.0000026500
   0.0000159700   -0.0000250600    0.0000153300
  -0.0002927800   -0.0011894700    0.0025912800
  -0.0000202700   -0.0000117100   -0.0000124700
  -0.0000136900    0.0000263600    0.0000153300
   0.0000166300    0.0000095900   -0.0000050200
   0.0000002400    0.0000075800    0.0000026600
  -0.0003992900    0.0000749200    0.0005573000
  -0.0291493500   -0.0168250200    0.0432082300
   0.0000217300    0.0000550500   -0.0000252400
   0.0000049100    0.0000028200    0.0000012600
   0.0000229100    0.0000998100   -0.0000823300
   0.0000585200   -0.0000086900   -0.0000252500
  -0.0001348400   -0.0003832200    0.0005572900
   0.0000978600   -0.0000300900   -0.0000823300
  -0.0000108900   -0.0000063000   -0.0000079700
   0.0013555000    0.0007824400   -0.1335014700
  -0.0000112200   -0.0000790900   -0.0001845000
  -0.0000226100   -0.0001048400   -0.0001849100
   0.0001174900    0.0000159400   -0.0001315600
  -0.0000740900    0.0000298500   -0.0001844900
  -0.0000008000   -0.0000004500    0.0000060200
   0.0000725800    0.0000937600   -0.0001315600
  -0.0000005700   -0.0000003300    0.0000060900
  -0.0001020900    0.0000328500   -0.0001848800
   0.0005539800   -0.0007704700   -0.0030039700
   0.0000000000   -0.0000044000   -0.0000239200
   0.0000132300    0.0000076300    0.0000862600
  -0.0003900800    0.0008650600   -0.0030039400
  -0.0001063900   -0.0000614200    0.0000456000
  -0.0000003700   -0.0000040700   -0.0000238100
   0.0000100600    0.0000058000    0.0000073900
  -0.0000038100    0.0000022100   -0.0000239300
  -0.0000037100    0.0000017200   -0.0000238000
  -0.0017566100    0.0005586600    0.0002628600
  -0.0000066700    0.0000024100    0.0000135000
   0.0000011400    0.0000006500   -0.0003233200
  -0.0003949100   -0.0018005200    0.0002628400
  -0.0000297300   -0.0000171600   -0.0002682500
   0.0000089100   -0.0000085200    0.0000151700
  -0.0000018100   -0.0000010500    0.0000152700
  -0.0000012400   -0.0000069800    0.0000134900
  -0.0000029200    0.0000119800    0.0000151600
   0.0023162900    0.0006899300    0.0003943100
   0.0000109600   -0.0000232500   -0.0003564800
   0.0000026500   -0.0000037800   -0.0000000700
   0.0000758600   -0.0000356400   -0.0002217200
   0.0007922500   -0.0027269700    0.0003022100
  -0.0000024800   -0.0000102900    0.0000196100
   0.0000072400    0.0000102300    0.0000128000
  -0.0000012800   -0.0000083300    0.0000110900
   0.0000041200   -0.0000009600    0.0000127600
   0.0017560100    0.0016605900    0.0003943100
  -0.0019650300    0.0020500400    0.0003022100
   0.0000012200    0.0000040400    0.0000127600
   0.0000124900    0.0000011600    0.0000127900
  -0.0000146500    0.0000211200   -0.0003564800
  -0.0000101600    0.0000030100    0.0000196100
   0.0000070700    0.0000835100   -0.0002217100
  -0.0000078500    0.0000030600    0.0000110900
  -0.0000019400    0.0000041800   -0.0000000700
  -0.0007522000    0.0005442000   -0.0033510500
   0.0009304000    0.0001918600   -0.0032006100
  -0.0000025100   -0.0000182000    0.0000091300
   0.0000057200    0.0000010400   -0.0000212800
   0.0000168200   -0.0000059100    0.0000607800
  -0.0000071800   -0.0000080300   -0.0000150200
   0.0000452100    0.0001197400    0.0000305800
   0.0000034900    0.0000057700   -0.0000222500
   0.0000008000    0.0000102500   -0.0000332400
   0.0003286600    0.0001897100    0.0154493500
  -0.0000004800   -0.0000275800    0.0000129000
  -0.0000121900   -0.0000461500    0.0000133400
   0.0000462200    0.0000152500    0.0000817200
  -0.0000241200    0.0000133800    0.0000129000
  -0.0000004700   -0.0000002800    0.0000011500
   0.0000363300    0.0000324000    0.0000817200
  -0.0000010500   -0.0000006000   -0.0000013500
  -0.0000460600    0.0000125300    0.0000133400
   0.0000949800   -0.0009235500   -0.0033510300
   0.0000033000    0.0000175300    0.0000607800
   0.0000092800   -0.0000044500   -0.0000332400
   0.0001263200   -0.0000207400    0.0000305900
   0.0006315100    0.0007096800   -0.0032006300
  -0.0000105500   -0.0000021900   -0.0000150300
   0.0000037500    0.0000044500   -0.0000212800
   0.0000067400    0.0000001300   -0.0000222500
  -0.0000170100    0.0000069400    0.0000091300

37   
  0.0000009506667072   0.0000005487243663  -0.0099999999397567
   0.0007630600   -0.0325510200   -0.0433345900
  -0.0000644800    0.0000353700    0.0000546600
   0.0000706900    0.0000284700    0.0000060500
   0.0004263000   -0.0004373400   -0.0003207800
  -0.0002337400   -0.0002402400   -0.0006136400
   0.0000037200   -0.0000000700    0.0000010000
   0.0000417100    0.0000413300    0.0000222900
   0.0000028400   -0.0000202900   -0.0000010600
  -0.0000084300    0.0000495900    0.0000115500
  -0.0278046300    0.0169426100   -0.0433345900
  -0.0003249400   -0.0000822300   -0.0006136300
   0.0000387200   -0.0000321000    0.0000115500
   0.0000566400    0.0000154400    0.0000222900
  -0.0000016300   -0.0000735200    0.0000546600
   0.0000018000    0.0000032500    0.0000010000
  -0.0001654600    0.0005878900   -0.0003207800
  -0.0000161600    0.0000126100   -0.0000010700
   0.0000600200    0.0000469700    0.0000060600
  -0.0010767900   -0.0006215200   -0.0018914100
   0.0011436100   -0.0003280700   -0.0025915300
  -0.0000067800    0.0000038600   -0.0000034000
  -0.0000169000    0.0000255000   -0.0000199700
   0.0002879600    0.0011543900   -0.0025915300
   0.0000207900    0.0000120100    0.0000090000
   0.0000136300   -0.0000273800   -0.0000199600
  -0.0000169500   -0.0000097900    0.0000044400
  -0.0000000600   -0.0000078000   -0.0000033800
   0.0003727500   -0.0000848800   -0.0005669200
   0.0302282900    0.0174477400   -0.0442165600
  -0.0000226800   -0.0000547400    0.0000231900
  -0.0000043900   -0.0000025500   -0.0000019000
  -0.0000270900   -0.0001020100    0.0000830000
  -0.0000587500    0.0000077300    0.0000231900
   0.0001129100    0.0003652500   -0.0005669400
  -0.0001018900    0.0000275600    0.0000830100
   0.0000108100    0.0000062700    0.0000075700
  -0.0013986000   -0.0008073000    0.1366023300
   0.0000083400    0.0000790800    0.0001886700
   0.0000262900    0.0001050500    0.0001882800
  -0.0001151700   -0.0000210100    0.0001354800
   0.0000726400   -0.0000323200    0.0001886500
   0.0000008900    0.0000005200   -0.0000056500
  -0.0000757900   -0.0000892000    0.0001354800
   0.0000005600    0.0000003300   -0.0000055900
   0.0001041000   -0.0000297800    0.0001882700
  -0.0005822600    0.0008091700    0.0030430200
  -0.0000003800    0.0000043800    0.0000242100
  -0.0000117600   -0.0000068000   -0.0000816300
   0.0004094600   -0.0009089200    0.0030430000
   0.0001041100    0.0000600900   -0.0000434000
   0.0000008300    0.0000044500    0.0000250200
  -0.0000103300   -0.0000059700   -0.0000063200
   0.0000036100   -0.0000025300    0.0000242000
   0.0000042700   -0.0000015200    0.0000250300
   0.0017422300   -0.0005585400   -0.0002606200
   0.0000067400   -0.0000025400   -0.0000135100
  -0.0000067800   -0.0000039200    0.0003208400
   0.0003878000    0.0017880000   -0.0002606200
   0.0000301200    0.0000173900    0.0002708200
  -0.0000091700    0.0000088700   -0.0000149100
   0.0000018500    0.0000010700   -0.0000149100
   0.0000011800    0.0000071100   -0.0000135100
   0.0000030900   -0.0000123900   -0.0000149100
  -0.0023071600   -0.0006922100   -0.0003949600
  -0.0000056100    0.0000202100    0.0003563100
  -0.0000026400    0.0000036900    0.0000001600
  -0.0000777600    0.0000347900    0.0002260100
  -0.0007835900    0.0027153200   -0.0003043700
   0.0000029300    0.0000105400   -0.0000193500
  -0.0000072700   -0.0000106000   -0.0000122100
   0.0000013800    0.0000082500   -0.0000109900
  -0.0000043900    0.0000011400   -0.0000124900
  -0.0017534400   -0.0016515500   -0.0003949600
   0.0019592700   -0.0020367100   -0.0003043600
  -0.0000012100   -0.0000043700   -0.0000124800
  -0.0000128100   -0.0000010000   -0.0000122100
   0.0000146900   -0.0000149600    0.0003563000
   0.0000105800   -0.0000027300   -0.0000193500
  -0.0000087700   -0.0000847400    0.0002260200
   0.0000078400   -0.0000029200   -0.0000109900
   0.0000018800   -0.0000041300    0.0000001700
   0.0007746700   -0.0005417700    0.0033893300
  -0.0009702800   -0.0001844000    0.0032323800
   0.0000024700    0.0000184000   -0.0000083700
  -0.0000056200   -0.0000013400    0.0000224200
  -0.0000171000    0.0000047600   -0.0000566400
   0.0000072500    0.0000076200    0.0000158800
  -0.0000461000   -0.0001158200   -0.0000283800
  -0.0000037400   -0.0000054100    0.0000220000
  -0.0000005100   -0.0000097600    0.0000332800
  -0.0003344500   -0.0001930700   -0.0157598900
   0.0000008200    0.0000278000   -0.0000134600
   0.0000122700    0.0000466600   -0.0000136300
  -0.0000461700   -0.0000150900   -0.0000826200
   0.0000244800   -0.0000132000   -0.0000134600
   0.0000005400    0.0000003100   -0.0000009300
  -0.0000361600   -0.0000324300   -0.0000826300
   0.0000010300    0.0000005900    0.0000016400
   0.0000465400   -0.0000127100   -0.0000136400
  -0.0000816500    0.0009417700    0.0033893200
  -0.0000044200   -0.0000171800   -0.0000566600
  -0.0000087000    0.0000044500    0.0000332800
  -0.0001233400    0.0000180100   -0.0000283800
  -0.0006449900   -0.0007479400    0.0032323900
   0.0000102200    0.0000024600    0.0000158700
  -0.0000039700   -0.0000041800    0.0000224200
  -0.0000065600   -0.0000005400    0.0000220000
   0.0000171700   -0.0000070700   -0.0000083600

46   
  0.0100000000000000   0.0000000000000000   0.0000000000000000
   0.0376438200   -0.0147010500    0.0288936900
   0.0004099200    0.0003688100   -0.0003919900
  -0.0000093600   -0.0000251900    0.0000016100
   0.0000358600    0.0000321800    0.0000002500
   0.0001112500    0.0000793700   -0.0000769500
  -0.0000035900   -0.0000244100    0.0000165100
   0.0007295800   -0.0010782100   -0.0006374000
  -0.0000614900    0.0000191000    0.0000254600
  -0.0000974700   -0.0001694800    0.0000529300
   0.0002929000    0.0007842100    0.0001002700
   0.0002678300   -0.0006895800    0.0001476800
  -0.0000501200   -0.0000007800    0.0000043100
  -0.0000290500    0.0000063800   -0.0000230300
  -0.0000365400    0.0000096600   -0.0000016700
   0.0000137500    0.0000048000    0.0000097700
   0.0119251300   -0.0004885200   -0.0001496600
  -0.0000732800    0.0001095300   -0.0001064600
  -0.0001357700   -0.0000784700    0.0001233700
   0.0003698400   -0.0004919600    0.0005756700
   0.0397682000    0.0164301200   -0.0304090300
   0.0000714800    0.0000348800   -0.0000020000
   0.0000040600    0.0000131500   -0.0000120300
   0.0000332600   -0.0000598500    0.0000841900
   0.0000368800    0.0000448300    0.0000058100
   0.0005392200    0.0008638800    0.0005706800
  -0.0000966300    0.0000602300   -0.0001173400
  -0.0000341200   -0.0000043200   -0.0000212800
  -0.0000587000   -0.0000065900   -0.0000569500
  -0.0039531300   -0.0000923100   -0.0000267600
  -0.0000597900   -0.0000063500    0.0000755700
  -0.0000399700   -0.0000012800    0.0000081700
  -0.0000248800    0.0000153400    0.0000219400
  -0.0000141000   -0.0000102300   -0.0000252600
   0.0008823800    0.0028092000    0.0019687000
   0.0012483500   -0.0027571100   -0.0018459400
  -0.0000430800   -0.0000049800    0.0000012300
   0.0012043700   -0.0041430500    0.0005689300
  -0.0001161000   -0.0000184500    0.0000120500
   0.0000513300   -0.0000160500    0.0000000400
   0.0000261800   -0.0000401600    0.0000101900
  -0.0000035600    0.0000184000   -0.0000039800
   0.0000006600    0.0000056100   -0.0000036200
   0.0011867800   -0.0048066900   -0.0003928700
   0.0000529000   -0.0000236600   -0.0000004100
  -0.0001361100   -0.0000086900   -0.0001042900
  -0.1056101500    0.0003878600    0.0026091200
   0.0000393600   -0.0000555400   -0.0000237500
   0.0000395100    0.0000503600   -0.0000034800
   0.0000169600   -0.0000569600    0.0000804200
   0.0000161200    0.0000662400   -0.0001020600
   0.0000156000   -0.0000037400   -0.0000003300
   0.0000166500    0.0000999000    0.0001165600
   0.0000156300   -0.0000041000   -0.0000012400
   0.0000162900   -0.0000400200   -0.0000633200
  -0.0022443300   -0.0000831000   -0.0002217600
   0.0000349500   -0.0001513300    0.0000191400
   0.0000480500    0.0001548800   -0.0000155100
  -0.0000775700   -0.0002398100   -0.0000239500
  -0.0001043900    0.0002187300    0.0000178100
   0.0000200600    0.0000004000   -0.0000013300
  -0.0000908600    0.0000899000    0.0000228100
   0.0000154300   -0.0000003200    0.0000016900
  -0.0000940800   -0.0000918900   -0.0000259900
   0.0012134000    0.0015460700    0.0012258300
   0.0014159400   -0.0018215500   -0.0014833900
  -0.0000069100    0.0000001500   -0.0000027300
   0.0000025000   -0.0000195100    0.0000008100
  -0.0000175400    0.0000278000    0.0000603500
   0.0000052000    0.0000060800   -0.0000057300
   0.0000201800    0.0000091800   -0.0000039000
   0.0000041500    0.0000144600   -0.0000191400
  -0.0000037500   -0.0000111600    0.0000182200
   0.0000812300   -0.0000969700    0.0000113100
  -0.0014659900    0.0027109600   -0.0017603600
  -0.0000091700   -0.0000185100   -0.0000093400
   0.0000053300    0.0000189300   -0.0000058100
  -0.0000058300   -0.0000162600   -0.0000137700
  -0.0000035700   -0.0000059800    0.0000035100
  -0.0004827800    0.0005158700   -0.0001002700
   0.0000330100   -0.0000791900   -0.0000805100
   0.0000008600    0.0000247900    0.0000056700
  -0.0001338000    0.0000902300   -0.0000240000
   0.0013558400    0.0036645600   -0.0008599800
   0.0000416300    0.0000100500   -0.0000025300
   0.0000099300   -0.0000141100    0.0000027400
   0.0000003100   -0.0000100300    0.0000108700
   0.0000164300    0.0000154000   -0.0000171600
   0.0010141500    0.0038439300    0.0007856900
  -0.0002245500    0.0001246600    0.0000503500
   0.0000400200    0.0000185800    0.0000000700
  -0.0011278600   -0.0022075600    0.0012122200
   0.0000829300    0.0000375100   -0.0000532200
   0.0000166100    0.0000158300    0.0000060400
  -0.0000013300   -0.0000027300   -0.0000066300
  -0.0000091800    0.0000244600    0.0000110700
   0.0000006200   -0.0000242300    0.0000001600
  -0.0008757700   -0.0002945300    0.0001845900
   0.0000163300   -0.0000326400   -0.0000143800
   0.0000312200    0.0000153700    0.0000289200
   0.0066960900   -0.0004723700    0.0012200600
   0.0082422600    0.0001156200   -0.0015457500
   0.0000454000    0.0000017800    0.0000007500
   0.0000328600   -0.0000231900    0.0000047200
  -0.0000244400   -0.0000334900   -0.0000685100
   0.0000351200    0.0000207200   -0.0000069000
  -0.0000270800   -0.0000044500   -0.0000119500
   0.0000307500   -0.0000097800    0.0000161800
   0.0000268400    0.0000215600   -0.0000191000

46   
 -0.0100000000000000   0.0000000000000000   0.0000000000000000
  -0.0383924900    0.0151161300   -0.0298419700
  -0.0003746400   -0.0003584100    0.0003865200
   0.0000077400    0.0000270800   -0.0000014000
  -0.0000370800   -0.0000323900   -0.0000000100
  -0.0001145300   -0.0000779200    0.0000771200
   0.0000036000    0.0000240500   -0.0000163200
  -0.0007150300    0.0010678200    0.0006234900
   0.0000613000   -0.0000189900   -0.0000254400
   0.0000978800    0.0001699900   -0.0000539000
  -0.0003042400   -0.0007922700   -0.0001060300
  -0.0002577800    0.0006798200   -0.0001506800
   0.0000501600    0.0000004700   -0.0000040700
   0.0000295700   -0.0000079500    0.0000226000
   0.0000365600   -0.0000094700    0.0000017100
  -0.0000141600   -0.0000062500   -0.0000102400
  -0.0119320000    0.0006525300    0.0002251500
   0.0000726600   -0.0001101100    0.0001050100
   0.0001376700    0.0000771600   -0.0001245900
  -0.0004026200    0.0005057700   -0.0005841200
  -0.0389730400   -0.0159495200    0.0293647600
  -0.0000691500   -0.0000329400    0.0000018500
  -0.0000040500   -0.0000131200    0.0000122200
  -0.0000302400    0.0000602400   -0.0000842300
  -0.0000358300   -0.0000444900   -0.0000054200
  -0.0005525500   -0.0008726300   -0.0005825400
   0.0000954600   -0.0000600200    0.0001160100
   0.0000339200    0.0000039900    0.0000213000
   0.0000593200    0.0000065500    0.0000584200
   0.0039613500    0.0001230100    0.0000340400
   0.0000593400    0.0000064500   -0.0000743500
   0.0000401100    0.0000002400   -0.0000090000
   0.0000249800   -0.0000151700   -0.0000217800
   0.0000139600    0.0000103700    0.0000255500
  -0.0009164100   -0.0028467700   -0.0019837200
  -0.0012099900    0.0027224000    0.0018313500
   0.0000430600    0.0000051100   -0.0000010200
  -0.0011954000    0.0041832700   -0.0005673900
   0.0001125200    0.0000192800   -0.0000128200
  -0.0000519500    0.0000161200   -0.0000003800
  -0.0000261000    0.0000404800   -0.0000102300
   0.0000037400   -0.0000184500    0.0000039200
  -0.0000007800   -0.0000054300    0.0000037800
  -0.0012078700    0.0047841100    0.0004070700
  -0.0000525500    0.0000232000    0.0000006600
   0.0001372700    0.0000094200    0.0001061200
   0.1055341700   -0.0015597400   -0.0005855300
  -0.0000398500    0.0000540000    0.0000210200
  -0.0000397200   -0.0000519400    0.0000007000
  -0.0000173800    0.0000594900   -0.0000812800
  -0.0000155400   -0.0000637900    0.0001010900
  -0.0000156400    0.0000041500    0.0000002100
  -0.0000177300   -0.0000977000   -0.0001152300
  -0.0000155700    0.0000037800    0.0000012300
  -0.0000154000    0.0000417800    0.0000640600
   0.0022454400    0.0000805100    0.0002666000
  -0.0000358800    0.0001499800   -0.0000186900
  -0.0000472500   -0.0001563300    0.0000159600
   0.0000789600    0.0002410000    0.0000243200
   0.0001031500   -0.0002181700   -0.0000179900
  -0.0000200700   -0.0000001700    0.0000012700
   0.0000891500   -0.0000894600   -0.0000221900
  -0.0000154400    0.0000001700   -0.0000017800
   0.0000958300    0.0000920200    0.0000265800
  -0.0012145000   -0.0015352300   -0.0012302400
  -0.0014154500    0.0018316100    0.0014779100
   0.0000067700    0.0000001200    0.0000026600
  -0.0000025400    0.0000197100   -0.0000005600
   0.0000174800   -0.0000289000   -0.0000653400
  -0.0000051500   -0.0000058600    0.0000059300
  -0.0000205800   -0.0000093200    0.0000031800
  -0.0000042400   -0.0000140900    0.0000193300
   0.0000038900    0.0000114200   -0.0000182200
  -0.0000786900    0.0000979900   -0.0000152700
   0.0014389200   -0.0026530800    0.0017422200
   0.0000088300    0.0000179600    0.0000093800
  -0.0000054700   -0.0000184500    0.0000058000
   0.0000058300    0.0000160600    0.0000141000
   0.0000034900    0.0000058200   -0.0000035500
   0.0004955600   -0.0005176800    0.0001171800
  -0.0000316000    0.0000764800    0.0000748000
  -0.0000006800   -0.0000249800   -0.0000054700
   0.0001382900   -0.0000908000    0.0000224000
  -0.0013638000   -0.0036354900    0.0008598300
  -0.0000412400   -0.0000101200    0.0000022000
  -0.0000097300    0.0000143000   -0.0000027100
  -0.0000005300    0.0000100200   -0.0000109700
  -0.0000166000   -0.0000152500    0.0000169300
  -0.0010017500   -0.0038647300   -0.0007808100
   0.0002229700   -0.0001223800   -0.0000491500
  -0.0000403500   -0.0000190300    0.0000000400
   0.0011549100    0.0022594500   -0.0012239800
  -0.0000853100   -0.0000367200    0.0000494200
  -0.0000163900   -0.0000163800   -0.0000060800
   0.0000014300    0.0000027000    0.0000066000
   0.0000091800   -0.0000247000   -0.0000108300
  -0.0000005000    0.0000249400   -0.0000001400
   0.0008666000    0.0002941700   -0.0001722400
  -0.0000164900    0.0000323000    0.0000145900
  -0.0000319000   -0.0000167500   -0.0000341900
  -0.0068733000    0.0004765800   -0.0012513600
  -0.0080401500   -0.0001159900    0.0015158000
  -0.0000454900   -0.0000024400   -0.0000009200
  -0.0000329500    0.0000236600   -0.0000051500
   0.0000238800    0.0000353700    0.0000678400
  -0.0000349200   -0.0000203900    0.0000064600
   0.0000271000    0.0000076800    0.0000132100
  -0.0000309000    0.0000097300   -0.0000166500
  -0.0000267900   -0.0000216400    0.0000186500

46   
 -0.0000009506667072  -0.0000005487243663   0.0099999999397567
   0.0284479700   -0.0169155600    0.0436432800
   0.0001507500   -0.0000528800    0.0005257900
  -0.0000499800    0.0000361400   -0.0000056200
  -0.0000579000   -0.0000070700   -0.0000163600
   0.0000084700    0.0000867000   -0.0000244200
   0.0000053000   -0.0000071900    0.0000083900
   0.0001242700   -0.0004747600    0.0002817600
   0.0000147100   -0.0000099100    0.0000016300
  -0.0000732400   -0.0000532000    0.0000080600
  -0.0003489500    0.0003450700    0.0002817700
   0.0000296100    0.0001570000    0.0005258000
  -0.0000035700    0.0000082000    0.0000083900
  -0.0000350800   -0.0000466100   -0.0000163600
  -0.0000012300    0.0000177000    0.0000016300
   0.0000063000   -0.0000613700   -0.0000056300
  -0.0004178200    0.0330945700    0.0436433200
   0.0000793200   -0.0000360300   -0.0000244200
  -0.0000826900   -0.0000367900    0.0000080600
  -0.0002549300    0.0000056600    0.0004818500
  -0.0303617400   -0.0175247600    0.0443645600
   0.0000340900    0.0000465600   -0.0000201900
   0.0000020100    0.0000011400    0.0000081400
   0.0000403000    0.0000919200   -0.0000568600
   0.0000573900    0.0000062400   -0.0000201900
  -0.0001226100   -0.0002236000    0.0004818400
   0.0000997800   -0.0000111000   -0.0000568400
  -0.0000118200   -0.0000068100   -0.0000047800
   0.0000177800   -0.0000221200    0.0000041300
  -0.0002366000   -0.0012470600    0.0025344400
  -0.0000273300   -0.0000157600   -0.0000031300
  -0.0000102700    0.0000264500    0.0000041100
   0.0000181400    0.0000104900   -0.0000016300
  -0.0000066500    0.0000045700    0.0000025400
   0.0011657700    0.0006729100    0.0020697600
  -0.0011981900    0.0004188800    0.0025344400
   0.0000006500   -0.0000080700    0.0000025300
  -0.0005545200    0.0011317500   -0.0030068700
  -0.0000891800   -0.0000514700    0.0000845400
  -0.0000022600   -0.0000051300   -0.0000235200
   0.0000132000    0.0000076200    0.0000073400
  -0.0000041600    0.0000105300   -0.0000241900
  -0.0000055800    0.0000006100   -0.0000235200
   0.0007025900   -0.0010462800   -0.0030068800
   0.0000070300   -0.0000088600   -0.0000241900
   0.0000305700    0.0000176400    0.0000466500
   0.0015699900    0.0009062800   -0.1333386900
  -0.0000035700   -0.0000724400   -0.0002349300
  -0.0000206500   -0.0001042500   -0.0002352700
   0.0001171500    0.0000238300   -0.0001635100
  -0.0000645000    0.0000331300   -0.0002348900
  -0.0000012000   -0.0000006900    0.0000016700
   0.0000792500    0.0000895100   -0.0001635000
  -0.0000003000   -0.0000001800    0.0000017100
  -0.0001006000    0.0000342400   -0.0002352400
   0.0001821700    0.0001051400    0.0124411200
   0.0000379900   -0.0000177000    0.0000233900
  -0.0000387200   -0.0000172300    0.0000170100
  -0.0000005200    0.0000261000    0.0000405200
   0.0000036800    0.0000417400    0.0000233800
  -0.0000005000   -0.0000002800    0.0000009400
   0.0000223400   -0.0000135200    0.0000405000
  -0.0000012200   -0.0000007100    0.0000019200
  -0.0000343000   -0.0000249100    0.0000170000
   0.0015119700    0.0016044600    0.0002077500
  -0.0017314100    0.0019381100    0.0003293000
   0.0000015500    0.0000004600    0.0000106300
   0.0000147100   -0.0000029500    0.0000126800
   0.0000089800    0.0000254700   -0.0003566400
  -0.0000144800    0.0000038500    0.0000162500
   0.0000001200    0.0000420900   -0.0002293500
  -0.0000070800    0.0000045500    0.0000121500
   0.0000013600    0.0000043000    0.0000015900
   0.0000365200   -0.0000209600   -0.0002293700
   0.0008121900   -0.0024686800    0.0003293100
  -0.0000039200   -0.0000144700    0.0000162500
   0.0000048000    0.0000142100    0.0000126800
   0.0000004000   -0.0000084100    0.0000121600
   0.0000011700    0.0000011100    0.0000106300
   0.0021456000    0.0005066800    0.0002077300
   0.0000265500   -0.0000049700   -0.0003566400
   0.0000044000   -0.0000009600    0.0000015900
   0.0001042700   -0.0000087200    0.0000553200
   0.0006682600    0.0009243600   -0.0032695200
  -0.0000076500   -0.0000011000   -0.0000186100
   0.0000040500    0.0000047500   -0.0000255100
   0.0000069200    0.0000022700   -0.0000251700
  -0.0000161400    0.0000086000    0.0000082800
  -0.0000512700   -0.0010809100   -0.0033406900
  -0.0000018400    0.0000147200    0.0000463600
   0.0000044800   -0.0000076200   -0.0000363700
  -0.0005510100   -0.0020263900    0.0002850400
  -0.0000117700   -0.0000067800   -0.0002626500
   0.0000128700   -0.0000150300    0.0000161500
   0.0000021800    0.0000012600    0.0000087400
  -0.0000017500   -0.0000055500    0.0000102300
  -0.0000065700    0.0000186500    0.0000161600
  -0.0020302800    0.0005364700    0.0002850500
  -0.0000056800    0.0000012700    0.0000102500
  -0.0000100200   -0.0000057800   -0.0003680300
  -0.0009616400    0.0004962800   -0.0033407300
   0.0011346800    0.0001163000   -0.0032695100
  -0.0000006200   -0.0000182800    0.0000082700
   0.0000061400    0.0000011400   -0.0000255200
   0.0000118300   -0.0000089600    0.0000463600
  -0.0000047700   -0.0000060900   -0.0000186200
   0.0000446000    0.0000946400    0.0000553200
   0.0000054300    0.0000048600   -0.0000251700
  -0.0000043500    0.0000076900   -0.0000363700

46   
  0.0000009506667072   0.0000005487243663  -0.0099999999397567
  -0.0294272500    0.0174782600   -0.0445733700
  -0.0001182700    0.0000427800   -0.0005346800
   0.0000511600   -0.0000360600    0.0000032800
   0.0000583500    0.0000068400    0.0000132800
  -0.0000049000   -0.0000898600    0.0000235000
  -0.0000061400    0.0000076400   -0.0000089500
  -0.0000971100    0.0004510100   -0.0002929500
  -0.0000148300    0.0000101400   -0.0000018700
   0.0000763700    0.0000508600   -0.0000084100
   0.0003419700   -0.0003096800   -0.0002929600
  -0.0000221200   -0.0001238100   -0.0005346800
   0.0000035300   -0.0000091400   -0.0000089400
   0.0000351000    0.0000471000    0.0000132800
   0.0000013500   -0.0000179200   -0.0000018700
  -0.0000056200    0.0000623400    0.0000032900
   0.0004152500   -0.0342239700   -0.0445733700
  -0.0000802600    0.0000407200    0.0000235000
   0.0000822300    0.0000407000   -0.0000084200
   0.0002242300   -0.0000146700   -0.0004873900
   0.0314557400    0.0181562700   -0.0453483800
  -0.0000355700   -0.0000461500    0.0000183200
  -0.0000015700   -0.0000009100   -0.0000088600
  -0.0000444200   -0.0000936400    0.0000569900
  -0.0000577400   -0.0000077100    0.0000183300
   0.0000994900    0.0002015100   -0.0004873900
  -0.0001033000    0.0000083700    0.0000570100
   0.0000119500    0.0000069200    0.0000044900
  -0.0000183000    0.0000226000   -0.0000082100
   0.0002296400    0.0012131100   -0.0025320300
   0.0000280100    0.0000161700   -0.0000000100
   0.0000104500   -0.0000271500   -0.0000082200
  -0.0000185200   -0.0000107000    0.0000010400
   0.0000069700   -0.0000047900   -0.0000031200
  -0.0011387600   -0.0006572700   -0.0020689900
   0.0011652900   -0.0004079600   -0.0025320200
  -0.0000006700    0.0000084400   -0.0000031200
   0.0005719100   -0.0011702000    0.0030399700
   0.0000869200    0.0000501700   -0.0000835300
   0.0000026500    0.0000054500    0.0000244600
  -0.0000134800   -0.0000077800   -0.0000065500
   0.0000039000   -0.0000107900    0.0000244400
   0.0000060400   -0.0000004300    0.0000244700
  -0.0007272000    0.0010805600    0.0030399900
  -0.0000074000    0.0000087800    0.0000244400
  -0.0000285600   -0.0000164800   -0.0000424600
  -0.0016444800   -0.0009492300    0.1362825200
   0.0000008200    0.0000722300    0.0002396200
   0.0000240800    0.0001045500    0.0002392800
  -0.0001146600   -0.0000289600    0.0001681700
   0.0000629500   -0.0000354200    0.0002395900
   0.0000013200    0.0000007500   -0.0000012600
  -0.0000824200   -0.0000848000    0.0001681700
   0.0000002500    0.0000001400   -0.0000012500
   0.0001025700   -0.0000314500    0.0002392500
  -0.0001879300   -0.0001084700   -0.0126992900
  -0.0000377900    0.0000177300   -0.0000254200
   0.0000390200    0.0000171900   -0.0000187700
   0.0000007300   -0.0000257600   -0.0000421100
  -0.0000035600   -0.0000415900   -0.0000254200
   0.0000005900    0.0000003400   -0.0000008400
  -0.0000219500    0.0000135100   -0.0000421200
   0.0000012000    0.0000006900   -0.0000018200
   0.0000344100    0.0000251900   -0.0000187600
  -0.0015034300   -0.0015884600   -0.0002097800
   0.0017212400   -0.0019200400   -0.0003321100
  -0.0000015700   -0.0000007300   -0.0000105000
  -0.0000151300    0.0000031400   -0.0000122100
  -0.0000088500   -0.0000200700    0.0003571100
   0.0000148500   -0.0000036000   -0.0000159800
  -0.0000020000   -0.0000422600    0.0002328400
   0.0000069200   -0.0000043000   -0.0000121000
  -0.0000014100   -0.0000041400   -0.0000015000
  -0.0000375900    0.0000194100    0.0002328300
  -0.0008016300    0.0024508500   -0.0003321300
   0.0000043200    0.0000146700   -0.0000159800
  -0.0000048500   -0.0000146800   -0.0000122100
  -0.0000002600    0.0000081500   -0.0000120900
  -0.0000014200   -0.0000009900   -0.0000105000
  -0.0021274800   -0.0005073000   -0.0002097800
  -0.0000218000    0.0000023700    0.0003571100
  -0.0000042900    0.0000008700   -0.0000014900
  -0.0001011300    0.0000059300   -0.0000536900
  -0.0006785800   -0.0009613800    0.0032986700
   0.0000073900    0.0000011700    0.0000193800
  -0.0000041600   -0.0000043800    0.0000264900
  -0.0000067400   -0.0000026800    0.0000249900
   0.0000162900   -0.0000087300   -0.0000075900
   0.0000652400    0.0010968200    0.0033752000
   0.0000007900   -0.0000143200   -0.0000426800
  -0.0000039700    0.0000075300    0.0000364300
   0.0005389700    0.0020122800   -0.0002867900
   0.0000106900    0.0000061700    0.0002666700
  -0.0000132600    0.0000154300   -0.0000158200
  -0.0000020700   -0.0000012000   -0.0000084300
   0.0000016200    0.0000054800   -0.0000100900
   0.0000067300   -0.0000191900   -0.0000158200
   0.0020120400   -0.0005398300   -0.0002868000
   0.0000055600   -0.0000013400   -0.0000100900
   0.0000059800    0.0000034600    0.0003684500
   0.0009823900   -0.0004921500    0.0033752000
  -0.0011718900   -0.0001067100    0.0032986200
   0.0000006000    0.0000184700   -0.0000075900
  -0.0000058700   -0.0000014000    0.0000265000
  -0.0000120000    0.0000078300   -0.0000426800
   0.0000047000    0.0000058100    0.0000193800
  -0.0000454600   -0.0000905400   -0.0000536900
  -0.0000056900   -0.0000044900    0.0000249800
   0.0000045300   -0.0000072100    0.0000364300

55   
  0.0100000000000000   0.0000000000000000   0.0000000000000000
   0.0363377300   -0.0139674000   -0.0274196200
   0.0005614900    0.0003638500    0.0003315500
  -0.0000065500   -0.0000206200    0.0000029600
   0.0000127800   -0.0000096600    0.0000028100
   0.0001162300    0.0000671600    0.0000767200
  -0.0000040300   -0.0000253600   -0.0000138700
   0.0006605900   -0.0008361100    0.0004243600
  -0.0000506200    0.0000127600   -0.0000225800
  -0.0001190700   -0.0001403900   -0.0000468100
   0.0001766400    0.0006858600   -0.0000050800
   0.0002266200   -0.0005901900   -0.0001328500
  -0.0000442600    0.0000033200    0.0000035100
  -0.0000283300   -0.0000067600    0.0000108500
  -0.0000340600   -0.0000004600    0.0000016500
  -0.0000061600   -0.0000008300   -0.0000059900
   0.0124637600    0.0000202200    0.0003775500
  -0.0000837700    0.0000691200    0.0001227400
  -0.0000855500   -0.0000623200   -0.0001064000
   0.0005312500   -0.0004352700   -0.0006630300
   0.0388782800    0.0157386900    0.0303052900
   0.0000845900    0.0000376800    0.0000111400
   0.0000061200    0.0000154600    0.0000206700
   0.0000609100   -0.0001068700   -0.0000811600
   0.0000401200    0.0000598800   -0.0000110200
   0.0005150100    0.0008197400   -0.0005670300
  -0.0000919900    0.0000714700    0.0000920700
  -0.0000301000   -0.0000073400    0.0000245100
  -0.0000601000    0.0000165400    0.0000402700
  -0.0036246500    0.0000391100    0.0002978300
  -0.0000572200   -0.0000108400   -0.0000594600
  -0.0000370500    0.0000053200   -0.0000128700
  -0.0000220800    0.0000069900   -0.0000252000
  -0.0000207100   -0.0000149300    0.0000264700
   0.0009602600    0.0027557900   -0.0019695400
   0.0012747900   -0.0025902200    0.0019578300
  -0.0000418800   -0.0000025300   -0.0000003600
  -0.0009469000   -0.0019255700   -0.0017375600
   0.0000451800    0.0000500900    0.0000057100
   0.0000089600    0.0000143000   -0.0000067100
  -0.0000042700   -0.0000064600   -0.0000017400
  -0.0000030600    0.0000238300   -0.0000030400
  -0.0000029200   -0.0000195700   -0.0000012000
  -0.0008606500   -0.0002203100   -0.0003967500
   0.0000133000   -0.0000264700    0.0000090600
   0.0000364600    0.0000407600   -0.0000277200
  -0.0022439300   -0.0000830500    0.0001620300
   0.0000471800   -0.0001750200   -0.0000391200
   0.0000359700    0.0001374800    0.0000376600
  -0.0000891900   -0.0002332300    0.0000221200
  -0.0000954100    0.0002381200   -0.0000340900
   0.0000154000   -0.0000001000   -0.0000011800
  -0.0000789900    0.0000829600   -0.0000009300
   0.0000201000    0.0000001600   -0.0000004800
  -0.0001028500   -0.0000701100    0.0000033000
  -0.1038530500   -0.0025646200   -0.0033812700
   0.0000057100   -0.0000428100    0.0000337000
   0.0000062100    0.0000545500    0.0000244700
   0.0000184700   -0.0000173000   -0.0000779200
   0.0000338300    0.0000407200    0.0001129300
   0.0000116300    0.0000005200   -0.0000014300
   0.0000186100    0.0000685900   -0.0000653000
   0.0000116400    0.0000002200    0.0000023700
   0.0000340900   -0.0000572700    0.0000802200
   0.0068497800   -0.0003552400   -0.0012948400
   0.0083892000    0.0001286100    0.0015285600
   0.0000427400   -0.0000054400   -0.0000037200
   0.0000309200   -0.0000099600   -0.0000028300
  -0.0000478900   -0.0000170500    0.0000069200
   0.0000254700    0.0000109000    0.0000034200
  -0.0000487900    0.0000287700    0.0000027200
   0.0000205400   -0.0000128300   -0.0000156100
   0.0000260700    0.0000101900    0.0000126400
  -0.0001170000    0.0000598400    0.0000475500
   0.0013700600    0.0037672800    0.0008172500
   0.0000296100    0.0000141300    0.0000028700
   0.0000132900   -0.0000058200    0.0000010400
  -0.0000040200   -0.0000029700   -0.0000096600
   0.0000198000    0.0000170100    0.0000180200
   0.0009726300    0.0038729300   -0.0007090500
  -0.0002142300    0.0000713900   -0.0000753100
   0.0000238300    0.0000194800   -0.0000041800
   0.0001071100   -0.0000706100   -0.0000061000
  -0.0013332500    0.0028007800    0.0017988800
   0.0000002600   -0.0000226700    0.0000067900
  -0.0000006900    0.0000214300    0.0000019300
  -0.0000005400   -0.0000106200    0.0000117400
  -0.0000020300   -0.0000039100   -0.0000042200
  -0.0009182000    0.0003017700    0.0001943800
   0.0000728900   -0.0000557100    0.0000590000
   0.0000087200    0.0000189600   -0.0000071200
   0.0007819700   -0.0031385000   -0.0008227400
  -0.0001666800   -0.0000445900   -0.0000199000
   0.0000463700   -0.0000124700   -0.0000056600
   0.0000296500   -0.0000138400   -0.0000200200
   0.0000006200    0.0000045000    0.0000136800
   0.0000057900    0.0000093700   -0.0000001000
   0.0008871700   -0.0041245900    0.0005976300
   0.0000311000   -0.0000194400    0.0000023000
  -0.0001619500   -0.0000721900    0.0001001400
   0.0012707400    0.0010848500   -0.0013333500
   0.0014095700   -0.0016051200    0.0014266700
  -0.0000061200    0.0000036300    0.0000000000
   0.0000008600   -0.0000207300   -0.0000049000
  -0.0000033100    0.0000321000   -0.0000277300
   0.0000040700    0.0000209400    0.0000078700
   0.0000103900    0.0000518200    0.0000011300
   0.0000038100    0.0000137000    0.0000150400
  -0.0000007500   -0.0000113300   -0.0000161300

55   
 -0.0100000000000000   0.0000000000000000   0.0000000000000000
  -0.0370799300    0.0143771500    0.0283453700
  -0.0005238900   -0.0003526600   -0.0003281000
   0.0000047800    0.0000225400   -0.0000033300
  -0.0000139200    0.0000098500   -0.0000036400
  -0.0001190700   -0.0000653300   -0.0000777600
   0.0000039300    0.0000249700    0.0000135800
  -0.0006479400    0.0008283000   -0.0004137400
   0.0000503200   -0.0000125400    0.0000223700
   0.0001190600    0.0001410200    0.0000474700
  -0.0001856100   -0.0006926500    0.0000052500
  -0.0002158300    0.0005833200    0.0001350800
   0.0000442800   -0.0000037800   -0.0000039700
   0.0000291100    0.0000052500   -0.0000107700
   0.0000340000    0.0000007900   -0.0000019300
   0.0000056700   -0.0000005600    0.0000061600
  -0.0124711300    0.0001426500   -0.0004494900
   0.0000831300   -0.0000703200   -0.0001214300
   0.0000866500    0.0000612100    0.0001074700
  -0.0005651700    0.0004473700    0.0006699900
  -0.0380961600   -0.0152686900   -0.0292777100
  -0.0000819500   -0.0000353800   -0.0000110400
  -0.0000060900   -0.0000154000   -0.0000210300
  -0.0000580600    0.0001077900    0.0000810800
  -0.0000388300   -0.0000594200    0.0000106400
  -0.0005266800   -0.0008275400    0.0005789800
   0.0000913400   -0.0000711700   -0.0000912900
   0.0000298500    0.0000069600   -0.0000246000
   0.0000611700   -0.0000167200   -0.0000419900
   0.0036308700   -0.0000109500   -0.0003103800
   0.0000570400    0.0000109700    0.0000577700
   0.0000372400   -0.0000063300    0.0000138100
   0.0000222100   -0.0000068500    0.0000248700
   0.0000205500    0.0000150100   -0.0000267900
  -0.0009941600   -0.0027946700    0.0019858800
  -0.0012378800    0.0025569100   -0.0019452100
   0.0000418800    0.0000026400    0.0000000000
   0.0009664800    0.0019735800    0.0017621400
  -0.0000489800   -0.0000491400   -0.0000022000
  -0.0000086000   -0.0000148700    0.0000067400
   0.0000043700    0.0000064200    0.0000019100
   0.0000030200   -0.0000242200    0.0000028600
   0.0000030500    0.0000203200    0.0000013000
   0.0008526300    0.0002183800    0.0003860300
  -0.0000136100    0.0000261500   -0.0000091100
  -0.0000373500   -0.0000421500    0.0000321200
   0.0022465700    0.0000806000   -0.0002075900
  -0.0000481100    0.0001737000    0.0000386600
  -0.0000348600   -0.0001386400   -0.0000381300
   0.0000908800    0.0002339900   -0.0000220600
   0.0000945500   -0.0002378100    0.0000346200
  -0.0000154600    0.0000004200    0.0000012700
   0.0000774900   -0.0000828100    0.0000003600
  -0.0000200700   -0.0000003900    0.0000006100
   0.0001046500    0.0000704000   -0.0000038800
   0.1037909800    0.0014172800    0.0013838100
  -0.0000066000    0.0000415300   -0.0000307700
  -0.0000061300   -0.0000561200   -0.0000218500
  -0.0000190500    0.0000203000    0.0000791900
  -0.0000337300   -0.0000382700   -0.0001115300
  -0.0000116700   -0.0000002100    0.0000015100
  -0.0000189400   -0.0000673000    0.0000644500
  -0.0000116300   -0.0000004900   -0.0000024400
  -0.0000334900    0.0000587100   -0.0000806500
  -0.0070299500    0.0003577300    0.0013255600
  -0.0081912200   -0.0001315000   -0.0014998200
  -0.0000429200    0.0000047300    0.0000037900
  -0.0000310700    0.0000103500    0.0000031000
   0.0000481500    0.0000192500   -0.0000055300
  -0.0000253200   -0.0000106500   -0.0000031200
   0.0000482300   -0.0000260400   -0.0000037900
  -0.0000205400    0.0000127700    0.0000159900
  -0.0000259400   -0.0000102200   -0.0000123000
   0.0001202800   -0.0000604000   -0.0000460600
  -0.0013755000   -0.0037367600   -0.0008153300
  -0.0000291500   -0.0000140500   -0.0000025700
  -0.0000130500    0.0000059300   -0.0000013400
   0.0000039100    0.0000030600    0.0000095500
  -0.0000200700   -0.0000168600   -0.0000178800
  -0.0009581700   -0.0038941900    0.0007013700
   0.0002130400   -0.0000701900    0.0000740200
  -0.0000241300   -0.0000199300    0.0000040600
  -0.0001045400    0.0000718400    0.0000105700
   0.0013062700   -0.0027418100   -0.0017794900
  -0.0000006300    0.0000219000   -0.0000067800
   0.0000006100   -0.0000209300   -0.0000018800
   0.0000005300    0.0000103100   -0.0000118900
   0.0000019700    0.0000037600    0.0000042700
   0.0009310000   -0.0003040700   -0.0002100900
  -0.0000717400    0.0000543900   -0.0000544400
  -0.0000085600   -0.0000191700    0.0000070400
  -0.0007755600    0.0031701600    0.0008320400
   0.0001617500    0.0000443500    0.0000216700
  -0.0000471200    0.0000124300    0.0000060800
  -0.0000295300    0.0000140700    0.0000202500
  -0.0000006900   -0.0000044800   -0.0000135200
  -0.0000058700   -0.0000093500    0.0000000900
  -0.0009044900    0.0041025200   -0.0006059300
  -0.0000307300    0.0000189900   -0.0000024000
   0.0001631300    0.0000738700   -0.0001020400
  -0.0012692900   -0.0010692700    0.0013382900
  -0.0014105800    0.0016165400   -0.0014205900
   0.0000059900   -0.0000034600    0.0000001400
  -0.0000008100    0.0000210600    0.0000048200
   0.0000028100   -0.0000353000    0.0000325200
  -0.0000041300   -0.0000206400   -0.0000080400
  -0.0000104700   -0.0000520000   -0.0000003600
  -0.0000039400   -0.0000133900   -0.0000150600
   0.0000008800    0.0000116100    0.0000160900

55   
 -0.0000009506667072  -0.0000005487243663   0.0099999999397567
  -0.0285477700    0.0167118300    0.0448608900
  -0.0001600700    0.0000276100    0.0006167300
   0.0000418600   -0.0000383600    0.0000089500
   0.0000632100   -0.0000107800   -0.0000085900
   0.0000272000   -0.0001142300   -0.0000332300
  -0.0000047200    0.0000020400    0.0000073300
  -0.0001339000    0.0000737100    0.0005507200
  -0.0000142800    0.0000164100    0.0000045700
   0.0001186200    0.0000383200    0.0000046700
  -0.0000031500   -0.0001528100    0.0005507100
  -0.0000561500   -0.0001524100    0.0006167300
  -0.0000006000   -0.0000051200    0.0000073400
   0.0000222700    0.0000601200   -0.0000085900
   0.0000070600   -0.0000205700    0.0000045600
  -0.0000122600    0.0000554400    0.0000089500
   0.0001915000   -0.0330790400    0.0448609300
  -0.0000853000    0.0000807000   -0.0000332200
   0.0000925100    0.0000835500    0.0000046700
   0.0002094000    0.0000655500    0.0006110800
   0.0313085500    0.0180713100    0.0451845100
  -0.0000375900   -0.0000514200   -0.0000229000
   0.0000008500    0.0000004700    0.0000075400
  -0.0000637700   -0.0000994700   -0.0000302600
  -0.0000633100   -0.0000068300   -0.0000229000
   0.0001615400    0.0001485300    0.0006110800
  -0.0001180300   -0.0000054800   -0.0000302500
   0.0000114100    0.0000066000   -0.0000024100
  -0.0000526100    0.0000267100    0.0000269300
   0.0001313900    0.0012391300    0.0025188700
   0.0000305800    0.0000176700   -0.0000136100
  -0.0000031600   -0.0000589100    0.0000269300
  -0.0000088600   -0.0000051100   -0.0000000100
   0.0000028900   -0.0000090000    0.0000066000
  -0.0008009600   -0.0004623200    0.0020326600
   0.0011386600   -0.0005060500    0.0025188700
  -0.0000063600    0.0000070100    0.0000065800
   0.0004255400    0.0016109100    0.0002619100
   0.0000207800    0.0000119900   -0.0003230100
  -0.0000069200    0.0000136700    0.0000135000
  -0.0000001100   -0.0000000700    0.0000150900
  -0.0000003300    0.0000073400    0.0000151900
   0.0000083700   -0.0000128200    0.0000135000
   0.0016077600   -0.0004372900    0.0002619200
   0.0000061900   -0.0000039700    0.0000151800
  -0.0000430600   -0.0000248500   -0.0002682800
  -0.0002461100   -0.0001420000    0.0127031900
  -0.0000156900   -0.0000211500    0.0000187400
   0.0000188600    0.0000099700    0.0000251400
   0.0000224700   -0.0000411000    0.0000424500
  -0.0000261600   -0.0000030000    0.0000187400
   0.0000017400    0.0000010000    0.0000018100
  -0.0000243500    0.0000400100    0.0000424400
  -0.0000012900   -0.0000007400    0.0000008400
   0.0000180800    0.0000113300    0.0000251400
  -0.0024149500   -0.0013939300   -0.1358150500
   0.0000215300    0.0000794300   -0.0002337200
   0.0000340000    0.0001110800   -0.0002332800
  -0.0000640700   -0.0000546900   -0.0002307400
   0.0000795600   -0.0000210900   -0.0002337000
   0.0000024100    0.0000013900   -0.0000012000
  -0.0000794000   -0.0000281200   -0.0002307500
  -0.0000015100   -0.0000008800   -0.0000012200
   0.0001132100   -0.0000261400   -0.0002332600
   0.0010455700   -0.0003091100   -0.0036970800
  -0.0011701400   -0.0001444800   -0.0032278600
   0.0000039600    0.0000213900    0.0000045400
   0.0000002900   -0.0000025900   -0.0000259900
  -0.0000000100    0.0000192800    0.0000271900
   0.0000038200    0.0000061200   -0.0000159200
   0.0000034300   -0.0000912100    0.0000310400
  -0.0000031000   -0.0000035500   -0.0000238300
   0.0000023800   -0.0000043000   -0.0000312100
  -0.0000772600    0.0000485900    0.0000310300
  -0.0007104000   -0.0009409500   -0.0032278900
   0.0000072100    0.0000002500   -0.0000159200
  -0.0000021000    0.0000015500   -0.0000259900
  -0.0000046300   -0.0000009000   -0.0000238300
   0.0000204900   -0.0000072800    0.0000045400
   0.0002553200    0.0010599600   -0.0036970700
   0.0000166900   -0.0000096600    0.0000271900
  -0.0000025300    0.0000042200   -0.0000312000
  -0.0000939400   -0.0000083000   -0.0002813400
  -0.0006934400    0.0024244000    0.0003513200
   0.0000046800    0.0000142900    0.0000192200
  -0.0000081900   -0.0000122600    0.0000141700
  -0.0000008500    0.0000080100    0.0000100300
  -0.0000012200    0.0000006500    0.0000111700
  -0.0019394900   -0.0005421600    0.0002041400
  -0.0000074000    0.0000116300   -0.0003218700
  -0.0000059200    0.0000040600    0.0000006900
   0.0005855400   -0.0008434700   -0.0035938500
   0.0001181600    0.0000682100    0.0000303800
   0.0000053700    0.0000054400   -0.0000306200
  -0.0000193600   -0.0000111800    0.0000052500
   0.0000018100    0.0000013700   -0.0000343100
   0.0000074000    0.0000019300   -0.0000306100
  -0.0004374900    0.0009289300   -0.0035938500
   0.0000020900    0.0000008800   -0.0000343000
  -0.0000220200   -0.0000127000    0.0000611500
  -0.0014396000   -0.0014082500    0.0002041200
   0.0017524600   -0.0018131300    0.0003512800
  -0.0000000500   -0.0000013800    0.0000111600
  -0.0000147100   -0.0000009500    0.0000141700
   0.0000063800   -0.0000122300   -0.0003218700
   0.0000147100   -0.0000031000    0.0000192200
  -0.0000541900   -0.0000772000   -0.0002813500
   0.0000065200   -0.0000047400    0.0000100300
   0.0000005400   -0.0000071600    0.0000007000

55   
  0.0000009506667072   0.0000005487243663  -0.0099999999397567
   0.0275830000   -0.0161454500   -0.0439336400
   0.0001934800   -0.0000382200   -0.0006073100
  -0.0000408600    0.0000384200   -0.0000064400
  -0.0000624100    0.0000102500    0.0000110300
  -0.0000237300    0.0001118700    0.0000339000
   0.0000041400   -0.0000014500   -0.0000066600
   0.0001564400   -0.0000963200   -0.0005395900
   0.0000141200   -0.0000161400   -0.0000041500
  -0.0001152200   -0.0000398600   -0.0000042100
  -0.0000051500    0.0001836300   -0.0005395800
   0.0000636800    0.0001866600   -0.0006072900
   0.0000008100    0.0000043200   -0.0000066600
  -0.0000223400   -0.0000591700    0.0000110300
  -0.0000069200    0.0000203100   -0.0000041600
   0.0000128300   -0.0000546000   -0.0000064400
  -0.0001836400    0.0319603600   -0.0439336500
   0.0000850000   -0.0000765100    0.0000339000
  -0.0000921400   -0.0000798300   -0.0000042100
  -0.0002392100   -0.0000735600   -0.0006039800
  -0.0302300000   -0.0174487200   -0.0442253400
   0.0000361100    0.0000515700    0.0000250700
  -0.0000003000   -0.0000001800   -0.0000069400
   0.0000599600    0.0000969900    0.0000293100
   0.0000627300    0.0000054700    0.0000250800
  -0.0001833600   -0.0001703500   -0.0006040000
   0.0001139900    0.0000034000    0.0000293300
  -0.0000113900   -0.0000065600    0.0000027400
   0.0000514000   -0.0000260500   -0.0000226800
  -0.0001343500   -0.0012725800   -0.0025170100
  -0.0000298400   -0.0000172200    0.0000174800
   0.0000031600    0.0000575400   -0.0000226900
   0.0000083200    0.0000048400    0.0000005600
  -0.0000026200    0.0000087600   -0.0000059800
   0.0008311100    0.0004797500   -0.0020352300
  -0.0011691500    0.0005201600   -0.0025170100
   0.0000062800   -0.0000066700   -0.0000059900
  -0.0004331800   -0.0016281500   -0.0002622700
  -0.0000206200   -0.0000118900    0.0003210000
   0.0000065800   -0.0000132800   -0.0000136300
   0.0000001300    0.0000000700   -0.0000151800
   0.0000002600   -0.0000072500   -0.0000149800
  -0.0000082200    0.0000123300   -0.0000136400
  -0.0016265100    0.0004392900   -0.0002622700
  -0.0000061500    0.0000038600   -0.0000149900
   0.0000374800    0.0000216300    0.0002706900
   0.0002417600    0.0001396000   -0.0124397700
   0.0000157500    0.0000213000   -0.0000169900
  -0.0000189800   -0.0000095600   -0.0000236200
  -0.0000225400    0.0000405900   -0.0000401400
   0.0000263200    0.0000029800   -0.0000169700
  -0.0000017600   -0.0000010100   -0.0000018100
   0.0000238700   -0.0000398300   -0.0000401400
   0.0000012800    0.0000007300   -0.0000008700
  -0.0000177700   -0.0000116600   -0.0000236100
   0.0023310200    0.0013453800    0.1329004100
  -0.0000247300   -0.0000795500    0.0002288100
  -0.0000302600   -0.0001108400    0.0002292500
   0.0000658300    0.0000517600    0.0002261600
  -0.0000812600    0.0000183800    0.0002287800
  -0.0000023700   -0.0000013600    0.0000008700
   0.0000777400    0.0000311000    0.0002261400
   0.0000015300    0.0000008700    0.0000008200
  -0.0001111300    0.0000292500    0.0002292200
  -0.0010244800    0.0003108200    0.0036588600
   0.0011322800    0.0001533500    0.0031997600
  -0.0000040100   -0.0000212600   -0.0000052900
  -0.0000001200    0.0000024600    0.0000249800
  -0.0000001300   -0.0000205100   -0.0000311500
  -0.0000039300   -0.0000063200    0.0000151000
  -0.0000046800    0.0000940200   -0.0000321500
   0.0000028500    0.0000039800    0.0000240800
  -0.0000020700    0.0000046800    0.0000313100
   0.0000790800   -0.0000510800   -0.0000321600
   0.0006991600    0.0009037400    0.0031997600
  -0.0000074400   -0.0000002500    0.0000151000
   0.0000020700   -0.0000013300    0.0000249800
   0.0000048800    0.0000004900    0.0000240900
  -0.0000204100    0.0000071500   -0.0000053000
  -0.0002432900   -0.0010425700    0.0036588500
  -0.0000178200    0.0000101500   -0.0000311500
   0.0000030000   -0.0000041200    0.0000313100
   0.0000931800    0.0000087500    0.0002774200
   0.0007038700   -0.0024399400   -0.0003475300
  -0.0000042900   -0.0000139500   -0.0000195300
   0.0000080500    0.0000118100   -0.0000146400
   0.0000009100   -0.0000079500   -0.0000099700
   0.0000010300   -0.0000005300   -0.0000112700
   0.0019527500    0.0005427000   -0.0002029900
   0.0000121100   -0.0000143600    0.0003216000
   0.0000059500   -0.0000040900   -0.0000006500
  -0.0005775300    0.0008179600    0.0035550600
  -0.0001210300   -0.0000698500   -0.0000321100
  -0.0000050400   -0.0000052300    0.0000295300
   0.0000191800    0.0000110700   -0.0000063100
  -0.0000020700   -0.0000016000    0.0000343600
  -0.0000070400   -0.0000017700    0.0000295300
   0.0004194100   -0.0009092300    0.0035550400
  -0.0000024100   -0.0000009800    0.0000343700
   0.0000231500    0.0000133700   -0.0000651600
   0.0014466800    0.0014194400   -0.0002030100
  -0.0017607100    0.0018299400   -0.0003475200
   0.0000000600    0.0000011500   -0.0000112800
   0.0000142600    0.0000010700   -0.0000146400
  -0.0000063800    0.0000176600    0.0003215900
  -0.0000142100    0.0000032500   -0.0000195400
   0.0000541800    0.0000763000    0.0002774200
  -0.0000064300    0.0000047600   -0.0000099800
  -0.0000005700    0.0000072100   -0.0000006500

64   
  0.0100000000000000   0.0000000000000000   0.0000000000000000
   0.0411106000    0.0144791000    0.0290917800
   0.0000419300    0.0000408200    0.0000155600
   0.0009385300   -0.0002995400   -0.0002582800
   0.0000777600   -0.0000723500   -0.0001432600
   0.0000121600    0.0000251800   -0.0000123300
  -0.0000019300    0.0000161800    0.0000161700
  -0.0001404200    0.0001597500    0.0000054900
  -0.0000268400   -0.0000025400    0.0000225500
   0.0005868700    0.0008295900   -0.0000701400
  -0.0040339900    0.0000708700   -0.0003138800
  -0.0000741800   -0.0000241400   -0.0000003500
  -0.0000833800    0.0000128700    0.0000110800
  -0.0000214600    0.0000170600   -0.0000311600
  -0.0000181400   -0.0000048600    0.0000289900
  -0.0000506800   -0.0000047200    0.0000106600
   0.0006366400   -0.0027963600    0.0014945900
  -0.0000257200    0.0000052600   -0.0000004800
   0.0008687300    0.0026631400   -0.0014141000
   0.0428081600   -0.0155368800   -0.0298954000
   0.0009037500    0.0003596800    0.0005985300
   0.0001042900   -0.0000451900   -0.0000433200
   0.0000207500   -0.0000575100    0.0000192400
   0.0000403900    0.0001123800    0.0001286500
   0.0000028300   -0.0000140100   -0.0000269600
   0.0004619300   -0.0008268700    0.0002031800
  -0.0000129800    0.0000027900   -0.0000237800
  -0.0001053600   -0.0001127700   -0.0000510600
  -0.0000978900    0.0005619800   -0.0001152300
  -0.0001227600   -0.0006603000    0.0002936400
  -0.0000259900    0.0000001100   -0.0000056500
  -0.0000004800   -0.0000220900    0.0000040600
  -0.0000051700   -0.0000003200   -0.0000040600
  -0.0000231800    0.0000260600   -0.0000124300
   0.0150797800    0.0001059500   -0.0007156000
  -0.0000301200   -0.0000002000    0.0001793800
  -0.0000214600    0.0000016200   -0.0002152700
  -0.0008037400    0.0023888300    0.0023309300
  -0.0000030000   -0.0000227600    0.0000025900
   0.0000882900   -0.0000069500    0.0000101400
   0.0000038300   -0.0000235400    0.0000071200
  -0.0000042300    0.0000018200    0.0000043200
  -0.0000056200    0.0000169600   -0.0000013400
   0.0000944800   -0.0000120900    0.0000793800
  -0.0000085800    0.0000117000   -0.0000028000
  -0.0012819200   -0.0001546600    0.0007819700
   0.0012117500   -0.0004567000    0.0015130000
  -0.0000066700   -0.0000040400    0.0000015700
   0.0014172800    0.0010321700   -0.0017189000
   0.0000205900   -0.0000660900    0.0000029800
  -0.0000040500    0.0000279300    0.0000012400
   0.0000042700   -0.0000216300   -0.0000070400
   0.0000023400    0.0000206200    0.0000147400
   0.0000052600   -0.0000262100   -0.0000146700
  -0.0000175600   -0.0000482100    0.0000096500
   0.0070312900    0.0004332900    0.0010439600
   0.0000429800    0.0000032800    0.0000040400
   0.0081894000   -0.0002452900   -0.0011451100
  -0.0000483600    0.0000204600    0.0000048600
   0.0000257400    0.0000189400    0.0000025600
   0.0000203400   -0.0000169600   -0.0000026600
   0.0000307100   -0.0000163200    0.0000006200
   0.0000251100    0.0000163200    0.0000042000
  -0.0000476500   -0.0000239700   -0.0000009000
  -0.1132840700    0.0016460300    0.0019500600
  -0.0000701600   -0.0000301200   -0.0000097200
  -0.0000669900    0.0000086000   -0.0000517800
   0.0000357000   -0.0000126100   -0.0000477900
   0.0000100000   -0.0000153400    0.0000147500
   0.0000058200   -0.0000004200    0.0000020100
   0.0000356900    0.0000060700   -0.0000173800
   0.0000058100   -0.0000002000   -0.0000017700
   0.0000096000   -0.0000330700    0.0000004500
   0.0012829200   -0.0027703100   -0.0001137500
  -0.0002089500   -0.0001164300   -0.0000240600
   0.0000257800   -0.0000129600    0.0000054300
   0.0000142600   -0.0000102500   -0.0000197900
   0.0000070600   -0.0000019900    0.0000029700
   0.0000078100   -0.0000058200    0.0000049100
   0.0011594100   -0.0034194200    0.0008808600
   0.0000223800   -0.0000143600   -0.0000055900
  -0.0002110200   -0.0001112500    0.0000910900
  -0.0011579100   -0.0034487700   -0.0025195200
   0.0001519900    0.0000408200   -0.0000054200
  -0.0000051000    0.0000257000    0.0000000300
  -0.0000001700    0.0000021200    0.0000008500
   0.0000036700    0.0000134900   -0.0000123100
  -0.0000043000   -0.0000147400   -0.0000005100
  -0.0014135900    0.0001073900   -0.0005523700
  -0.0000070600   -0.0000112000    0.0000073700
   0.0001512300    0.0000391800   -0.0001534800
   0.0007133500    0.0022707300    0.0000407000
   0.0000354000    0.0000107300   -0.0000008600
  -0.0002728900    0.0001072700   -0.0000084400
   0.0000171500    0.0000013600   -0.0000042800
   0.0000197000    0.0000019400    0.0000213700
   0.0000029400    0.0000032600   -0.0000022000
  -0.0001472500    0.0001146900   -0.0001161500
   0.0000242300    0.0000128100    0.0000091100
   0.0011698900    0.0036156100   -0.0007315700
  -0.0026193600    0.0001329100   -0.0003339800
   0.0000545400   -0.0001541800   -0.0000149500
   0.0000666000    0.0001878200    0.0000238800
  -0.0000814100   -0.0002584300    0.0000422500
  -0.0000809200    0.0002495500   -0.0000401400
   0.0000054900   -0.0000008500    0.0000018000
  -0.0000932500    0.0000744600    0.0000397000
   0.0000085700   -0.0000003700    0.0000008700
  -0.0000778300   -0.0000860500   -0.0000499000

64   
 -0.0100000000000000   0.0000000000000000   0.0000000000000000
  -0.0401893200   -0.0139948000   -0.0280763300
  -0.0000406200   -0.0000381600   -0.0000151300
  -0.0009868800    0.0003112200    0.0002604000
  -0.0000765400    0.0000743700    0.0001418700
  -0.0000101800   -0.0000254900    0.0000110400
   0.0000019700   -0.0000166500   -0.0000165200
   0.0001396500   -0.0001583000   -0.0000048600
   0.0000266500    0.0000026400   -0.0000228200
  -0.0005974900   -0.0008350200    0.0000772800
   0.0040266100   -0.0000344000    0.0002997900
   0.0000724900    0.0000232700   -0.0000024300
   0.0000839300   -0.0000134400   -0.0000133500
   0.0000214800   -0.0000166200    0.0000304300
   0.0000178700    0.0000052400   -0.0000296300
   0.0000504000    0.0000034300   -0.0000105600
  -0.0006004500    0.0027499200   -0.0014895600
   0.0000256000   -0.0000047900   -0.0000000900
  -0.0009087700   -0.0027044500    0.0014137300
  -0.0437822400    0.0160997600    0.0310314200
  -0.0008595100   -0.0003475300   -0.0005936100
  -0.0001066800    0.0000479700    0.0000444000
  -0.0000226700    0.0000578400   -0.0000202700
  -0.0000425000   -0.0001116800   -0.0001286700
  -0.0000030200    0.0000139000    0.0000265100
  -0.0004515700    0.0008202100   -0.0001951200
   0.0000128000   -0.0000030400    0.0000236100
   0.0001061000    0.0001138000    0.0000522000
   0.0000926000   -0.0005664400    0.0001169400
   0.0001255300    0.0006560600   -0.0002936400
   0.0000258800   -0.0000002400    0.0000051500
   0.0000005400    0.0000215300   -0.0000040600
   0.0000051300    0.0000005000    0.0000035400
   0.0000229000   -0.0000266800    0.0000125300
  -0.0150639800    0.0000626700    0.0006439100
   0.0000289000   -0.0000020100   -0.0001767900
   0.0000219700   -0.0000040800    0.0002184800
   0.0007799100   -0.0023226200   -0.0022930400
   0.0000028000    0.0000219200   -0.0000025300
  -0.0000837300    0.0000053000   -0.0000064400
  -0.0000036700    0.0000226700   -0.0000073200
   0.0000040100   -0.0000018400   -0.0000041500
   0.0000053700   -0.0000163000    0.0000013500
  -0.0000927800    0.0000120000   -0.0000742000
   0.0000090600   -0.0000120500    0.0000025000
   0.0012908300    0.0001552900   -0.0007935800
  -0.0012162000    0.0004772300   -0.0015025100
   0.0000067900    0.0000039400   -0.0000014800
  -0.0014141400   -0.0010180500    0.0017334600
  -0.0000200900    0.0000600500    0.0000009500
   0.0000036800   -0.0000271600   -0.0000012800
  -0.0000040700    0.0000222600    0.0000068900
  -0.0000026500   -0.0000202300   -0.0000148500
  -0.0000050600    0.0000267100    0.0000145800
   0.0000175100    0.0000498700   -0.0000080900
  -0.0068483500   -0.0004326700   -0.0010282000
  -0.0000428600   -0.0000042600   -0.0000040000
  -0.0083909200    0.0002413200    0.0011562500
   0.0000481800   -0.0000187800   -0.0000033300
  -0.0000258600   -0.0000182400   -0.0000019100
  -0.0000203400    0.0000174500    0.0000032500
  -0.0000308600    0.0000160900    0.0000001000
  -0.0000252600   -0.0000165600   -0.0000036200
   0.0000479600    0.0000257300   -0.0000010700
   0.1133703400   -0.0030117700   -0.0040916900
   0.0000673500    0.0000297300    0.0000136400
   0.0000705100   -0.0000087300    0.0000560800
  -0.0000361100    0.0000147700    0.0000499700
  -0.0000094100    0.0000178900   -0.0000128100
  -0.0000059200    0.0000005000   -0.0000016700
  -0.0000361100   -0.0000055000    0.0000177600
  -0.0000059500   -0.0000000900    0.0000016900
  -0.0000098000    0.0000337000   -0.0000004400
  -0.0012823300    0.0027938900    0.0001132000
   0.0002045800    0.0001137600    0.0000262800
  -0.0000263000    0.0000132000   -0.0000049800
  -0.0000141300    0.0000102800    0.0000203000
  -0.0000072800    0.0000023800   -0.0000029400
  -0.0000079900    0.0000057300   -0.0000049400
  -0.0011713900    0.0034040900   -0.0008812500
  -0.0000221200    0.0000137700    0.0000057000
   0.0002121000    0.0001133600   -0.0000921200
   0.0011889100    0.0035319000    0.0025544800
  -0.0001557700   -0.0000424800    0.0000107200
   0.0000051600   -0.0000267300   -0.0000001600
   0.0000001000   -0.0000023000   -0.0000009100
  -0.0000038600   -0.0000141200    0.0000121000
   0.0000042700    0.0000151200    0.0000005200
   0.0013959200   -0.0001067500    0.0005334100
   0.0000066400    0.0000108900   -0.0000076100
  -0.0001542200   -0.0000395300    0.0001597800
  -0.0007157300   -0.0022466500   -0.0000351300
  -0.0000347700   -0.0000106000    0.0000014900
   0.0002794400   -0.0001098000    0.0000108300
  -0.0000170400   -0.0000011900    0.0000046400
  -0.0000200600   -0.0000018100   -0.0000207500
  -0.0000028800   -0.0000032100    0.0000023900
   0.0001462200   -0.0001121200    0.0001144100
  -0.0000247600   -0.0000134400   -0.0000089700
  -0.0011544800   -0.0036288400    0.0007290000
   0.0026151800   -0.0001336500    0.0002464100
  -0.0000551400    0.0001522900    0.0000145000
  -0.0000665100   -0.0001900800   -0.0000243800
   0.0000825700    0.0002591900   -0.0000417900
   0.0000789300   -0.0002485400    0.0000399800
  -0.0000055900    0.0000009200   -0.0000017900
   0.0000913200   -0.0000746200   -0.0000405100
  -0.0000087200    0.0000002200   -0.0000008600
   0.0000789900    0.0000853900    0.0000489200

64   
 -0.0049990207541360   0.0086608193318945   0.0000000000000000
  -0.0083542800    0.0136430400    0.0000644200
  -0.0000035500   -0.0000273900   -0.0000119700
   0.0003596500    0.0002763900    0.0001630600
   0.0000287700   -0.0000970600    0.0001510400
   0.0000155100    0.0000128200    0.0000119500
   0.0000130600   -0.0000258500    0.0000040800
   0.0000731600   -0.0000100100   -0.0001191600
   0.0000146600   -0.0000137000   -0.0000007700
  -0.0003828200   -0.0002101500   -0.0001693700
   0.0019080600    0.0016021700    0.0017967500
   0.0000248200   -0.0000359800    0.0000088500
   0.0000568500   -0.0000576700    0.0000038500
   0.0000132400   -0.0000304200   -0.0000010100
   0.0000119800   -0.0000127000   -0.0000286500
   0.0000154100   -0.0000848200    0.0000038200
  -0.0025039400   -0.0007557900   -0.0016241800
   0.0000177500   -0.0000231400    0.0000203400
   0.0018512800   -0.0034031400    0.0001628800
  -0.0357620300    0.0291276000    0.0304857000
  -0.0013517900   -0.0001145200   -0.0002140100
  -0.0000964400    0.0000019400    0.0000121100
  -0.0000428400    0.0000775200   -0.0000021400
  -0.0000326700   -0.0001229800    0.0000480400
  -0.0000146000   -0.0000083600    0.0000280200
  -0.0001226600    0.0005484000   -0.0004615700
   0.0000106000   -0.0000048600    0.0000206300
   0.0000874600    0.0001642300   -0.0001420300
  -0.0004690500    0.0002966100    0.0002983300
   0.0005848700    0.0009658000    0.0001598100
   0.0000142700    0.0000119100   -0.0000183800
  -0.0000459300    0.0000662800    0.0000127700
   0.0000036600   -0.0000122300   -0.0000197500
   0.0000686200    0.0000548000    0.0000045900
  -0.0071085500    0.0434970100   -0.0280921000
   0.0001303700   -0.0000260600   -0.0000674300
  -0.0001315100    0.0000123000    0.0001388100
   0.0007220300   -0.0009596800   -0.0005649700
   0.0000143100    0.0000028000   -0.0000043800
  -0.0001403100   -0.0000029800   -0.0000211500
   0.0000142000    0.0000051200    0.0000053200
   0.0000000000   -0.0000066900   -0.0000029200
  -0.0000045400   -0.0000145800   -0.0000063100
  -0.0001559600    0.0000506400   -0.0000665100
  -0.0000121700   -0.0000014700   -0.0000077600
   0.0030156900    0.0007526600   -0.0027290300
   0.0007253100   -0.0012141300    0.0006230300
   0.0000033600    0.0000017600   -0.0000001600
  -0.0023145500   -0.0022245400    0.0025535300
  -0.0000020600    0.0001458600    0.0000379800
  -0.0000081500   -0.0000201000    0.0000031400
   0.0000106100    0.0000069500    0.0000074000
  -0.0000182100   -0.0000047200   -0.0000099600
   0.0000027700    0.0000118100    0.0000105000
   0.0000313800    0.0000795000    0.0000173800
  -0.0037721500   -0.0011348100   -0.0007920100
  -0.0000259100    0.0000092000    0.0000164300
  -0.0040460700   -0.0006434600    0.0004462900
   0.0000476800   -0.0001574800   -0.0000830900
  -0.0000041000   -0.0000035100   -0.0000051400
  -0.0000214200    0.0000131700   -0.0000017000
  -0.0000240800    0.0000274400   -0.0000023600
  -0.0000033100    0.0000046800    0.0000033200
   0.0000076500   -0.0001970800    0.0000176000
   0.0592857800   -0.0969399200   -0.0021837300
   0.0000412100    0.0000291500    0.0000342800
   0.0000076000    0.0000093800    0.0000778900
  -0.0000131400    0.0000233200    0.0000444000
  -0.0000341200   -0.0000012700    0.0000028700
  -0.0000030400    0.0000025000   -0.0000010000
  -0.0000300400    0.0000141100   -0.0000182300
  -0.0000032600    0.0000023300   -0.0000006700
  -0.0000202500    0.0000066100   -0.0000550500
  -0.0037561900    0.0057429900    0.0011235700
  -0.0000186300   -0.0000004800   -0.0000133900
  -0.0000203600    0.0000179900   -0.0000023400
  -0.0000104300    0.0000245300    0.0000000100
  -0.0000013300    0.0000288500   -0.0000110800
  -0.0000029700    0.0000283500   -0.0000058500
  -0.0031027500    0.0058265200   -0.0011921300
  -0.0000172700    0.0000202100    0.0000080700
  -0.0000137100    0.0000029700   -0.0000524500
   0.0004122600    0.0023731600    0.0019612300
  -0.0000161400    0.0000144100   -0.0000221400
  -0.0000094500   -0.0000182100   -0.0000017300
   0.0000018200   -0.0000049400   -0.0000008200
  -0.0000175700   -0.0000172800    0.0000182800
   0.0000109300   -0.0000018400   -0.0000019900
  -0.0021894000    0.0008942100   -0.0019334400
   0.0000192100    0.0000050300   -0.0000166800
   0.0000109300    0.0000313100    0.0000166000
   0.0025440100    0.0022960300    0.0008746600
  -0.0000064700    0.0000028300    0.0000017100
   0.0002463800   -0.0001215300   -0.0000034200
  -0.0000106100    0.0000337500    0.0000004500
  -0.0000055800    0.0000198200   -0.0000197000
  -0.0000081200    0.0000244800   -0.0000049600
   0.0001881500   -0.0001208500    0.0000553700
  -0.0000072500    0.0000097700   -0.0000018700
   0.0020861200    0.0025300700   -0.0006247200
   0.0014316900   -0.0024683300   -0.0001163200
   0.0001193200   -0.0000298600   -0.0000484100
  -0.0001864000   -0.0001971600   -0.0000695900
   0.0001202800    0.0001578900   -0.0000145500
  -0.0000342800   -0.0001102100    0.0000352100
  -0.0000041800    0.0000040100   -0.0000013600
  -0.0001586700   -0.0000211200    0.0000251400
  -0.0000049600    0.0000088000    0.0000007900
   0.0002574600    0.0000592700    0.0000653000

64   
  0.0049990207541360  -0.0086608193318945   0.0000000000000000
   0.0082229000   -0.0137080800   -0.0001133800
   0.0000047300    0.0000272700    0.0000121200
  -0.0003659800   -0.0002629700   -0.0001604900
  -0.0000268700    0.0000968300   -0.0001496300
  -0.0000150300   -0.0000122000   -0.0000118300
  -0.0000130900    0.0000257700   -0.0000044100
  -0.0000723800    0.0000113100    0.0001204600
  -0.0000147900    0.0000135600    0.0000004200
   0.0003903200    0.0002008500    0.0001690400
  -0.0018971200   -0.0015552600   -0.0017912300
  -0.0000240400    0.0000365000   -0.0000090100
  -0.0000558100    0.0000576900   -0.0000058000
  -0.0000135300    0.0000300400    0.0000004300
  -0.0000123500    0.0000125200    0.0000280700
  -0.0000151100    0.0000861500   -0.0000055600
   0.0025560600    0.0007361800    0.0016285700
  -0.0000178100    0.0000227400   -0.0000208100
  -0.0018811700    0.0033836200   -0.0001830600
   0.0347961900   -0.0285456000   -0.0293399900
   0.0013648200    0.0001095800    0.0002245800
   0.0000954800   -0.0000005700   -0.0000123500
   0.0000399600   -0.0000763800    0.0000021600
   0.0000320800    0.0001223700   -0.0000469200
   0.0000147000    0.0000084000   -0.0000284000
   0.0001337200   -0.0005830000    0.0004585400
  -0.0000103700    0.0000050700   -0.0000206800
  -0.0000895000   -0.0001623700    0.0001420200
   0.0004431500   -0.0002706500   -0.0003027000
  -0.0005844500   -0.0009536700   -0.0001524800
  -0.0000142000   -0.0000120400    0.0000179700
   0.0000453700   -0.0000692900   -0.0000129000
  -0.0000033700    0.0000122300    0.0000196200
  -0.0000680500   -0.0000565100   -0.0000052500
   0.0071217000   -0.0446281600    0.0292165800
  -0.0001312700    0.0000257100    0.0000689700
   0.0001318100   -0.0000155700   -0.0001385800
  -0.0007141200    0.0009486800    0.0005490000
  -0.0000149000   -0.0000031000    0.0000047000
   0.0001418500   -0.0000033900    0.0000248000
  -0.0000137400   -0.0000054900   -0.0000053400
  -0.0000000600    0.0000067300    0.0000031000
   0.0000048400    0.0000150400    0.0000065300
   0.0001588000   -0.0000508200    0.0000712500
   0.0000126400    0.0000015600    0.0000075100
  -0.0030850100   -0.0007692100    0.0027718500
  -0.0007296700    0.0012246500   -0.0006348800
  -0.0000033900   -0.0000019000    0.0000003500
   0.0022651500    0.0021719100   -0.0025136200
   0.0000022600   -0.0001439100   -0.0000340500
   0.0000075900    0.0000196200   -0.0000028300
  -0.0000100000   -0.0000068800   -0.0000071600
   0.0000182400    0.0000053500    0.0000100600
  -0.0000023900   -0.0000114300   -0.0000105900
  -0.0000352800   -0.0000749600   -0.0000132200
   0.0037828200    0.0011553600    0.0007808100
   0.0000257900   -0.0000095700   -0.0000164200
   0.0040164800    0.0006200400   -0.0004460400
  -0.0000480600    0.0001554700    0.0000815300
   0.0000038800    0.0000035000    0.0000049900
   0.0000211500   -0.0000130300    0.0000019400
   0.0000244400   -0.0000276000    0.0000022100
   0.0000031400   -0.0000049300   -0.0000035500
  -0.0000087200    0.0002010800   -0.0000166800
  -0.0580535100    0.0976558200   -0.0001317200
  -0.0000426900   -0.0000292900   -0.0000344500
  -0.0000094500   -0.0000104700   -0.0000754800
   0.0000129100   -0.0000241700   -0.0000397300
   0.0000334100    0.0000004400   -0.0000028900
   0.0000029100   -0.0000026100    0.0000011300
   0.0000297300   -0.0000139200    0.0000225600
   0.0000033900   -0.0000023600    0.0000003800
   0.0000182400   -0.0000084300    0.0000575400
   0.0036660900   -0.0055910000   -0.0010934100
   0.0000165700   -0.0000012200    0.0000118900
   0.0000199600   -0.0000179600    0.0000024600
   0.0000108900   -0.0000243900    0.0000003200
   0.0000012400   -0.0000288700    0.0000113400
   0.0000028200   -0.0000288500    0.0000059300
   0.0031916400   -0.0059809700    0.0012246900
   0.0000172000   -0.0000204300   -0.0000077200
   0.0000118700   -0.0000033500    0.0000540400
  -0.0004259100   -0.0023806300   -0.0019504700
   0.0000149200   -0.0000150000    0.0000226200
   0.0000091800    0.0000176400    0.0000017100
  -0.0000019000    0.0000048700    0.0000010000
   0.0000172900    0.0000168400   -0.0000181000
  -0.0000113600    0.0000017600    0.0000021000
   0.0021751500   -0.0009018900    0.0019442100
  -0.0000197000   -0.0000051400    0.0000167200
  -0.0000077900   -0.0000291700   -0.0000104200
  -0.0025219600   -0.0022951000   -0.0008780000
   0.0000064100   -0.0000030200   -0.0000017500
  -0.0002415800    0.0001172500    0.0000050300
   0.0000107200   -0.0000333000   -0.0000004800
   0.0000052700   -0.0000197700    0.0000199400
   0.0000083100   -0.0000248900    0.0000051500
  -0.0001914700    0.0001210700   -0.0000569100
   0.0000069100   -0.0000099700    0.0000018000
  -0.0021140900   -0.0025402800    0.0006331000
  -0.0014341700    0.0024670700    0.0000388100
  -0.0001197700    0.0000311100    0.0000475100
   0.0001857000    0.0001949700    0.0000692700
  -0.0001183000   -0.0001572700    0.0000147400
   0.0000352100    0.0001093200   -0.0000356200
   0.0000040400   -0.0000041400    0.0000016000
   0.0001597200    0.0000226300   -0.0000249500
   0.0000050200   -0.0000088300   -0.0000004900
  -0.0002595200   -0.0000589600   -0.0000653300

64   
 -0.0000009506667072  -0.0000005487243663   0.0099999999397567
   0.0280188000    0.0155274700    0.0443778700
  -0.0000217500   -0.0000704900    0.0000172000
   0.0001286500   -0.0000916600    0.0007889600
  -0.0000329900   -0.0000722700   -0.0000441500
  -0.0000841600   -0.0000121800    0.0000098500
   0.0000206000    0.0000058600   -0.0000005000
  -0.0000871800    0.0000010100   -0.0000351600
   0.0000160200    0.0000132000    0.0000034900
  -0.0000960800   -0.0001824300    0.0009519600
  -0.0001075300    0.0008725400    0.0019683500
   0.0000631900    0.0000132500    0.0001356300
  -0.0000398500   -0.0000079100    0.0000783800
  -0.0000040400    0.0000030200    0.0000225100
   0.0000034400    0.0000043600    0.0000134600
  -0.0000052700   -0.0000521900    0.0000762100
   0.0003153900   -0.0004747700    0.0021898300
   0.0000016400    0.0000176600    0.0000103800
  -0.0007226000   -0.0005342500    0.0026793800
  -0.0317654200    0.0173653200    0.0454078800
  -0.0001947500   -0.0000241200    0.0007932100
   0.0000195500   -0.0000712400   -0.0000129400
   0.0000840500   -0.0000181000   -0.0000021300
   0.0000651400   -0.0000821300   -0.0000462900
  -0.0000164900    0.0000065100    0.0000013100
   0.0000443500   -0.0000836400    0.0010402700
  -0.0000127600   -0.0000012300   -0.0000034700
   0.0001207900   -0.0000300400   -0.0000772900
  -0.0000481300    0.0000715700    0.0010010100
   0.0001045100    0.0000203600    0.0009162300
  -0.0000007100   -0.0000130600    0.0000007800
   0.0000287900    0.0000778700    0.0000087600
  -0.0000056600   -0.0000135800   -0.0000080000
  -0.0000459900    0.0000755900   -0.0000091200
  -0.0003760100   -0.0354916000    0.0457894000
  -0.0000754600    0.0001270200   -0.0000921900
   0.0000668700    0.0001186000   -0.0001150800
  -0.0002277100    0.0016787200    0.0003958600
   0.0000013300    0.0000184200    0.0000000900
  -0.0000954300    0.0001066000   -0.0003570100
  -0.0000005600    0.0000009300    0.0000129500
   0.0000020400   -0.0000037300    0.0000130400
  -0.0000151600   -0.0000088000    0.0000113600
   0.0000470700   -0.0000532000   -0.0002216600
  -0.0000060500   -0.0000056600    0.0000199300
  -0.0018019600   -0.0006326800    0.0003053700
   0.0012212100   -0.0008302500    0.0002103900
  -0.0000026900    0.0000056600    0.0000108700
  -0.0014729400   -0.0011591800    0.0003329600
  -0.0000035100    0.0000205700   -0.0002293500
   0.0000184100   -0.0000041600    0.0000016300
  -0.0000194000   -0.0000050500    0.0000123100
   0.0000007200   -0.0000070700    0.0000127500
  -0.0000058900   -0.0000073900    0.0000164500
   0.0000631000   -0.0001262100   -0.0003578400
  -0.0013206600   -0.0000560700   -0.0036977000
  -0.0000037600    0.0000229800    0.0000046500
   0.0015301000    0.0000732900   -0.0032267300
   0.0000033200    0.0000514400    0.0000292100
   0.0000125900   -0.0000121700   -0.0000315000
  -0.0000159100   -0.0000021700   -0.0000241500
  -0.0000032200    0.0000032400   -0.0000251900
   0.0000033000    0.0000014300   -0.0000151600
   0.0000069500   -0.0000874700    0.0000295700
   0.0030882400    0.0005843900   -0.1454087600
  -0.0000567200    0.0000571700   -0.0002797000
  -0.0000092100    0.0000325700   -0.0002801700
  -0.0000162600   -0.0000347700   -0.0003122200
  -0.0000008100   -0.0000659300   -0.0003135700
  -0.0000017400   -0.0000015800    0.0000075400
  -0.0000492100    0.0000218100   -0.0003121300
   0.0000018600   -0.0000001200    0.0000074700
   0.0000140900    0.0000128200   -0.0003137800
   0.0009940800   -0.0007140000   -0.0034116600
   0.0000362200    0.0000821800    0.0000122200
  -0.0000081500    0.0000081500   -0.0000239600
  -0.0000202700   -0.0000114900    0.0000005500
   0.0000026700    0.0000040900   -0.0000233400
   0.0000023500   -0.0000077500   -0.0000195200
  -0.0003334800    0.0012109100   -0.0037471100
  -0.0000012400    0.0000063200   -0.0000189400
  -0.0000373600   -0.0000068600    0.0000095200
   0.0004619400    0.0026266200    0.0005589400
   0.0001936800    0.0000915200   -0.0003395600
  -0.0000042700    0.0000204500    0.0000090200
  -0.0000017300    0.0000000900    0.0000095600
   0.0000030900   -0.0000003700    0.0000067300
   0.0000148500   -0.0000111700    0.0000082800
   0.0023076200   -0.0008228800    0.0003323400
   0.0000032800    0.0000012300    0.0000096100
   0.0000131400   -0.0000086100   -0.0002894100
  -0.0008212500   -0.0005102400   -0.0038405500
  -0.0000051500    0.0000162100   -0.0000390500
  -0.0000704400    0.0001146900   -0.0000029600
   0.0000001300    0.0000031900   -0.0000346800
   0.0000226300   -0.0000159900    0.0000017400
  -0.0000086900   -0.0000090100   -0.0000234800
   0.0000357700    0.0000009300    0.0000412500
   0.0000026900    0.0000036400   -0.0000227700
   0.0006071200    0.0011122200   -0.0036352800
   0.0003499300    0.0002345900    0.0204603100
  -0.0000007000    0.0000589500    0.0000705500
   0.0000044500    0.0000375800    0.0000641600
  -0.0000176700   -0.0000287000   -0.0000163400
   0.0000199000   -0.0000574800    0.0000220100
  -0.0000009900   -0.0000012700   -0.0000029400
  -0.0000272900   -0.0000200400   -0.0000096500
   0.0000007200   -0.0000008500   -0.0000043600
   0.0000379300    0.0000103800    0.0000250400

64   
  0.0000009506667072   0.0000005487243663  -0.0099999999397567
  -0.0271015600   -0.0149803600   -0.0436015300
   0.0000209800    0.0000698500   -0.0000137000
  -0.0001738200    0.0000876600   -0.0007805700
   0.0000308900    0.0000705400    0.0000447500
   0.0000829500    0.0000114100   -0.0000069000
  -0.0000197500   -0.0000052200    0.0000012900
   0.0000840900   -0.0000014100    0.0000364500
  -0.0000160100   -0.0000132000   -0.0000028500
   0.0000723700    0.0001468900   -0.0009438400
   0.0001100000   -0.0009122900   -0.0019617600
  -0.0000628600   -0.0000129400   -0.0001306200
   0.0000395500    0.0000080100   -0.0000739900
   0.0000037000   -0.0000030900   -0.0000213200
  -0.0000029900   -0.0000044800   -0.0000123300
   0.0000050800    0.0000518900   -0.0000725000
  -0.0003472600    0.0004988000   -0.0021850100
  -0.0000016000   -0.0000174000   -0.0000093200
   0.0007558300    0.0005562800   -0.0026716100
   0.0307012800   -0.0167423700   -0.0445793300
   0.0002355100    0.0000234900   -0.0007852500
  -0.0000182500    0.0000708100    0.0000161100
  -0.0000828800    0.0000166300    0.0000046100
  -0.0000621700    0.0000804200    0.0000452100
   0.0000157100   -0.0000061600   -0.0000005600
  -0.0000233300    0.0000485500   -0.0010349800
   0.0000129000    0.0000010800    0.0000040200
  -0.0001168200    0.0000283500    0.0000771400
   0.0000264900   -0.0000340600   -0.0009960400
  -0.0000830200    0.0000142500   -0.0009089600
   0.0000005600    0.0000123200    0.0000000700
  -0.0000295300   -0.0000763100   -0.0000064800
   0.0000055500    0.0000137700    0.0000086000
   0.0000464400   -0.0000741900    0.0000115300
   0.0003671400    0.0342555000   -0.0449517000
   0.0000756600   -0.0001230200    0.0000917100
  -0.0000672100   -0.0001138000    0.0001148000
   0.0002294800   -0.0016962600   -0.0003932200
  -0.0000009500   -0.0000181400   -0.0000000800
   0.0000955700   -0.0001046100    0.0003554300
   0.0000006300   -0.0000006900   -0.0000124500
  -0.0000020600    0.0000037900   -0.0000128500
   0.0000150300    0.0000083100   -0.0000111300
  -0.0000409900    0.0000496200    0.0002257500
   0.0000060300    0.0000055400   -0.0000194300
   0.0018241100    0.0006392000   -0.0003011300
  -0.0012338700    0.0008394100   -0.0002069100
   0.0000026700   -0.0000056000   -0.0000107800
   0.0014878300    0.0011748400   -0.0003282700
   0.0000035900   -0.0000141500    0.0002326800
  -0.0000178700    0.0000041500   -0.0000017200
   0.0000189200    0.0000050200   -0.0000122000
  -0.0000004800    0.0000070100   -0.0000123900
   0.0000056100    0.0000073700   -0.0000160400
  -0.0000625800    0.0001256700    0.0003557200
   0.0013003100    0.0000594100    0.0036590300
   0.0000038200   -0.0000227300   -0.0000051800
  -0.0014958400   -0.0000628300    0.0032007500
  -0.0000031000   -0.0000527200   -0.0000340000
  -0.0000124000    0.0000118000    0.0000306800
   0.0000158600    0.0000017700    0.0000234600
   0.0000028000   -0.0000028500    0.0000254200
  -0.0000030600   -0.0000009600    0.0000154900
  -0.0000054200    0.0000920900   -0.0000288600
  -0.0029741900   -0.0005449500    0.1426295900
   0.0000512200   -0.0000576300    0.0002752500
   0.0000142100   -0.0000333200    0.0002747100
   0.0000188500    0.0000326400    0.0003076500
  -0.0000017200    0.0000634700    0.0003090800
   0.0000017000    0.0000015500   -0.0000074400
   0.0000484900   -0.0000188300    0.0003077500
  -0.0000018600    0.0000001400   -0.0000075000
  -0.0000134800   -0.0000098000    0.0003088400
  -0.0009950900    0.0006967300    0.0033857500
  -0.0000406200   -0.0000850700   -0.0000113000
   0.0000083000   -0.0000082000    0.0000233600
   0.0000201800    0.0000114200   -0.0000009400
  -0.0000030400   -0.0000046900    0.0000239700
  -0.0000022600    0.0000079100    0.0000190500
   0.0003200300   -0.0012016000    0.0037176400
   0.0000006200   -0.0000061900    0.0000196400
   0.0000381100    0.0000075700   -0.0000139200
  -0.0004665700   -0.0026408900   -0.0005519000
  -0.0001923800   -0.0000886500    0.0003354400
   0.0000038700   -0.0000202200   -0.0000092200
   0.0000019300    0.0000000500   -0.0000094200
  -0.0000031800    0.0000005400   -0.0000064700
  -0.0000148100    0.0000106900   -0.0000083500
  -0.0023218800    0.0008273700   -0.0003254200
  -0.0000033200   -0.0000013000   -0.0000093100
  -0.0000183100    0.0000053300    0.0002902300
   0.0008249700    0.0005016600    0.0038042100
   0.0000049000   -0.0000160000    0.0000381800
   0.0000766500   -0.0001165000    0.0000033700
   0.0000002200   -0.0000037000    0.0000349700
  -0.0000224000    0.0000159200   -0.0000024100
   0.0000083900    0.0000092100    0.0000229000
  -0.0000364700    0.0000000400   -0.0000459000
  -0.0000021700   -0.0000036100    0.0000232800
  -0.0005862200   -0.0010999100    0.0036051200
  -0.0003436200   -0.0002305200   -0.0200369900
  -0.0000001000   -0.0000598000   -0.0000685900
  -0.0000036100   -0.0000386900   -0.0000614600
   0.0000183800    0.0000283900    0.0000176600
  -0.0000209200    0.0000561600   -0.0000198900
   0.0000010000    0.0000012100    0.0000029800
   0.0000273600    0.0000205900    0.0000108300
  -0.0000007000    0.0000008900    0.0000044700
  -0.0000377500   -0.0000089700   -0.0000224000

82   
  0.0100000000000000   0.0000000000000000   0.0000000000000000
   0.0004697900   -0.0029347900   -0.0016035100
  -0.0000414200    0.0000084500    0.0000002400
   0.0008615200    0.0029049300    0.0013584400
  -0.0041202300    0.0000902900    0.0001496200
  -0.0000734500   -0.0000330300    0.0000040100
  -0.0000921700    0.0000338300   -0.0000248300
  -0.0000171500    0.0000134900    0.0000287900
  -0.0000150700   -0.0000135600   -0.0000177700
  -0.0000520100   -0.0000030600   -0.0000170500
   0.0427844800    0.0160415000   -0.0305891400
   0.0000344600    0.0000334900   -0.0000134600
   0.0007960300   -0.0002818800    0.0004667000
   0.0001136100   -0.0000788200    0.0001308200
   0.0000324600    0.0000076900   -0.0000045800
  -0.0000025300    0.0000203200   -0.0000189000
  -0.0001434300    0.0001597900   -0.0000054300
  -0.0000313900   -0.0000117000   -0.0000209000
   0.0006305500    0.0010274200    0.0001781200
   0.0150051800    0.0005192500    0.0005387300
  -0.0000535000    0.0000024000   -0.0002039200
  -0.0000102600   -0.0000424000    0.0002159500
  -0.0000668100    0.0006267500    0.0001526200
  -0.0000607200   -0.0007594800   -0.0003220600
  -0.0000282300   -0.0000007400   -0.0000000900
   0.0000094200   -0.0000253700   -0.0000074300
  -0.0000103700   -0.0000018300    0.0000019700
  -0.0000282200    0.0000267800    0.0000192800
   0.0433821400   -0.0166604400    0.0301207800
   0.0006749300    0.0004170900   -0.0006600600
   0.0000965400   -0.0000377200    0.0000184400
   0.0000237300   -0.0000511500   -0.0000135400
   0.0000323100    0.0000564000   -0.0001151700
   0.0000036200   -0.0000148200    0.0000198800
   0.0004633600   -0.0007923800   -0.0002743300
  -0.0000163100    0.0000102200    0.0000216700
  -0.0001066500   -0.0001063600    0.0000732100
   0.0068286700    0.0004453800   -0.0007680100
   0.0000464100   -0.0000006800   -0.0000022700
   0.0079446800   -0.0002185000    0.0009470900
  -0.0000657900    0.0000359700    0.0000454300
   0.0000330800    0.0000227300    0.0000005600
   0.0000282500   -0.0000248200    0.0000035700
   0.0000316800   -0.0000262400    0.0000055100
   0.0000250400    0.0000169500   -0.0000073000
  -0.0000239300   -0.0000088500    0.0000183800
  -0.0001367400    0.0000578900    0.0001037400
   0.0000411300    0.0000164600   -0.0000073700
   0.0013681100    0.0040250100    0.0006777000
   0.0010059600    0.0028781800   -0.0000563900
   0.0000403900    0.0000138600    0.0000041200
  -0.0002213000    0.0000802600   -0.0000017600
   0.0000096000   -0.0000102700    0.0000039900
   0.0000163000    0.0000190100   -0.0000162400
   0.0000003500    0.0000078300    0.0000068200
   0.0001068300   -0.0000035500   -0.0000963700
   0.0000006400    0.0000226900    0.0000045700
  -0.0013155300   -0.0000344700   -0.0006938700
  -0.0009365100    0.0023767000   -0.0019607500
   0.0000085200   -0.0000173200   -0.0000059200
   0.0000739500   -0.0000104300   -0.0000111600
  -0.0000005800   -0.0000203500   -0.0000079800
  -0.0000021700    0.0000012900   -0.0000011400
  -0.0000005700    0.0000163700   -0.0000009100
  -0.0011823700   -0.0001936400    0.0004742900
  -0.0000053500   -0.0000137900   -0.0000039300
   0.0001523500    0.0000697700    0.0001892700
  -0.0013897300   -0.0032908000    0.0023003000
   0.0001513000    0.0000986500    0.0000138100
  -0.0000067600    0.0000181500    0.0000033000
  -0.0000001500    0.0000019900   -0.0000018200
  -0.0000043400    0.0000102400    0.0000149600
   0.0000037200   -0.0000177800    0.0000031100
  -0.0026147600    0.0001302600    0.0004182700
   0.0000666300   -0.0001706300    0.0000276500
   0.0000634400    0.0001654700   -0.0000385500
  -0.0000687700   -0.0002656800   -0.0000340700
  -0.0000666900    0.0002662500    0.0000351500
   0.0000091400   -0.0000005900   -0.0000004400
  -0.0000810200    0.0000675000   -0.0000309200
   0.0000033900    0.0000002600   -0.0000016300
  -0.0000713300   -0.0000802700    0.0000518500
  -0.1158718100   -0.0007721900   -0.0006050100
  -0.0000254400   -0.0000179000    0.0000021800
  -0.0000227300    0.0000218100    0.0000463500
   0.0000261800   -0.0000314700    0.0000489800
   0.0000017500    0.0000153100   -0.0000341500
   0.0000074600    0.0000013900   -0.0000000400
   0.0000260800    0.0000043100    0.0000148900
   0.0000074100    0.0000014300    0.0000026700
   0.0000017200   -0.0000384900   -0.0000299700
   0.0015294100   -0.0010480800   -0.0014452400
  -0.0000038800   -0.0000029800    0.0000012000
   0.0017510000    0.0016180200    0.0016093800
   0.0000405100   -0.0000611500   -0.0000492300
  -0.0000025900    0.0000284700    0.0000038300
   0.0000051700   -0.0000189100    0.0000060800
  -0.0000054800    0.0000209900   -0.0000210400
   0.0000011800   -0.0000181600    0.0000204800
   0.0000347600   -0.0000452400    0.0000146800
   0.0013281600   -0.0032788400   -0.0008878200
   0.0000351100   -0.0000171800    0.0000064700
  -0.0002448700   -0.0001466500   -0.0000713400
   0.0012356900   -0.0026436500    0.0001372200
  -0.0002273000   -0.0001621700    0.0000360300
   0.0000330100   -0.0000089400   -0.0000020500
   0.0000120200   -0.0000098800    0.0000182100
   0.0000062400    0.0000067300   -0.0000066600
   0.0000118500   -0.0000035900   -0.0000078400

82   
 -0.0100000000000000   0.0000000000000000   0.0000000000000000
  -0.0004338900    0.0028883900    0.0015931300
   0.0000411600   -0.0000080500    0.0000004100
  -0.0009089200   -0.0029480400   -0.0013610200
   0.0041107800   -0.0000507500   -0.0001379500
   0.0000724400    0.0000324900   -0.0000019500
   0.0000926200   -0.0000339500    0.0000262400
   0.0000170800   -0.0000129800   -0.0000281600
   0.0000146600    0.0000138800    0.0000182300
   0.0000517900    0.0000023200    0.0000172400
  -0.0418127900   -0.0155406600    0.0295107900
  -0.0000331400   -0.0000312800    0.0000128900
  -0.0008425900    0.0002937500   -0.0004752400
  -0.0001114100    0.0000797300   -0.0001299700
  -0.0000305000   -0.0000081700    0.0000053200
   0.0000023700   -0.0000209400    0.0000192500
   0.0001423400   -0.0001585500    0.0000046000
   0.0000312000    0.0000117700    0.0000211400
  -0.0006421900   -0.0010343100   -0.0001878700
  -0.0149814800   -0.0003423500   -0.0004615300
   0.0000518400   -0.0000044400    0.0002013400
   0.0000111800    0.0000404600   -0.0002191000
   0.0000612900   -0.0006322900   -0.0001571500
   0.0000667700    0.0007555600    0.0003173100
   0.0000281000    0.0000009300    0.0000005900
  -0.0000094000    0.0000248500    0.0000073200
   0.0000103300    0.0000018600   -0.0000016600
   0.0000276800   -0.0000273200   -0.0000195000
  -0.0443834500    0.0172330900   -0.0312741100
  -0.0006325400   -0.0004032000    0.0006501900
  -0.0000989900    0.0000402300   -0.0000193100
  -0.0000256900    0.0000514200    0.0000144600
  -0.0000354900   -0.0000560100    0.0001148500
  -0.0000036700    0.0000146000   -0.0000193500
  -0.0004526200    0.0007860500    0.0002655900
   0.0000160400   -0.0000103500   -0.0000214700
   0.0001076900    0.0001073100   -0.0000747500
  -0.0066516500   -0.0004437500    0.0007577900
  -0.0000463600   -0.0000001800    0.0000026200
  -0.0081444100    0.0002154400   -0.0009554100
   0.0000660800   -0.0000346800   -0.0000459100
  -0.0000331400   -0.0000219300   -0.0000007300
  -0.0000285600    0.0000253700   -0.0000036400
  -0.0000317100    0.0000260000   -0.0000058400
  -0.0000253500   -0.0000170700    0.0000070200
   0.0000239100    0.0000111100   -0.0000155500
   0.0001354600   -0.0000561700   -0.0001017000
  -0.0000416800   -0.0000170900    0.0000077100
  -0.0013509100   -0.0040400200   -0.0006700800
  -0.0010097900   -0.0028460400    0.0000598600
  -0.0000398900   -0.0000137300   -0.0000043400
   0.0002264000   -0.0000817900    0.0000009100
  -0.0000098700    0.0000101200   -0.0000041600
  -0.0000165800   -0.0000187200    0.0000161600
  -0.0000003100   -0.0000076000   -0.0000067900
  -0.0001047700    0.0000028500    0.0000907600
  -0.0000002600   -0.0000230500   -0.0000042700
   0.0013234600    0.0000338100    0.0007037800
   0.0009126300   -0.0023132500    0.0019316700
  -0.0000088200    0.0000166600    0.0000058200
  -0.0000706300    0.0000092100    0.0000083600
   0.0000006000    0.0000197800    0.0000082200
   0.0000019100   -0.0000012400    0.0000011100
   0.0000003800   -0.0000157800    0.0000008700
   0.0011641400    0.0001929700   -0.0004537100
   0.0000049200    0.0000136700    0.0000042300
  -0.0001554500   -0.0000720200   -0.0001968600
   0.0014200800    0.0033711300   -0.0023290600
  -0.0001541600   -0.0000992100   -0.0000176200
   0.0000069300   -0.0000188600   -0.0000032500
   0.0000000900   -0.0000021400    0.0000018800
   0.0000042300   -0.0000105500   -0.0000146700
  -0.0000038100    0.0000181400   -0.0000031400
   0.0026112000   -0.0001320200   -0.0003309500
  -0.0000673400    0.0001687700   -0.0000269300
  -0.0000630500   -0.0001671800    0.0000394300
   0.0000693000    0.0002669100    0.0000334800
   0.0000651100   -0.0002646600   -0.0000348900
  -0.0000092300    0.0000006400    0.0000003800
   0.0000793600   -0.0000676300    0.0000316200
  -0.0000035300   -0.0000003600    0.0000015400
   0.0000724600    0.0000798000   -0.0000506400
   0.1159398700   -0.0006371000    0.0028025000
   0.0000230100    0.0000175400   -0.0000056900
   0.0000257000   -0.0000224500   -0.0000500000
  -0.0000266400    0.0000338600   -0.0000502500
  -0.0000015500   -0.0000130000    0.0000328500
  -0.0000075300   -0.0000012300   -0.0000000500
  -0.0000267400   -0.0000033400   -0.0000146500
  -0.0000075700   -0.0000016900   -0.0000023400
  -0.0000015900    0.0000395600    0.0000305400
  -0.0015310400    0.0010682700    0.0014360400
   0.0000039300    0.0000031100   -0.0000011700
  -0.0017497400   -0.0016038500   -0.0016219000
  -0.0000398200    0.0000591200    0.0000434300
   0.0000022000   -0.0000278600   -0.0000035800
  -0.0000051300    0.0000193500   -0.0000058000
   0.0000051300   -0.0000206300    0.0000210900
  -0.0000010800    0.0000186100   -0.0000202800
  -0.0000347400    0.0000465900   -0.0000154800
  -0.0013387300    0.0032659000    0.0008877000
  -0.0000348200    0.0000166200   -0.0000063400
   0.0002468400    0.0001498300    0.0000728600
  -0.0012337400    0.0026667900   -0.0001357700
   0.0002215700    0.0001590800   -0.0000377400
  -0.0000335700    0.0000090700    0.0000019400
  -0.0000119200    0.0000100400   -0.0000184300
  -0.0000063200   -0.0000064800    0.0000067000
  -0.0000119900    0.0000035900    0.0000080400

82   
 -0.0049990207541360   0.0086608193318945   0.0000000000000000
  -0.0025015300   -0.0009566200    0.0016536500
   0.0000170900   -0.0000217300   -0.0000254200
   0.0020436900   -0.0036921800   -0.0000881700
   0.0019653500    0.0018561700   -0.0016640500
   0.0000282900   -0.0000328000    0.0000106000
   0.0000606300   -0.0000813100    0.0000184000
   0.0000204400   -0.0000295300    0.0000007300
   0.0000046600   -0.0000121600    0.0000187200
   0.0000237600   -0.0000909400   -0.0000192500
  -0.0082087200    0.0132426800    0.0000237800
  -0.0000145800    0.0000014100    0.0000239400
   0.0003778400    0.0003029800   -0.0002214400
  -0.0000128600   -0.0001268300   -0.0001521500
   0.0000211100    0.0000045400   -0.0000215700
   0.0000171900   -0.0000335700   -0.0000028000
   0.0000878400   -0.0000355000    0.0001253000
   0.0000127600   -0.0000161700   -0.0000023900
  -0.0005029500   -0.0002210600    0.0001497200
  -0.0071616400    0.0456762800    0.0295398800
   0.0001190100   -0.0000223900    0.0000695100
  -0.0001367300    0.0000046700   -0.0001404300
  -0.0004448100    0.0002228400   -0.0003955600
   0.0008008100    0.0011598500   -0.0002323600
   0.0000158800    0.0000087400    0.0000185800
  -0.0000349600    0.0000653300   -0.0000070500
   0.0000038900   -0.0000159400    0.0000178600
   0.0000329300    0.0000716900    0.0000114600
  -0.0362665900    0.0295929100   -0.0308780500
  -0.0013268200   -0.0001230200    0.0003452600
  -0.0000797000    0.0000190500    0.0000052800
  -0.0000447700    0.0000751100    0.0000032000
  -0.0000745500   -0.0001237100   -0.0000878900
  -0.0000157200   -0.0000073200   -0.0000225100
   0.0000763000    0.0003816500    0.0003995500
   0.0000116800   -0.0000132400   -0.0000227300
   0.0000784400    0.0001149100    0.0001181500
  -0.0037125900   -0.0009705900    0.0008556100
  -0.0000235400    0.0000023900   -0.0000145900
  -0.0039668000   -0.0006571000   -0.0003114100
   0.0000427300   -0.0002001600    0.0000799700
  -0.0000007700    0.0000035500    0.0000085000
  -0.0000225700    0.0000210000    0.0000030200
  -0.0000363000    0.0000410300   -0.0000016200
   0.0000060100    0.0000093900   -0.0000030200
  -0.0000244900   -0.0002259500   -0.0000135100
   0.0001450600   -0.0000940000   -0.0000568800
  -0.0000122100    0.0000064900    0.0000028400
   0.0024643400    0.0031445900    0.0004816400
   0.0028450100    0.0027547800   -0.0009094700
  -0.0000039500   -0.0000041200   -0.0000086500
   0.0002209600   -0.0001080100    0.0000129400
  -0.0000172100    0.0000526000    0.0000020700
   0.0000049300    0.0000211700    0.0000156000
  -0.0000088900    0.0000325500   -0.0000013100
  -0.0001130700    0.0000201700    0.0000366800
  -0.0000193700   -0.0000070400    0.0000101300
   0.0030250100    0.0006500700    0.0024378400
   0.0007277700   -0.0007674600    0.0005094700
   0.0000117800    0.0000039300    0.0000064200
  -0.0000830100    0.0000104500    0.0000145900
   0.0000189000    0.0000104900   -0.0000061900
  -0.0000022900   -0.0000056400    0.0000010600
  -0.0000087700   -0.0000060200    0.0000072700
  -0.0024421400    0.0007242300    0.0020435300
   0.0000250100    0.0000020000    0.0000197500
  -0.0000400600    0.0000001600   -0.0000214600
   0.0007894000    0.0026148700   -0.0018767800
  -0.0000428100    0.0000001900   -0.0000140300
  -0.0000062800   -0.0000098100   -0.0000004300
   0.0000018800   -0.0000048800    0.0000009500
  -0.0000109600   -0.0000146500   -0.0000168000
   0.0000098500   -0.0000011800   -0.0000018300
   0.0014271600   -0.0024696900    0.0000101200
   0.0001127000   -0.0000241100    0.0000109200
  -0.0001785000   -0.0001934500    0.0000596600
   0.0001073000    0.0001504300    0.0000158100
  -0.0000530300   -0.0001199600   -0.0000305200
  -0.0000056200    0.0000084800    0.0000010900
  -0.0001705000   -0.0000280700    0.0000038800
  -0.0000020600    0.0000053000    0.0000005300
   0.0002451500    0.0000430300   -0.0000512700
   0.0585091900   -0.0993940100    0.0009201800
   0.0000303800    0.0000338000   -0.0000400800
  -0.0000042000    0.0000134500   -0.0000824700
  -0.0000100300    0.0000504300   -0.0000468000
  -0.0000352200   -0.0000250000    0.0000253400
  -0.0000025100    0.0000034400    0.0000005600
  -0.0000415500    0.0000322200    0.0000250600
  -0.0000025700    0.0000034000   -0.0000005900
   0.0000104500    0.0000016900    0.0000683500
   0.0004270500   -0.0011943800   -0.0004141900
   0.0000039200   -0.0000002100    0.0000000100
  -0.0025533300   -0.0027461400   -0.0021515000
   0.0000234000    0.0001635400   -0.0000804400
  -0.0000161500   -0.0000126300   -0.0000041200
   0.0000126300    0.0000086800   -0.0000032700
  -0.0000176200   -0.0000091400    0.0000119700
   0.0000123800    0.0000064500   -0.0000114500
   0.0000349600    0.0001533700    0.0000175300
  -0.0029055400    0.0056695800    0.0009722700
  -0.0000262200    0.0000255500   -0.0000126500
  -0.0000145000    0.0000388500   -0.0000036500
  -0.0035667300    0.0054786200   -0.0010792000
  -0.0000365200    0.0000259600   -0.0000075600
  -0.0000294000    0.0000138600   -0.0000048000
  -0.0000126800    0.0000243100    0.0000003800
  -0.0000021700    0.0000294800    0.0000156500
  -0.0000032500    0.0000386400    0.0000036300

82   
  0.0049990207541360  -0.0086608193318945   0.0000000000000000
   0.0025542500    0.0009408900   -0.0016608600
  -0.0000173600    0.0000215300    0.0000260400
  -0.0020785700    0.0036723300    0.0001023000
  -0.0019572200   -0.0018020400    0.0016615900
  -0.0000273100    0.0000332500   -0.0000102100
  -0.0000595600    0.0000814700   -0.0000170800
  -0.0000208600    0.0000294300   -0.0000001300
  -0.0000050700    0.0000123800   -0.0000182400
  -0.0000232200    0.0000919700    0.0000205700
   0.0080811800   -0.0133297400    0.0000336800
   0.0000155700   -0.0000013400   -0.0000241300
  -0.0003816600   -0.0002887000    0.0002146100
   0.0000150000    0.0001260000    0.0001507500
  -0.0000206300   -0.0000034000    0.0000212000
  -0.0000173900    0.0000335500    0.0000030800
  -0.0000876700    0.0000370900   -0.0001267000
  -0.0000127800    0.0000161500    0.0000026900
   0.0005132300    0.0002108700   -0.0001538400
   0.0071818500   -0.0468224300   -0.0307038100
  -0.0001202200    0.0000223600   -0.0000710300
   0.0001379500   -0.0000075100    0.0001405800
   0.0004190900   -0.0001987100    0.0003965000
  -0.0007985300   -0.0011442200    0.0002225000
  -0.0000158500   -0.0000086600   -0.0000182000
   0.0000344900   -0.0000679900    0.0000070000
  -0.0000036800    0.0000159900   -0.0000177800
  -0.0000322800   -0.0000729700   -0.0000111500
   0.0352910800   -0.0290077700    0.0297303200
   0.0013398200    0.0001180000   -0.0003552000
   0.0000785900   -0.0000176100   -0.0000048100
   0.0000418900   -0.0000741500   -0.0000030600
   0.0000741300    0.0001227000    0.0000859900
   0.0000156900    0.0000072700    0.0000230200
  -0.0000680100   -0.0004142800   -0.0003980600
  -0.0000115000    0.0000135500    0.0000227600
  -0.0000809300   -0.0001125000   -0.0001190100
   0.0037216700    0.0009879500   -0.0008474000
   0.0000233600   -0.0000026300    0.0000146200
   0.0039399000    0.0006335400    0.0003138100
  -0.0000436000    0.0001974800   -0.0000784900
   0.0000005600   -0.0000034600   -0.0000082500
   0.0000223600   -0.0000207600   -0.0000030800
   0.0000367900   -0.0000410900    0.0000019900
  -0.0000063300   -0.0000096000    0.0000033600
   0.0000230300    0.0002312400    0.0000127200
  -0.0001481100    0.0000942300    0.0000585000
   0.0000118600   -0.0000064000   -0.0000027700
  -0.0024989200   -0.0031556000   -0.0004794000
  -0.0028238000   -0.0027521900    0.0009176700
   0.0000037400    0.0000040000    0.0000086900
  -0.0002170900    0.0001038600   -0.0000135900
   0.0000173600   -0.0000520100   -0.0000017700
  -0.0000052700   -0.0000212100   -0.0000156300
   0.0000090400   -0.0000326900    0.0000012200
   0.0001161100   -0.0000203300   -0.0000420400
   0.0000197900    0.0000071800   -0.0000097500
  -0.0030946700   -0.0006656800   -0.0024745400
  -0.0007211400    0.0007577600   -0.0004967700
  -0.0000125200   -0.0000040700   -0.0000065700
   0.0000846000   -0.0000154100   -0.0000176400
  -0.0000184000   -0.0000106800    0.0000064200
   0.0000021800    0.0000057200   -0.0000010500
   0.0000089700    0.0000064100   -0.0000072600
   0.0024301100   -0.0007335200   -0.0020542000
  -0.0000255500   -0.0000020500   -0.0000195200
   0.0000416400    0.0000000400    0.0000155100
  -0.0008006500   -0.0026182200    0.0018664800
   0.0000417200   -0.0000007100    0.0000137900
   0.0000060000    0.0000095900    0.0000006900
  -0.0000020700    0.0000048100   -0.0000009100
   0.0000106300    0.0000143000    0.0000169700
  -0.0000103100    0.0000011800    0.0000021300
  -0.0014306800    0.0024690800    0.0000664100
  -0.0001134200    0.0000255500   -0.0000101400
   0.0001774200    0.0001914100   -0.0000591000
  -0.0001053700   -0.0001497600   -0.0000156600
   0.0000541300    0.0001192500    0.0000315600
   0.0000054900   -0.0000085000   -0.0000011100
   0.0001721000    0.0000296700   -0.0000039200
   0.0000020100   -0.0000052400   -0.0000005900
  -0.0002474400   -0.0000423300    0.0000518500
  -0.0572568200    0.1001264700    0.0014044400
  -0.0000323400   -0.0000338000    0.0000405100
   0.0000021300   -0.0000142800    0.0000806200
   0.0000099200   -0.0000504200    0.0000425200
   0.0000340400    0.0000233900   -0.0000247600
   0.0000022800   -0.0000035200   -0.0000006000
   0.0000416000   -0.0000321700   -0.0000291300
   0.0000026700   -0.0000033000    0.0000008700
  -0.0000124200   -0.0000030900   -0.0000701000
  -0.0004359400    0.0012091200    0.0004318800
  -0.0000039300    0.0000002100    0.0000000700
   0.0025000200    0.0026831400    0.0021234400
  -0.0000218300   -0.0001607900    0.0000741200
   0.0000156300    0.0000123000    0.0000040400
  -0.0000121400   -0.0000085300    0.0000032200
   0.0000176400    0.0000096700   -0.0000116900
  -0.0000122200   -0.0000062200    0.0000118600
  -0.0000387800   -0.0001507000   -0.0000214700
   0.0029900200   -0.0058224000   -0.0010012600
   0.0000260700   -0.0000256000    0.0000123000
   0.0000132500   -0.0000393700    0.0000028600
   0.0034792900   -0.0053291600    0.0010476800
   0.0000341100   -0.0000274600    0.0000090600
   0.0000288400   -0.0000138300    0.0000046800
   0.0000131200   -0.0000239800   -0.0000006300
   0.0000020400   -0.0000294100   -0.0000159400
   0.0000029600   -0.0000391300   -0.0000037100

82   
 -0.0000009506667072  -0.0000005487243663   0.0099999999397567
  -0.0007082600    0.0006657800    0.0019494800
  -0.0000069000   -0.0000103900    0.0000099900
   0.0007912100    0.0004064600    0.0026626000
   0.0002442100   -0.0009898600    0.0022221700
  -0.0000188200   -0.0000128500    0.0001100500
   0.0000272300    0.0000225900    0.0000541400
  -0.0000032200    0.0000048000    0.0000171200
  -0.0000148600    0.0000087400    0.0000051600
   0.0000247400    0.0000215100    0.0000760500
  -0.0276310300   -0.0164762300    0.0437029000
   0.0000301400    0.0000517600    0.0000025500
  -0.0001902500    0.0002617700    0.0007535900
   0.0000168300    0.0000526200   -0.0000455300
   0.0000672900   -0.0000065500    0.0000035900
  -0.0000200200   -0.0000120800    0.0000016600
   0.0000318400   -0.0000309100   -0.0000242100
  -0.0000157600   -0.0000124000   -0.0000004900
   0.0000048700   -0.0001354600    0.0006898500
   0.0008950200    0.0351115200    0.0446653900
   0.0000441700   -0.0000680600   -0.0000626800
  -0.0000362100   -0.0000926000   -0.0000949600
  -0.0000255600   -0.0000752100    0.0009014400
   0.0002355300    0.0001522800    0.0006799100
   0.0000020500    0.0000159200    0.0000009300
  -0.0000158900   -0.0000729700   -0.0000020400
   0.0000043300    0.0000170400   -0.0000074300
   0.0000497400   -0.0000491100   -0.0000155500
   0.0305977900   -0.0173336300    0.0448985700
   0.0002397600    0.0002065000    0.0007149400
  -0.0000182700    0.0000682700   -0.0000185400
  -0.0000829700    0.0000121000   -0.0000020800
  -0.0000370500    0.0000904700   -0.0000704800
   0.0000165700   -0.0000075500    0.0000065800
  -0.0000094700    0.0000846800    0.0008744000
   0.0000108500   -0.0000049500   -0.0000107200
  -0.0001052200   -0.0000216000   -0.0000965300
   0.0012544200    0.0002623900   -0.0033531100
   0.0000025100   -0.0000204300    0.0000092600
  -0.0016087800   -0.0000208700   -0.0032041500
  -0.0000109800   -0.0000329000    0.0000319700
  -0.0000170100    0.0000128400   -0.0000323900
   0.0000166000    0.0000014200   -0.0000214200
   0.0000087300   -0.0000032000   -0.0000214300
  -0.0000097900   -0.0000022700   -0.0000151500
  -0.0000632500    0.0001052200    0.0000585700
  -0.0000237300   -0.0000005200    0.0000570100
  -0.0000021000   -0.0000063300   -0.0000187200
  -0.0008473100   -0.0012598700   -0.0032700000
   0.0007811800    0.0009634400   -0.0033403000
  -0.0000002100   -0.0000216500   -0.0000355800
   0.0000523800   -0.0001085200    0.0000445200
   0.0000028800    0.0000038500   -0.0000256400
  -0.0000169200    0.0000107500    0.0000084200
   0.0000106900    0.0000127900   -0.0000244000
  -0.0000056600    0.0000040500   -0.0002805300
   0.0000067800    0.0000051800    0.0000195600
   0.0017999600    0.0006131700    0.0003480200
   0.0002047600   -0.0016694900    0.0002024600
  -0.0000067600   -0.0000143300    0.0000010700
   0.0000571600   -0.0000667800   -0.0003204700
   0.0000020000   -0.0000065000    0.0000146300
  -0.0000042300    0.0000024400    0.0000116600
   0.0000118300    0.0000102800    0.0000103200
  -0.0025444900    0.0007962000    0.0005522500
  -0.0000000500   -0.0000020000    0.0000092000
  -0.0000105700   -0.0000320600   -0.0003375900
  -0.0005463000   -0.0025613800    0.0003253400
  -0.0001560200   -0.0000743500   -0.0002876100
   0.0000072500   -0.0000149200    0.0000097100
   0.0000010000   -0.0000005000    0.0000096300
  -0.0000006100   -0.0000027400    0.0000084500
  -0.0000122900    0.0000137400    0.0000068900
  -0.0003639500   -0.0001200500    0.0200381900
   0.0000155200   -0.0000667800    0.0000233100
  -0.0000044400   -0.0000441300    0.0000203300
   0.0000279500    0.0000325900   -0.0000176400
  -0.0000463000    0.0000538500    0.0000618300
   0.0000014500    0.0000001300   -0.0000041900
   0.0000651900    0.0000091100   -0.0000109200
   0.0000003100    0.0000019000   -0.0000028000
  -0.0000630600    0.0000198700    0.0000682700
  -0.0016614400   -0.0012282100   -0.1435304600
   0.0000455100   -0.0000667500   -0.0002713000
   0.0000060700   -0.0000446600   -0.0002709900
   0.0000158000    0.0000386800   -0.0003002500
  -0.0000316500    0.0000603000   -0.0002802500
   0.0000024500    0.0000005800    0.0000093400
   0.0000493100   -0.0000215200   -0.0003001300
   0.0000000200    0.0000006600    0.0000094200
  -0.0000325700    0.0000116900   -0.0002799500
  -0.0017565500    0.0013181400    0.0004023300
   0.0000010900   -0.0000053600    0.0000095500
   0.0018987000    0.0015920400    0.0003664600
   0.0000190500    0.0000153300   -0.0003491700
  -0.0000207200    0.0000018400    0.0000008500
   0.0000186900    0.0000017800    0.0000120600
   0.0000032600    0.0000010000    0.0000071400
   0.0000053700    0.0000024000    0.0000156000
  -0.0000478200    0.0001035200   -0.0003198100
   0.0000907900   -0.0010784200   -0.0034103000
  -0.0000046500   -0.0000066900   -0.0000266400
   0.0000290900    0.0000262600    0.0000292300
  -0.0009268500    0.0006840100   -0.0033573000
  -0.0000780600   -0.0000413100    0.0000268000
   0.0000092500   -0.0000129400   -0.0000245100
   0.0000186500    0.0000102700    0.0000047400
  -0.0000069300    0.0000013300   -0.0000250200
  -0.0000060500    0.0000110200   -0.0000260600

82   
  0.0000009506667072   0.0000005487243663  -0.0099999999397567
   0.0006780400   -0.0006422800   -0.0019522700
   0.0000070200    0.0000107000   -0.0000107500
  -0.0007587600   -0.0003862200   -0.0026671500
  -0.0002396900    0.0009548400   -0.0022282500
   0.0000189000    0.0000125400   -0.0001145300
  -0.0000274000   -0.0000228400   -0.0000573300
   0.0000030900   -0.0000050300   -0.0000179400
   0.0000151200   -0.0000088800   -0.0000058100
  -0.0000247200   -0.0000217800   -0.0000793400
   0.0285909800    0.0170275400   -0.0445060100
  -0.0000311300   -0.0000522000   -0.0000054200
   0.0001474400   -0.0002678400   -0.0007611200
  -0.0000194700   -0.0000546100    0.0000448700
  -0.0000683200    0.0000058700   -0.0000067100
   0.0000209200    0.0000127200   -0.0000020000
  -0.0000346300    0.0000301200    0.0000235800
   0.0000157200    0.0000123500    0.0000003300
  -0.0000303700    0.0000973500   -0.0006983500
  -0.0008875500   -0.0363548200   -0.0455102600
  -0.0000428300    0.0000714200    0.0000635100
   0.0000357700    0.0000971000    0.0000949900
   0.0000062800    0.0001126000   -0.0009046800
  -0.0002151800   -0.0001145200   -0.0006856000
  -0.0000022000   -0.0000166300   -0.0000013600
   0.0000148400    0.0000745200    0.0000003600
  -0.0000044400   -0.0000169000    0.0000073000
  -0.0000493500    0.0000503200    0.0000131600
  -0.0316719200    0.0179583500   -0.0457375500
  -0.0001982100   -0.0002085600   -0.0007222900
   0.0000195300   -0.0000685500    0.0000161300
   0.0000839700   -0.0000137900    0.0000002500
   0.0000413100   -0.0000916100    0.0000712900
  -0.0000172700    0.0000078600   -0.0000069900
   0.0000307100   -0.0001227200   -0.0008797000
  -0.0000107200    0.0000047900    0.0000106900
   0.0001095200    0.0000193100    0.0000968100
  -0.0012707700   -0.0002573300    0.0033870700
  -0.0000024700    0.0000207000   -0.0000084800
   0.0016398900    0.0000285200    0.0032295900
   0.0000115500    0.0000306700   -0.0000271300
   0.0000171400   -0.0000132400    0.0000336900
  -0.0000166700   -0.0000018700    0.0000223600
  -0.0000089700    0.0000038500    0.0000217900
   0.0000098800    0.0000027700    0.0000153000
   0.0000642400   -0.0000999500   -0.0000591200
   0.0000225700    0.0000018000   -0.0000520100
   0.0000025900    0.0000063600    0.0000189300
   0.0008729200    0.0012829300    0.0032990100
  -0.0007845400   -0.0009839000    0.0033754700
  -0.0000001400    0.0000220100    0.0000369000
  -0.0000470400    0.0001064000   -0.0000446300
  -0.0000025800   -0.0000043300    0.0000260300
   0.0000172200   -0.0000108800   -0.0000075100
  -0.0000111700   -0.0000126200    0.0000254300
   0.0000108200   -0.0000072800    0.0002779100
  -0.0000066600   -0.0000053400   -0.0000195600
  -0.0017778400   -0.0006074400   -0.0003511500
  -0.0002002400    0.0016493300   -0.0002050500
   0.0000071500    0.0000146000   -0.0000006400
  -0.0000562500    0.0000682300    0.0003226800
  -0.0000018600    0.0000066600   -0.0000145400
   0.0000042100   -0.0000023600   -0.0000113600
  -0.0000119200   -0.0000106900   -0.0000100600
   0.0025284000   -0.0007914000   -0.0005578400
  -0.0000002000    0.0000019100   -0.0000090900
   0.0000056400    0.0000290400    0.0003373700
   0.0005397200    0.0025419400   -0.0003317800
   0.0001572200    0.0000753200    0.0002919900
  -0.0000077400    0.0000151000   -0.0000092600
  -0.0000007500    0.0000006500   -0.0000094200
   0.0000004100    0.0000026600   -0.0000082400
   0.0000121200   -0.0000141100   -0.0000063600
   0.0003709600    0.0001252000   -0.0204547400
  -0.0000161900    0.0000656100   -0.0000241500
   0.0000049000    0.0000430000   -0.0000216100
  -0.0000267600   -0.0000329000    0.0000162700
   0.0000442700   -0.0000541700   -0.0000639000
  -0.0000014800   -0.0000001600    0.0000046000
  -0.0000650600   -0.0000082500    0.0000094800
  -0.0000002700   -0.0000019000    0.0000031100
   0.0000623600   -0.0000186000   -0.0000709100
   0.0017245000    0.0012823700    0.1463054900
  -0.0000506500    0.0000660400    0.0002763900
  -0.0000016600    0.0000439800    0.0002767200
  -0.0000137500   -0.0000406600    0.0003050300
   0.0000288500   -0.0000646000    0.0002852200
  -0.0000025500   -0.0000005800   -0.0000090200
  -0.0000498500    0.0000244900    0.0003051000
   0.0000000300   -0.0000006400   -0.0000089500
   0.0000344600   -0.0000074500    0.0002855200
   0.0017483500   -0.0013057600   -0.0004070200
  -0.0000011500    0.0000052200   -0.0000092300
  -0.0018877000   -0.0015734000   -0.0003728900
  -0.0000192300   -0.0000102800    0.0003490700
   0.0000211400   -0.0000015600   -0.0000001600
  -0.0000191300   -0.0000015700   -0.0000117100
  -0.0000031700   -0.0000009100   -0.0000068000
  -0.0000053700   -0.0000022100   -0.0000153700
   0.0000496900   -0.0001024700    0.0003243800
  -0.0001060400    0.0010853700    0.0034383100
   0.0000039400    0.0000067100    0.0000264800
  -0.0000280500   -0.0000259300   -0.0000248200
   0.0009261400   -0.0007013200    0.0033839200
   0.0000725800    0.0000380800   -0.0000272600
  -0.0000089400    0.0000130200    0.0000254100
  -0.0000188100   -0.0000103800   -0.0000040300
   0.0000065700   -0.0000018200    0.0000249100
   0.0000061500   -0.0000107900    0.0000270600

91   
  0.0100000000000000   0.0000000000000000   0.0000000000000000
   0.0161702200   -0.0004323900    0.0003662300
  -0.0000479700    0.0001410700    0.0001254800
  -0.0000777500   -0.0001115400   -0.0001310600
   0.0001018700    0.0005129100   -0.0001144900
   0.0001111900   -0.0003105100   -0.0000297100
  -0.0000426700    0.0000017600   -0.0000018800
  -0.0000450700   -0.0000127600    0.0000210900
  -0.0000289100    0.0000081000    0.0000016800
   0.0000079400    0.0000149100   -0.0000120500
   0.0422577100   -0.0154779300   -0.0293001600
   0.0007327300    0.0001900900    0.0002464000
   0.0000307400   -0.0000064400    0.0000101000
   0.0000388200   -0.0000349600    0.0000024900
   0.0001705400    0.0001095700    0.0001134500
  -0.0000004000   -0.0000239900   -0.0000186600
   0.0006865600   -0.0011634100    0.0002428000
  -0.0000450200    0.0000165100   -0.0000218300
  -0.0001337100   -0.0001559700   -0.0000139900
   0.0003393600    0.0028067500   -0.0019845400
   0.0009383600   -0.0028387100    0.0019058700
  -0.0000300800   -0.0000064100   -0.0000012900
  -0.0000755200    0.0000166900    0.0000009600
  -0.0042474200    0.0000401400    0.0001454900
  -0.0001008100   -0.0000276200   -0.0000357600
  -0.0000439900   -0.0000027000   -0.0000187700
  -0.0000232500   -0.0000009200   -0.0000216700
  -0.0000207700    0.0000006200    0.0000299000
   0.0005200300   -0.0003182100   -0.0004212300
   0.0454733300    0.0174175100    0.0314080400
   0.0001052400    0.0000158400   -0.0000107600
   0.0000048600    0.0000176900    0.0000183400
   0.0000936600   -0.0000959900   -0.0001037100
   0.0000316200    0.0000856800   -0.0000248000
   0.0004812200    0.0009381900   -0.0003427000
  -0.0000996400    0.0000816000    0.0000850000
  -0.0000280300   -0.0000095400    0.0000198700
  -0.0026059200   -0.0001124800    0.0003083500
   0.0000608200   -0.0001826200   -0.0000120800
   0.0000562700    0.0001780500   -0.0000001700
  -0.0001015900   -0.0002374700    0.0000363200
  -0.0001101300    0.0002460100   -0.0000460500
   0.0000111900   -0.0000007200   -0.0000010300
  -0.0000686800    0.0000758700    0.0000456400
   0.0000167000   -0.0000009300   -0.0000005000
  -0.0000839900   -0.0000671400   -0.0000245900
  -0.0011445200   -0.0001389600   -0.0005505400
   0.0000164600   -0.0000339500    0.0000129300
   0.0000835500    0.0000364700   -0.0000089400
  -0.0008596600   -0.0023562700   -0.0020048500
   0.0000294300    0.0000163400   -0.0000065000
   0.0000166400    0.0000095800   -0.0000055800
  -0.0000011900   -0.0000027600    0.0000021900
   0.0000006900    0.0000251400   -0.0000067500
  -0.0000089600   -0.0000172300   -0.0000016700
   0.0007711500   -0.0040545000    0.0005754000
   0.0000470200   -0.0000143600    0.0000051900
  -0.0001632800   -0.0000435600    0.0001188100
   0.0008980100   -0.0032023600   -0.0004274400
  -0.0001653800   -0.0000735700   -0.0000220300
   0.0000307600   -0.0000128700    0.0000024800
   0.0000296800   -0.0000138700   -0.0000191400
   0.0000058900    0.0000114100    0.0000072900
   0.0000006700   -0.0000015700    0.0000019600
   0.0007190300    0.0033282600   -0.0008247100
  -0.0002770500    0.0001239300   -0.0000741200
   0.0000350100    0.0000126500   -0.0000050200
  -0.0001437700    0.0001336300    0.0000371200
   0.0011604700    0.0031103700    0.0005988200
   0.0000246900    0.0000059700    0.0000025500
   0.0000171800   -0.0000024400   -0.0000000900
   0.0000029400   -0.0000076200   -0.0000086100
   0.0000198300    0.0000053100    0.0000226600
   0.0054904300   -0.0005411200   -0.0008363300
   0.0070553600    0.0002717500    0.0012714200
   0.0000257600   -0.0000020000   -0.0000022800
   0.0000332300   -0.0000079300    0.0000031000
  -0.0000256300   -0.0000354900    0.0000640000
   0.0000288300    0.0000108200    0.0000044600
   0.0000149800    0.0000214000    0.0000176900
   0.0000216300   -0.0000075200   -0.0000119100
   0.0000261500    0.0000158500    0.0000116600
   0.0015295200    0.0013890700   -0.0017476700
   0.0017511400   -0.0019013800    0.0018988600
  -0.0000039000    0.0000023200    0.0000011700
  -0.0000051000   -0.0000231800    0.0000030700
   0.0000344000    0.0000613500   -0.0000460300
   0.0000011300    0.0000150200    0.0000052500
   0.0000401200    0.0000495000    0.0000195300
   0.0000051600    0.0000174800    0.0000188100
  -0.0000022300   -0.0000195800   -0.0000209700
  -0.1155669400   -0.0011473900   -0.0032591400
   0.0000093300   -0.0000236600    0.0000684100
   0.0000101700    0.0000263600   -0.0000068100
   0.0000014000    0.0000117100   -0.0000789500
   0.0000302600    0.0000162200    0.0000969200
   0.0000088100   -0.0000016100   -0.0000002800
   0.0000011800    0.0000815700   -0.0000450300
   0.0000088500   -0.0000018900    0.0000029200
   0.0000306200   -0.0000341900    0.0000293000
  -0.0009677300    0.0003880600    0.0002482900
   0.0001284500   -0.0001008600    0.0000676500
   0.0000046100    0.0000241400   -0.0000090700
   0.0001215500   -0.0001051500    0.0000226100
  -0.0013580400    0.0034397700    0.0023341700
  -0.0000038200   -0.0000158900    0.0000046300
  -0.0000015600    0.0000189400    0.0000024700
  -0.0000002800   -0.0000160500    0.0000107600
  -0.0000027800   -0.0000037600   -0.0000040300

91   
 -0.0100000000000000   0.0000000000000000   0.0000000000000000
  -0.0161929000    0.0005954300   -0.0004166400
   0.0000479300   -0.0001425000   -0.0001247400
   0.0000788300    0.0001103500    0.0001316000
  -0.0001127700   -0.0005155600    0.0001156000
  -0.0001001600    0.0003071000    0.0000315900
   0.0000429400   -0.0000017700    0.0000014900
   0.0000459300    0.0000111600   -0.0000209500
   0.0000289700   -0.0000077400   -0.0000020000
  -0.0000081600   -0.0000161200    0.0000122500
  -0.0432430000    0.0159927600    0.0303695800
  -0.0006962800   -0.0001826800   -0.0002501600
  -0.0000329700    0.0000084000   -0.0000106500
  -0.0000407000    0.0000349500   -0.0000032800
  -0.0001735700   -0.0001076400   -0.0001144400
   0.0000005300    0.0000234700    0.0000182600
  -0.0006734600    0.0011561700   -0.0002328400
   0.0000451600   -0.0000164200    0.0000216700
   0.0001338700    0.0001571600    0.0000149700
  -0.0003698700   -0.0028471600    0.0019977000
  -0.0008967500    0.0028033000   -0.0018987600
   0.0000303000    0.0000065100    0.0000009100
   0.0000765900   -0.0000173700   -0.0000025700
   0.0042562200   -0.0000013500   -0.0001565800
   0.0001002300    0.0000272300    0.0000345100
   0.0000442700    0.0000017600    0.0000190300
   0.0000236400    0.0000010900    0.0000213100
   0.0000208500   -0.0000003600   -0.0000304600
  -0.0005503900    0.0003263700    0.0004185700
  -0.0444195400   -0.0168114000   -0.0302303000
  -0.0001019400   -0.0000137800    0.0000105500
  -0.0000046500   -0.0000176900   -0.0000188000
  -0.0000899000    0.0000976600    0.0001043400
  -0.0000297600   -0.0000847900    0.0000241100
  -0.0004927400   -0.0009437100    0.0003518800
   0.0000991500   -0.0000809100   -0.0000835100
   0.0000283100    0.0000093500   -0.0000199400
   0.0026086000    0.0001091700   -0.0003541100
  -0.0000607400    0.0001807300    0.0000125800
  -0.0000560500   -0.0001802200    0.0000008400
   0.0001042800    0.0002383200   -0.0000362800
   0.0001088400   -0.0002453100    0.0000466200
  -0.0000110600    0.0000009900    0.0000010000
   0.0000671100   -0.0000761300   -0.0000466700
  -0.0000165300    0.0000007600    0.0000004800
   0.0000860700    0.0000669000    0.0000238900
   0.0011377500    0.0001375500    0.0005397000
  -0.0000165700    0.0000335800   -0.0000130700
  -0.0000846200   -0.0000378400    0.0000135300
   0.0008826000    0.0024227400    0.0020383000
  -0.0000336900   -0.0000158000    0.0000095000
  -0.0000162700   -0.0000101400    0.0000055200
   0.0000015900    0.0000028000   -0.0000020900
  -0.0000005600   -0.0000255500    0.0000064800
   0.0000092800    0.0000180900    0.0000017400
  -0.0007858300    0.0040373300   -0.0005876300
  -0.0000464600    0.0000139500   -0.0000052700
   0.0001651700    0.0000456900   -0.0001204800
  -0.0008935600    0.0032417200    0.0004299400
   0.0001598000    0.0000728100    0.0000231300
  -0.0000310700    0.0000128400   -0.0000021000
  -0.0000293600    0.0000141500    0.0000193500
  -0.0000056800   -0.0000112000   -0.0000072500
  -0.0000005300    0.0000016500   -0.0000020500
  -0.0007098000   -0.0033457500    0.0008211700
   0.0002751900   -0.0001207100    0.0000731000
  -0.0000351900   -0.0000130000    0.0000050300
   0.0001497300   -0.0001353100   -0.0000351300
  -0.0011641300   -0.0030810200   -0.0005953700
  -0.0000242900   -0.0000059600   -0.0000023300
  -0.0000170000    0.0000024500   -0.0000000200
  -0.0000029000    0.0000079700    0.0000084800
  -0.0000199700   -0.0000051300   -0.0000223800
  -0.0056463100    0.0005483800    0.0008626200
  -0.0068708400   -0.0002711600   -0.0012430000
  -0.0000256300    0.0000014700    0.0000027200
  -0.0000334600    0.0000082700   -0.0000028300
   0.0000253300    0.0000370300   -0.0000626100
  -0.0000284100   -0.0000106900   -0.0000042500
  -0.0000150000   -0.0000185500   -0.0000192100
  -0.0000214200    0.0000075000    0.0000124000
  -0.0000260400   -0.0000158700   -0.0000112100
  -0.0015310300   -0.0013736500    0.0017569600
  -0.0017496400    0.0019122500   -0.0018880200
   0.0000038800   -0.0000022900   -0.0000011700
   0.0000054800    0.0000236300   -0.0000034000
  -0.0000351000   -0.0000639200    0.0000514100
  -0.0000011500   -0.0000146900   -0.0000055600
  -0.0000402800   -0.0000490800   -0.0000188500
  -0.0000051700   -0.0000171100   -0.0000190800
   0.0000025500    0.0000198800    0.0000208100
   0.1154535200   -0.0003185900    0.0009472200
  -0.0000104800    0.0000235100   -0.0000622400
  -0.0000096600   -0.0000265700    0.0000127200
  -0.0000016100   -0.0000095700    0.0000820700
  -0.0000299200   -0.0000141600   -0.0000938300
  -0.0000086900    0.0000019000    0.0000005600
  -0.0000018500   -0.0000800200    0.0000446600
  -0.0000086400    0.0000016500   -0.0000028800
  -0.0000295700    0.0000355400   -0.0000292300
   0.0009834600   -0.0003903600   -0.0002704100
  -0.0001269600    0.0000983500   -0.0000621000
  -0.0000043200   -0.0000243100    0.0000088400
  -0.0001178900    0.0001069900   -0.0000187300
   0.0013281600   -0.0033564900   -0.0023013900
   0.0000035900    0.0000152500   -0.0000047900
   0.0000016100   -0.0000183900   -0.0000024400
   0.0000003700    0.0000158300   -0.0000111300
   0.0000027700    0.0000035900    0.0000039600

91   
 -0.0000009506667072  -0.0000005487243663   0.0099999999397567
   0.0008157000   -0.0337702300    0.0448426100
  -0.0000779200    0.0001281300   -0.0000103900
   0.0000685900    0.0000914900    0.0000304800
  -0.0000701800    0.0000879500    0.0007139400
   0.0002281800    0.0003642200    0.0008965600
   0.0000035500   -0.0000244300    0.0000113100
   0.0000236000    0.0000773500    0.0000098200
   0.0000055400   -0.0000183900    0.0000041800
   0.0000095200    0.0001035100    0.0000189700
  -0.0288340300    0.0175980700    0.0448426300
   0.0004295100    0.0000154100    0.0008965600
   0.0000943800   -0.0000435200    0.0000189700
   0.0000787800   -0.0000182600    0.0000098300
   0.0000719800   -0.0001315500   -0.0000103900
  -0.0000193900    0.0000153000    0.0000113100
   0.0000410600   -0.0001047600    0.0007139400
  -0.0000131700    0.0000139900    0.0000041600
   0.0001135400    0.0000136200    0.0000304800
  -0.0008691600   -0.0005016700    0.0017140200
   0.0009384200   -0.0003113100    0.0024333300
  -0.0000065700    0.0000066900    0.0000096800
  -0.0000557300    0.0000529300    0.0000853300
   0.0001998300    0.0009683300    0.0024333000
   0.0000562000    0.0000324400    0.0000389800
   0.0000179600   -0.0000747400    0.0000853300
  -0.0000227500   -0.0000131200    0.0000005800
   0.0000025000   -0.0000090300    0.0000096900
  -0.0002853400    0.0001396600    0.0008450400
   0.0323391100    0.0186661000    0.0464169300
  -0.0000834400   -0.0000544100   -0.0000088500
   0.0000107600    0.0000061900    0.0000152000
  -0.0001088800   -0.0001616200   -0.0000532500
  -0.0000888600   -0.0000450500   -0.0000088400
  -0.0000218100   -0.0003169400    0.0008450200
  -0.0001944200   -0.0000134700   -0.0000532400
   0.0000074400    0.0000043000   -0.0000077400
  -0.0003022300   -0.0001744500    0.0157693400
  -0.0000476900   -0.0000098300    0.0000152300
   0.0000631000    0.0000122800    0.0000148200
   0.0000200200   -0.0000600200    0.0000844500
  -0.0000323700   -0.0000363700    0.0000152400
   0.0000022200    0.0000012900   -0.0000014800
  -0.0000419500    0.0000473600    0.0000844600
   0.0000003000    0.0000001800    0.0000011000
   0.0000421900    0.0000485000    0.0000148200
   0.0012055100   -0.0004943900    0.0002895000
   0.0000059700   -0.0000033800    0.0000163100
  -0.0000539400   -0.0000311400   -0.0002631900
   0.0001749100    0.0012911600    0.0002894800
   0.0000310900    0.0000179400   -0.0003691400
  -0.0000145700    0.0000212700    0.0000103800
  -0.0000066300   -0.0000038500    0.0000087900
   0.0000000500    0.0000068600    0.0000162900
   0.0000111300   -0.0000232600    0.0000103800
  -0.0008342200    0.0011788700   -0.0035922400
  -0.0000061200    0.0000031500   -0.0000299200
  -0.0000196600   -0.0000113500    0.0000289200
   0.0006035200   -0.0013120300   -0.0035922400
   0.0000992900    0.0000573200    0.0000633600
   0.0000024200    0.0000145400   -0.0000346100
  -0.0000202900   -0.0000117200    0.0000055000
  -0.0000003300   -0.0000068800   -0.0000299200
   0.0000138000   -0.0000051900   -0.0000346000
   0.0000400800    0.0010308100   -0.0038382700
  -0.0000107400   -0.0000100200   -0.0000051700
  -0.0000008600    0.0000013000   -0.0000384900
  -0.0001135500   -0.0000035300    0.0000436900
  -0.0007295400   -0.0011567200   -0.0036336300
   0.0000088900    0.0000031600   -0.0000232700
  -0.0000045200   -0.0000019500   -0.0000351700
  -0.0000021600   -0.0000073500   -0.0000229500
   0.0000210400   -0.0000107400    0.0000018700
   0.0009128300   -0.0004808800   -0.0038382700
  -0.0013666800   -0.0000531500   -0.0036336800
   0.0000012700    0.0000235900    0.0000018400
  -0.0000039400   -0.0000029400   -0.0000351800
  -0.0000140500   -0.0000042800   -0.0000051800
   0.0000071800    0.0000061200   -0.0000232700
  -0.0000598600   -0.0000965500    0.0000437000
  -0.0000074400    0.0000018100   -0.0000229500
   0.0000007000   -0.0000013900   -0.0000384800
  -0.0014330900   -0.0013126300    0.0004080500
   0.0016067000   -0.0015241100    0.0003743300
   0.0000012100    0.0000005200    0.0000094000
  -0.0000213200    0.0000016400    0.0000068400
   0.0000150900    0.0000341500   -0.0003217700
   0.0000206600   -0.0000015800    0.0000154900
  -0.0000472500   -0.0001160000   -0.0003509100
   0.0000059500   -0.0000002400    0.0000119600
   0.0000036600   -0.0000025100    0.0000006000
  -0.0021341100   -0.0012317200   -0.1396011300
  -0.0000112200    0.0000391200   -0.0003821300
   0.0000669300    0.0000721500   -0.0003819100
  -0.0000434800   -0.0000694300   -0.0003513300
   0.0000282900   -0.0000292900   -0.0003820700
   0.0000029400    0.0000016900    0.0000000700
  -0.0000818700   -0.0000029100   -0.0003513200
  -0.0000004500   -0.0000002500    0.0000000800
   0.0000959700    0.0000218500   -0.0003818500
  -0.0018534600   -0.0005843600    0.0004080300
   0.0000371200   -0.0000040000   -0.0003217800
  -0.0000003500    0.0000044200    0.0000006000
  -0.0001240700    0.0000171000   -0.0003509100
  -0.0005160800    0.0021535900    0.0003743500
   0.0000089700    0.0000186700    0.0000154800
  -0.0000092500   -0.0000192800    0.0000068300
   0.0000027700    0.0000052700    0.0000119500
   0.0000010600    0.0000007800    0.0000094000

91   
  0.0000009506667072   0.0000005487243663  -0.0099999999397567
  -0.0008252800    0.0326833200   -0.0441122300
   0.0000766600   -0.0001231200    0.0000117300
  -0.0000679700   -0.0000876900   -0.0000301200
   0.0000494200   -0.0000458400   -0.0007059300
  -0.0002080000   -0.0003207300   -0.0008916600
  -0.0000035000    0.0000233100   -0.0000106400
  -0.0000245100   -0.0000754100   -0.0000066400
  -0.0000054000    0.0000182400   -0.0000038700
  -0.0000082400   -0.0001013200   -0.0000164800
   0.0278880900   -0.0170626700   -0.0441122500
  -0.0003817700   -0.0000196800   -0.0008916600
  -0.0000918500    0.0000435500   -0.0000164800
  -0.0000775600    0.0000165000   -0.0000066500
  -0.0000682800    0.0001279600    0.0000117300
   0.0000184500   -0.0000146900   -0.0000106500
  -0.0000149800    0.0000657300   -0.0007059200
   0.0000130900   -0.0000137900   -0.0000038800
  -0.0001099300   -0.0000149900   -0.0000301200
   0.0008969700    0.0005177200   -0.0017149300
  -0.0009710400    0.0003241200   -0.0024356200
   0.0000064100   -0.0000062800   -0.0000089100
   0.0000545600   -0.0000522700   -0.0000813500
  -0.0002050600   -0.0010029600   -0.0024356400
  -0.0000553000   -0.0000319300   -0.0000362200
  -0.0000179500    0.0000733600   -0.0000813500
   0.0000221900    0.0000128100    0.0000001600
  -0.0000022300    0.0000087100   -0.0000089200
   0.0002396400   -0.0001390300   -0.0008413600
  -0.0312533100   -0.0180394100   -0.0456255100
   0.0000805500    0.0000547100    0.0000108700
  -0.0000102600   -0.0000059300   -0.0000143700
   0.0001041100    0.0001582300    0.0000530100
   0.0000876400    0.0000423800    0.0000108700
  -0.0000005200    0.0002770600   -0.0008413800
   0.0001890900    0.0000110200    0.0000530200
  -0.0000075700   -0.0000043900    0.0000079800
   0.0002969900    0.0001714400   -0.0154364400
   0.0000466600    0.0000095600   -0.0000123000
  -0.0000618700   -0.0000122000   -0.0000121200
  -0.0000188700    0.0000589900   -0.0000804200
   0.0000316100    0.0000356300   -0.0000123000
  -0.0000022200   -0.0000012800    0.0000015000
   0.0000416500   -0.0000458500   -0.0000804300
  -0.0000004100   -0.0000002300   -0.0000010300
  -0.0000415100   -0.0000474800   -0.0000121000
  -0.0012306100    0.0005001600   -0.0002829800
  -0.0000060000    0.0000031500   -0.0000159900
   0.0000485500    0.0000280100    0.0002658800
  -0.0001824600   -0.0013157800   -0.0002829800
  -0.0000319100   -0.0000184300    0.0003670800
   0.0000141500   -0.0000207400   -0.0000103000
   0.0000065400    0.0000037700   -0.0000088500
  -0.0000002600   -0.0000067800   -0.0000160100
  -0.0000108800    0.0000226200   -0.0000102900
   0.0008201600   -0.0011668400    0.0035569100
   0.0000056100   -0.0000032700    0.0000298100
   0.0000218400    0.0000126100   -0.0000336100
  -0.0006001400    0.0012938200    0.0035569100
  -0.0001027400   -0.0000593000   -0.0000631800
  -0.0000021800   -0.0000140800    0.0000336900
   0.0000200400    0.0000115600   -0.0000062000
  -0.0000000100    0.0000065000    0.0000298100
  -0.0000132800    0.0000051500    0.0000336800
  -0.0000351100   -0.0010351900    0.0038061000
   0.0000084600    0.0000107800    0.0000011400
   0.0000014600   -0.0000014400    0.0000386500
   0.0001169300   -0.0000001500   -0.0000435500
   0.0007313700    0.0011392000    0.0036072500
  -0.0000092300   -0.0000031300    0.0000227000
   0.0000043400    0.0000020500    0.0000344100
   0.0000024100    0.0000068500    0.0000233400
  -0.0000211100    0.0000106100   -0.0000023900
  -0.0009141400    0.0004874000    0.0038060800
   0.0013523400    0.0000635000    0.0036073400
  -0.0000014000   -0.0000235800   -0.0000023400
   0.0000039600    0.0000027300    0.0000344100
   0.0000135700    0.0000019400    0.0000011400
  -0.0000073300   -0.0000064200    0.0000227000
   0.0000583500    0.0001013200   -0.0000435500
   0.0000071500   -0.0000013400    0.0000233500
  -0.0000005100    0.0000019900    0.0000386500
   0.0014479200    0.0013272800   -0.0004011400
  -0.0016238300    0.0015457600   -0.0003646400
  -0.0000012500   -0.0000008300   -0.0000093700
   0.0000207500   -0.0000014200   -0.0000071000
  -0.0000151300   -0.0000283100    0.0003224000
  -0.0000201700    0.0000017500   -0.0000154500
   0.0000453300    0.0001157800    0.0003473900
  -0.0000059900    0.0000003500   -0.0000118000
  -0.0000038200    0.0000025700   -0.0000003700
   0.0020498800    0.0011830700    0.1371355700
   0.0000084100   -0.0000397900    0.0003759300
  -0.0000636000   -0.0000727000    0.0003761600
   0.0000461700    0.0000646700    0.0003445300
  -0.0000302700    0.0000272100    0.0003758700
  -0.0000028800   -0.0000016700   -0.0000001300
   0.0000791000    0.0000076500    0.0003445100
   0.0000003700    0.0000002200   -0.0000001100
  -0.0000947900   -0.0000186900    0.0003760900
   0.0018735400    0.0005898600   -0.0004011100
  -0.0000320800    0.0000010700    0.0003223900
   0.0000003200   -0.0000045900   -0.0000003700
   0.0001229400   -0.0000186600    0.0003473800
   0.0005262600   -0.0021793000   -0.0003646700
  -0.0000085800   -0.0000183400   -0.0000154700
   0.0000091400    0.0000186800   -0.0000071000
  -0.0000027000   -0.0000053700   -0.0000118000
  -0.0000013400   -0.0000006700   -0.0000093500
