108  
42   

1    
  0.0100000000000000   0.0000000000000000   0.0000000000000000
  -0.2384070700    0.0010357800   -0.0003785400
   0.0011880600    0.0002245500   -0.0000459900
   0.0011489700   -0.0002242800    0.0000510200
  -0.0001606100   -0.0006139400    0.0001078500
  -0.0001927800    0.0006725000   -0.0001170000
   0.0000623900   -0.0000007000   -0.0000002500
  -0.0001557100   -0.0009311300   -0.0000379100
   0.0000623900    0.0000041700   -0.0000004600
  -0.0001987900    0.0009881700    0.0000249700
   0.0046923600   -0.0111106500    0.0006644300
   0.0008703900   -0.0006165700    0.0000236600
   0.0000844900    0.0000147100    0.0000093500
   0.0000572500   -0.0001248100    0.0000148100
  -0.0000519200    0.0000926000   -0.0000320500
  -0.0000458900   -0.0000145400   -0.0000021600
   0.0052524200    0.0073815100    0.0008401500
   0.0000501500   -0.0000703000    0.0000063200
   0.0008219800   -0.0005705200   -0.0000930400
   0.0077589300    0.0090815300   -0.0000414600
   0.0090827800   -0.0092558600    0.0000445900
   0.0001807600    0.0000104900   -0.0000013900
  -0.0000503700   -0.0000591000    0.0000072700
   0.0020185900    0.0001139700    0.0000004900
  -0.0000660000    0.0000541500   -0.0000094700
   0.0015970300   -0.0000208700   -0.0000028000
   0.0000032600    0.0000239800    0.0000212300
   0.0000022100   -0.0000264100   -0.0000207000
   0.0004318500    0.0005635500   -0.0000229800
   0.0053183100    0.0112732700   -0.0006708300
  -0.0000284400   -0.0000540500   -0.0000102100
  -0.0000610300    0.0000561500   -0.0000002800
  -0.0000009100   -0.0000231400    0.0000261200
   0.0000663200    0.0000450400   -0.0000147000
   0.0043451200   -0.0070417800   -0.0009667900
   0.0006303700    0.0008018900    0.0000437400
  -0.0000052400    0.0000551000   -0.0000049300
   0.0120672900    0.0003028900    0.0003930500
  -0.0001249300   -0.0001373900   -0.0001004900
  -0.0000775300    0.0001481800    0.0001016900
  -0.0000064000    0.0000308900   -0.0000295100
  -0.0000060200   -0.0000366900    0.0000213400
  -0.0000312300   -0.0000021400   -0.0000038800
   0.0002388700   -0.0005666800   -0.0002758200
  -0.0000444400   -0.0000017400    0.0000018000
   0.0002710400    0.0005037100    0.0002148900
   0.0396960700    0.0133029700    0.0267852400
   0.0007435800    0.0008342000   -0.0000783800
   0.0000390500    0.0000139100   -0.0000405900
  -0.0001086700   -0.0000042900   -0.0001126400
   0.0005776000   -0.0001620700    0.0000274000
  -0.0000174000    0.0000014200    0.0000135500
   0.0001173600    0.0000786400   -0.0000428000
  -0.0000001800    0.0000137000    0.0000171500
   0.0000028300    0.0000367800   -0.0000808200
   0.0007505600   -0.0026499600    0.0006719400
   0.0008331400    0.0028462600   -0.0009405900
  -0.0000108100    0.0000012400   -0.0000035700
  -0.0000100800    0.0000031300   -0.0000062500
  -0.0000609100    0.0000105400   -0.0000084200
  -0.0000201100    0.0000019400    0.0000032400
  -0.0041374700   -0.0001566100   -0.0000700700
  -0.0000929200    0.0000187400   -0.0000395500
  -0.0000840100   -0.0000244400    0.0000608900
   0.0430358100   -0.0164553900    0.0290807100
   0.0000388800    0.0000079000   -0.0000684700
   0.0005319500   -0.0007409100   -0.0001142900
   0.0007303700    0.0002891600   -0.0001149900
  -0.0001147900   -0.0001035400   -0.0000983400
  -0.0000396200    0.0000163100    0.0000126200
   0.0000509000   -0.0000585500   -0.0000683400
   0.0000000500   -0.0000279600    0.0000148000
   0.0001264300    0.0000215000   -0.0000183100
   0.0414593600   -0.0144826200   -0.0280910500
   0.0000418800   -0.0000066200    0.0000644100
   0.0007003400   -0.0007764200    0.0000689400
   0.0006866300    0.0002404700    0.0000363600
  -0.0001336800   -0.0000508200    0.0001402000
  -0.0000301700    0.0000041600   -0.0000113400
   0.0000162900   -0.0000508100    0.0000839800
   0.0000002900   -0.0000195200   -0.0000121300
   0.0001290000   -0.0000310700    0.0000557300
   0.0008513100   -0.0028269300   -0.0005636200
   0.0009193800    0.0030101400    0.0008918200
  -0.0000333900    0.0000013600    0.0000026500
  -0.0000100400    0.0000049100    0.0000068400
  -0.0000618700    0.0000036800    0.0000076000
  -0.0000200600    0.0000004700   -0.0000012700
  -0.0042611000   -0.0001454100    0.0000958700
  -0.0000800600    0.0000070400    0.0000246200
  -0.0000805500   -0.0000175500   -0.0000333100
   0.0161701500    0.0001295900   -0.0001400700
  -0.0000764300   -0.0001922400    0.0000957300
  -0.0000444400    0.0002076400   -0.0001109600
  -0.0000202200   -0.0000147200    0.0000120400
  -0.0000173600    0.0000094300    0.0000021100
  -0.0000285600   -0.0000038800    0.0000062400
   0.0001011900   -0.0006825400   -0.0001419600
  -0.0000324300   -0.0000012600   -0.0000007400
   0.0001492300    0.0006243700    0.0002891500
   0.0412942100    0.0152674500   -0.0276125500
   0.0005685200    0.0008203500    0.0001349000
   0.0000371900   -0.0000003500    0.0000464600
  -0.0000844400    0.0000512500    0.0000697700
   0.0006082500   -0.0002559000    0.0000242000
  -0.0000250700   -0.0000094600   -0.0000147200
   0.0001082700    0.0000356000    0.0000106300
  -0.0000019600    0.0000181500   -0.0000196400
   0.0000344600    0.0000419500    0.0000668000

1    
 -0.0100000000000000   0.0000000000000000   0.0000000000000000
   0.2384197300    0.0007380700    0.0002156200
  -0.0011488000   -0.0002160500    0.0000462900
  -0.0011879000    0.0002343300   -0.0000506800
   0.0001602500    0.0006269500   -0.0001087600
   0.0001941100   -0.0006577300    0.0001159900
  -0.0000626200   -0.0000004300    0.0000002800
   0.0001651400    0.0009155500    0.0000355300
  -0.0000626000   -0.0000049700    0.0000005800
   0.0001880800   -0.0010038200   -0.0000275400
  -0.0047013200    0.0112075900   -0.0006750900
  -0.0008812900    0.0005964200   -0.0000234000
  -0.0000833100   -0.0000129200   -0.0000091100
  -0.0000589000    0.0001255600   -0.0000150300
   0.0000507700   -0.0000912100    0.0000321800
   0.0000475200    0.0000135000    0.0000021700
  -0.0050707200   -0.0074777100   -0.0008440400
  -0.0000505200    0.0000698200   -0.0000060500
  -0.0008295000    0.0005847500    0.0000918200
  -0.0083674700   -0.0093570700    0.0000414600
  -0.0084483000    0.0090031700   -0.0000448100
  -0.0001804400   -0.0000104400    0.0000016800
   0.0000485900    0.0000623500   -0.0000070700
  -0.0020188400   -0.0001134400   -0.0000005900
   0.0000680000   -0.0000503500    0.0000096300
  -0.0015942200    0.0000591000    0.0000005100
  -0.0000033300   -0.0000254900   -0.0000209100
  -0.0000026700    0.0000252000    0.0000210200
  -0.0004218700   -0.0005819600    0.0000228100
  -0.0053258000   -0.0111782000    0.0006558200
   0.0000270800    0.0000548700    0.0000104000
   0.0000598500   -0.0000570000    0.0000003000
   0.0000019600    0.0000240400   -0.0000259900
  -0.0000644300   -0.0000442100    0.0000145100
  -0.0045177700    0.0069624300    0.0009624400
  -0.0006315800   -0.0007845700   -0.0000454400
   0.0000048700   -0.0000558300    0.0000051700
  -0.0120686000   -0.0000116100   -0.0001721200
   0.0001274400    0.0001333800    0.0001025400
   0.0000759100   -0.0001523900   -0.0001001800
   0.0000069600   -0.0000316700    0.0000302200
   0.0000053900    0.0000363600   -0.0000207900
   0.0000311300    0.0000021300    0.0000039600
  -0.0002393700    0.0005738000    0.0002742600
   0.0000445200    0.0000013900   -0.0000014200
  -0.0002700800   -0.0004954100   -0.0002153900
  -0.0406121300   -0.0138019700   -0.0277579800
  -0.0007270600   -0.0008330400    0.0000677700
  -0.0000399000   -0.0000152900    0.0000420200
   0.0001085300    0.0000056400    0.0001133700
  -0.0005778800    0.0001628800   -0.0000006000
   0.0000172000   -0.0000014400   -0.0000131900
  -0.0001161400   -0.0000802800    0.0000442700
   0.0000000600   -0.0000137600   -0.0000168900
  -0.0000031400   -0.0000369800    0.0000815900
  -0.0007379500    0.0026771900   -0.0006893500
  -0.0008438900   -0.0028183900    0.0009268700
   0.0000107200   -0.0000018500    0.0000043800
   0.0000099300   -0.0000034600    0.0000066800
   0.0000606200   -0.0000067000    0.0000052200
   0.0000200500   -0.0000021200   -0.0000028200
   0.0041353900    0.0001791600    0.0000643800
   0.0000936700   -0.0000204500    0.0000377600
   0.0000831100    0.0000227600   -0.0000629700
  -0.0421055700    0.0159211900   -0.0280222100
  -0.0000375300   -0.0000091800    0.0000673500
  -0.0005430300    0.0007444200    0.0001257600
  -0.0007266500   -0.0002905400    0.0000911300
   0.0001154400    0.0001062700    0.0000980200
   0.0000396100   -0.0000162400   -0.0000125300
  -0.0000504000    0.0000583400    0.0000683400
  -0.0000000300    0.0000278900   -0.0000146600
  -0.0001286700   -0.0000226000    0.0000180500
  -0.0405473200    0.0139685600    0.0270818500
  -0.0000409700    0.0000053700   -0.0000627000
  -0.0007132600    0.0007792400   -0.0000798600
  -0.0006844500   -0.0002396600   -0.0000106000
   0.0001337100    0.0000530000   -0.0001394800
   0.0000301600   -0.0000041500    0.0000115700
  -0.0000160700    0.0000503600   -0.0000831900
  -0.0000002800    0.0000194200    0.0000123300
  -0.0001313100    0.0000295000   -0.0000543600
  -0.0008404100    0.0028525700    0.0005867200
  -0.0009271200   -0.0029830800   -0.0008712600
   0.0000333200   -0.0000023100   -0.0000029500
   0.0000100500   -0.0000051900   -0.0000068400
   0.0000615200   -0.0000004300   -0.0000038200
   0.0000198300   -0.0000006000    0.0000012000
   0.0042589300    0.0001702000   -0.0000874900
   0.0000807900   -0.0000086800   -0.0000223500
   0.0000798600    0.0000160800    0.0000356600
  -0.0161666900    0.0001912000   -0.0000415800
   0.0000791000    0.0001884900   -0.0000968500
   0.0000429200   -0.0002116700    0.0001102700
   0.0000201300    0.0000141200   -0.0000114100
   0.0000174400   -0.0000096300   -0.0000011500
   0.0000284700    0.0000036400   -0.0000060100
  -0.0001016600    0.0006831200    0.0001468000
   0.0000324600    0.0000009600    0.0000007900
  -0.0001477900   -0.0006231500   -0.0002850500
  -0.0422569500   -0.0158036400    0.0286602000
  -0.0005535600   -0.0008182300   -0.0001237700
  -0.0000384800   -0.0000009800   -0.0000472700
   0.0000838000   -0.0000493700   -0.0000701400
  -0.0006101000    0.0002545200   -0.0000483800
   0.0000248500    0.0000095400    0.0000146600
  -0.0001071600   -0.0000367900   -0.0000111100
   0.0000018600   -0.0000182400    0.0000196800
  -0.0000351000   -0.0000418200   -0.0000666700

1    
 -0.0050000000000000   0.0086602540378444   0.0000000000000000
   0.1185945900   -0.2076838500    0.0018752100
  -0.0007733700   -0.0006892800   -0.0000118500
  -0.0004006600   -0.0004672300   -0.0000619600
  -0.0007330100    0.0010774500   -0.0000866800
   0.0009624700    0.0004861400    0.0000216600
  -0.0000271900    0.0000620300   -0.0000036400
  -0.0004501600    0.0011922000    0.0000708800
  -0.0000312500    0.0000596900    0.0000058900
   0.0006644000    0.0003057400    0.0000393000
   0.0054772100    0.0110221300    0.0001303700
  -0.0010937100    0.0016644700    0.0000030400
  -0.0000990400   -0.0000649500    0.0000065500
  -0.0001671700    0.0002556000   -0.0000095700
   0.0000381200    0.0000135100    0.0000063800
   0.0000865400    0.0000477800   -0.0000047300
  -0.0139478600    0.0035545600   -0.0006612800
  -0.0000093100   -0.0000067200    0.0000060100
  -0.0010265400    0.0017044600   -0.0000343300
  -0.0128749800   -0.0019051500   -0.0000491600
   0.0043858900    0.0078418200   -0.0001161600
  -0.0001051300   -0.0000113800    0.0000125900
   0.0000544100   -0.0000154200   -0.0000241800
  -0.0009799100    0.0000145400    0.0000552000
  -0.0000029800   -0.0000965000   -0.0000158300
  -0.0008991900    0.0000770000    0.0000946000
  -0.0000255900    0.0000048900    0.0000051700
   0.0000306400    0.0000287900    0.0000261200
   0.0004780800    0.0008910000    0.0000243700
  -0.0096971900   -0.0001751900    0.0011376700
   0.0000549000   -0.0000468000    0.0000211600
  -0.0000230100   -0.0000750600   -0.0000053500
   0.0000333300    0.0000284500   -0.0000225000
   0.0000422200    0.0000968900    0.0000082600
   0.0091820700    0.0113451000    0.0000890100
   0.0005122300    0.0009121500   -0.0001132300
  -0.0000100600   -0.0000089200    0.0000096900
  -0.0062731500    0.0389033900    0.0283159900
   0.0000186200    0.0000785300   -0.0000004100
   0.0000811800   -0.0000660200   -0.0000766200
  -0.0000021700    0.0000100400   -0.0000275300
   0.0000099300    0.0000315300   -0.0000533300
   0.0000172400   -0.0000393700    0.0000159100
   0.0005680100    0.0009376700    0.0003954000
   0.0000209100    0.0000104400   -0.0000008500
  -0.0007815800    0.0003332500    0.0002118300
  -0.0078418100    0.0139483700    0.0002600900
  -0.0005648200   -0.0003084100   -0.0000326100
  -0.0000136500   -0.0000129800   -0.0000332600
   0.0001987300    0.0000491500    0.0000921800
   0.0004918000    0.0003366600   -0.0001897500
   0.0000060400   -0.0000153500    0.0000027400
  -0.0001292600   -0.0001694100   -0.0000786900
   0.0000137700   -0.0000210400    0.0000014900
   0.0000372500   -0.0000034500    0.0000401500
  -0.0028317700   -0.0006465700   -0.0007914600
   0.0019956900   -0.0034706800   -0.0000453300
   0.0000073500   -0.0000132500    0.0000089300
   0.0000071300   -0.0000187700    0.0000028700
   0.0000252800   -0.0000869600   -0.0000316800
   0.0000145200   -0.0000237400   -0.0000028800
   0.0021029000    0.0020405000    0.0006614700
   0.0000536500   -0.0000632100    0.0000392800
   0.0000370200   -0.0000373500   -0.0000014500
  -0.0342199300    0.0296001200   -0.0283645300
  -0.0000392400    0.0000088200    0.0000743500
  -0.0000697000    0.0006349400    0.0000682000
  -0.0013495700    0.0002517700   -0.0001875700
  -0.0000834400    0.0000824500    0.0000277300
   0.0000273600   -0.0000378600   -0.0000143700
  -0.0000300900    0.0000250500    0.0000338400
  -0.0000199500   -0.0000121500   -0.0000173000
   0.0000234700   -0.0001653900    0.0001090800
  -0.0326514500    0.0282619700    0.0273338500
  -0.0000364500   -0.0000016800   -0.0000725300
  -0.0001615500    0.0005881100   -0.0000694800
  -0.0011534800    0.0001335800   -0.0000843700
  -0.0000508900    0.0000781700   -0.0000557900
   0.0000194000   -0.0000237300    0.0000195700
  -0.0000442500    0.0000380100   -0.0000557400
  -0.0000192500   -0.0000112600    0.0000113900
   0.0000015300   -0.0001182800   -0.0001437200
  -0.0031028000   -0.0008019000    0.0008083900
   0.0021370100   -0.0038150600    0.0001199600
   0.0000195000   -0.0000144300   -0.0000170000
   0.0000212300   -0.0000154200   -0.0000042600
   0.0000275500   -0.0000958200    0.0000253900
  -0.0000012200   -0.0000172200    0.0000018400
   0.0021820000    0.0020089300   -0.0010423600
   0.0000608100   -0.0000687000    0.0000037300
   0.0000172900   -0.0000484700    0.0000215300
  -0.0084721200    0.0454031500   -0.0295974600
  -0.0000644600    0.0001342900    0.0000727000
   0.0001097800   -0.0000652200    0.0001628900
   0.0000007400    0.0000502300    0.0000765400
   0.0000246300    0.0000239400    0.0000835000
   0.0000148700   -0.0000423200   -0.0000165500
   0.0003800500    0.0010861900    0.0002542700
   0.0000153700    0.0000105000   -0.0000189600
  -0.0003910300    0.0003630300    0.0000900200
  -0.0078625800    0.0133788800   -0.0004654000
  -0.0004978100   -0.0002188300   -0.0000178500
  -0.0000077500    0.0000089000    0.0000267200
   0.0002084100   -0.0000079600   -0.0000756500
   0.0006823400    0.0005206900   -0.0002487300
   0.0000075100   -0.0000172600    0.0000032100
  -0.0001445300   -0.0001642900    0.0000745300
   0.0000141500   -0.0000281200   -0.0000037000
  -0.0000101100   -0.0000232200   -0.0000410700

1    
  0.0050000000000000  -0.0086602540378444   0.0000000000000000
  -0.1200779200    0.2070841400   -0.0017827200
   0.0007922400    0.0006844800    0.0000122200
   0.0003861300    0.0004569000    0.0000614100
   0.0007059000   -0.0010469800    0.0000838000
  -0.0009560200   -0.0004682500   -0.0000230600
   0.0000274400   -0.0000618800    0.0000035900
   0.0004642100   -0.0012350900   -0.0000762600
   0.0000315000   -0.0000595000   -0.0000058200
  -0.0006810500   -0.0003177700   -0.0000407200
  -0.0055372400   -0.0103657300   -0.0001555900
   0.0010556600   -0.0016856700   -0.0000039900
   0.0000966200    0.0000647800   -0.0000064400
   0.0001673600   -0.0002553300    0.0000093700
  -0.0000367600   -0.0000128900   -0.0000064000
  -0.0000881700   -0.0000500000    0.0000045300
   0.0145337100   -0.0039907500    0.0006660600
   0.0000100600    0.0000076300   -0.0000059900
   0.0010224000   -0.0017031400    0.0000327300
   0.0127714400    0.0018200900    0.0000452400
  -0.0042223600   -0.0079428200    0.0001226900
   0.0001039500    0.0000117700   -0.0000124400
  -0.0000544100    0.0000146700    0.0000238700
   0.0009657700   -0.0000227700   -0.0000558900
   0.0000050200    0.0000961200    0.0000156400
   0.0009160800   -0.0000554300   -0.0000941700
   0.0000258800   -0.0000051800   -0.0000053600
  -0.0000321200   -0.0000283700   -0.0000264300
  -0.0004482600   -0.0008843100   -0.0000256000
   0.0096828400    0.0003511900   -0.0011435700
  -0.0000546100    0.0000486900   -0.0000213500
   0.0000222000    0.0000759500    0.0000051200
  -0.0000336600   -0.0000277400    0.0000222700
  -0.0000429300   -0.0000983400   -0.0000087400
  -0.0092974500   -0.0113903200   -0.0000956700
  -0.0005259400   -0.0009215500    0.0001127400
   0.0000091900    0.0000076100   -0.0000095500
   0.0062642900   -0.0380897400   -0.0274010800
  -0.0000162000   -0.0000793200    0.0000004800
  -0.0000823300    0.0000641200    0.0000771900
   0.0000030000   -0.0000086500    0.0000275900
  -0.0000099800   -0.0000309200    0.0000534200
  -0.0000174100    0.0000395600   -0.0000161100
  -0.0005648600   -0.0009461100   -0.0003883900
  -0.0000207300   -0.0000101600    0.0000008200
   0.0007828100   -0.0003285500   -0.0002340300
   0.0075692000   -0.0140997200   -0.0004582400
   0.0005624400    0.0003094600    0.0000386400
   0.0000135300    0.0000132300    0.0000334600
  -0.0001970200   -0.0000458800   -0.0000915900
  -0.0004941700   -0.0003371400    0.0001922700
  -0.0000059900    0.0000155100   -0.0000027100
   0.0001323200    0.0001696200    0.0000787300
  -0.0000136300    0.0000212700   -0.0000015800
  -0.0000374800    0.0000031200   -0.0000400600
   0.0028172300    0.0006197200    0.0007760800
  -0.0020209800    0.0034602900    0.0000422000
  -0.0000073100    0.0000136100   -0.0000085900
  -0.0000067300    0.0000190700   -0.0000020000
  -0.0000248000    0.0000884100    0.0000302300
  -0.0000143500    0.0000237800    0.0000032400
  -0.0021343000   -0.0020371900   -0.0006783000
  -0.0000524600    0.0000628800   -0.0000409400
  -0.0000403200    0.0000350800   -0.0000017300
   0.0351431600   -0.0301435600    0.0293864900
   0.0000396700   -0.0000091000   -0.0000748200
   0.0000713200   -0.0006350300   -0.0000939700
   0.0013404400   -0.0002443300    0.0001952700
   0.0000845500   -0.0000795800   -0.0000286800
  -0.0000275400    0.0000378000    0.0000142700
   0.0000319500   -0.0000247300   -0.0000338900
   0.0000199900    0.0000123800    0.0000172800
  -0.0000259300    0.0001660700   -0.0001092100
   0.0335550800   -0.0287883200   -0.0283549900
   0.0000367600    0.0000017200    0.0000730900
   0.0001605000   -0.0005876300    0.0000974600
   0.0011439900   -0.0001212600    0.0000780200
   0.0000518700   -0.0000750700    0.0000573100
  -0.0000194100    0.0000236800   -0.0000192900
   0.0000457100   -0.0000379900    0.0000574900
   0.0000194500    0.0000112800   -0.0000112200
  -0.0000032900    0.0001177300    0.0001439900
   0.0030893400    0.0007687000   -0.0007892000
  -0.0021610800    0.0037974600   -0.0001133900
  -0.0000193300    0.0000145500    0.0000169200
  -0.0000206500    0.0000156800    0.0000036700
  -0.0000270600    0.0000969200   -0.0000237600
   0.0000013000    0.0000172900   -0.0000019500
  -0.0022193400   -0.0020137300    0.0010677200
  -0.0000594900    0.0000685300   -0.0000020700
  -0.0000201000    0.0000468600   -0.0000187400
   0.0084519000   -0.0443060000    0.0285706300
   0.0000672600   -0.0001347500   -0.0000714500
  -0.0001111500    0.0000637400   -0.0001626100
   0.0000001800   -0.0000486900   -0.0000749800
  -0.0000246500   -0.0000234600   -0.0000827200
  -0.0000151400    0.0000422900    0.0000167700
  -0.0003731000   -0.0011008500   -0.0002613800
  -0.0000152800   -0.0000103500    0.0000191400
   0.0003934900   -0.0003622700   -0.0000556400
   0.0075565800   -0.0135254500    0.0006895400
   0.0004951700    0.0002204700    0.0000122600
   0.0000072200   -0.0000086000   -0.0000265600
  -0.0002065600    0.0000109700    0.0000759200
  -0.0006860900   -0.0005271600    0.0002454400
  -0.0000074300    0.0000173600   -0.0000031200
   0.0001487200    0.0001651100   -0.0000747400
  -0.0000139700    0.0000282900    0.0000039000
   0.0000104900    0.0000234900    0.0000413100

1    
  0.0000000000000000   0.0000000000000000   0.0100000000000000
  -0.0002796900    0.0019297500   -0.2653821600
   0.0000475600   -0.0000466000    0.0004314700
  -0.0000420200   -0.0000452700    0.0004315400
  -0.0000318600    0.0000613700    0.0006133300
   0.0000211700    0.0000599200    0.0004832200
  -0.0000006000    0.0000065100   -0.0000662100
   0.0001088500   -0.0000315400    0.0006123300
  -0.0000001200   -0.0000042300   -0.0000662000
  -0.0001174200   -0.0000365000    0.0004819600
   0.0007306100    0.0003520700   -0.0055870500
  -0.0001253300   -0.0000330400   -0.0000507800
  -0.0000262800   -0.0000214300   -0.0000090800
   0.0000050500    0.0000140600   -0.0000707300
   0.0000153900    0.0000019800   -0.0000087600
   0.0000125800   -0.0000005600   -0.0000249400
   0.0001675400    0.0007880700   -0.0045901500
  -0.0000066500    0.0000009700   -0.0000249500
   0.0000259100    0.0000124300   -0.0000510100
   0.0001897000    0.0000241500   -0.0066524100
  -0.0001761200   -0.0000942200   -0.0066607800
   0.0000012600   -0.0000049900   -0.0000432000
   0.0000118700   -0.0000071700   -0.0000010900
   0.0000037300   -0.0000075600    0.0003402100
  -0.0000074300   -0.0000103600   -0.0000105300
  -0.0000131400    0.0000445400    0.0002466000
  -0.0000005700   -0.0000134700    0.0000335000
   0.0000014900   -0.0000175400    0.0000468100
   0.0001381300   -0.0000145700    0.0001228300
  -0.0008592000    0.0003644700   -0.0064390800
   0.0000299400   -0.0000193000    0.0000056900
  -0.0000097900   -0.0000014800    0.0000008200
  -0.0000165900    0.0000081200    0.0000265500
  -0.0000050800    0.0000156900   -0.0000226200
  -0.0002840800    0.0007396700   -0.0057664100
   0.0000105600    0.0000052200    0.0002194400
   0.0000073000    0.0000055000    0.0000240600
  -0.0003112900    0.0334612200    0.0452004100
   0.0001319600    0.0000068500   -0.0000409300
  -0.0001374600   -0.0000037900   -0.0000569000
  -0.0000231100    0.0000023700   -0.0000303200
   0.0000119500    0.0000023300   -0.0000109200
  -0.0000003700    0.0000281200    0.0000004000
   0.0000987600   -0.0006814900    0.0004926100
  -0.0000005500    0.0000199500    0.0000018400
   0.0001244000   -0.0005939400    0.0004967400
   0.0283306100    0.0163859400    0.0453723400
  -0.0003487500    0.0000008000    0.0009129100
   0.0000002300   -0.0000144400    0.0000052800
   0.0000091100   -0.0001205800   -0.0000464200
  -0.0001415900   -0.0002132500    0.0008241200
   0.0000205800    0.0000171000    0.0000013700
  -0.0001163100    0.0000868200   -0.0000680700
   0.0000153500    0.0000124400    0.0000017900
   0.0000032500    0.0000116700    0.0000099300
   0.0014894200   -0.0012592000    0.0023890700
  -0.0014608100   -0.0009377900    0.0026897900
  -0.0000009300    0.0000244600    0.0000096800
  -0.0000225300   -0.0000114200    0.0000157900
   0.0000000700    0.0000195100    0.0000574800
   0.0000283000   -0.0000150000    0.0000129400
  -0.0002512600    0.0019879800    0.0021750700
   0.0000321500   -0.0000052500    0.0000798500
  -0.0000058900    0.0000088600    0.0001140700
   0.0311173100   -0.0182461300    0.0458649600
   0.0000031900    0.0000172300    0.0000016600
  -0.0003589900    0.0002270300    0.0008064100
  -0.0004139600    0.0004761000    0.0006404800
   0.0000417300    0.0001549600   -0.0000127000
   0.0000220500   -0.0000136000   -0.0000002700
  -0.0000068000   -0.0000336100   -0.0000122000
   0.0000217500   -0.0000075100    0.0000051800
  -0.0001059100   -0.0000931700   -0.0000443300
  -0.0284091500    0.0170385500    0.0450285300
   0.0000021400   -0.0000127600    0.0000132900
   0.0002905300   -0.0001830600    0.0008887400
   0.0002417400   -0.0003377100    0.0008581400
  -0.0000353200   -0.0001295000   -0.0000206800
  -0.0000200900    0.0000134100    0.0000041300
   0.0000089600    0.0000187400   -0.0000044400
  -0.0000174100    0.0000140500    0.0000019900
   0.0001258200    0.0001115800   -0.0000632700
  -0.0016015200    0.0010213100    0.0023849400
   0.0016104400    0.0007214000    0.0027048000
   0.0000007100   -0.0000201900    0.0000048900
   0.0000216200    0.0000121700    0.0000130900
  -0.0000020800   -0.0000427900    0.0000623500
  -0.0000250100    0.0000137600    0.0000085700
   0.0002811800   -0.0020309400    0.0021918900
  -0.0000384700    0.0000158500    0.0000584500
   0.0000184000    0.0000019100    0.0000928700
   0.0004704800   -0.0345962600    0.0460417400
  -0.0001199700    0.0000409900    0.0000052800
   0.0001163500    0.0000501800   -0.0000197600
   0.0000187500    0.0000112900   -0.0000050300
  -0.0000089400    0.0000055500    0.0000180200
  -0.0000011700   -0.0000257800    0.0000032700
  -0.0001130500    0.0004457100    0.0008182000
   0.0000003900   -0.0000185100    0.0000130100
  -0.0000979500    0.0003463900    0.0007970900
  -0.0307717400   -0.0176875500    0.0462642800
   0.0003966600    0.0000541600    0.0008302000
  -0.0000058400    0.0000166900   -0.0000045600
  -0.0000176100    0.0001387000   -0.0000447000
   0.0003071400    0.0003853600    0.0006473500
  -0.0000233500   -0.0000149200   -0.0000013600
   0.0000969100   -0.0000712700   -0.0000487300
  -0.0000204100   -0.0000072000    0.0000042500
  -0.0000014600   -0.0000255200    0.0000017900

1    
  0.0000000000000000   0.0000000000000000  -0.0100000000000000
   0.0003164800   -0.0019467600    0.2651655600
  -0.0000542000    0.0000370900   -0.0004306300
   0.0000502400    0.0000357900   -0.0004305900
   0.0000415900   -0.0000661400   -0.0006133500
  -0.0000313900   -0.0000628400   -0.0004829700
   0.0000004100   -0.0000064100    0.0000666600
  -0.0001077600    0.0000402500   -0.0006143700
   0.0000003800    0.0000044000    0.0000666700
   0.0001155600    0.0000464100   -0.0004842200
  -0.0008949500   -0.0002562200    0.0055640700
   0.0001266100    0.0000348900    0.0000496100
   0.0000252100    0.0000229300    0.0000090800
  -0.0000058000   -0.0000142100    0.0000711400
  -0.0000160500   -0.0000012800    0.0000094200
  -0.0000117600   -0.0000008700    0.0000255900
  -0.0001894800   -0.0009509300    0.0045928900
   0.0000069700   -0.0000019600    0.0000255900
  -0.0000280700   -0.0000107600    0.0000494900
  -0.0003623900    0.0000720600    0.0066533400
   0.0003615700    0.0001967500    0.0066622000
  -0.0000015200    0.0000057100    0.0000436800
  -0.0000138300    0.0000060600    0.0000018400
  -0.0000044500    0.0000065200   -0.0003391900
   0.0000088600    0.0000099700    0.0000113200
   0.0000121600   -0.0000519100   -0.0002478700
   0.0000012200    0.0000150900   -0.0000330100
  -0.0000015900    0.0000187100   -0.0000463400
  -0.0001410500    0.0000165500   -0.0001238900
   0.0010250800   -0.0002782300    0.0064182300
  -0.0000293700    0.0000205300   -0.0000056900
   0.0000080200    0.0000004100   -0.0000002100
   0.0000183100   -0.0000085200   -0.0000258900
   0.0000059300   -0.0000162500    0.0000229300
   0.0003154300   -0.0008837200    0.0057658800
  -0.0000096600   -0.0000020400   -0.0002218400
  -0.0000061600   -0.0000059600   -0.0000234800
   0.0002993000   -0.0323713100   -0.0441332400
  -0.0001340500   -0.0000031600    0.0000422600
   0.0001390100    0.0000076400    0.0000584200
   0.0000232300   -0.0000040500    0.0000306500
  -0.0000121300   -0.0000040800    0.0000114000
   0.0000004200   -0.0000278900   -0.0000000500
  -0.0001033800    0.0006985900   -0.0004776100
   0.0000003600   -0.0000196100   -0.0000013600
  -0.0001192600    0.0006117700   -0.0004827500
  -0.0292901100   -0.0169346900   -0.0463101400
   0.0003321700   -0.0000041800   -0.0009236500
   0.0000013100    0.0000154600   -0.0000046100
  -0.0000104200    0.0001170600    0.0000468600
   0.0001334800    0.0002008500   -0.0008341100
  -0.0000208000   -0.0000171400   -0.0000007500
   0.0001131000   -0.0000861500    0.0000683300
  -0.0000157300   -0.0000125300   -0.0000010200
  -0.0000018200   -0.0000110000   -0.0000094800
  -0.0015048000    0.0012620900   -0.0023852000
   0.0014729700    0.0009431100   -0.0026892900
   0.0000009000   -0.0000247000   -0.0000092300
   0.0000227100    0.0000116200   -0.0000152800
   0.0000000400   -0.0000171200   -0.0000578400
  -0.0000285800    0.0000151900   -0.0000124900
   0.0002483100   -0.0020073500   -0.0021794100
  -0.0000302500    0.0000041800   -0.0000800500
   0.0000041300   -0.0000100000   -0.0001143000
  -0.0301444400    0.0177007600   -0.0449259000
  -0.0000049000   -0.0000160600   -0.0000013200
   0.0003702700   -0.0002292600   -0.0007985000
   0.0004304300   -0.0004907000   -0.0006233500
  -0.0000396800   -0.0001584700    0.0000141400
  -0.0000217900    0.0000133900    0.0000006900
   0.0000051400    0.0000351900    0.0000123600
  -0.0000215900    0.0000072900   -0.0000048500
   0.0001103400    0.0000934000    0.0000461300
   0.0293727500   -0.0176007900   -0.0459843200
  -0.0000041000    0.0000138900   -0.0000125000
  -0.0002758400    0.0001789600   -0.0008986700
  -0.0002332900    0.0003291900   -0.0008688300
   0.0000369600    0.0001256800    0.0000212700
   0.0000202900   -0.0000135000   -0.0000034100
  -0.0000105700   -0.0000178500    0.0000051900
   0.0000176100   -0.0000142000   -0.0000012500
  -0.0001224500   -0.0001116700    0.0000635000
   0.0015917800   -0.0010191500   -0.0023804100
  -0.0016032900   -0.0007166100   -0.0026975700
  -0.0000007500    0.0000198600   -0.0000041600
  -0.0000213700   -0.0000121300   -0.0000126100
   0.0000020900    0.0000448200   -0.0000608500
   0.0000247200   -0.0000137600   -0.0000080800
  -0.0002843200    0.0020186100   -0.0021896100
   0.0000402900   -0.0000169700   -0.0000568200
  -0.0000202000   -0.0000030000   -0.0000912900
  -0.0004813000    0.0356815800   -0.0469170100
   0.0001178000   -0.0000376600   -0.0000048900
  -0.0001147400   -0.0000466500    0.0000198600
  -0.0000189900   -0.0000133800    0.0000060200
   0.0000091800   -0.0000076700   -0.0000172000
   0.0000012000    0.0000260100   -0.0000026200
   0.0001122100   -0.0004341900   -0.0008285000
  -0.0000005400    0.0000188800   -0.0000124100
   0.0001006800   -0.0003352600   -0.0008053400
   0.0297754900    0.0171406200   -0.0453103300
  -0.0004105000   -0.0000559900   -0.0008212000
   0.0000071500   -0.0000156500    0.0000049900
   0.0000160000   -0.0001419400    0.0000461900
  -0.0003234800   -0.0004041900   -0.0006313500
   0.0000231200    0.0000147100    0.0000018300
  -0.0001009100    0.0000723100    0.0000504500
   0.0000200400    0.0000070000   -0.0000039600
   0.0000028400    0.0000268600   -0.0000012200

19   
  0.0100000000000000   0.0000000000000000   0.0000000000000000
   0.0083709500   -0.0102950400    0.0002743300
   0.0001802000   -0.0000168700    0.0000012600
   0.0084426400    0.0099028600   -0.0002706000
   0.0015950100   -0.0001249100   -0.0000109500
   0.0000032200    0.0000380600    0.0000016900
   0.0000021400   -0.0000274700   -0.0000007300
  -0.0000495700    0.0000337200    0.0000128600
  -0.0000669000   -0.0000438600   -0.0000081800
   0.0020174600    0.0000618300    0.0000025800
   0.0039857900    0.0116240300    0.0001109200
   0.0000182900   -0.0000343700   -0.0000149800
   0.0006411000    0.0008995900   -0.0000052500
  -0.0000636000   -0.0000514600    0.0000004800
   0.0000369900    0.0000939600   -0.0000039600
   0.0000130400    0.0000182100   -0.0000128700
   0.0003672200    0.0006756400    0.0000360500
  -0.0000738100    0.0000562800   -0.0000128600
   0.0053703400   -0.0072692000   -0.0002625600
  -0.2472196000    0.0008199500   -0.0000278500
   0.0009300800    0.0004069300   -0.0000430600
   0.0008911300   -0.0003632800    0.0000418200
  -0.0001411500   -0.0002225900    0.0000190500
  -0.0000746500    0.0002099500   -0.0000142300
   0.0000280200    0.0000005100    0.0000003700
  -0.0001339900   -0.0010464100   -0.0000266500
   0.0000280100    0.0000004800   -0.0000002700
  -0.0000804600    0.0009633800    0.0000332600
   0.0046690900   -0.0119014400   -0.0001042400
   0.0003044300   -0.0008133600    0.0000347200
  -0.0000276500    0.0000662300    0.0000145300
   0.0000395000   -0.0000539000    0.0000060800
  -0.0000352500    0.0000098800    0.0000019200
  -0.0000022200   -0.0000470500    0.0000203000
   0.0046899800    0.0065231700    0.0003244200
  -0.0000587500   -0.0000658100    0.0000119700
   0.0002772300   -0.0007922400   -0.0000186900
   0.0011335100    0.0028340600    0.0009744600
  -0.0000273500   -0.0000009200    0.0000021900
   0.0012222400   -0.0029592700   -0.0012598500
  -0.0000320300   -0.0000039500    0.0000073000
  -0.0000121900   -0.0000092800   -0.0000061200
  -0.0000227000    0.0000049200    0.0000061100
  -0.0000491000    0.0000185200    0.0000338900
  -0.0000390100   -0.0000025600   -0.0000230100
  -0.0038065100    0.0002665500   -0.0001409800
   0.0433307000   -0.0157891500   -0.0315360900
   0.0000975100   -0.0000432600    0.0000389500
   0.0006643200   -0.0009338700   -0.0000316700
   0.0004408200    0.0002014000   -0.0000579100
  -0.0000753100    0.0000485900    0.0001217100
  -0.0000070900    0.0000017800   -0.0000116100
   0.0000216200   -0.0000489900    0.0000812400
   0.0000029400   -0.0000152100   -0.0000125400
   0.0000708700   -0.0000280600    0.0000832900
   0.0152386600    0.0001235200    0.0000604200
   0.0000245300   -0.0001754800    0.0000643700
  -0.0000064300    0.0001506800   -0.0000515300
  -0.0000115700   -0.0000551800    0.0000330900
  -0.0000205600    0.0000516500   -0.0000414300
  -0.0000006100    0.0000048900   -0.0000028800
  -0.0000086600   -0.0006437900   -0.0001197900
  -0.0000219800    0.0000001400   -0.0000003500
  -0.0000671200    0.0007119900   -0.0000120100
   0.0004806400    0.0009958800    0.0000181600
   0.0001021500    0.0000259700    0.0000544900
   0.0443450600    0.0168025400   -0.0310219300
   0.0005510200   -0.0004002800    0.0000353400
  -0.0000188700   -0.0000024900   -0.0000117600
  -0.0000983100    0.0000120600    0.0001441500
   0.0000047000    0.0000179800   -0.0000062300
   0.0000364400    0.0000699200    0.0000714400
   0.0000558100   -0.0000293700    0.0000767800
   0.0006381000    0.0008632600    0.0000002700
   0.0001152200    0.0000399100   -0.0000554100
   0.0433338100    0.0160395500    0.0310056700
   0.0005346800   -0.0002390400    0.0000440800
  -0.0000126500   -0.0000033800    0.0000085500
  -0.0000978700   -0.0000107400   -0.0001634100
   0.0000052800    0.0000171500    0.0000073400
   0.0000406800    0.0000732400   -0.0000787900
   0.0000837500   -0.0000336800   -0.0001016100
   0.0148967400    0.0001008900   -0.0001247700
  -0.0000148000   -0.0001484700   -0.0000683600
  -0.0000569200    0.0001272400    0.0000577200
  -0.0000100300   -0.0000414500   -0.0000266300
  -0.0000124700    0.0000407300    0.0000358700
  -0.0000105900    0.0000042000    0.0000022300
  -0.0000343200   -0.0006557700    0.0000263800
  -0.0000177600    0.0000008500   -0.0000008800
  -0.0001117500    0.0006949500    0.0000871800
   0.0007711800    0.0029826400   -0.0008230000
  -0.0000172700    0.0000010700    0.0000000600
   0.0009355500   -0.0030995100    0.0010387700
  -0.0000546300   -0.0000074600   -0.0000021200
  -0.0000131400   -0.0000024900    0.0000101400
  -0.0000269700   -0.0000013500   -0.0000119800
  -0.0000843900    0.0000243800   -0.0000742900
  -0.0000825300   -0.0000151300    0.0000536000
  -0.0044670800    0.0002164700    0.0000543900
   0.0443937400   -0.0166077200    0.0316669300
   0.0000851500   -0.0000325300   -0.0000379000
   0.0004728500   -0.0010797000    0.0000229200
   0.0004575100    0.0003954600   -0.0000110800
  -0.0000686400    0.0000286800   -0.0001019400
  -0.0000134400   -0.0000008600    0.0000152300
   0.0000234700   -0.0000464400   -0.0000718200
   0.0000049700   -0.0000109800    0.0000099900
   0.0000421000   -0.0000513100   -0.0000637200

19   
 -0.0100000000000000   0.0000000000000000   0.0000000000000000
  -0.0077552500    0.0100147000   -0.0002777700
  -0.0001807800    0.0000161800   -0.0000014900
  -0.0090881200   -0.0101562700    0.0002669700
  -0.0015960200    0.0001290000    0.0000143400
  -0.0000019300   -0.0000371100   -0.0000014000
  -0.0000047400    0.0000282000    0.0000010400
   0.0000492100   -0.0000347400   -0.0000128600
   0.0000669200    0.0000427700    0.0000081000
  -0.0020204500   -0.0000225900   -0.0000056100
  -0.0039899600   -0.0115128800   -0.0001235700
  -0.0000200500    0.0000365500    0.0000149300
  -0.0006337600   -0.0009227000    0.0000029100
   0.0000629500    0.0000540700   -0.0000008900
  -0.0000367000   -0.0000928300    0.0000039300
  -0.0000158900   -0.0000184400    0.0000127800
  -0.0003657000   -0.0006636000   -0.0000347800
   0.0000737900   -0.0000560300    0.0000129100
  -0.0055538800    0.0071778900    0.0002582500
   0.2472439300    0.0011145400   -0.0000272300
  -0.0008919400   -0.0003981200    0.0000423000
  -0.0009308600    0.0003704400   -0.0000427400
   0.0001408000    0.0002421300   -0.0000194100
   0.0000726400   -0.0001932000    0.0000140400
  -0.0000284800   -0.0000007400   -0.0000002600
   0.0001479800    0.0010305300    0.0000271500
  -0.0000284600   -0.0000008000    0.0000002500
   0.0000667500   -0.0009785300   -0.0000328300
  -0.0046445200    0.0120003700    0.0000893200
  -0.0003125700    0.0007921200   -0.0000372400
   0.0000286600   -0.0000647800   -0.0000145800
  -0.0000405200    0.0000549900   -0.0000059700
   0.0000348600   -0.0000080500   -0.0000023800
   0.0000033200    0.0000468400   -0.0000203900
  -0.0045109000   -0.0066018100   -0.0003298700
   0.0000588200    0.0000658300   -0.0000119200
  -0.0002745500    0.0008063000    0.0000198500
  -0.0011538800   -0.0028105400   -0.0009423800
   0.0000268300    0.0000002600   -0.0000023500
  -0.0012059500    0.0029837100    0.0012893200
   0.0000318400    0.0000063100   -0.0000054700
   0.0000113400    0.0000093500    0.0000060700
   0.0000227300   -0.0000046300   -0.0000061200
   0.0000488300   -0.0000188000   -0.0000323300
   0.0000380700    0.0000019600    0.0000246100
   0.0038075000   -0.0002407200    0.0001560000
  -0.0423612000    0.0152212100    0.0304185900
  -0.0000968100    0.0000419800   -0.0000381300
  -0.0006816700    0.0009388700    0.0000231700
  -0.0004417300   -0.0002023000    0.0000841300
   0.0000746400   -0.0000475000   -0.0001203200
   0.0000067200   -0.0000015100    0.0000116100
  -0.0000215800    0.0000490400   -0.0000809300
  -0.0000034500    0.0000154700    0.0000126000
  -0.0000719700    0.0000265900   -0.0000823300
  -0.0152408200    0.0002006500   -0.0002607900
  -0.0000235300    0.0001735800   -0.0000647100
   0.0000034600   -0.0001523000    0.0000507200
   0.0000108400    0.0000555200   -0.0000331200
   0.0000202500   -0.0000514800    0.0000411400
   0.0000002000   -0.0000048300    0.0000029100
   0.0000051500    0.0006430300    0.0001247800
   0.0000214200   -0.0000001600    0.0000002000
   0.0000694200   -0.0007125100    0.0000184200
  -0.0004681500   -0.0009897400   -0.0000074800
  -0.0001038500   -0.0000269900   -0.0000554400
  -0.0453048700   -0.0173878300    0.0321863800
  -0.0005530500    0.0004005300   -0.0000615200
   0.0000184800    0.0000028600    0.0000117900
   0.0000984200   -0.0000088700   -0.0001449200
  -0.0000052100   -0.0000177400    0.0000062400
  -0.0000374300   -0.0000699900   -0.0000718300
  -0.0000537300    0.0000278600   -0.0000771400
  -0.0006250700   -0.0008565700   -0.0000095600
  -0.0001170000   -0.0000410700    0.0000565000
  -0.0442879800   -0.0166174200   -0.0321535100
  -0.0005366700    0.0002377200   -0.0000187300
   0.0000120900    0.0000036500   -0.0000086300
   0.0000979500    0.0000126000    0.0001647600
  -0.0000057200   -0.0000169000   -0.0000073800
  -0.0000418000   -0.0000734700    0.0000790900
  -0.0000827000    0.0000323100    0.0001025000
  -0.0148986100    0.0002147700    0.0003394800
   0.0000161000    0.0001456700    0.0000694200
   0.0000534100   -0.0001297100   -0.0000561800
   0.0000094200    0.0000416300    0.0000268000
   0.0000120400   -0.0000407200   -0.0000354600
   0.0000101600   -0.0000042300   -0.0000022900
   0.0000318900    0.0006546300   -0.0000318600
   0.0000171500   -0.0000009100    0.0000011200
   0.0001128300   -0.0006961300   -0.0000936600
  -0.0007908000   -0.0029510900    0.0008021700
   0.0000167900   -0.0000016600    0.0000006400
  -0.0009198300    0.0031328400   -0.0010567900
   0.0000544300    0.0000113000    0.0000001100
   0.0000126200    0.0000025300   -0.0000099700
   0.0000266600    0.0000015300    0.0000121000
   0.0000843000   -0.0000248200    0.0000725400
   0.0000815100    0.0000144000   -0.0000551400
   0.0044691700   -0.0001855600   -0.0000592400
  -0.0433995100    0.0160216500   -0.0305150500
  -0.0000846000    0.0000313700    0.0000372100
  -0.0004897800    0.0010834600   -0.0000128700
  -0.0004577900   -0.0003946200   -0.0000158400
   0.0000677000   -0.0000265700    0.0001010300
   0.0000129400    0.0000012400   -0.0000153000
  -0.0000235400    0.0000466100    0.0000714200
  -0.0000054400    0.0000112200   -0.0000100400
  -0.0000442100    0.0000497200    0.0000633100

19   
  0.0000000000000000   0.0000000000000000   0.0100000000000000
   0.0000547400   -0.0000412300   -0.0066525500
  -0.0000016300    0.0000139200   -0.0000436500
  -0.0000607500   -0.0000706000   -0.0066601300
  -0.0000019500    0.0001077900    0.0002470100
  -0.0000201500    0.0000176200    0.0000463900
   0.0000204700    0.0000180600    0.0000330600
   0.0000076200   -0.0000237200   -0.0000016500
  -0.0000106600   -0.0000237900   -0.0000111000
   0.0000009100    0.0000635600    0.0003386700
  -0.0000083800    0.0000681200   -0.0066525000
   0.0000051300   -0.0000261600    0.0000463900
   0.0000554600   -0.0000309000    0.0003386700
  -0.0000168000    0.0000185500   -0.0000016400
   0.0000111800   -0.0000082800   -0.0000436300
   0.0000258400    0.0000087900    0.0000330500
   0.0000923200   -0.0000555000    0.0002470100
  -0.0000259800    0.0000027500   -0.0000111100
  -0.0000915700   -0.0000172200   -0.0066600300
  -0.0000094000   -0.0000116800   -0.2674650800
   0.0000381000    0.0000098200    0.0007501000
  -0.0000391600    0.0000044000    0.0007500900
  -0.0000209700    0.0000371300    0.0006096900
   0.0000275300    0.0000281900    0.0007500400
  -0.0000002000   -0.0000000500   -0.0000694200
   0.0000216200   -0.0000366200    0.0006096300
   0.0000002100    0.0000001800   -0.0000694800
  -0.0000158100   -0.0000360600    0.0007500500
   0.0000097100    0.0000440000   -0.0082165100
  -0.0000324400   -0.0000186700    0.0004417500
  -0.0000066000   -0.0000252000    0.0000582400
  -0.0000086300   -0.0000049400   -0.0000018500
   0.0000152800    0.0000189900    0.0000340800
  -0.0000251700    0.0000069400    0.0000582300
   0.0000429000   -0.0000135400   -0.0082165600
   0.0000240300    0.0000038500    0.0000340800
  -0.0000858100   -0.0000495100    0.0004356600
   0.0019449600    0.0011230000    0.0023125000
   0.0000000000   -0.0000260300   -0.0000011900
  -0.0019343300    0.0008475700    0.0026323500
   0.0000050500   -0.0000623700    0.0000040300
  -0.0000225900    0.0000130800   -0.0000012000
   0.0000256300    0.0000148500   -0.0000038100
  -0.0000515600    0.0000356600    0.0000040300
   0.0000722600    0.0000417800   -0.0000206100
  -0.0002332000   -0.0020988900    0.0026323500
  -0.0302059800    0.0167877700    0.0462702200
  -0.0000186500   -0.0000230500   -0.0000267700
   0.0006850300    0.0000762900    0.0009242500
   0.0002558100   -0.0003853300    0.0009201900
  -0.0000533300   -0.0001821400   -0.0000882100
  -0.0000219000    0.0000144100   -0.0000064200
   0.0000062400    0.0000171000   -0.0000032200
  -0.0000255600    0.0000138000    0.0000033400
   0.0001147200    0.0001364200   -0.0000703600
  -0.0005644400   -0.0345529800    0.0462702200
  -0.0001844700    0.0000449700   -0.0000882100
   0.0001754600    0.0000312300   -0.0000703800
   0.0000178900   -0.0000030500   -0.0000032100
  -0.0000293400   -0.0000045400   -0.0000267700
   0.0000014700   -0.0000260700   -0.0000064100
  -0.0002058400    0.0004142900    0.0009202200
  -0.0000008800   -0.0000289600    0.0000033400
   0.0004085400    0.0005552000    0.0009242400
   0.0005179500    0.0001563000    0.0007767800
  -0.0000017900    0.0000137900   -0.0000179900
  -0.0317599400   -0.0183365900    0.0470938800
   0.0003943000    0.0003704900    0.0007767800
  -0.0000171200   -0.0000098100   -0.0000082400
  -0.0001064400    0.0001999000   -0.0000841200
  -0.0000176000   -0.0000101100    0.0000035100
   0.0000109900   -0.0000083500   -0.0000179900
   0.0001198500   -0.0001920400   -0.0000841200
  -0.0006216000   -0.0000991200    0.0008928500
   0.0000142200   -0.0000238200   -0.0000206000
   0.0306318500    0.0176854100    0.0460651700
  -0.0003966800   -0.0004886800    0.0008928500
   0.0000203700    0.0000118300   -0.0000035900
   0.0000825900   -0.0001823000   -0.0000616100
   0.0000261100    0.0000151300    0.0000033800
  -0.0000135800    0.0000243100   -0.0000206000
  -0.0001166300    0.0001627700   -0.0000616100
   0.0004832400    0.0359734600    0.0473374700
   0.0002093000   -0.0000270900   -0.0001054200
  -0.0002038400   -0.0000155700   -0.0000915000
  -0.0000064400    0.0000004500   -0.0000032000
   0.0000159600   -0.0000001000   -0.0000239100
  -0.0000006500    0.0000228400   -0.0000099700
   0.0001020700   -0.0004006400    0.0008010800
   0.0000023400    0.0000193000    0.0000032900
  -0.0003157000   -0.0005027800    0.0007982200
  -0.0021196700   -0.0012237300    0.0021063900
   0.0000007300    0.0000271100    0.0000034100
   0.0021477400   -0.0008854700    0.0024704900
  -0.0000055600    0.0000287800    0.0000653600
   0.0000237900   -0.0000128300    0.0000034100
  -0.0000283800   -0.0000163400   -0.0000002600
   0.0000220900   -0.0000191100    0.0000653500
  -0.0000469800   -0.0000270700    0.0000390100
   0.0003069800    0.0023028300    0.0024705000
   0.0313955200   -0.0175681500    0.0473374600
   0.0000078500    0.0000139700   -0.0000239100
  -0.0005933200   -0.0000219100    0.0007982000
  -0.0002959800    0.0002888100    0.0008010900
   0.0000811400    0.0001949000   -0.0001054200
   0.0000194200   -0.0000118900   -0.0000099800
  -0.0000029100   -0.0000057200   -0.0000031800
   0.0000178400   -0.0000075300    0.0000032800
  -0.0001154500   -0.0001686500   -0.0000915200

19   
  0.0000000000000000   0.0000000000000000  -0.0100000000000000
   0.0001375900    0.0001157600    0.0066528000
   0.0000013900   -0.0000131900    0.0000435100
  -0.0001501400    0.0001537900    0.0066625400
   0.0000013200   -0.0001082000   -0.0002474500
   0.0000215400   -0.0000189100   -0.0000467000
  -0.0000217100   -0.0000183700   -0.0000333700
  -0.0000067500    0.0000235500    0.0000014100
   0.0000084200    0.0000236500    0.0000108600
  -0.0000002100   -0.0000653300   -0.0003410400
   0.0001689600    0.0000613900    0.0066528600
  -0.0000056800    0.0000282400   -0.0000467000
  -0.0000567500    0.0000326000   -0.0003410500
   0.0000169500   -0.0000175000    0.0000014100
  -0.0000107900    0.0000079100    0.0000435500
  -0.0000268300   -0.0000095000   -0.0000333800
  -0.0000931200    0.0000553700   -0.0002474500
   0.0000246200   -0.0000044100    0.0000108500
   0.0000580800   -0.0002067700    0.0066624300
  -0.0000072300   -0.0000127300    0.2673793300
  -0.0000463800   -0.0000176800   -0.0007500500
   0.0000462400   -0.0000122300   -0.0007500000
   0.0000327900   -0.0000382900   -0.0006093600
  -0.0000385500   -0.0000312200   -0.0007499800
   0.0000002900    0.0000002600    0.0000693500
  -0.0000168500    0.0000477000   -0.0006093300
  -0.0000004600   -0.0000002000    0.0000693600
   0.0000124200    0.0000462700   -0.0007499500
  -0.0001780400    0.0000788500    0.0082199200
   0.0000350800    0.0000203600   -0.0004444900
   0.0000073000    0.0000269100   -0.0000585200
   0.0000077900    0.0000045500    0.0000018700
  -0.0000168300   -0.0000188500   -0.0000342700
   0.0000268600   -0.0000070300   -0.0000585300
  -0.0000207900   -0.0001935300    0.0082199300
  -0.0000248000   -0.0000050000   -0.0000342600
   0.0000881200    0.0000509500   -0.0004359800
  -0.0019271900   -0.0011125700   -0.0023098800
   0.0000000100    0.0000256400    0.0000011500
   0.0019206500   -0.0008359500   -0.0026297100
  -0.0000052300    0.0000638400   -0.0000032900
   0.0000221400   -0.0000127200    0.0000011400
  -0.0000253800   -0.0000145800    0.0000037800
   0.0000526000   -0.0000363200   -0.0000032900
  -0.0000733300   -0.0000422600    0.0000211100
   0.0002363100    0.0020814200   -0.0026297200
   0.0312117800   -0.0173559600   -0.0472006300
   0.0000173700    0.0000239000    0.0000272200
  -0.0006736400   -0.0000787500   -0.0009350400
  -0.0002486400    0.0003757300   -0.0009299500
   0.0000548600    0.0001796600    0.0000881600
   0.0000218800   -0.0000143400    0.0000066200
  -0.0000077400   -0.0000163300    0.0000034700
   0.0000258400   -0.0000138900   -0.0000030600
  -0.0001115900   -0.0001360100    0.0000706000
   0.0005751600    0.0357083700   -0.0472006000
   0.0001829300   -0.0000422100    0.0000881600
  -0.0001736500   -0.0000285200    0.0000705900
  -0.0000180700    0.0000015700    0.0000034800
   0.0000293100    0.0000032000    0.0000272200
  -0.0000015500    0.0000262400    0.0000066200
   0.0002010000   -0.0004030700   -0.0009299700
   0.0000008200    0.0000294500   -0.0000030600
  -0.0004051000   -0.0005438900   -0.0009350300
  -0.0005273900   -0.0001590700   -0.0007667100
   0.0000032100   -0.0000127300    0.0000173300
   0.0307486100    0.0177528000   -0.0461424900
  -0.0004015200   -0.0003770900   -0.0007667000
   0.0000169200    0.0000098600    0.0000079500
   0.0001046600   -0.0002027800    0.0000842300
   0.0000173500    0.0000100900   -0.0000037400
  -0.0000094900    0.0000092800    0.0000173400
  -0.0001233500    0.0001921400    0.0000842200
   0.0006127700    0.0000959300   -0.0009030200
  -0.0000128200    0.0000247700    0.0000211900
  -0.0316360900   -0.0182650500   -0.0470049100
   0.0003893900    0.0004828300   -0.0009030000
  -0.0000205000   -0.0000117500    0.0000038300
  -0.0000847400    0.0001794600    0.0000617600
  -0.0000264700   -0.0000152100   -0.0000031000
   0.0000149800   -0.0000233600    0.0000211900
   0.0001129800   -0.0001629900    0.0000617600
  -0.0004737300   -0.0347880700   -0.0463804700
  -0.0002111000    0.0000295100    0.0001058000
   0.0002059200    0.0000179100    0.0000915200
   0.0000060700   -0.0000019900    0.0000027800
  -0.0000158200   -0.0000013100    0.0000234100
   0.0000005300   -0.0000226900    0.0000097400
  -0.0001075500    0.0004123100   -0.0007924700
  -0.0000023100   -0.0000189300   -0.0000035400
   0.0003202800    0.0005144200   -0.0007879500
   0.0021277700    0.0012285500   -0.0020993700
  -0.0000007200   -0.0000274200   -0.0000033200
  -0.0021525600    0.0008930400   -0.0024670400
   0.0000053600   -0.0000267700   -0.0000658300
  -0.0000241700    0.0000132000   -0.0000033200
   0.0000285900    0.0000165800    0.0000002400
  -0.0000205700    0.0000181500   -0.0000658400
   0.0000451500    0.0000261400   -0.0000393800
  -0.0003029500   -0.0023105600   -0.0024670300
  -0.0303643500    0.0169839000   -0.0463804800
  -0.0000091100   -0.0000129100    0.0000234000
   0.0006055600    0.0000202800   -0.0007879500
   0.0003032300   -0.0002991800   -0.0007924900
  -0.0000800500   -0.0001974500    0.0001057900
  -0.0000194500    0.0000119100    0.0000097400
   0.0000012400    0.0000063600    0.0000027600
  -0.0000176000    0.0000075900   -0.0000035400
   0.0001184100    0.0001695000    0.0000915300

28   
  0.0100000000000000   0.0000000000000000   0.0000000000000000
   0.0004291100    0.0007877900    0.0001396500
  -0.0000275300    0.0000477800    0.0000294300
   0.0052421000   -0.0081601200   -0.0009458400
   0.0044301100    0.0132810700   -0.0003015500
  -0.0000056200   -0.0000126100    0.0000065400
   0.0006342300    0.0009513100    0.0000093300
  -0.0000601700   -0.0000593100   -0.0000089000
   0.0000662000    0.0000877700   -0.0000058200
  -0.0000020800    0.0000379600   -0.0000176000
   0.0109528700   -0.0107056500    0.0005541300
   0.0001769000   -0.0000202100    0.0000108600
   0.0070019200    0.0099667200   -0.0002059600
   0.0017085100   -0.0001634900    0.0000555300
   0.0000348600    0.0000340600    0.0000081700
   0.0000190700   -0.0000351000   -0.0000016000
  -0.0000578200    0.0000550300   -0.0000053100
  -0.0000744900   -0.0000275100   -0.0000025400
   0.0020547100   -0.0000108100    0.0000075300
   0.0047417600    0.0064801600    0.0000962600
  -0.0000277400   -0.0000319200   -0.0000071300
   0.0003099000   -0.0007958100   -0.0000341500
   0.0046120500   -0.0118643000    0.0000302900
   0.0002728400   -0.0008088000   -0.0000871000
  -0.0000577100    0.0000237300    0.0000241800
   0.0000398100   -0.0000537300   -0.0000082000
  -0.0000029100    0.0000518400   -0.0000262400
  -0.0000340800   -0.0000795700    0.0000158400
  -0.2469352400    0.0009695800   -0.0020658800
   0.0011559600    0.0004405400   -0.0000842200
   0.0011127800   -0.0002727300    0.0000791100
  -0.0000437300   -0.0001963700    0.0000508100
   0.0000925700    0.0003346900   -0.0000334800
   0.0000247800   -0.0000007800    0.0000024500
  -0.0000374800   -0.0010537900    0.0000019000
   0.0000247900   -0.0000007200   -0.0000042200
   0.0000859100    0.0010300600   -0.0000249900
   0.0005693300    0.0008775200   -0.0004214600
   0.0000853300    0.0000196000    0.0000237500
   0.0376573200    0.0150951500   -0.0299238500
   0.0006033500   -0.0004928800   -0.0001871600
  -0.0000183700    0.0000006900   -0.0000139000
  -0.0001000800   -0.0000194100    0.0000854000
   0.0000059700    0.0000150400    0.0000050200
   0.0000446500    0.0000758300    0.0000575400
   0.0000225700   -0.0000226200    0.0000386200
   0.0000058500   -0.0007014600   -0.0000224800
  -0.0000217800    0.0000011400   -0.0000006000
  -0.0000145200    0.0007275400    0.0000733300
   0.0154849300    0.0006367300   -0.0004664700
   0.0000176700   -0.0001704400    0.0000292800
   0.0000162300    0.0001349000   -0.0000315200
  -0.0000116300   -0.0000441300    0.0000224900
  -0.0000365700    0.0000557900   -0.0000367300
  -0.0000046500    0.0000003000   -0.0000074500
   0.0438542100   -0.0162964400   -0.0317746800
   0.0000936600   -0.0000436300    0.0000462500
   0.0006977000   -0.0009631400   -0.0000171700
   0.0004635800    0.0001804700    0.0000040700
  -0.0000684100    0.0000293900    0.0001129000
  -0.0000091600    0.0000013800   -0.0000185400
   0.0000201100   -0.0000489600    0.0000738800
   0.0000012200   -0.0000128200   -0.0000107100
   0.0000532900    0.0000006800    0.0000854000
  -0.0000742100    0.0000138200    0.0000303700
  -0.0000892500   -0.0000222300   -0.0000412000
  -0.0044933900    0.0001961200   -0.0002122400
   0.0005212400    0.0029037700    0.0010727500
  -0.0000160300    0.0000073900    0.0000012500
   0.0008635600   -0.0031630900   -0.0010725500
  -0.0000438600   -0.0000128900   -0.0000163400
  -0.0000111000   -0.0000064100   -0.0000062200
  -0.0000229200   -0.0000016400    0.0000173000
  -0.0000721300    0.0000248400   -0.0000766400
  -0.0000837300   -0.0000262400    0.0000486800
  -0.0040955500    0.0002089000    0.0001195300
   0.0005673800    0.0028136300   -0.0006773100
  -0.0000147800   -0.0000008700   -0.0000035000
   0.0009213200   -0.0028325600    0.0010178400
  -0.0000408400    0.0000060700   -0.0000028500
  -0.0000174700    0.0000000500    0.0000035000
  -0.0000201100   -0.0000044500   -0.0000102100
   0.0454277400   -0.0166868100    0.0324991800
   0.0000971000   -0.0000383400   -0.0000201400
   0.0008905300   -0.0011000200    0.0002792700
   0.0004622300    0.0002863200   -0.0000041800
  -0.0001119300    0.0000418100   -0.0000869300
  -0.0000130100    0.0000003100    0.0000140900
   0.0000300500   -0.0000483800   -0.0000754900
   0.0000035500   -0.0000133400    0.0000150000
   0.0000557300   -0.0000285800   -0.0000545300
   0.0007567500    0.0008414700   -0.0001847000
   0.0001075100    0.0000450000   -0.0000840600
   0.0455954100    0.0172615200    0.0321219300
   0.0004938700   -0.0002440700    0.0000373500
  -0.0000220000   -0.0000037500    0.0000114800
  -0.0000965000   -0.0000020500   -0.0001635400
   0.0000045400    0.0000143500    0.0000111700
   0.0000345500    0.0000744500   -0.0000837400
   0.0001095500   -0.0000514000   -0.0001185700
   0.0000235000   -0.0005917400    0.0000577200
  -0.0000212700    0.0000023000    0.0000011000
   0.0000274400    0.0009691200    0.0002881400
   0.0151225900   -0.0000300700    0.0003547900
   0.0000357200   -0.0001775900   -0.0000349000
  -0.0000279900    0.0001338300    0.0000276100
  -0.0000007700   -0.0000370600   -0.0000237500
  -0.0000243600    0.0000132600    0.0000437900
  -0.0000076100    0.0000022700    0.0000032600

28   
 -0.0100000000000000   0.0000000000000000   0.0000000000000000
  -0.0004251900   -0.0007749800   -0.0001395400
   0.0000273300   -0.0000467700   -0.0000298800
  -0.0054042400    0.0080712700    0.0009382600
  -0.0044310400   -0.0131729700    0.0002978600
   0.0000037600    0.0000152300   -0.0000069000
  -0.0006283700   -0.0009760800   -0.0000109200
   0.0000600200    0.0000626000    0.0000089000
  -0.0000651300   -0.0000859900    0.0000051700
   0.0000000500   -0.0000378800    0.0000172800
  -0.0102835000    0.0104424400   -0.0005519000
  -0.0001773300    0.0000193900   -0.0000111800
  -0.0076219600   -0.0101913800    0.0001794000
  -0.0017113100    0.0001722100   -0.0000570800
  -0.0000328200   -0.0000324900   -0.0000084300
  -0.0000214300    0.0000364900    0.0000014800
   0.0000575100   -0.0000554500    0.0000052800
   0.0000750100    0.0000266300    0.0000023400
  -0.0020578000    0.0000479600   -0.0000088200
  -0.0045743900   -0.0065787200   -0.0000914200
   0.0000280000    0.0000325400    0.0000068000
  -0.0003076700    0.0008096400    0.0000333800
  -0.0045874300    0.0119713000   -0.0000334400
  -0.0002796100    0.0007894700    0.0000868400
   0.0000591900   -0.0000217300   -0.0000246300
  -0.0000408800    0.0000550300    0.0000082300
   0.0000020100   -0.0000500000    0.0000258200
   0.0000353900    0.0000793400   -0.0000162400
   0.2466935800    0.0008830600    0.0022378300
  -0.0011107000   -0.0004315500    0.0000788900
  -0.0011538000    0.0002782300   -0.0000824000
   0.0000464500    0.0002145200   -0.0000517100
  -0.0000921800   -0.0003162300    0.0000325600
  -0.0000248700    0.0000006300   -0.0000026600
   0.0000526700    0.0010398900   -0.0000019200
  -0.0000248000    0.0000006800    0.0000041000
  -0.0000988200   -0.0010438900    0.0000233300
  -0.0005615300   -0.0008745800    0.0004307200
  -0.0000864600   -0.0000204800   -0.0000237200
  -0.0383746900   -0.0155414800    0.0309423000
  -0.0006100800    0.0004894200    0.0001663900
   0.0000180000   -0.0000002800    0.0000137500
   0.0001007400    0.0000219000   -0.0000857900
  -0.0000061500   -0.0000148700   -0.0000051400
  -0.0000454800   -0.0000757400   -0.0000575000
  -0.0000210300    0.0000214900   -0.0000384900
  -0.0000086900    0.0007011500    0.0000282600
   0.0000215400   -0.0000009500    0.0000004500
   0.0000135000   -0.0007275600   -0.0000697500
  -0.0154924100   -0.0003523400    0.0002770700
  -0.0000159500    0.0001683500   -0.0000297200
  -0.0000195900   -0.0001369800    0.0000310500
   0.0000113100    0.0000444600   -0.0000223300
   0.0000365700   -0.0000551600    0.0000364000
   0.0000045500    0.0000000100    0.0000074600
  -0.0428846800    0.0157068500    0.0306250800
  -0.0000929100    0.0000427200   -0.0000448800
  -0.0007156600    0.0009652500    0.0000092000
  -0.0004634200   -0.0001797300    0.0000221200
   0.0000684800   -0.0000279900   -0.0001117400
   0.0000091900   -0.0000009100    0.0000185400
  -0.0000199300    0.0000492700   -0.0000735000
  -0.0000012900    0.0000132000    0.0000107400
  -0.0000544900   -0.0000024600   -0.0000841800
   0.0000746100   -0.0000142900   -0.0000288800
   0.0000887000    0.0000217200    0.0000425600
   0.0044986500   -0.0001632300    0.0002214400
  -0.0005353800   -0.0028696000   -0.0010424500
   0.0000160200   -0.0000077700   -0.0000018400
  -0.0008461800    0.0031915700    0.0010950900
   0.0000440400    0.0000161200    0.0000182800
   0.0000107100    0.0000067800    0.0000060300
   0.0000231700    0.0000020000   -0.0000174600
   0.0000727600   -0.0000250600    0.0000746400
   0.0000828200    0.0000256200   -0.0000501500
   0.0040952100   -0.0001795000   -0.0001251700
  -0.0005832100   -0.0027877800    0.0006533600
   0.0000147000    0.0000006300    0.0000040900
  -0.0009089800    0.0028597000   -0.0010357300
   0.0000412100   -0.0000020500    0.0000002900
   0.0000172000    0.0000002000   -0.0000033000
   0.0000200800    0.0000048000    0.0000104200
  -0.0444352300    0.0160950600   -0.0313489500
  -0.0000963900    0.0000369800    0.0000201700
  -0.0009039400    0.0011037200   -0.0002689300
  -0.0004599100   -0.0002874000   -0.0000197500
   0.0001106600   -0.0000403000    0.0000856300
   0.0000129800    0.0000002500   -0.0000141900
  -0.0000295900    0.0000487300    0.0000749000
  -0.0000038500    0.0000137500   -0.0000151400
  -0.0000568000    0.0000268700    0.0000537800
  -0.0007415500   -0.0008379100    0.0001746000
  -0.0001086400   -0.0000459800    0.0000855400
  -0.0466250700   -0.0178855700   -0.0333237000
  -0.0004969300    0.0002413600   -0.0000060700
   0.0000218300    0.0000043900   -0.0000115400
   0.0000965200    0.0000044600    0.0001648300
  -0.0000045700   -0.0000140300   -0.0000111900
  -0.0000352400   -0.0000742800    0.0000844900
  -0.0001079700    0.0000499100    0.0001194500
  -0.0000265700    0.0005919900   -0.0000627000
   0.0000210700   -0.0000021400   -0.0000010400
  -0.0000245200   -0.0009653400   -0.0002916800
  -0.0151504200    0.0003498800   -0.0001326500
  -0.0000339200    0.0001744200    0.0000350900
   0.0000247700   -0.0001357100   -0.0000264300
   0.0000003200    0.0000376800    0.0000237500
   0.0000241400   -0.0000136900   -0.0000436500
   0.0000075300   -0.0000019800   -0.0000033600

28   
  0.0000000000000000   0.0000000000000000   0.0100000000000000
  -0.0000241000    0.0000147000    0.0001223800
  -0.0000107700    0.0000178300    0.0000058000
  -0.0006756200    0.0008254000   -0.0064381200
  -0.0008890700   -0.0004063200   -0.0057655300
  -0.0000051000    0.0000089300    0.0000239200
   0.0000436000   -0.0001042000    0.0002202500
  -0.0000001900   -0.0000059600    0.0000006800
  -0.0000144700    0.0000009400   -0.0000228300
   0.0000258800   -0.0000114000    0.0000260700
  -0.0007964300   -0.0005667900   -0.0057656300
  -0.0000064300   -0.0000129800   -0.0000228300
   0.0003770400   -0.0009978200   -0.0064381400
   0.0000006800   -0.0000282300    0.0001223800
   0.0000051700   -0.0000088800    0.0000239200
   0.0000030700    0.0000280900    0.0000260700
  -0.0000052700    0.0000028200    0.0000006900
   0.0000100600   -0.0000182400    0.0000058000
  -0.0000684400    0.0000898600    0.0002202400
  -0.0000837300    0.0003194800   -0.0082183100
   0.0000141800    0.0000145400    0.0000585100
   0.0000376800    0.0000217700    0.0004438200
   0.0002348200   -0.0002322300   -0.0082183600
  -0.0000163700   -0.0000094500    0.0004349800
   0.0000121900   -0.0000035900    0.0000344000
   0.0000056000    0.0000032600   -0.0000017400
   0.0000196700    0.0000050200    0.0000585100
   0.0000029700    0.0000123300    0.0000344200
  -0.0021439700   -0.0012377500   -0.2661150000
   0.0000761200   -0.0000774400    0.0007975500
  -0.0000766900    0.0000054100    0.0007988200
   0.0000085800    0.0000567200    0.0006026100
  -0.0000289700    0.0001046600    0.0007975300
  -0.0000041200   -0.0000023800   -0.0000679300
   0.0000534500   -0.0000209100    0.0006025400
   0.0000024300    0.0000014100   -0.0000679600
  -0.0000336600   -0.0000691600    0.0007988100
   0.0007935800    0.0002692100    0.0005414000
  -0.0000222700    0.0000170800   -0.0000369200
  -0.0304050600   -0.0175543800    0.0452432200
   0.0006299300    0.0005526600    0.0005413900
  -0.0000211400   -0.0000122100   -0.0000044500
  -0.0001135000    0.0001750500   -0.0000502800
  -0.0000204600   -0.0000118100   -0.0000015200
   0.0000036600   -0.0000278400   -0.0000369200
   0.0000948500   -0.0001858100   -0.0000502700
  -0.0002413300    0.0003932200    0.0009596500
  -0.0000034300   -0.0000247400   -0.0000014900
   0.0004163200    0.0004464300    0.0008699700
  -0.0006665900   -0.0344579900    0.0460737500
  -0.0002130300    0.0000621700   -0.0000897400
   0.0001751500    0.0000433300   -0.0000621300
   0.0000159700    0.0000011500   -0.0000053100
  -0.0000242600   -0.0000182400   -0.0000226700
  -0.0000030200   -0.0000233200   -0.0000040300
  -0.0301747900    0.0166517100    0.0460737300
  -0.0000279400   -0.0000118900   -0.0000226700
   0.0005947700    0.0001373300    0.0008699600
   0.0002198700   -0.0004056100    0.0009596500
  -0.0000526800   -0.0002155700   -0.0000897300
  -0.0000217100    0.0000090400   -0.0000040300
   0.0000089800    0.0000132500   -0.0000053000
  -0.0000231400    0.0000093900   -0.0000014900
   0.0001251000    0.0001300200   -0.0000621300
  -0.0000170400    0.0000183700    0.0000672500
   0.0000430700    0.0000248700    0.0000426400
  -0.0001014500   -0.0021750400    0.0025055600
   0.0020487900    0.0011828700    0.0020138600
   0.0000005000   -0.0000294600    0.0000025900
  -0.0019343800    0.0009996500    0.0025055700
   0.0000073900   -0.0000239500    0.0000672500
  -0.0000252600    0.0000151700    0.0000025900
   0.0000226200    0.0000130600   -0.0000022600
  -0.0000002800   -0.0000175100    0.0000912500
  -0.0000255700   -0.0000147600    0.0000413100
   0.0003753600    0.0021392100    0.0025253200
  -0.0020119900   -0.0011616200    0.0019306400
  -0.0000011600    0.0000318100    0.0000059700
   0.0020402900   -0.0007445400    0.0025253200
  -0.0000153000    0.0000085100    0.0000912500
   0.0000269700   -0.0000169200    0.0000059700
  -0.0000255500   -0.0000147500   -0.0000012300
   0.0325538000   -0.0183445400    0.0468996900
   0.0000462600    0.0000224800   -0.0000304700
  -0.0008160500   -0.0000325800    0.0006771000
  -0.0003073300    0.0004536900    0.0008532200
   0.0000558600    0.0001846500   -0.0000752600
   0.0000203900   -0.0000126700   -0.0000082500
  -0.0000080900   -0.0000200200   -0.0000138300
   0.0000197300   -0.0000163000    0.0000027600
  -0.0001273400   -0.0001554500   -0.0000473100
  -0.0005655800   -0.0001295500    0.0008063800
   0.0000097000   -0.0000241900   -0.0000215000
   0.0318433500    0.0183847700    0.0468523700
  -0.0003949900   -0.0004250300    0.0008063700
   0.0000198500    0.0000114600   -0.0000042900
   0.0000686300   -0.0001785500   -0.0000319000
   0.0000187500    0.0000108200    0.0000099100
  -0.0000161000    0.0000205000   -0.0000215100
  -0.0001203100    0.0001487100   -0.0000318900
   0.0002392400   -0.0004930100    0.0008532200
  -0.0000042400    0.0000252400    0.0000027500
  -0.0004362500   -0.0006904200    0.0006770800
   0.0003900700    0.0373646700    0.0468997100
   0.0001878300   -0.0000439400   -0.0000752700
  -0.0001982900   -0.0000325600   -0.0000473200
  -0.0000213900    0.0000030000   -0.0000138300
   0.0000426000    0.0000288200   -0.0000304700
  -0.0000007700    0.0000239900   -0.0000082500

28   
  0.0000000000000000   0.0000000000000000  -0.0100000000000000
   0.0000216300   -0.0000165500   -0.0001246800
   0.0000098000   -0.0000192900   -0.0000057900
   0.0006510500   -0.0010428300    0.0064186000
   0.0010403700    0.0004942800    0.0057661900
   0.0000049900   -0.0000073900   -0.0000238500
  -0.0000455900    0.0001052900   -0.0002216200
   0.0000003500    0.0000065100   -0.0000005500
   0.0000147300   -0.0000017700    0.0000226500
  -0.0000262700    0.0000102700   -0.0000266200
   0.0009482700    0.0006538400    0.0057662700
   0.0000058200    0.0000136400    0.0000226400
  -0.0005775600    0.0010852700    0.0064186300
  -0.0000035300    0.0000270000   -0.0001246800
  -0.0000039100    0.0000080200   -0.0000238600
  -0.0000042400   -0.0000278800   -0.0000266300
   0.0000058100   -0.0000029500   -0.0000005500
  -0.0000118100    0.0000181200   -0.0000057800
   0.0000683800   -0.0000921300   -0.0002216300
   0.0001098400   -0.0005478500    0.0082178700
  -0.0000149200   -0.0000156200   -0.0000585300
  -0.0000342500   -0.0000197700   -0.0004425300
  -0.0004195200    0.0003690700    0.0082178900
   0.0000221900    0.0000128100   -0.0004371300
  -0.0000116800    0.0000052100   -0.0000342700
  -0.0000064400   -0.0000037000    0.0000017300
  -0.0000210400   -0.0000051000   -0.0000585300
  -0.0000013100   -0.0000127400   -0.0000342700
   0.0021565300    0.0012451200    0.2659812000
  -0.0000853100    0.0000715800   -0.0008005200
   0.0000865500   -0.0000125100   -0.0007992900
   0.0000048000   -0.0000594200   -0.0006023000
   0.0000193600   -0.0001096500   -0.0008005300
   0.0000041800    0.0000024200    0.0000678700
  -0.0000490800    0.0000338900   -0.0006023000
  -0.0000026500   -0.0000015600    0.0000679000
   0.0000324000    0.0000811800   -0.0007992500
  -0.0008082700   -0.0002731000   -0.0005276100
   0.0000237300   -0.0000164100    0.0000365600
   0.0294091500    0.0169793800   -0.0441751600
  -0.0006406400   -0.0005634400   -0.0005276100
   0.0000210300    0.0000121300    0.0000042100
   0.0001109000   -0.0001781600    0.0000507700
   0.0000202100    0.0000116600    0.0000013800
  -0.0000023500    0.0000287300    0.0000365600
  -0.0000988500    0.0001851100    0.0000507700
   0.0002355700   -0.0003798200   -0.0009701200
   0.0000033700    0.0000249700    0.0000017700
  -0.0004110600   -0.0004355300   -0.0008813200
   0.0006695400    0.0356538000   -0.0470335700
   0.0002116100   -0.0000600000    0.0000898000
  -0.0001732400   -0.0000406400    0.0000624200
  -0.0000161200   -0.0000030000    0.0000055900
   0.0000243800    0.0000168300    0.0000229200
   0.0000029600    0.0000234300    0.0000042800
   0.0312118600   -0.0172470600   -0.0470335800
   0.0000267500    0.0000126900    0.0000229100
  -0.0005827100   -0.0001382100   -0.0008813200
  -0.0002111400    0.0003939100   -0.0009701000
   0.0000538300    0.0002132500    0.0000897900
   0.0000217600   -0.0000091500    0.0000042800
  -0.0000106500   -0.0000124600    0.0000055900
   0.0000233100   -0.0000095700    0.0000017700
  -0.0001218100   -0.0001297000    0.0000624300
   0.0000185400   -0.0000193500   -0.0000664800
  -0.0000444600   -0.0000256700   -0.0000421800
   0.0001053600    0.0021668700   -0.0025033600
  -0.0020402600   -0.0011779400   -0.0020157900
  -0.0000003100    0.0000290700   -0.0000027800
   0.0019292400   -0.0009922000   -0.0025033500
  -0.0000074800    0.0000257300   -0.0000664800
   0.0000250100   -0.0000147800   -0.0000027700
  -0.0000223000   -0.0000128800    0.0000024100
   0.0000017600    0.0000165400   -0.0000918200
   0.0000237100    0.0000137000   -0.0000417800
  -0.0003693800   -0.0021501000   -0.0025203300
   0.0020284600    0.0011711300   -0.0019311700
   0.0000011800   -0.0000322300   -0.0000058400
  -0.0020467200    0.0007551500   -0.0025203300
   0.0000152100   -0.0000067400   -0.0000918200
  -0.0000273300    0.0000171400   -0.0000058400
   0.0000257600    0.0000148700    0.0000012900
  -0.0315240300    0.0177342200   -0.0459456100
  -0.0000478600   -0.0000220600    0.0000302000
   0.0008362200    0.0000280500   -0.0006612100
   0.0003137700   -0.0004638800   -0.0008451000
  -0.0000544800   -0.0001880200    0.0000762700
  -0.0000202500    0.0000125300    0.0000080700
   0.0000065700    0.0000205800    0.0000136000
  -0.0000194700    0.0000161600   -0.0000030300
   0.0001306600    0.0001555700    0.0000479600
   0.0005574200    0.0001262000   -0.0008162300
  -0.0000082100    0.0000252100    0.0000222100
  -0.0328667400   -0.0189756100   -0.0477519900
   0.0003880000    0.0004196400   -0.0008162400
  -0.0000200000   -0.0000115600    0.0000045000
  -0.0000708900    0.0001756200    0.0000320800
  -0.0000190400   -0.0000109900   -0.0000097500
   0.0000177200   -0.0000197200    0.0000222300
   0.0001166400   -0.0001491900    0.0000320900
  -0.0002448400    0.0005036900   -0.0008451100
   0.0000042700   -0.0000249400   -0.0000030200
   0.0004423900    0.0007101800   -0.0006611900
  -0.0004037300   -0.0361677700   -0.0459455900
  -0.0001900600    0.0000468500    0.0000762600
   0.0002000600    0.0000353400    0.0000479600
   0.0000211200   -0.0000046100    0.0000136000
  -0.0000430300   -0.0000304200    0.0000301900
   0.0000007400   -0.0000238000    0.0000080800

37   
  0.0100000000000000   0.0000000000000000   0.0000000000000000
   0.0120702300   -0.0001909100   -0.0002636400
  -0.0000766100    0.0000496500   -0.0001393700
  -0.0001247800   -0.0000533200    0.0001321800
   0.0002347200    0.0007880900    0.0000995600
   0.0002762400   -0.0007514300    0.0001208700
  -0.0000443300   -0.0000017700   -0.0000002300
  -0.0000061400   -0.0000071500   -0.0000233200
  -0.0000310100    0.0000021700   -0.0000002500
  -0.0000056000    0.0000074900    0.0000118700
   0.0360243500   -0.0136853200    0.0278978500
   0.0004841200    0.0003942600   -0.0004648400
  -0.0000032800   -0.0000373400    0.0000087300
   0.0000301900    0.0000100300   -0.0000084900
   0.0000747600    0.0000631200   -0.0000740500
  -0.0000042800   -0.0000248200    0.0000170800
   0.0007313500   -0.0008548000   -0.0005531600
  -0.0000430000    0.0000047600    0.0000241600
  -0.0001029400   -0.0001481900    0.0000704000
   0.0011255200    0.0028031300    0.0019282400
   0.0012318800   -0.0026625700   -0.0019345700
  -0.0000270200   -0.0000003100    0.0000001800
  -0.0000481200    0.0000049100   -0.0000511700
  -0.0038033200   -0.0000597800   -0.0002299300
  -0.0000382300   -0.0000020000    0.0000736300
  -0.0000314100    0.0000083900    0.0000046800
  -0.0000226100    0.0000049600    0.0000256100
  -0.0000117200   -0.0000093100   -0.0000221100
   0.0005460900   -0.0004601900    0.0007953500
   0.0383863000    0.0155373100   -0.0304198500
   0.0000868600    0.0000533800   -0.0000233200
   0.0000060900    0.0000150900   -0.0000202100
   0.0000229200   -0.0000910100    0.0000968900
   0.0000456300    0.0000436400    0.0000032200
   0.0006000800    0.0008473100    0.0006286700
  -0.0001011100    0.0000483700   -0.0001127300
  -0.0000185600    0.0000002700   -0.0000209400
  -0.1036864600   -0.0020309300    0.0033949000
   0.0000062100   -0.0000566100   -0.0000083000
   0.0000067300    0.0000727000   -0.0000309100
   0.0000211200   -0.0000325300    0.0000796800
   0.0000282200    0.0000626800   -0.0001031100
   0.0000125400    0.0000005200    0.0000012800
   0.0000213400    0.0000765000    0.0000895600
   0.0000125500    0.0000002100   -0.0000020000
   0.0000282600   -0.0000672700   -0.0000916400
  -0.0007419100    0.0002953200   -0.0002333300
   0.0000373300   -0.0000536000   -0.0000771100
  -0.0000043200    0.0000167100    0.0000026300
   0.0000752300   -0.0000492300    0.0000483200
  -0.0013886200    0.0027872000   -0.0018133400
  -0.0000093600   -0.0000263400   -0.0000031600
   0.0000002600    0.0000169800   -0.0000010800
  -0.0000019100   -0.0000132700   -0.0000181700
  -0.0000043700   -0.0000050100    0.0000013300
   0.0012579100    0.0012925000    0.0011717700
   0.0013986500   -0.0016215600   -0.0013979700
  -0.0000107900    0.0000004700   -0.0000011200
  -0.0000026200   -0.0000138700    0.0000045000
  -0.0000263100    0.0000013800    0.0000492000
  -0.0000024600    0.0000116400   -0.0000048600
  -0.0000009200    0.0000209000    0.0000162000
  -0.0000019700    0.0000211300   -0.0000163000
  -0.0000056100   -0.0000122400    0.0000151900
   0.0009729400   -0.0042507300   -0.0007269600
   0.0000349400   -0.0000196700   -0.0000018200
  -0.0001869800   -0.0000711900   -0.0001046100
   0.0008951000   -0.0033950400    0.0007135700
  -0.0001925700   -0.0000439600    0.0000209400
   0.0000510800   -0.0000110200    0.0000067900
   0.0000198600   -0.0000238700    0.0000179600
   0.0000011900    0.0000093900   -0.0000137800
   0.0000054100    0.0000115900   -0.0000022700
  -0.0008439700   -0.0002044700    0.0002802400
  -0.0000003500   -0.0000223300   -0.0000061900
   0.0000346300    0.0000344700    0.0000897800
  -0.0011266600   -0.0022547300    0.0014963100
   0.0000820000    0.0000562700   -0.0000847400
   0.0000007100    0.0000212200    0.0000029500
  -0.0000055500   -0.0000021500   -0.0000012100
  -0.0000093800    0.0000195100    0.0000112700
   0.0000000400   -0.0000222800   -0.0000030900
   0.0073133700   -0.0003581800    0.0015161200
   0.0088994400    0.0001082900   -0.0016906000
   0.0000492800   -0.0000031800    0.0000026600
   0.0000250300   -0.0000221400    0.0000099500
  -0.0000312300   -0.0000081800   -0.0000084300
   0.0000268000    0.0000181800   -0.0000109300
  -0.0000779900    0.0000117500    0.0000029500
   0.0000280200   -0.0000115400    0.0000153200
   0.0000265700    0.0000133300   -0.0000135800
  -0.0024273900   -0.0001326900   -0.0001960300
   0.0000404400   -0.0001584200    0.0000544300
   0.0000439500    0.0001239600   -0.0000652500
  -0.0000781500   -0.0002627800   -0.0000442200
  -0.0001011200    0.0002455100    0.0000332900
   0.0000159800    0.0000018900   -0.0000012600
  -0.0001059000    0.0000924800    0.0000297200
   0.0000105200    0.0000005300    0.0000018700
  -0.0001298500   -0.0000905100   -0.0000281400
   0.0010383300    0.0040732800    0.0008761700
  -0.0002034000    0.0000916900    0.0000667500
   0.0000303800    0.0000213000    0.0000016400
  -0.0001534500    0.0000564300   -0.0000468700
   0.0015173000    0.0039978100   -0.0008404200
   0.0000373200    0.0000120400   -0.0000070300
   0.0000045400   -0.0000099200    0.0000029400
   0.0000004500   -0.0000044300    0.0000106500
   0.0000162900    0.0000220200   -0.0000159800

37   
 -0.0100000000000000   0.0000000000000000   0.0000000000000000
  -0.0120685800    0.0003535000    0.0003468700
   0.0000760300   -0.0000505500    0.0001372600
   0.0001268100    0.0000519300   -0.0001339300
  -0.0002437400   -0.0007965600   -0.0001023700
  -0.0002651400    0.0007426500   -0.0001229400
   0.0000443400    0.0000013800    0.0000006900
   0.0000065700    0.0000060700    0.0000230000
   0.0000310500   -0.0000019400    0.0000005400
   0.0000051300   -0.0000086800   -0.0000121700
  -0.0367237600    0.0140668400   -0.0288077400
  -0.0004430200   -0.0003823800    0.0004576200
   0.0000017700    0.0000393000   -0.0000088300
  -0.0000314000   -0.0000100900    0.0000090900
  -0.0000778200   -0.0000611100    0.0000740900
   0.0000041700    0.0000245700   -0.0000167800
  -0.0007182200    0.0008462100    0.0005410500
   0.0000431800   -0.0000049700   -0.0000239300
   0.0001034500    0.0001484800   -0.0000713800
  -0.0011626900   -0.0028415700   -0.0019432700
  -0.0011970400    0.0026278100    0.0019198600
   0.0000270000    0.0000004700    0.0000001800
   0.0000490500   -0.0000046800    0.0000530000
   0.0038098700    0.0000852300    0.0002395600
   0.0000380700    0.0000023200   -0.0000718800
   0.0000316700   -0.0000094400   -0.0000055800
   0.0000226200   -0.0000047500   -0.0000252200
   0.0000116400    0.0000093700    0.0000224400
  -0.0005847100    0.0004741900   -0.0008068400
  -0.0376461100   -0.0150984700    0.0293935100
  -0.0000844400   -0.0000512200    0.0000226900
  -0.0000059000   -0.0000149600    0.0000205000
  -0.0000201400    0.0000916100   -0.0000967800
  -0.0000446300   -0.0000432900   -0.0000027800
  -0.0006130600   -0.0008569600   -0.0006420000
   0.0001000300   -0.0000483600    0.0001117200
   0.0000185800   -0.0000005900    0.0000211100
   0.1036106100    0.0009389100   -0.0014488600
  -0.0000070700    0.0000549600    0.0000065200
  -0.0000065400   -0.0000747200    0.0000292800
  -0.0000218600    0.0000355400   -0.0000803000
  -0.0000276800   -0.0000600700    0.0001023200
  -0.0000125300   -0.0000002100   -0.0000012800
  -0.0000216700   -0.0000751000   -0.0000883500
  -0.0000124900   -0.0000005100    0.0000021900
  -0.0000276500    0.0000689200    0.0000924400
   0.0007543700   -0.0002978600    0.0002472400
  -0.0000357200    0.0000520100    0.0000716900
   0.0000046400   -0.0000169100   -0.0000024200
  -0.0000721300    0.0000493000   -0.0000536000
   0.0013619300   -0.0027298100    0.0017944500
   0.0000089800    0.0000256900    0.0000031900
  -0.0000003800   -0.0000165900    0.0000010800
   0.0000020300    0.0000129800    0.0000184400
   0.0000044100    0.0000049100   -0.0000013800
  -0.0012573400   -0.0012786200   -0.0011757700
  -0.0013995500    0.0016347300    0.0013929200
   0.0000107400   -0.0000000800    0.0000011300
   0.0000026400    0.0000140600   -0.0000043800
   0.0000264800   -0.0000035400   -0.0000538600
   0.0000025200   -0.0000114400    0.0000050400
   0.0000008600   -0.0000210800   -0.0000169200
   0.0000019000   -0.0000207400    0.0000163700
   0.0000058100    0.0000125500   -0.0000151600
  -0.0009933400    0.0042296600    0.0007354900
  -0.0000345500    0.0000191600    0.0000020900
   0.0001885400    0.0000727300    0.0001068000
  -0.0008876500    0.0034265500   -0.0007190600
   0.0001880300    0.0000439800   -0.0000223100
  -0.0000518000    0.0000109900   -0.0000070700
  -0.0000196500    0.0000242100   -0.0000179900
  -0.0000010800   -0.0000093600    0.0000138500
  -0.0000055400   -0.0000114900    0.0000025300
   0.0008330000    0.0002029100   -0.0002671000
   0.0000000600    0.0000220900    0.0000064400
  -0.0000355600   -0.0000362500   -0.0000959400
   0.0011528100    0.0023073400   -0.0015127900
  -0.0000848800   -0.0000556500    0.0000803100
  -0.0000002500   -0.0000218400   -0.0000029800
   0.0000056400    0.0000021100    0.0000011500
   0.0000093700   -0.0000198200   -0.0000109500
   0.0000001900    0.0000228500    0.0000031400
  -0.0075023300    0.0003592000   -0.0015511800
  -0.0086912000   -0.0001107500    0.0016597400
  -0.0000493800    0.0000024700   -0.0000024700
  -0.0000251000    0.0000226000   -0.0000103200
   0.0000313200    0.0000103900    0.0000074100
  -0.0000266600   -0.0000178300    0.0000105900
   0.0000776800   -0.0000091700   -0.0000015600
  -0.0000280100    0.0000115400   -0.0000156200
  -0.0000264700   -0.0000133400    0.0000133100
   0.0024294900    0.0001325900    0.0002643100
  -0.0000417800    0.0001575700   -0.0000526900
  -0.0000424000   -0.0001243700    0.0000672000
   0.0000793500    0.0002641300    0.0000451200
   0.0001000300   -0.0002448100   -0.0000328000
  -0.0000159700   -0.0000017100    0.0000011800
   0.0001044000   -0.0000922500   -0.0000292000
  -0.0000104900   -0.0000006800   -0.0000020000
   0.0001317100    0.0000906900    0.0000289400
  -0.0010209000   -0.0040921800   -0.0008683000
   0.0002021100   -0.0000902600   -0.0000651200
  -0.0000306700   -0.0000218300   -0.0000013700
   0.0001568500   -0.0000568400    0.0000457100
  -0.0015228500   -0.0039647400    0.0008415700
  -0.0000368100   -0.0000120100    0.0000067700
  -0.0000043300    0.0000100000   -0.0000027000
  -0.0000005100    0.0000045600   -0.0000105600
  -0.0000164200   -0.0000217900    0.0000159900

37   
  0.0000000000000000   0.0000000000000000   0.0100000000000000
   0.0002883300    0.0317641600    0.0441664000
   0.0001006700   -0.0000282900   -0.0000573400
  -0.0001015400   -0.0000570100   -0.0000413700
  -0.0002755900    0.0003080500    0.0004785200
   0.0002166000    0.0003967800    0.0004838200
   0.0000016600   -0.0000003900    0.0000013400
  -0.0000298500   -0.0000488600   -0.0000314700
  -0.0000038500    0.0000161200    0.0000001800
   0.0000212600   -0.0000493200   -0.0000121400
   0.0276527300   -0.0156324000    0.0441664000
   0.0004519100   -0.0000108000    0.0004838200
  -0.0000320900    0.0000430700   -0.0000121400
  -0.0000572500   -0.0000014100   -0.0000314700
   0.0000258300    0.0001013400   -0.0000573400
   0.0000005000    0.0000016400    0.0000013300
   0.0001289700   -0.0003926900    0.0004785300
   0.0000120400   -0.0000113900    0.0000001800
  -0.0001001400   -0.0000594300   -0.0000413600
   0.0009714800    0.0005608700    0.0023114200
  -0.0012902200    0.0005709300    0.0026306000
   0.0000022700   -0.0000080700   -0.0000010300
   0.0000327600   -0.0000114600    0.0000020400
  -0.0001506800   -0.0014028000    0.0026306200
  -0.0000234400   -0.0000135200   -0.0000223400
   0.0000064300    0.0000341100    0.0000020500
   0.0000058200    0.0000033900   -0.0000036800
  -0.0000058400    0.0000060000   -0.0000010400
  -0.0004389200    0.0000360400    0.0005303900
  -0.0298795400   -0.0172509600    0.0441821600
   0.0000233700    0.0000528700   -0.0000376300
   0.0000053000    0.0000030500   -0.0000017400
   0.0000366100    0.0000756900   -0.0000496800
   0.0000574400   -0.0000062200   -0.0000376400
  -0.0001882600   -0.0003981200    0.0005303700
   0.0000838700   -0.0000061200   -0.0000496700
  -0.0000137900   -0.0000079600   -0.0000045100
   0.0023680600    0.0013667600   -0.1362461100
  -0.0000317000   -0.0000889300   -0.0001822700
  -0.0000054700   -0.0001140600   -0.0001827300
   0.0000898500    0.0000394400   -0.0001707200
  -0.0000928800    0.0000170000   -0.0001822600
  -0.0000020800   -0.0000011900    0.0000028300
   0.0000790700    0.0000580900   -0.0001707200
   0.0000012600    0.0000007300    0.0000028800
  -0.0001015200    0.0000523200   -0.0001827300
   0.0021565400    0.0006009200    0.0000709200
   0.0000365800    0.0000014200   -0.0003585700
   0.0000055600    0.0000000500    0.0000051100
   0.0000840500   -0.0000015200   -0.0002322800
   0.0008261900   -0.0027160000    0.0004323900
   0.0000005900   -0.0000150100    0.0000206800
   0.0000069400    0.0000089800    0.0000170500
  -0.0000006600   -0.0000073600    0.0000097700
   0.0000034700   -0.0000006000    0.0000134100
   0.0015986900    0.0015671700    0.0000709200
  -0.0019390400    0.0020734900    0.0004324100
   0.0000012100    0.0000033100    0.0000134100
   0.0000112500    0.0000015200    0.0000170600
   0.0000195100    0.0000309700   -0.0003585700
  -0.0000127000    0.0000080200    0.0000206900
   0.0000407000    0.0000735500   -0.0002322900
  -0.0000067100    0.0000031100    0.0000097700
   0.0000028100    0.0000048000    0.0000051100
   0.0002822700   -0.0009128700   -0.0034338000
  -0.0000022900   -0.0000048200   -0.0000288600
   0.0000311600    0.0000180000    0.0000728500
  -0.0006494400    0.0007009100   -0.0034338100
  -0.0001277000   -0.0000737100    0.0000411800
  -0.0000038400   -0.0000065300   -0.0000215700
   0.0000160400    0.0000092600    0.0000132500
  -0.0000053200    0.0000004400   -0.0000288600
  -0.0000075700   -0.0000000700   -0.0000215700
  -0.0022954600    0.0005995500    0.0002576800
  -0.0000026000    0.0000036300    0.0000101400
   0.0000128600    0.0000074300   -0.0003596100
  -0.0006285000   -0.0022877100    0.0002576900
  -0.0000496800   -0.0000286700   -0.0002414900
   0.0000054700   -0.0000128400    0.0000173000
  -0.0000035200   -0.0000020300    0.0000128300
   0.0000018400   -0.0000040600    0.0000101400
  -0.0000083800    0.0000111500    0.0000173000
  -0.0009057700    0.0003404600   -0.0034831400
   0.0008982100    0.0002175600   -0.0031829300
  -0.0000033100   -0.0000176800    0.0000103000
   0.0000040900    0.0000015900   -0.0000199800
  -0.0000013000   -0.0000200600    0.0000600300
  -0.0000058400   -0.0000050100   -0.0000121900
  -0.0000118400    0.0000910900    0.0000287100
   0.0000024200    0.0000078400   -0.0000217400
  -0.0000026900    0.0000074300   -0.0000271500
   0.0002515500    0.0001452400    0.0146616900
   0.0000144400   -0.0000384300    0.0000464400
   0.0000022100   -0.0000425700    0.0000515300
   0.0000185700    0.0000300900    0.0000320000
  -0.0000260700    0.0000317300    0.0000464500
  -0.0000010000   -0.0000005700    0.0000021800
   0.0000353500    0.0000010500    0.0000319900
   0.0000003400    0.0000002100   -0.0000001700
  -0.0000357700    0.0000232200    0.0000515500
  -0.0001580400   -0.0009546400   -0.0034831700
  -0.0000180200    0.0000089200    0.0000600100
   0.0000050800   -0.0000060400   -0.0000271500
   0.0000729700   -0.0000558000    0.0000287000
   0.0006375200    0.0006690900   -0.0031829300
  -0.0000072600   -0.0000025700   -0.0000121900
   0.0000034200    0.0000027500   -0.0000199800
   0.0000080000   -0.0000018100   -0.0000217500
  -0.0000169800    0.0000059900    0.0000103200

37   
  0.0000000000000000   0.0000000000000000  -0.0100000000000000
  -0.0002767700   -0.0328997300   -0.0451669000
  -0.0001011300    0.0000326900    0.0000570900
   0.0001013300    0.0000611400    0.0000409400
   0.0002741200   -0.0002790200   -0.0004919800
  -0.0002134600   -0.0003661200   -0.0004958900
  -0.0000015800   -0.0000004200   -0.0000019400
   0.0000298400    0.0000492600    0.0000289900
   0.0000039500   -0.0000163600   -0.0000005700
  -0.0000208600    0.0000496300    0.0000096600
  -0.0286304300    0.0162102100   -0.0451669200
  -0.0004238200   -0.0000017800   -0.0004958900
   0.0000325400   -0.0000428800    0.0000096600
   0.0000575600    0.0000012200    0.0000290000
  -0.0000222600   -0.0001039000    0.0000570800
  -0.0000011500   -0.0000011600   -0.0000019500
  -0.0001046000    0.0003769000   -0.0004919800
  -0.0000121800    0.0000116000   -0.0000005800
   0.0001036100    0.0000572100    0.0000409400
  -0.0009448700   -0.0005455100   -0.0023114800
   0.0012584400   -0.0005576400   -0.0026319500
  -0.0000022600    0.0000084100    0.0000004700
  -0.0000335000    0.0000120400   -0.0000063200
   0.0001462900    0.0013686500   -0.0026319400
   0.0000241300    0.0000139400    0.0000183200
  -0.0000063600   -0.0000350000   -0.0000063300
  -0.0000062100   -0.0000035900    0.0000031000
   0.0000061500   -0.0000061400    0.0000004800
   0.0004131400   -0.0000478300   -0.0005387000
   0.0309878900    0.0178908400   -0.0452356300
  -0.0000240900   -0.0000524800    0.0000355900
  -0.0000047300   -0.0000027600    0.0000011600
  -0.0000404600   -0.0000772700    0.0000506100
  -0.0000575100    0.0000053900    0.0000355800
   0.0001651400    0.0003817000   -0.0005387200
  -0.0000871500    0.0000036400    0.0000506100
   0.0000138200    0.0000079700    0.0000041800
  -0.0024752500   -0.0014296900    0.1394121200
   0.0000284600    0.0000889300    0.0001866000
   0.0000093500    0.0001146200    0.0001861500
  -0.0000880600   -0.0000425800    0.0001748500
   0.0000912400   -0.0000198300    0.0001866000
   0.0000021200    0.0000012300   -0.0000023600
  -0.0000809300   -0.0000549700    0.0001748600
  -0.0000012900   -0.0000007500   -0.0000023300
   0.0001039400   -0.0000492100    0.0001861400
  -0.0021448800   -0.0006011400   -0.0000714400
  -0.0000320200   -0.0000042500    0.0003589100
  -0.0000054700   -0.0000000900   -0.0000051600
  -0.0000851000    0.0000018800    0.0002360400
  -0.0008188200    0.0027057200   -0.0004346400
  -0.0000002400    0.0000152700   -0.0000204500
  -0.0000069900   -0.0000094100   -0.0000167900
   0.0000007400    0.0000073700   -0.0000099200
  -0.0000037000    0.0000007800   -0.0000132800
  -0.0015930300   -0.0015569300   -0.0000714300
   0.0019337900   -0.0020619800   -0.0004346600
  -0.0000011800   -0.0000035900   -0.0000132700
  -0.0000116400   -0.0000013400   -0.0000167700
  -0.0000197000   -0.0000256000    0.0003589000
   0.0000131000   -0.0000078400   -0.0000204500
  -0.0000409200   -0.0000746300    0.0002360400
   0.0000067500   -0.0000030400   -0.0000099300
  -0.0000028200   -0.0000046900   -0.0000051600
  -0.0003011700    0.0009393900    0.0034746700
   0.0000019200    0.0000048100    0.0000290600
  -0.0000297400   -0.0000171600   -0.0000685600
   0.0006629700   -0.0007305200    0.0034747100
   0.0001253900    0.0000724100   -0.0000387000
   0.0000042600    0.0000067600    0.0000228100
  -0.0000162600   -0.0000094000   -0.0000122200
   0.0000051200   -0.0000007200    0.0000290600
   0.0000079800    0.0000003200    0.0000228000
   0.0022824300   -0.0006023300   -0.0002579900
   0.0000025700   -0.0000036600   -0.0000102500
  -0.0000176300   -0.0000101700    0.0003594000
   0.0006195800    0.0022778200   -0.0002580000
   0.0000497400    0.0000287300    0.0002454200
  -0.0000058100    0.0000131300   -0.0000171200
   0.0000037100    0.0000021400   -0.0000127100
  -0.0000019000    0.0000040700   -0.0000102600
   0.0000084600   -0.0000115900   -0.0000171200
   0.0009353300   -0.0003392200    0.0035242400
  -0.0009439400   -0.0002088800    0.0032155700
   0.0000032900    0.0000178700   -0.0000094100
  -0.0000040200   -0.0000019100    0.0000211500
   0.0000012600    0.0000193300   -0.0000557700
   0.0000057600    0.0000047300    0.0000132600
   0.0000108800   -0.0000881600   -0.0000265800
  -0.0000026800   -0.0000074400    0.0000217500
   0.0000029600   -0.0000070900    0.0000272900
  -0.0002580700   -0.0001489200   -0.0149572200
  -0.0000140700    0.0000388300   -0.0000477400
  -0.0000022200    0.0000427400   -0.0000524400
  -0.0000188400   -0.0000306100   -0.0000327500
   0.0000265900   -0.0000316000   -0.0000477400
   0.0000010200    0.0000005900   -0.0000021400
  -0.0000359400   -0.0000010000   -0.0000327600
  -0.0000003500   -0.0000002000    0.0000002900
   0.0000359100   -0.0000232800   -0.0000524500
   0.0001738800    0.0009796400    0.0035242800
   0.0000173700   -0.0000085500   -0.0000557800
  -0.0000046600    0.0000061100    0.0000272900
  -0.0000709100    0.0000535100   -0.0000265700
  -0.0006528700   -0.0007130000    0.0032155600
   0.0000069800    0.0000026200    0.0000132500
  -0.0000036800   -0.0000025200    0.0000211500
  -0.0000077700    0.0000014200    0.0000217300
   0.0000171300   -0.0000060800   -0.0000094100

46   
  0.0100000000000000   0.0000000000000000   0.0000000000000000
   0.0406078900    0.0145192000    0.0293128800
   0.0000405100    0.0000082000   -0.0000005900
   0.0007148000   -0.0002221700   -0.0003418200
   0.0001181500   -0.0000828100   -0.0001152800
   0.0000041100    0.0000447100    0.0000021300
   0.0000001400    0.0000155400    0.0000154600
  -0.0001085000    0.0001663800    0.0000102900
  -0.0000170900   -0.0000030300    0.0000206200
   0.0005725100    0.0008996200   -0.0001333800
  -0.0038982700    0.0000354800   -0.0003517900
  -0.0000749400   -0.0000294300    0.0000045500
  -0.0000860400    0.0000230800    0.0000150000
  -0.0000149100    0.0000064600   -0.0000215100
  -0.0000120200    0.0000024500    0.0000206100
  -0.0000577700   -0.0000013600    0.0000116100
   0.0006305100   -0.0029322900    0.0016095400
  -0.0000216000    0.0000031000    0.0000009100
   0.0008546100    0.0027908300   -0.0015462400
   0.0423588000   -0.0157043600   -0.0301390100
   0.0006917100    0.0002884400    0.0006794800
   0.0000960100   -0.0000151400   -0.0000177300
   0.0000210300   -0.0000739800    0.0000067600
   0.0000701400    0.0001076500    0.0001132400
   0.0000035100   -0.0000142000   -0.0000258500
   0.0004467200   -0.0009059900    0.0002570500
  -0.0000069100    0.0000085100   -0.0000218200
  -0.0000746100   -0.0001168700   -0.0000533600
   0.0000027500    0.0004422500   -0.0002369100
  -0.0000108100   -0.0005491400    0.0004141400
  -0.0000216700    0.0000002100   -0.0000035300
  -0.0000115200   -0.0000313200    0.0000161700
  -0.0000048400   -0.0000015300   -0.0000031100
  -0.0000367200    0.0000313400   -0.0000240900
   0.0154968100    0.0001858400   -0.0007053700
   0.0000173200    0.0000213400    0.0001752600
   0.0000168600   -0.0000216400   -0.0002109400
  -0.0007590100    0.0024755800    0.0021689700
  -0.0000046000   -0.0000135500    0.0000057700
   0.0000391000   -0.0000338800    0.0000359100
   0.0000004000   -0.0000160500    0.0000068900
  -0.0000044500   -0.0000034800    0.0000037400
  -0.0000019900    0.0000211800   -0.0000004900
   0.0000743300   -0.0000226700    0.0000873000
  -0.0000089500    0.0000151000    0.0000003800
  -0.0013703000   -0.0000269600    0.0008158600
  -0.1122099200    0.0016771600    0.0020680600
  -0.0000449000   -0.0000285200   -0.0000084800
  -0.0000437300    0.0000077900   -0.0000497100
   0.0000226600   -0.0000153000   -0.0000443200
  -0.0000018000   -0.0000128200    0.0000124000
   0.0000032400   -0.0000004800    0.0000015500
   0.0000226400    0.0000308400   -0.0000273200
   0.0000032100   -0.0000003400   -0.0000017200
  -0.0000021600   -0.0000580600    0.0000096500
   0.0012685100   -0.0031895400   -0.0003598200
  -0.0001945600   -0.0001172200   -0.0000462400
   0.0000205000   -0.0000091600    0.0000000400
   0.0000152000   -0.0000068400   -0.0000202100
   0.0000022900    0.0000015700    0.0000030700
   0.0000089400   -0.0000039900    0.0000039900
   0.0013580900   -0.0037166900    0.0009385900
   0.0000220500   -0.0000116100   -0.0000048800
  -0.0002109100   -0.0001039200    0.0000485300
   0.0014875800   -0.0009322400    0.0016017000
  -0.0000065300   -0.0000015700    0.0000007000
   0.0017374100    0.0015895400   -0.0018131700
   0.0000300000   -0.0000508800    0.0000249400
  -0.0000061700    0.0000224600    0.0000011400
  -0.0000017200   -0.0000202100   -0.0000059500
  -0.0000075900    0.0000185700    0.0000154700
  -0.0000020100   -0.0000226700   -0.0000159400
   0.0000128200   -0.0000527300    0.0000097200
   0.0061936600    0.0004139000    0.0010040700
   0.0000283000    0.0000042400    0.0000035100
   0.0075180900   -0.0002658300   -0.0012669600
  -0.0000502500    0.0000248800   -0.0000011400
   0.0000259400    0.0000124500    0.0000015100
   0.0000195700   -0.0000128600   -0.0000021000
   0.0000251400   -0.0000084700   -0.0000046400
   0.0000190700    0.0000100700    0.0000081600
  -0.0000391300   -0.0000290700   -0.0000002500
  -0.0010796500   -0.0034890000   -0.0022895800
   0.0001034600    0.0000729300   -0.0000467500
  -0.0000061200    0.0000164700   -0.0000027200
   0.0000003500    0.0000043400   -0.0000001500
   0.0000018300    0.0000073900   -0.0000123300
  -0.0000008700   -0.0000179800    0.0000000700
  -0.0015310800   -0.0000340200   -0.0006030600
  -0.0000045900   -0.0000126600    0.0000048300
   0.0001266700    0.0000538300   -0.0001452400
   0.0006313300    0.0026605300    0.0002966100
   0.0000273300    0.0000073200    0.0000012000
  -0.0002518000    0.0001000100    0.0000226600
   0.0000114500    0.0000001000   -0.0000061700
   0.0000218400   -0.0000013000    0.0000210600
   0.0000032200    0.0000014700   -0.0000028800
  -0.0001533400    0.0001042100   -0.0000768500
   0.0000219000    0.0000090500    0.0000069200
   0.0013446700    0.0039128800   -0.0007794200
  -0.0024098900    0.0001558100   -0.0003339300
   0.0000585700   -0.0001534900   -0.0000413200
   0.0000722900    0.0001871600    0.0000416800
  -0.0000747500   -0.0002606300    0.0000676900
  -0.0000699100    0.0002579100   -0.0000627400
   0.0000040200   -0.0000012400    0.0000015200
  -0.0000836600    0.0000674000    0.0000423000
   0.0000067000   -0.0000005200    0.0000011500
  -0.0000647500   -0.0000810200   -0.0000461700

46   
 -0.0100000000000000   0.0000000000000000   0.0000000000000000
  -0.0397009500   -0.0140526700   -0.0283074200
  -0.0000389400   -0.0000060000    0.0000004300
  -0.0007565800    0.0002304900    0.0003391600
  -0.0001158600    0.0000844800    0.0001141000
  -0.0000024000   -0.0000450300   -0.0000030300
  -0.0000002700   -0.0000160000   -0.0000157400
   0.0001082400   -0.0001651900   -0.0000092600
   0.0000170100    0.0000030200   -0.0000207800
  -0.0005834200   -0.0009059700    0.0001416600
   0.0038918200    0.0000052600    0.0003345700
   0.0000733100    0.0000283800   -0.0000067400
   0.0000863800   -0.0000238000   -0.0000168200
   0.0000149400   -0.0000061500    0.0000210300
   0.0000117200   -0.0000021800   -0.0000210400
   0.0000575000    0.0000003400   -0.0000114500
  -0.0005927300    0.0028857700   -0.0016009100
   0.0000214300   -0.0000029100   -0.0000014200
  -0.0008960400   -0.0028318100    0.0015498700
  -0.0433342900    0.0162520000    0.0312793000
  -0.0006549400   -0.0002803000   -0.0006794000
  -0.0000987300    0.0000174400    0.0000181800
  -0.0000227100    0.0000744900   -0.0000073300
  -0.0000730400   -0.0001071500   -0.0001131800
  -0.0000035400    0.0000141900    0.0000254600
  -0.0004361100    0.0008982800   -0.0002475000
   0.0000065600   -0.0000087100    0.0000217800
   0.0000750300    0.0001177300    0.0000547200
  -0.0000115900   -0.0004446900    0.0002399100
   0.0000174700    0.0005472200   -0.0004132000
   0.0000216100   -0.0000001500    0.0000032200
   0.0000115600    0.0000305700   -0.0000159200
   0.0000047100    0.0000015300    0.0000028100
   0.0000365300   -0.0000320800    0.0000244300
  -0.0154829200   -0.0000082000    0.0006309700
  -0.0000183100   -0.0000233300   -0.0001732500
  -0.0000165800    0.0000195100    0.0002136100
   0.0007374400   -0.0024123100   -0.0021329600
   0.0000043200    0.0000128800   -0.0000054500
  -0.0000341400    0.0000340500   -0.0000327800
  -0.0000003500    0.0000154600   -0.0000069800
   0.0000041800    0.0000034500   -0.0000035000
   0.0000017900   -0.0000205400    0.0000006900
  -0.0000732000    0.0000215500   -0.0000819400
   0.0000093500   -0.0000154400   -0.0000004300
   0.0013799500    0.0000257400   -0.0008288800
   0.1123230400   -0.0030254300   -0.0042391700
   0.0000441200    0.0000284200    0.0000131400
   0.0000453000   -0.0000075600    0.0000549200
  -0.0000230000    0.0000178600    0.0000466000
   0.0000023500    0.0000158800   -0.0000102900
  -0.0000033300    0.0000005700   -0.0000013800
  -0.0000230000   -0.0000300600    0.0000273200
  -0.0000033500    0.0000001100    0.0000015600
   0.0000019900    0.0000589000   -0.0000099400
  -0.0012666900    0.0032178400    0.0003626600
   0.0001898400    0.0001154700    0.0000483600
  -0.0000209700    0.0000092600    0.0000002200
  -0.0000150700    0.0000069400    0.0000204600
  -0.0000024100   -0.0000012300   -0.0000032100
  -0.0000091500    0.0000039400   -0.0000041500
  -0.0013724100    0.0037017500   -0.0009403000
  -0.0000218000    0.0000112200    0.0000047400
   0.0002125000    0.0001062200   -0.0000495000
  -0.0014910700    0.0009523700   -0.0015911500
   0.0000065600    0.0000015400   -0.0000004700
  -0.0017350500   -0.0015753200    0.0018265500
  -0.0000295900    0.0000470000   -0.0000193800
   0.0000058000   -0.0000218400   -0.0000010300
   0.0000018400    0.0000207000    0.0000059500
   0.0000072400   -0.0000183000   -0.0000154100
   0.0000021200    0.0000230700    0.0000160500
  -0.0000129200    0.0000539700   -0.0000083300
  -0.0060299800   -0.0004095600   -0.0009745500
  -0.0000283100   -0.0000050600   -0.0000033100
  -0.0077059400    0.0002655300    0.0012948900
   0.0000499400   -0.0000232300    0.0000030600
  -0.0000258400   -0.0000118400   -0.0000012400
  -0.0000197700    0.0000132200    0.0000023600
  -0.0000252000    0.0000084500    0.0000050300
  -0.0000192800   -0.0000101700   -0.0000077900
   0.0000394600    0.0000313500   -0.0000016400
   0.0011080600    0.0035682100    0.0023222400
  -0.0001076800   -0.0000724000    0.0000512200
   0.0000062200   -0.0000172400    0.0000029600
  -0.0000004200   -0.0000044700    0.0000003200
  -0.0000020200   -0.0000077800    0.0000123600
   0.0000007600    0.0000183700    0.0000001600
   0.0015129000    0.0000327400    0.0005837100
   0.0000041800    0.0000124200   -0.0000047500
  -0.0001290800   -0.0000552700    0.0001512500
  -0.0006366000   -0.0026345900   -0.0002863100
  -0.0000268000   -0.0000074200   -0.0000008500
   0.0002583100   -0.0001014800   -0.0000204900
  -0.0000115300    0.0000000600    0.0000062900
  -0.0000221900    0.0000014200   -0.0000207100
  -0.0000032000   -0.0000014300    0.0000028100
   0.0001516500   -0.0001014700    0.0000751500
  -0.0000224900   -0.0000094600   -0.0000070800
  -0.0013289700   -0.0039296900    0.0007753800
   0.0024066100   -0.0001571300    0.0002510300
  -0.0000593100    0.0001517100    0.0000411200
  -0.0000720500   -0.0001893200   -0.0000419600
   0.0000754300    0.0002613700   -0.0000671900
   0.0000683100   -0.0002568400    0.0000627300
  -0.0000041200    0.0000013000   -0.0000012900
   0.0000819800   -0.0000675800   -0.0000428900
  -0.0000068400    0.0000004100   -0.0000008900
   0.0000656800    0.0000804000    0.0000454700

46   
 -0.0050000000000000   0.0086602540378444   0.0000000000000000
  -0.0084058000    0.0136150500   -0.0000048200
  -0.0000067800   -0.0000092200   -0.0000126300
   0.0003526400    0.0002266300    0.0001735500
   0.0000115000   -0.0000879800    0.0001330400
   0.0000305900   -0.0000068200    0.0000085900
   0.0000117800   -0.0000220900    0.0000028500
   0.0000503300   -0.0000371200   -0.0001070300
   0.0000096700   -0.0000132800    0.0000042700
  -0.0004258000   -0.0001996600   -0.0001107300
   0.0018200400    0.0020737200    0.0018415700
   0.0000298400   -0.0000412300   -0.0000105900
   0.0000511200   -0.0000730200   -0.0000169000
   0.0000118500   -0.0000159300   -0.0000015100
   0.0000083900   -0.0000124700   -0.0000219100
   0.0000175500   -0.0000828100    0.0000186600
  -0.0026021800   -0.0007094900   -0.0018517100
   0.0000159000   -0.0000228300    0.0000270500
   0.0019576000   -0.0034947500    0.0000724800
  -0.0353296300    0.0292405400    0.0307012800
  -0.0011421500   -0.0000920600   -0.0002683100
  -0.0000863000   -0.0000131600   -0.0000115900
  -0.0000548700    0.0000802600    0.0000110600
  -0.0000596300   -0.0001203200    0.0000621100
  -0.0000150600   -0.0000038700    0.0000246400
  -0.0000403800    0.0006474500   -0.0004563700
   0.0000049300   -0.0000076600    0.0000233400
   0.0000777300    0.0001436300   -0.0001292100
  -0.0006253300    0.0004546700    0.0004534800
   0.0006372400    0.0010111100    0.0001793200
   0.0000117300    0.0000069700   -0.0000199400
  -0.0000328200    0.0000779500   -0.0000060200
   0.0000026100   -0.0000079200   -0.0000187300
   0.0000664600    0.0000579000   -0.0000032400
  -0.0073107600    0.0446966000   -0.0294491100
   0.0001082900   -0.0000335200   -0.0000502100
  -0.0001549100    0.0000198700    0.0001589600
   0.0006346100   -0.0009279700   -0.0005609200
   0.0000163600   -0.0000006000   -0.0000026200
  -0.0000629300    0.0000166700   -0.0000125900
   0.0000145000    0.0000040700    0.0000045200
  -0.0000022100   -0.0000051000   -0.0000022700
  -0.0000102700   -0.0000157600   -0.0000060000
  -0.0000788100    0.0000243000   -0.0000412800
  -0.0000177800   -0.0000024700   -0.0000133100
   0.0030417500    0.0006524500   -0.0027374000
   0.0587819500   -0.0998427400   -0.0009117000
   0.0000284500    0.0000544900    0.0000266200
  -0.0000036300    0.0000361800    0.0000699300
   0.0000151500    0.0000193000    0.0000276100
  -0.0000499800   -0.0000093700   -0.0000080200
  -0.0000019000    0.0000028200   -0.0000004600
  -0.0000259300   -0.0000036100   -0.0000099400
  -0.0000020400    0.0000027300    0.0000008500
  -0.0000122900    0.0000121300   -0.0000570900
  -0.0039503800    0.0062714800    0.0013667500
  -0.0000127500   -0.0000110200    0.0000071500
  -0.0000190700    0.0000108600    0.0000044700
  -0.0000112800    0.0000222200    0.0000002300
  -0.0000005500    0.0000214800   -0.0000099800
  -0.0000066600    0.0000276600   -0.0000022100
  -0.0034206400    0.0064180300   -0.0012649900
  -0.0000195100    0.0000203600    0.0000071400
   0.0000068300    0.0000005300    0.0000029100
   0.0006498300   -0.0011684400    0.0004508500
   0.0000038600   -0.0000002700    0.0000021000
  -0.0025727500   -0.0027810900    0.0025108300
  -0.0000048100    0.0001293300    0.0000941400
  -0.0000129500   -0.0000184500    0.0000003500
   0.0000220300    0.0000053100    0.0000020000
  -0.0000108800   -0.0000095400   -0.0000096900
   0.0000062700    0.0000072900    0.0000103200
   0.0000175400    0.0001348800   -0.0000119800
  -0.0034240000   -0.0011398400   -0.0008433500
  -0.0000190000    0.0000089800    0.0000190300
  -0.0036012200   -0.0005890200    0.0004886000
   0.0000511400   -0.0002279600   -0.0000791200
  -0.0000059100    0.0000060800   -0.0000036600
  -0.0000188900    0.0000148600   -0.0000003000
  -0.0000199700    0.0000184400   -0.0000015300
  -0.0000024300    0.0000043800    0.0000006300
  -0.0000055700   -0.0002432300    0.0000228300
   0.0004376100    0.0024243100    0.0017455600
  -0.0000386600    0.0000008200    0.0000111500
  -0.0000096300   -0.0000114900    0.0000026200
   0.0000031000   -0.0000076500   -0.0000006500
  -0.0000154500   -0.0000117100    0.0000155900
   0.0000141800    0.0000010700   -0.0000027500
  -0.0020983500    0.0009117800   -0.0018845100
   0.0000238000    0.0000070600   -0.0000185700
  -0.0000468500   -0.0000008000    0.0000274400
   0.0028315100    0.0023956200    0.0008898800
  -0.0000012400    0.0000003400    0.0000045700
   0.0002276200   -0.0001263900   -0.0000139200
  -0.0000058300    0.0000271900    0.0000010100
  -0.0000068000    0.0000223800   -0.0000182200
  -0.0000051300    0.0000245700   -0.0000014300
   0.0001686700   -0.0001114100    0.0000713900
  -0.0000033900    0.0000124900   -0.0000017700
   0.0022072400    0.0028227100   -0.0006422700
   0.0013452300   -0.0023521100   -0.0000349200
   0.0001183100   -0.0000392600   -0.0000258100
  -0.0001858300   -0.0002022600   -0.0000679100
   0.0001125800    0.0001384300   -0.0000357000
  -0.0000369500   -0.0001320800    0.0000390600
  -0.0000031600    0.0000043000   -0.0000011300
  -0.0001669200   -0.0000367700    0.0000133300
  -0.0000036800    0.0000084700   -0.0000002500
   0.0002593200    0.0000344500    0.0000530600

46   
  0.0050000000000000  -0.0086602540378444   0.0000000000000000
   0.0082784800   -0.0137012100   -0.0000511400
   0.0000076600    0.0000093800    0.0000127300
  -0.0003558200   -0.0002155800   -0.0001711800
  -0.0000090500    0.0000878500   -0.0001314700
  -0.0000299700    0.0000076500   -0.0000084200
  -0.0000118000    0.0000220800   -0.0000032100
  -0.0000493300    0.0000384700    0.0001085700
  -0.0000098300    0.0000130700   -0.0000046600
   0.0004337900    0.0001918700    0.0001102400
  -0.0018097600   -0.0020177500   -0.0018391500
  -0.0000289300    0.0000416400    0.0000107000
  -0.0000501200    0.0000724800    0.0000148200
  -0.0000121900    0.0000157300    0.0000011000
  -0.0000087500    0.0000126000    0.0000215000
  -0.0000175200    0.0000839900   -0.0000207900
   0.0026564200    0.0006946100    0.0018582100
  -0.0000161200    0.0000224900   -0.0000275900
  -0.0019859600    0.0034781500   -0.0000895700
   0.0343717800   -0.0286745000   -0.0295773900
   0.0011526300    0.0000861300    0.0002767300
   0.0000848500    0.0000144100    0.0000110300
   0.0000518000   -0.0000792400   -0.0000108500
   0.0000591500    0.0001195700   -0.0000607000
   0.0000150000    0.0000038000   -0.0000250600
   0.0000513900   -0.0006848900    0.0004548600
  -0.0000047000    0.0000079700   -0.0000233700
  -0.0000804300   -0.0001420700    0.0001300400
   0.0005968500   -0.0004260100   -0.0004545400
  -0.0006369900   -0.0009974700   -0.0001708300
  -0.0000116800   -0.0000070900    0.0000196600
   0.0000323600   -0.0000810200    0.0000063400
  -0.0000023600    0.0000079400    0.0000186200
  -0.0000661300   -0.0000595600    0.0000027700
   0.0073199200   -0.0458319500    0.0306015200
  -0.0001092800    0.0000332000    0.0000512500
   0.0001553000   -0.0000226500   -0.0001592300
  -0.0006272900    0.0009192700    0.0005485400
  -0.0000169900    0.0000003400    0.0000029000
   0.0000653100   -0.0000220500    0.0000167900
  -0.0000140300   -0.0000043500   -0.0000045600
   0.0000021600    0.0000051500    0.0000024800
   0.0000107000    0.0000162300    0.0000061500
   0.0000805900   -0.0000247900    0.0000463200
   0.0000183100    0.0000025500    0.0000131600
  -0.0031115700   -0.0006677000    0.0027810800
  -0.0575567400    0.1005859300   -0.0014179400
  -0.0000292900   -0.0000546800   -0.0000263900
   0.0000012500   -0.0000368200   -0.0000672800
  -0.0000148200   -0.0000199600   -0.0000231400
   0.0000492400    0.0000086400    0.0000080600
   0.0000017800   -0.0000029500    0.0000006900
   0.0000255200    0.0000041600    0.0000142500
   0.0000021500   -0.0000027300   -0.0000009400
   0.0000104800   -0.0000139800    0.0000596600
   0.0038576300   -0.0061088700   -0.0013346300
   0.0000108700    0.0000096900   -0.0000082600
   0.0000187200   -0.0000108500   -0.0000041300
   0.0000117700   -0.0000219800    0.0000000700
   0.0000004800   -0.0000214700    0.0000103500
   0.0000065300   -0.0000280800    0.0000025300
   0.0035150400   -0.0065831200    0.0012950200
   0.0000194400   -0.0000205000   -0.0000067200
  -0.0000085900   -0.0000013300   -0.0000011600
  -0.0006572700    0.0011831600   -0.0004685300
  -0.0000037900    0.0000001600   -0.0000019200
   0.0025198800    0.0027171000   -0.0024741900
   0.0000053500   -0.0001274200   -0.0000882100
   0.0000124700    0.0000180800   -0.0000001100
  -0.0000212500   -0.0000051300   -0.0000017900
   0.0000109200    0.0000099000    0.0000096700
  -0.0000059400   -0.0000070800   -0.0000104500
  -0.0000211800   -0.0001314900    0.0000170700
   0.0034333600    0.0011612300    0.0008375000
   0.0000189500   -0.0000093900   -0.0000187600
   0.0035756600    0.0005701300   -0.0004845100
  -0.0000517000    0.0002251800    0.0000780600
   0.0000058200   -0.0000060200    0.0000035300
   0.0000186000   -0.0000146200    0.0000005900
   0.0000204500   -0.0000185700    0.0000015500
   0.0000021500   -0.0000046600   -0.0000008200
   0.0000048300    0.0002482400   -0.0000211500
  -0.0004507000   -0.0024307400   -0.0017338300
   0.0000377100   -0.0000013500   -0.0000103800
   0.0000093600    0.0000111100   -0.0000026200
  -0.0000032000    0.0000075400    0.0000008300
   0.0000151800    0.0000112800   -0.0000155100
  -0.0000146500   -0.0000011800    0.0000027500
   0.0020829800   -0.0009213700    0.0018962500
  -0.0000242900   -0.0000072100    0.0000186000
   0.0000500900    0.0000017900   -0.0000221200
  -0.0028082800   -0.0023981500   -0.0008954500
   0.0000012000   -0.0000005100   -0.0000045300
  -0.0002235100    0.0001229300    0.0000156100
   0.0000060200   -0.0000267300   -0.0000009700
   0.0000064900   -0.0000223400    0.0000185400
   0.0000053500   -0.0000249500    0.0000018000
  -0.0001715600    0.0001118100   -0.0000727400
   0.0000030900   -0.0000126300    0.0000018200
  -0.0022375600   -0.0028362000    0.0006470200
  -0.0013467500    0.0023529400   -0.0000406500
  -0.0001191300    0.0000404900    0.0000252900
   0.0001849700    0.0002002600    0.0000677100
  -0.0001109200   -0.0001381700    0.0000353900
   0.0000379100    0.0001311500   -0.0000398600
   0.0000030400   -0.0000044300    0.0000013200
   0.0001681800    0.0000381300   -0.0000134300
   0.0000037000   -0.0000084500    0.0000004700
  -0.0002614100   -0.0000335700   -0.0000532700

46   
  0.0000000000000000   0.0000000000000000   0.0100000000000000
   0.0277375600    0.0164285000    0.0462416500
  -0.0000418300   -0.0000625800    0.0000065100
  -0.0000946500   -0.0000859600    0.0009226800
  -0.0000450200   -0.0001170200   -0.0000676100
  -0.0000816500   -0.0000009800    0.0000113800
   0.0000175000    0.0000119100    0.0000020000
  -0.0001145300    0.0000402800   -0.0000462200
   0.0000134100    0.0000108800    0.0000015900
   0.0000016100   -0.0002318900    0.0008335900
  -0.0001019300    0.0008277600    0.0023917200
   0.0000623300    0.0000357400    0.0001168200
  -0.0000379300    0.0000139000    0.0000600300
  -0.0000040900   -0.0000052000    0.0000162500
   0.0000049500   -0.0000074500    0.0000101600
   0.0000014000   -0.0000455900    0.0000824200
   0.0005859900   -0.0004138800    0.0021798900
  -0.0000000100    0.0000037200    0.0000134400
  -0.0009605800   -0.0005032100    0.0026941000
  -0.0315210500    0.0183768400    0.0471651000
  -0.0000084800   -0.0000027900    0.0009333700
   0.0000393300   -0.0000700300   -0.0000255700
   0.0000815500   -0.0000093000   -0.0000019200
   0.0000846600   -0.0001078700   -0.0000705900
  -0.0000129000    0.0000071500    0.0000038400
  -0.0000598100   -0.0001194700    0.0009278600
  -0.0000115200    0.0000032900   -0.0000060600
   0.0001230200    0.0000035700   -0.0000883900
  -0.0000347200    0.0000232300    0.0009664600
   0.0000806500   -0.0000392300    0.0008782500
  -0.0000005800   -0.0000124100   -0.0000011300
   0.0000220100    0.0000728900   -0.0000042400
  -0.0000075100   -0.0000170000   -0.0000038100
  -0.0000362200    0.0000744700   -0.0000215200
  -0.0003768800   -0.0364439300    0.0469919900
  -0.0000310800    0.0001176300   -0.0000625600
   0.0000292100    0.0001147600   -0.0000899400
  -0.0002394000    0.0014841500    0.0000726500
   0.0000027900    0.0000161800    0.0000050700
  -0.0000746000    0.0001029900   -0.0003595500
  -0.0000011000    0.0000058600    0.0000170400
   0.0000013800   -0.0000020300    0.0000134600
  -0.0000182500   -0.0000084500    0.0000098000
   0.0000536800   -0.0000116300   -0.0002325300
  -0.0000032200   -0.0000038600    0.0000207400
  -0.0017929000   -0.0005661200    0.0004351500
   0.0032164300    0.0021643100   -0.1480642800
  -0.0000539800    0.0000486200   -0.0003113300
  -0.0000092400    0.0000237800   -0.0003117500
  -0.0000261800   -0.0000309000   -0.0003174400
   0.0000086900   -0.0000631700   -0.0003179300
  -0.0000016600    0.0000001000    0.0000040100
  -0.0000458800    0.0000047700   -0.0003174700
   0.0000014800    0.0000002100    0.0000039700
   0.0000117200   -0.0000010100   -0.0003183300
   0.0009911700   -0.0009994000   -0.0036180300
   0.0000491400    0.0000259600    0.0000082900
  -0.0000069200    0.0000077300   -0.0000186800
  -0.0000203600   -0.0000117600    0.0000020200
   0.0000040700   -0.0000027900   -0.0000181700
   0.0000021400   -0.0000067000   -0.0000205000
  -0.0003489700    0.0012878000   -0.0037073800
   0.0000013700    0.0000037800   -0.0000199600
  -0.0000393300   -0.0000317000    0.0000056700
   0.0015473700   -0.0012129000    0.0002302800
  -0.0000018200    0.0000024500    0.0000112300
  -0.0018639900   -0.0015985300    0.0004077100
  -0.0000019100    0.0000281800   -0.0002985800
   0.0000197500   -0.0000072000    0.0000035500
  -0.0000198800   -0.0000090000    0.0000120000
  -0.0000019100   -0.0000012700    0.0000085500
  -0.0000028900   -0.0000009200    0.0000146900
   0.0000650900   -0.0001324300   -0.0003646700
  -0.0011379600   -0.0003867900   -0.0040929400
  -0.0000032700    0.0000258900    0.0000044000
   0.0014224400   -0.0001793800   -0.0035784100
  -0.0000000500    0.0000616000    0.0000173200
   0.0000073000   -0.0000134700   -0.0000301000
  -0.0000114700   -0.0000033200   -0.0000212000
  -0.0000031300    0.0000007300   -0.0000299600
   0.0000056600    0.0000012500   -0.0000204400
  -0.0000002000   -0.0001047900    0.0000133900
   0.0004517200    0.0023345800    0.0002008300
   0.0001766200    0.0000912200   -0.0003478900
  -0.0000025700    0.0000185800    0.0000118800
  -0.0000005800    0.0000003800    0.0000096400
   0.0000025800    0.0000043500    0.0000089500
   0.0000177600   -0.0000102900    0.0000091400
   0.0022742500   -0.0007504700    0.0004198400
   0.0000014700    0.0000017500    0.0000100000
   0.0000085900    0.0000299000   -0.0002976000
  -0.0008283600   -0.0008110700   -0.0040378300
  -0.0000043000    0.0000141000   -0.0000325500
  -0.0000858600    0.0000498000   -0.0000005200
  -0.0000018800   -0.0000011400   -0.0000293300
   0.0000219100   -0.0000147500    0.0000027600
  -0.0000092000   -0.0000081000   -0.0000247100
   0.0000487200   -0.0000304100    0.0000326400
   0.0000007300    0.0000025800   -0.0000220300
   0.0005890400    0.0011783500   -0.0036229100
   0.0003425600    0.0001082800    0.0196100300
  -0.0000233600    0.0000465700    0.0000164600
   0.0000284100    0.0000263900    0.0000091600
  -0.0000212700   -0.0000139500    0.0000271600
   0.0000183700   -0.0000528200    0.0000585600
  -0.0000009700   -0.0000006500   -0.0000017600
  -0.0000504200   -0.0000106900    0.0000365200
   0.0000012700   -0.0000004800   -0.0000031100
   0.0000613500    0.0000204300    0.0000637300

46   
  0.0000000000000000   0.0000000000000000  -0.0100000000000000
  -0.0268031000   -0.0158899100   -0.0454398100
   0.0000407600    0.0000621500   -0.0000038200
   0.0000517000    0.0000804000   -0.0009140700
   0.0000419600    0.0001150100    0.0000683800
   0.0000806800    0.0000002600   -0.0000084600
  -0.0000166800   -0.0000113000   -0.0000012700
   0.0001113400   -0.0000413800    0.0000466700
  -0.0000133600   -0.0000108400   -0.0000010300
  -0.0000263700    0.0001937100   -0.0008248100
   0.0001043200   -0.0008624500   -0.0023829800
  -0.0000617600   -0.0000356700   -0.0001121400
   0.0000375500   -0.0000140500   -0.0000558800
   0.0000039200    0.0000049700   -0.0000152900
  -0.0000046000    0.0000071500   -0.0000092300
  -0.0000015300    0.0000451700   -0.0000780800
  -0.0006185200    0.0004366800   -0.0021750200
   0.0000000300   -0.0000033600   -0.0000124500
   0.0009934200    0.0005237900   -0.0026853200
   0.0304309600   -0.0177619900   -0.0463046200
   0.0000460100    0.0000003400   -0.0009262400
  -0.0000378400    0.0000697700    0.0000279900
  -0.0000806600    0.0000078900    0.0000043500
  -0.0000810200    0.0001058400    0.0000699100
   0.0000121900   -0.0000067500   -0.0000031700
   0.0000821100    0.0000815700   -0.0009225900
   0.0000115400   -0.0000034000    0.0000064800
  -0.0001190200   -0.0000057600    0.0000875000
   0.0000163800    0.0000143500   -0.0009632400
  -0.0000629700    0.0000735700   -0.0008730100
   0.0000004500    0.0000116800    0.0000018500
  -0.0000228100   -0.0000714800    0.0000065000
   0.0000073300    0.0000170400    0.0000043100
   0.0000368000   -0.0000730900    0.0000239200
   0.0003665600    0.0351766900   -0.0461135900
   0.0000314300   -0.0001143600    0.0000618200
  -0.0000297700   -0.0001106200    0.0000894100
   0.0002413300   -0.0015037700   -0.0000696000
  -0.0000024400   -0.0000158500   -0.0000050100
   0.0000741700   -0.0001021600    0.0003581000
   0.0000011800   -0.0000057100   -0.0000166000
  -0.0000014000    0.0000020700   -0.0000132700
   0.0000181100    0.0000080900   -0.0000097100
  -0.0000482800    0.0000087500    0.0002359800
   0.0000031500    0.0000036800   -0.0000201800
   0.0018142300    0.0005734600   -0.0004317600
  -0.0030908600   -0.0020619100    0.1452218800
   0.0000505200   -0.0000494700    0.0003064600
   0.0000123700   -0.0000249900    0.0003060400
   0.0000284600    0.0000284300    0.0003125500
  -0.0000109100    0.0000603200    0.0003132100
   0.0000016100   -0.0000000900   -0.0000041500
   0.0000449900   -0.0000014200    0.0003125500
  -0.0000014700   -0.0000001800   -0.0000041800
  -0.0000109600    0.0000044500    0.0003128100
  -0.0009872400    0.0009767200    0.0035900300
  -0.0000529100   -0.0000282900   -0.0000077500
   0.0000071000   -0.0000077100    0.0000180000
   0.0000202800    0.0000117000   -0.0000026700
  -0.0000043200    0.0000022500    0.0000185100
  -0.0000021500    0.0000068300    0.0000197500
   0.0003314700   -0.0012744000    0.0036777000
  -0.0000020000   -0.0000036700    0.0000203000
   0.0000398600    0.0000317700   -0.0000103200
  -0.0015566600    0.0012225600   -0.0002249300
   0.0000017800   -0.0000025700   -0.0000110300
   0.0018757500    0.0016153700   -0.0004009700
   0.0000020100   -0.0000228400    0.0002993400
  -0.0000192800    0.0000073700   -0.0000037100
   0.0000194100    0.0000091200   -0.0000119700
   0.0000019800    0.0000013000   -0.0000081900
   0.0000027200    0.0000009500   -0.0000143000
  -0.0000647300    0.0001324000    0.0003607500
   0.0011285800    0.0003898400    0.0040540200
   0.0000033200   -0.0000257200   -0.0000051300
  -0.0013970200    0.0001897200    0.0035501800
   0.0000001600   -0.0000628300   -0.0000223000
  -0.0000072800    0.0000132200    0.0000291500
   0.0000115400    0.0000030300    0.0000203900
   0.0000028000   -0.0000002800    0.0000300900
  -0.0000054100   -0.0000007600    0.0000207400
   0.0000019200    0.0001095600   -0.0000128800
  -0.0004562400   -0.0023512800   -0.0001937200
  -0.0001748000   -0.0000899700    0.0003442200
   0.0000021700   -0.0000182800   -0.0000119700
   0.0000007700   -0.0000002500   -0.0000093900
  -0.0000026900   -0.0000042500   -0.0000086500
  -0.0000176900    0.0000098800   -0.0000093100
  -0.0022872400    0.0007555400   -0.0004131800
  -0.0000015300   -0.0000018500   -0.0000095900
  -0.0000132200   -0.0000326800    0.0002978600
   0.0008271000    0.0007976700    0.0039984400
   0.0000040600   -0.0000138700    0.0000315700
   0.0000910500   -0.0000510900    0.0000005900
   0.0000020800    0.0000007500    0.0000293200
  -0.0000216800    0.0000147200   -0.0000037000
   0.0000089800    0.0000082900    0.0000237900
  -0.0000492500    0.0000306700   -0.0000375300
  -0.0000002000   -0.0000025700    0.0000221700
  -0.0005644100   -0.0011619000    0.0035919100
  -0.0003365600   -0.0001044600   -0.0192004800
   0.0000223200   -0.0000467200   -0.0000150300
  -0.0000274900   -0.0000268300   -0.0000072700
   0.0000221400    0.0000136600   -0.0000251800
  -0.0000196600    0.0000516400   -0.0000559200
   0.0000009700    0.0000006300    0.0000018500
   0.0000504100    0.0000111600   -0.0000344800
  -0.0000012400    0.0000005000    0.0000032500
  -0.0000610900   -0.0000190600   -0.0000605100

64   
  0.0100000000000000   0.0000000000000000   0.0000000000000000
   0.0421043900   -0.0152244000    0.0300992200
   0.0005568900    0.0002330700   -0.0003646100
   0.0000372900   -0.0000224600    0.0000040800
   0.0000500100   -0.0000065200   -0.0000056200
   0.0001259500    0.0001032400   -0.0001080200
   0.0000002500   -0.0000232000    0.0000219400
   0.0007350900   -0.0011364700   -0.0004279100
  -0.0000393800    0.0000088000    0.0000220200
  -0.0001147200   -0.0001630000    0.0000400900
   0.0001517000    0.0006172200    0.0002048700
   0.0001456600   -0.0005165000    0.0000141500
  -0.0000446800   -0.0000019400    0.0000046300
  -0.0000189300   -0.0000184800   -0.0000328600
  -0.0000247500    0.0000079400   -0.0000005400
   0.0000143400    0.0000218000    0.0000162600
   0.0157934700   -0.0006458500   -0.0002181800
  -0.0000483700    0.0001232500   -0.0001356400
  -0.0001192700   -0.0001026500    0.0001554600
   0.0004575800   -0.0003499300    0.0005219100
   0.0453199500    0.0173771200   -0.0318419900
   0.0001045900    0.0000329000   -0.0000026300
   0.0000052800    0.0000179800   -0.0000172300
   0.0000567200   -0.0000773800    0.0001214700
   0.0000377800    0.0000650500    0.0000106100
   0.0005455900    0.0009442400    0.0003927800
  -0.0000987800    0.0000601300   -0.0001063700
  -0.0000185400   -0.0000027300   -0.0000168600
  -0.0000741800    0.0000029100   -0.0000169000
  -0.0044915000   -0.0000701100   -0.0000996800
  -0.0000894500   -0.0000220200    0.0000445100
  -0.0000440300   -0.0000040400    0.0000073300
  -0.0000231800   -0.0000016600    0.0000227400
  -0.0000110900    0.0000047600   -0.0000248500
   0.0005118700    0.0028664500    0.0020390500
   0.0008748800   -0.0029288900   -0.0019373200
  -0.0000162100   -0.0000035700    0.0000006500
   0.0009859600   -0.0034447600    0.0002927400
  -0.0001904600   -0.0000722400    0.0000303100
   0.0000345600   -0.0000099500   -0.0000021300
   0.0000195500   -0.0000239200    0.0000162600
   0.0000056100    0.0000156800   -0.0000076000
   0.0000011400    0.0000001300   -0.0000050300
   0.0008821700   -0.0041953800   -0.0006500900
   0.0000516800   -0.0000151600   -0.0000037700
  -0.0001892600   -0.0000429800   -0.0001255100
   0.0014881100    0.0016213400    0.0015479300
   0.0017369100   -0.0019308400   -0.0018751700
  -0.0000066900    0.0000008000   -0.0000017700
  -0.0000074100   -0.0000166900   -0.0000018200
   0.0000127100    0.0000292900    0.0000623000
  -0.0000021700    0.0000060200   -0.0000026800
   0.0000295900    0.0000115300   -0.0000022500
  -0.0000019400    0.0000242500   -0.0000195200
  -0.0000059800   -0.0000179100    0.0000195400
   0.0000830800   -0.0000781900    0.0000189100
  -0.0014299000    0.0034426000   -0.0023428800
  -0.0000118300   -0.0000175900   -0.0000021500
  -0.0000018000    0.0000153500   -0.0000021000
  -0.0000033400   -0.0000196700   -0.0000174600
  -0.0000030000   -0.0000036600    0.0000012700
  -0.0007555400    0.0003567700   -0.0002686500
   0.0000862200   -0.0000965400   -0.0000854900
  -0.0000059400    0.0000221000    0.0000035900
  -0.1152931800   -0.0005375700    0.0033782000
   0.0000122100   -0.0000364000   -0.0000538300
   0.0000127200    0.0000363000    0.0000160500
   0.0000048600    0.0000027300    0.0000886600
   0.0000197000    0.0000339200   -0.0001012800
   0.0000089100   -0.0000024300    0.0000002500
   0.0000047900    0.0000955300    0.0000774000
   0.0000089500   -0.0000026900   -0.0000013700
   0.0000197900   -0.0000392300   -0.0000380000
  -0.0028666600   -0.0001611300   -0.0003450800
   0.0000687200   -0.0001731500    0.0000194000
   0.0000789800    0.0001773400   -0.0000181700
  -0.0000890000   -0.0002770500   -0.0000536500
  -0.0001120200    0.0002607700    0.0000424500
   0.0000121900    0.0000003200   -0.0000012700
  -0.0000963300    0.0000850400   -0.0000036700
   0.0000076000    0.0000004000    0.0000014000
  -0.0001009200   -0.0000882400    0.0000051100
  -0.0001955300    0.0001357600   -0.0000502000
   0.0012909900    0.0032613900   -0.0005810100
   0.0000315500    0.0000036500   -0.0000028300
   0.0000094900   -0.0000075800    0.0000048800
   0.0000071400   -0.0000079300    0.0000110600
   0.0000133900    0.0000098800   -0.0000200300
   0.0007813400    0.0035076400    0.0009904800
  -0.0002679700    0.0001476000    0.0000673100
   0.0000419400    0.0000139400    0.0000024700
  -0.0010023100   -0.0027547300    0.0017012200
   0.0000690800    0.0000195500   -0.0000557600
   0.0000089500    0.0000177700   -0.0000002700
  -0.0000036200   -0.0000011700   -0.0000025900
  -0.0000060700    0.0000241000    0.0000149600
  -0.0000057500   -0.0000207600   -0.0000036600
  -0.0011449300   -0.0001190100    0.0003678500
   0.0000051000   -0.0000309400   -0.0000112900
   0.0000807200    0.0000236800    0.0000333600
   0.0058659500   -0.0005438300    0.0010219600
   0.0074528100    0.0002357300   -0.0013873800
   0.0000306800    0.0000002700    0.0000009500
   0.0000257400   -0.0000183600    0.0000045200
  -0.0000083700   -0.0000286400   -0.0000647100
   0.0000286400    0.0000178100   -0.0000071900
  -0.0000217400    0.0000009300   -0.0000083800
   0.0000298200   -0.0000069000    0.0000128800
   0.0000273700    0.0000202700   -0.0000145800

64   
 -0.0100000000000000   0.0000000000000000   0.0000000000000000
  -0.0430377800    0.0157116400   -0.0311627700
  -0.0005185300   -0.0002246800    0.0003647100
  -0.0000393400    0.0000245300   -0.0000040500
  -0.0000515500    0.0000065600    0.0000062400
  -0.0001294100   -0.0001011400    0.0001081700
  -0.0000002000    0.0000228800   -0.0000215100
  -0.0007220700    0.0011285400    0.0004164400
   0.0000396100   -0.0000088700   -0.0000218300
   0.0001153400    0.0001638300   -0.0000414100
  -0.0001633500   -0.0006220700   -0.0002101000
  -0.0001345500    0.0005100600   -0.0000164200
   0.0000448800    0.0000019700   -0.0000042400
   0.0000196500    0.0000174900    0.0000326200
   0.0000248700   -0.0000076400    0.0000009000
  -0.0000146500   -0.0000227500   -0.0000165600
  -0.0158039800    0.0008127400    0.0002819900
   0.0000482300   -0.0001241600    0.0001341000
   0.0001212400    0.0001010900   -0.0001567300
  -0.0004916500    0.0003609500   -0.0005237800
  -0.0443309000   -0.0168125500    0.0306670100
  -0.0001016100   -0.0000308300    0.0000022700
  -0.0000050500   -0.0000178500    0.0000176700
  -0.0000529300    0.0000783600   -0.0001218100
  -0.0000363600   -0.0000642600   -0.0000099200
  -0.0005585100   -0.0009515300   -0.0004031100
   0.0000978800   -0.0000595100    0.0001046800
   0.0000187500    0.0000025300    0.0000170300
   0.0000750800   -0.0000031800    0.0000186800
   0.0045011100    0.0001060000    0.0001070500
   0.0000889200    0.0000219400   -0.0000431400
   0.0000443000    0.0000030600   -0.0000076100
   0.0000233200    0.0000020200   -0.0000222700
   0.0000111400   -0.0000044400    0.0000254000
  -0.0005443100   -0.0029068200   -0.0020498700
  -0.0008345200    0.0028905600    0.0019265600
   0.0000163100    0.0000037200   -0.0000002200
  -0.0009803600    0.0034831400   -0.0002910600
   0.0001852300    0.0000717800   -0.0000306500
  -0.0000349200    0.0000099900    0.0000020600
  -0.0000192600    0.0000243700   -0.0000160800
  -0.0000053200   -0.0000155000    0.0000078300
  -0.0000011500    0.0000000700    0.0000054000
  -0.0009000200    0.0041790800    0.0006624500
  -0.0000511900    0.0000147300    0.0000042000
   0.0001914200    0.0000450800    0.0001275800
  -0.0014902700   -0.0016075100   -0.0015563300
  -0.0017353100    0.0019441700    0.0018648900
   0.0000066900   -0.0000005000    0.0000018400
   0.0000076900    0.0000170000    0.0000020800
  -0.0000127500   -0.0000303100   -0.0000675200
   0.0000022300   -0.0000057100    0.0000029300
  -0.0000297300   -0.0000111700    0.0000016600
   0.0000019300   -0.0000237200    0.0000197700
   0.0000063000    0.0000183300   -0.0000194800
  -0.0000789500    0.0000789300   -0.0000233300
   0.0014006600   -0.0033617800    0.0023109900
   0.0000115700    0.0000171400    0.0000022900
   0.0000017100   -0.0000148500    0.0000020900
   0.0000034800    0.0000195000    0.0000178800
   0.0000030700    0.0000036400   -0.0000012600
   0.0007707100   -0.0003592000    0.0002884000
  -0.0000840100    0.0000937100    0.0000790400
   0.0000063200   -0.0000222300   -0.0000032900
   0.1151853700   -0.0008668300   -0.0011227400
  -0.0000130300    0.0000358400    0.0000492400
  -0.0000125200   -0.0000369500   -0.0000206200
  -0.0000053800   -0.0000003200   -0.0000906600
  -0.0000189800   -0.0000315200    0.0000992400
  -0.0000088300    0.0000027700   -0.0000001800
  -0.0000054700   -0.0000938200   -0.0000762900
  -0.0000087700    0.0000025100    0.0000017000
  -0.0000188900    0.0000408400    0.0000386500
   0.0028687600    0.0001590700    0.0004170800
  -0.0000690300    0.0001715300   -0.0000185800
  -0.0000786400   -0.0001791400    0.0000190000
   0.0000909000    0.0002787600    0.0000547900
   0.0001105100   -0.0002596100   -0.0000420900
  -0.0000121100   -0.0000001500    0.0000012600
   0.0000946000   -0.0000850800    0.0000046500
  -0.0000075000   -0.0000004400   -0.0000014500
   0.0001028900    0.0000879100   -0.0000041900
   0.0002017500   -0.0001373100    0.0000492200
  -0.0012952600   -0.0032303900    0.0005813600
  -0.0000311900   -0.0000036900    0.0000028300
  -0.0000092700    0.0000077300   -0.0000046100
  -0.0000071600    0.0000083500   -0.0000108300
  -0.0000134600   -0.0000096100    0.0000200600
  -0.0007712100   -0.0035245800   -0.0009875400
   0.0002657700   -0.0001439700   -0.0000657100
  -0.0000421900   -0.0000143400   -0.0000021700
   0.0010313500    0.0028276000   -0.0017244800
  -0.0000724800   -0.0000193200    0.0000516800
  -0.0000086000   -0.0000183300    0.0000002800
   0.0000038600    0.0000013100    0.0000025800
   0.0000061500   -0.0000243400   -0.0000146300
   0.0000060800    0.0000214800    0.0000036500
   0.0011347200    0.0001180400   -0.0003539300
  -0.0000052600    0.0000306400    0.0000115500
  -0.0000820000   -0.0000250400   -0.0000394700
  -0.0060294200    0.0005493100   -0.0010523700
  -0.0072594400   -0.0002345200    0.0013580300
  -0.0000305900   -0.0000008100   -0.0000009300
  -0.0000257900    0.0000188700   -0.0000046700
   0.0000078700    0.0000302200    0.0000638400
  -0.0000283400   -0.0000174800    0.0000071100
   0.0000219200    0.0000016900    0.0000104500
  -0.0000296500    0.0000070200   -0.0000131200
  -0.0000272500   -0.0000202300    0.0000144400

64   
  0.0000000000000000   0.0000000000000000   0.0100000000000000
   0.0280581600   -0.0165761500    0.0449779800
  -0.0000990400    0.0000210700    0.0007986000
  -0.0000670200    0.0000470000    0.0000004700
  -0.0000679900   -0.0000007300   -0.0000136600
  -0.0000162100    0.0001137300   -0.0000455000
   0.0000143200   -0.0000112300    0.0000049400
  -0.0000889000   -0.0002962800    0.0006265600
   0.0000126000   -0.0000092000   -0.0000003700
  -0.0000962700   -0.0000252400   -0.0000134100
  -0.0003010200    0.0000711000    0.0006265600
  -0.0000312500   -0.0000963500    0.0007985900
  -0.0000025400    0.0000179800    0.0000049400
  -0.0000346000   -0.0000585500   -0.0000136600
  -0.0000016400    0.0000154800   -0.0000003800
   0.0000072200   -0.0000815700    0.0000004700
  -0.0003262900    0.0325871200    0.0449780000
   0.0000904100   -0.0000709500   -0.0000454900
  -0.0000699700   -0.0000708000   -0.0000134200
  -0.0000073000    0.0000462400    0.0007694400
  -0.0310416900   -0.0179219900    0.0461698600
   0.0000540400    0.0000512200   -0.0000183500
  -0.0000058800   -0.0000034400    0.0000036100
   0.0000745700    0.0001213200   -0.0000837200
   0.0000713900    0.0000211700   -0.0000183700
   0.0000364200   -0.0000294700    0.0007694700
   0.0001423500    0.0000039000   -0.0000837300
  -0.0000117000   -0.0000068000   -0.0000079700
   0.0000293800   -0.0000367700    0.0000650500
  -0.0002199400   -0.0011418100    0.0025052000
  -0.0000414000   -0.0000239100    0.0000410800
  -0.0000171400    0.0000438300    0.0000650300
   0.0000171800    0.0000098800   -0.0000025700
  -0.0000059400    0.0000052200    0.0000024400
   0.0010702900    0.0006179100    0.0020148200
  -0.0010987500    0.0003803700    0.0025051900
   0.0000015400   -0.0000078000    0.0000024400
  -0.0007261100    0.0012370200   -0.0034366700
  -0.0001072000   -0.0000619300    0.0000706900
  -0.0000017200   -0.0000146700   -0.0000284500
   0.0000178700    0.0000102900    0.0000130600
  -0.0000025200    0.0000091700   -0.0000220600
  -0.0000135400    0.0000058100   -0.0000284400
   0.0007082500   -0.0012473700   -0.0034366200
   0.0000067100   -0.0000068100   -0.0000220600
   0.0000229900    0.0000132400    0.0000421200
   0.0016028900    0.0014593400    0.0002253700
  -0.0018271500    0.0018351300    0.0004017100
   0.0000005700    0.0000024500    0.0000111600
   0.0000152200   -0.0000021800    0.0000084900
   0.0000090800   -0.0000086300   -0.0003630100
  -0.0000158200    0.0000028500    0.0000145000
   0.0000211700    0.0001174500   -0.0002971600
  -0.0000059900   -0.0000011800    0.0000118800
   0.0000010500    0.0000009200    0.0000035600
   0.0001123300   -0.0000404300   -0.0002971400
   0.0006757100   -0.0024999600    0.0004017500
  -0.0000054100   -0.0000151600    0.0000145100
   0.0000057500    0.0000142200    0.0000084800
  -0.0000040000   -0.0000046400    0.0000118800
   0.0000024300   -0.0000007700    0.0000111500
   0.0020652800    0.0006584300    0.0002253700
  -0.0000029000    0.0000121300   -0.0003630100
   0.0000013400    0.0000004100    0.0000035600
   0.0021999100    0.0012731300   -0.1426848000
   0.0000168600   -0.0000551000   -0.0003043100
  -0.0000496600   -0.0000861200   -0.0003046400
   0.0000783000    0.0000567100   -0.0002595000
  -0.0000392900    0.0000421100   -0.0003042800
  -0.0000014900   -0.0000009000    0.0000035500
   0.0000882600    0.0000393900   -0.0002594800
   0.0000002000    0.0000001000    0.0000035500
  -0.0000993800    0.0000000300   -0.0003046200
   0.0002939300    0.0001696400    0.0183578900
   0.0000349700   -0.0000465200    0.0000333000
  -0.0000386400   -0.0000469300    0.0000283300
   0.0000287300    0.0000432900    0.0000659000
  -0.0000227700    0.0000535200    0.0000332800
  -0.0000008500   -0.0000005300   -0.0000017800
   0.0000518900    0.0000031900    0.0000658900
  -0.0000014200   -0.0000008500   -0.0000002900
  -0.0000599300   -0.0000100400    0.0000283200
   0.0001086500   -0.0000002100    0.0000382800
   0.0007392500    0.0009871200   -0.0036131400
  -0.0000080000   -0.0000079400   -0.0000232700
   0.0000096600    0.0000070900   -0.0000308400
   0.0000065800    0.0000029000   -0.0000217800
  -0.0000186500    0.0000093300    0.0000077300
   0.0000175200   -0.0010634600   -0.0037103300
  -0.0000074300    0.0000157300    0.0000343100
   0.0000047400   -0.0000050400   -0.0000338400
  -0.0003349900   -0.0020334000    0.0003002100
  -0.0000537100   -0.0000310400   -0.0003256900
   0.0000141600   -0.0000175300    0.0000118400
   0.0000011700    0.0000006500    0.0000091300
   0.0000022500   -0.0000044000    0.0000124100
  -0.0000080700    0.0000210000    0.0000118300
  -0.0019284500    0.0007265500    0.0003002200
  -0.0000026700    0.0000041100    0.0000124200
   0.0000154000    0.0000088700   -0.0003779000
  -0.0009122100    0.0005468900   -0.0037102200
   0.0012245200    0.0001466100   -0.0036129500
  -0.0000012100   -0.0000208800    0.0000076800
   0.0000110000    0.0000047700   -0.0000308500
   0.0000099400   -0.0000143300    0.0000343000
  -0.0000108500   -0.0000030100   -0.0000232600
   0.0000541600    0.0000941500    0.0000383000
   0.0000058400    0.0000042200   -0.0000218000
  -0.0000019600    0.0000065900   -0.0000338400

64   
  0.0000000000000000   0.0000000000000000  -0.0100000000000000
  -0.0290414700    0.0171393000   -0.0458113500
   0.0001412900   -0.0000274900   -0.0008064000
   0.0000688200   -0.0000467500   -0.0000028000
   0.0000686200   -0.0000000600    0.0000105900
   0.0000200900   -0.0001172900    0.0000446900
  -0.0000152400    0.0000117600   -0.0000054200
   0.0001172600    0.0002643000   -0.0006373700
  -0.0000125900    0.0000093600    0.0000002000
   0.0001000100    0.0000230300    0.0000131500
   0.0002875000   -0.0000305900   -0.0006373700
   0.0000468300    0.0001361100   -0.0008064000
   0.0000025600   -0.0000190700   -0.0000054100
   0.0000342600    0.0000594600    0.0000105900
   0.0000018300   -0.0000155800    0.0000001900
  -0.0000060700    0.0000829700   -0.0000028000
   0.0003223400   -0.0337202500   -0.0458113700
  -0.0000915300    0.0000760400    0.0000446900
   0.0000699400    0.0000750900    0.0000131500
  -0.0000331700   -0.0000508100   -0.0007742700
   0.0321636500    0.0185696800   -0.0470649000
  -0.0000560300   -0.0000507000    0.0000165800
   0.0000065500    0.0000037800   -0.0000041700
  -0.0000793900   -0.0001236600    0.0000842000
  -0.0000719300   -0.0000231600    0.0000165800
  -0.0000605900   -0.0000033000   -0.0007742500
  -0.0001468000   -0.0000069200    0.0000842000
   0.0000116700    0.0000067300    0.0000077800
  -0.0000298700    0.0000374100   -0.0000689400
   0.0002137200    0.0011097400   -0.0025037200
   0.0000422600    0.0000244000   -0.0000439900
   0.0000174500   -0.0000445600   -0.0000689400
  -0.0000176300   -0.0000101700    0.0000019500
   0.0000062500   -0.0000054600   -0.0000030600
  -0.0010444800   -0.0006030400   -0.0020148800
   0.0010679200   -0.0003697800   -0.0025037300
  -0.0000015600    0.0000081200   -0.0000030700
   0.0007361600   -0.0012612000    0.0034725500
   0.0001041000    0.0000601000   -0.0000704200
   0.0000021500    0.0000150300    0.0000296300
  -0.0000180700   -0.0000104300   -0.0000122000
   0.0000022100   -0.0000095800    0.0000224500
   0.0000140900   -0.0000056600    0.0000296300
  -0.0007241700    0.0012681400    0.0034725400
  -0.0000071900    0.0000067000    0.0000224500
  -0.0000202600   -0.0000117000   -0.0000373800
  -0.0015896000   -0.0014456000   -0.0002298200
   0.0018122900   -0.0018190600   -0.0004068800
  -0.0000005600   -0.0000028000   -0.0000110100
  -0.0000156300    0.0000024200   -0.0000081600
  -0.0000089300    0.0000145400    0.0003625000
   0.0000162100   -0.0000026000   -0.0000144100
  -0.0000230900   -0.0001185600    0.0003008700
   0.0000059500    0.0000014000   -0.0000119800
  -0.0000010900   -0.0000007900   -0.0000035900
  -0.0001142200    0.0000392800    0.0003008800
  -0.0006692000    0.0024790100   -0.0004069000
   0.0000058600    0.0000153300   -0.0000144000
  -0.0000057100   -0.0000147500   -0.0000081700
   0.0000041800    0.0000044500   -0.0000119800
  -0.0000027100    0.0000009200   -0.0000110100
  -0.0020467200   -0.0006538300   -0.0002298200
   0.0000081200   -0.0000150000    0.0003625000
  -0.0000012300   -0.0000005500   -0.0000035900
  -0.0023019600   -0.0013289100    0.1454593200
  -0.0000198000    0.0000545900    0.0003102500
   0.0000532800    0.0000860000    0.0003099200
  -0.0000754000   -0.0000615800    0.0002658700
   0.0000373700   -0.0000444700    0.0003102300
   0.0000015900    0.0000009100   -0.0000030900
  -0.0000910400   -0.0000345100    0.0002658700
  -0.0000002200   -0.0000001200   -0.0000030700
   0.0001011300    0.0000031600    0.0003098900
  -0.0003018200   -0.0001743200   -0.0187351100
  -0.0000356900    0.0000463700   -0.0000356600
   0.0000401200    0.0000465800   -0.0000302700
  -0.0000276900   -0.0000437900   -0.0000677200
   0.0000223200   -0.0000540900   -0.0000356600
   0.0000009400    0.0000005300    0.0000019500
  -0.0000517700   -0.0000020900   -0.0000677300
   0.0000014200    0.0000008100    0.0000004800
   0.0000604100    0.0000114500   -0.0000302600
  -0.0001045400   -0.0000033700   -0.0000373500
  -0.0007417300   -0.0010109300    0.0036442200
   0.0000076900    0.0000080500    0.0000242700
  -0.0000099400   -0.0000069000    0.0000320400
  -0.0000063200   -0.0000033800    0.0000218100
   0.0000187600   -0.0000094900   -0.0000069200
  -0.0000095100    0.0010668300    0.0037458300
   0.0000056700   -0.0000150500   -0.0000300200
  -0.0000041500    0.0000049000    0.0000341100
   0.0003259400    0.0020157900   -0.0003044600
   0.0000532000    0.0000307200    0.0003294600
  -0.0000145800    0.0000178900   -0.0000117200
  -0.0000009700   -0.0000005500   -0.0000088600
  -0.0000023500    0.0000043800   -0.0000124600
   0.0000082100   -0.0000215700   -0.0000117300
   0.0019087000   -0.0007256200   -0.0003044900
   0.0000026100   -0.0000042300   -0.0000124600
  -0.0000198600   -0.0000114600    0.0003775100
   0.0009191500   -0.0005416700    0.0037457000
  -0.0012463700   -0.0001369000    0.0036440700
   0.0000011700    0.0000210300   -0.0000068800
  -0.0000109500   -0.0000051600    0.0000320400
  -0.0000101900    0.0000124400   -0.0000300200
   0.0000108100    0.0000026300    0.0000242800
  -0.0000551900   -0.0000888500   -0.0000373500
  -0.0000060800   -0.0000037800    0.0000218100
   0.0000021700   -0.0000060500    0.0000341100

73   
  0.0100000000000000   0.0000000000000000   0.0000000000000000
   0.0405417800   -0.0143099400   -0.0283736900
   0.0007277500    0.0002266200    0.0002818100
   0.0000404300   -0.0000172900    0.0000030300
   0.0000155500   -0.0000424900    0.0000092100
   0.0001288200    0.0000792200    0.0001236300
   0.0000004200   -0.0000223500   -0.0000177700
   0.0006916000   -0.0009334100    0.0002420800
  -0.0000299600    0.0000050000   -0.0000203600
  -0.0001335000   -0.0001359400   -0.0000356600
   0.0000818700    0.0005840800   -0.0001707100
   0.0001142700   -0.0004341400   -0.0000148600
  -0.0000360500    0.0000015900    0.0000031700
  -0.0000250300   -0.0000270300    0.0000206700
  -0.0000223500   -0.0000000900    0.0000012200
  -0.0000044600    0.0000199800   -0.0000100000
   0.0163310700    0.0000976700    0.0005255900
  -0.0000621800    0.0000799800    0.0001594500
  -0.0000705700   -0.0000886400   -0.0001281100
   0.0006139000   -0.0002891800   -0.0006174500
   0.0443014700    0.0166078400    0.0317163800
   0.0001179000    0.0000313600    0.0000136600
   0.0000058400    0.0000171600    0.0000259900
   0.0000850400   -0.0001154800   -0.0001146900
   0.0000422200    0.0000841600   -0.0000146700
   0.0005301600    0.0009120800   -0.0003879700
  -0.0000980900    0.0000719300    0.0000842800
  -0.0000122000   -0.0000036200    0.0000202600
  -0.0000718700    0.0000219400   -0.0000020500
  -0.0040922100    0.0000629000    0.0003656600
  -0.0000836400   -0.0000260000   -0.0000256600
  -0.0000410500    0.0000062900   -0.0000150800
  -0.0000202000   -0.0000044900   -0.0000259700
  -0.0000175300    0.0000008600    0.0000268400
   0.0005586100    0.0027798900   -0.0020136100
   0.0009334000   -0.0027165200    0.0020478200
  -0.0000149000   -0.0000015400   -0.0000014400
  -0.0008280400   -0.0024221000   -0.0022699800
   0.0000324400    0.0000355100    0.0000170700
  -0.0000000700    0.0000140900   -0.0000026900
  -0.0000055200   -0.0000021300   -0.0000035900
  -0.0000001500    0.0000216000   -0.0000085300
  -0.0000092400   -0.0000165300    0.0000017900
  -0.0011437800   -0.0000312000   -0.0006300300
   0.0000002300   -0.0000230100    0.0000055700
   0.0000826800    0.0000552200   -0.0000472500
   0.0060278600   -0.0004287900   -0.0011182400
   0.0077079900    0.0002504200    0.0014246000
   0.0000281800   -0.0000059200   -0.0000032700
   0.0000249700   -0.0000085800   -0.0000029600
  -0.0000392300   -0.0000276600   -0.0000002600
   0.0000191800    0.0000085500    0.0000055400
  -0.0000504200    0.0000316100   -0.0000010500
   0.0000196400   -0.0000102500   -0.0000114500
   0.0000258000    0.0000082500    0.0000073400
  -0.0001724900    0.0000953500    0.0000544800
   0.0012780700    0.0034061000    0.0005460400
   0.0000212200    0.0000090900    0.0000036200
   0.0000111900   -0.0000003500   -0.0000013100
   0.0000018200   -0.0000025600   -0.0000087400
   0.0000166400    0.0000117300    0.0000206700
   0.0007076400    0.0035261600   -0.0009060500
  -0.0002622300    0.0000991900   -0.0000941700
   0.0000255500    0.0000120600   -0.0000080500
  -0.0028662600   -0.0001609800    0.0002612700
   0.0000786600   -0.0001931900   -0.0000398800
   0.0000691700    0.0001554700    0.0000349400
  -0.0000943900   -0.0002740500    0.0000514600
  -0.0001024800    0.0002830800   -0.0000603000
   0.0000076000    0.0000005400   -0.0000014500
  -0.0000906600    0.0000816700    0.0000276600
   0.0000122200    0.0000001800   -0.0000009100
  -0.0001102300   -0.0000683700   -0.0000230600
  -0.1134749100   -0.0032280000   -0.0044008400
  -0.0000243300   -0.0000196100    0.0000660600
  -0.0000232700    0.0000418000    0.0000064500
   0.0000072500    0.0000136100   -0.0000641800
   0.0000341900    0.0000099800    0.0001067500
   0.0000064100    0.0000005700   -0.0000015800
   0.0000075800    0.0000707000   -0.0000308600
   0.0000064400    0.0000003700    0.0000024300
   0.0000343200   -0.0000523100    0.0000506400
   0.0001092500   -0.0000712600   -0.0000063000
  -0.0012452600    0.0035644100    0.0024222600
  -0.0000050500   -0.0000211400    0.0000006700
  -0.0000076400    0.0000169700   -0.0000006700
   0.0000021400   -0.0000126000    0.0000140300
  -0.0000022100   -0.0000036900   -0.0000011100
  -0.0012199100    0.0001031100    0.0003676900
   0.0001321700   -0.0000750100    0.0000731800
   0.0000004600    0.0000176800   -0.0000075800
   0.0006275800   -0.0027917400   -0.0005007100
  -0.0002406400   -0.0000869600   -0.0000260100
   0.0000312800   -0.0000058400   -0.0000034500
   0.0000253700   -0.0000042500   -0.0000226200
   0.0000112000    0.0000035800    0.0000123100
   0.0000047700    0.0000030500    0.0000004900
   0.0006449500   -0.0038205100    0.0007569600
   0.0000307500   -0.0000116400    0.0000054900
  -0.0002025700   -0.0000966900    0.0001183400
   0.0015088600    0.0010991400   -0.0016315400
   0.0017515100   -0.0017067700    0.0018222200
  -0.0000065900    0.0000027900   -0.0000000600
  -0.0000074800   -0.0000183600   -0.0000008300
   0.0000197300    0.0000453800   -0.0000272500
  -0.0000054700    0.0000191900    0.0000044700
   0.0000241900    0.0000571500   -0.0000033200
   0.0000000000    0.0000233900    0.0000166100
  -0.0000050200   -0.0000190800   -0.0000179600

73   
 -0.0100000000000000   0.0000000000000000   0.0000000000000000
  -0.0414655600    0.0147911900    0.0294080000
  -0.0006863900   -0.0002178600   -0.0002844100
  -0.0000426900    0.0000194100   -0.0000031900
  -0.0000171400    0.0000426400   -0.0000102700
  -0.0001317800   -0.0000767300   -0.0001246400
  -0.0000005600    0.0000220200    0.0000173200
  -0.0006797100    0.0009278100   -0.0002329300
   0.0000300800   -0.0000050000    0.0000200200
   0.0001336500    0.0001370100    0.0000366800
  -0.0000912700   -0.0005878600    0.0001693200
  -0.0001023900    0.0004305700    0.0000157500
   0.0000362300   -0.0000017300   -0.0000037000
   0.0000255800    0.0000260600   -0.0000206400
   0.0000223500    0.0000004900   -0.0000018200
   0.0000040700   -0.0000209000    0.0000100100
  -0.0163441100    0.0000629000   -0.0005820000
   0.0000620600   -0.0000816700   -0.0001579700
   0.0000716400    0.0000872800    0.0001291700
  -0.0006497500    0.0002980400    0.0006172600
  -0.0433216000   -0.0160486000   -0.0305520600
  -0.0001145600   -0.0000290300   -0.0000132600
  -0.0000056500   -0.0000170000   -0.0000265200
  -0.0000815600    0.0001169000    0.0001150200
  -0.0000406000   -0.0000833000    0.0000139600
  -0.0005412700   -0.0009183000    0.0003982100
   0.0000975900   -0.0000713100   -0.0000829700
   0.0000123900    0.0000033400   -0.0000204600
   0.0000733700   -0.0000223600   -0.0000000800
   0.0040990800   -0.0000303800   -0.0003790300
   0.0000832400    0.0000258800    0.0000237200
   0.0000413600   -0.0000072700    0.0000154500
   0.0000203700    0.0000048100    0.0000253900
   0.0000175400   -0.0000006100   -0.0000274700
  -0.0005916400   -0.0028214700    0.0020261700
  -0.0008965100    0.0026808400   -0.0020395500
   0.0000150000    0.0000016200    0.0000009300
   0.0008493000    0.0024880900    0.0023085200
  -0.0000377000   -0.0000352400   -0.0000133900
   0.0000005200   -0.0000146700    0.0000026100
   0.0000057400    0.0000022200    0.0000036600
   0.0000001000   -0.0000220900    0.0000081800
   0.0000095600    0.0000172800   -0.0000017800
   0.0011356200    0.0000287500    0.0006178400
  -0.0000005700    0.0000227200   -0.0000057800
  -0.0000841600   -0.0000567600    0.0000522600
  -0.0061956100    0.0004328100    0.0011493900
  -0.0075158700   -0.0002518000   -0.0013955000
  -0.0000282000    0.0000053700    0.0000032900
  -0.0000251400    0.0000089900    0.0000030900
   0.0000395600    0.0000297000    0.0000019700
  -0.0000189300   -0.0000083300   -0.0000054500
   0.0000500200   -0.0000293200   -0.0000007600
  -0.0000194800    0.0000103000    0.0000116300
  -0.0000257600   -0.0000081200   -0.0000071200
   0.0001772000   -0.0000967000   -0.0000531000
  -0.0012802100   -0.0033735800   -0.0005442000
  -0.0000207900   -0.0000089200   -0.0000035300
  -0.0000109700    0.0000004000    0.0000009200
  -0.0000018300    0.0000029900    0.0000083400
  -0.0000168300   -0.0000114800   -0.0000206700
  -0.0006941500   -0.0035432000    0.0009001800
   0.0002604000   -0.0000966800    0.0000927100
  -0.0000257700   -0.0000124100    0.0000078700
   0.0028702900    0.0001591700   -0.0003346100
  -0.0000790200    0.0001916400    0.0000390000
  -0.0000686100   -0.0001568400   -0.0000357000
   0.0000964800    0.0002754200   -0.0000521400
   0.0001012700   -0.0002821200    0.0000601200
  -0.0000075500   -0.0000002800    0.0000014700
   0.0000892100   -0.0000820800   -0.0000286800
  -0.0000121100   -0.0000002700    0.0000009600
   0.0001122600    0.0000683100    0.0000221000
   0.1133782900    0.0018523500    0.0021632700
   0.0000227900    0.0000195700   -0.0000610900
   0.0000238400   -0.0000424000   -0.0000018700
  -0.0000079900   -0.0000107100    0.0000667400
  -0.0000338500   -0.0000076600   -0.0001041000
  -0.0000063700   -0.0000003300    0.0000016200
  -0.0000076500   -0.0000697100    0.0000302800
  -0.0000063400   -0.0000005400   -0.0000027500
  -0.0000337300    0.0000534100   -0.0000507800
  -0.0001049900    0.0000720000    0.0000114500
   0.0012163000   -0.0034826500   -0.0023882100
   0.0000046900    0.0000204300   -0.0000007800
   0.0000075900   -0.0000164700    0.0000007000
  -0.0000020300    0.0000122600   -0.0000143100
   0.0000022500    0.0000036300    0.0000010900
   0.0012354700   -0.0001060500   -0.0003866100
  -0.0001301400    0.0000736500   -0.0000681400
  -0.0000001200   -0.0000178600    0.0000074000
  -0.0006230800    0.0028241300    0.0005104400
   0.0002341300    0.0000858200    0.0000273400
  -0.0000318400    0.0000057700    0.0000036300
  -0.0000250700    0.0000045700    0.0000227400
  -0.0000110800   -0.0000033100   -0.0000124300
  -0.0000048300   -0.0000029100   -0.0000007700
  -0.0006605300    0.0038023900   -0.0007648600
  -0.0000302700    0.0000112400   -0.0000056800
   0.0002045000    0.0000996600   -0.0001205200
  -0.0015082000   -0.0010798200    0.0016407900
  -0.0017513700    0.0017207500   -0.0018111600
   0.0000065300   -0.0000025900    0.0000000100
   0.0000077900    0.0000188200    0.0000007200
  -0.0000201900   -0.0000491100    0.0000323500
   0.0000053300   -0.0000188200   -0.0000046800
  -0.0000241900   -0.0000567300    0.0000039800
  -0.0000000800   -0.0000229100   -0.0000167300
   0.0000052800    0.0000194800    0.0000178100

73   
  0.0000000000000000   0.0000000000000000   0.0100000000000000
  -0.0280687300    0.0165094400    0.0459212800
   0.0000960300   -0.0000568400    0.0008977700
   0.0000643600   -0.0000473100    0.0000143600
   0.0000840000   -0.0000177700   -0.0000032400
   0.0000569400   -0.0001358100   -0.0000628900
  -0.0000126400    0.0000063300    0.0000021600
   0.0000359400   -0.0000965000    0.0008688300
  -0.0000114600    0.0000158900    0.0000042100
   0.0001417200    0.0000147300   -0.0000206300
  -0.0000656200    0.0000794000    0.0008688400
  -0.0000012200    0.0001116200    0.0008977700
  -0.0000008500   -0.0000141000    0.0000021600
   0.0000266000    0.0000816500   -0.0000032400
   0.0000080300   -0.0000178500    0.0000042000
  -0.0000088000    0.0000794100    0.0000143600
   0.0002632000   -0.0325628300    0.0459212000
  -0.0000891600    0.0001172200   -0.0000628900
   0.0000836000    0.0001153800   -0.0000206300
  -0.0000143500    0.0000315300    0.0009013400
   0.0321381300    0.0185549800    0.0469753600
  -0.0000570400   -0.0000587000   -0.0000195600
   0.0000076600    0.0000044300    0.0000038300
  -0.0001043100   -0.0001321300   -0.0000619700
  -0.0000793800   -0.0000200100   -0.0000195700
   0.0000201400   -0.0000281600    0.0009013500
  -0.0001665900   -0.0000242400   -0.0000619800
   0.0000084500    0.0000048700   -0.0000033100
  -0.0000762000    0.0000421800    0.0000937800
   0.0001212500    0.0010971700    0.0025233100
   0.0000497400    0.0000287400    0.0000435600
  -0.0000016000   -0.0000870800    0.0000937800
  -0.0000106100   -0.0000061100   -0.0000008500
   0.0000035300   -0.0000064900    0.0000063500
  -0.0006510000   -0.0003758300    0.0019297700
   0.0010108000   -0.0004435800    0.0025232900
  -0.0000038300    0.0000062900    0.0000063400
   0.0002717200    0.0015681200    0.0002587500
   0.0000932600    0.0000538500   -0.0003605800
  -0.0000065600    0.0000166000    0.0000100900
  -0.0000011800   -0.0000006700    0.0000127300
  -0.0000030700    0.0000052900    0.0000172400
   0.0000110900   -0.0000139600    0.0000100900
   0.0014938800   -0.0005487300    0.0002587500
   0.0000030400   -0.0000052900    0.0000172500
  -0.0000855500   -0.0000493800   -0.0002416900
   0.0009924600   -0.0003983800   -0.0040932700
  -0.0012922600   -0.0001730900   -0.0035787400
   0.0000032700    0.0000237700    0.0000043300
  -0.0000048800   -0.0000047200   -0.0000306100
   0.0000005800    0.0000249600    0.0000108600
   0.0000079100    0.0000052900   -0.0000211100
  -0.0000029100   -0.0000899200    0.0000196200
  -0.0000024000   -0.0000015500   -0.0000207400
   0.0000014900   -0.0000031300   -0.0000296500
  -0.0000793300    0.0000424500    0.0000196300
  -0.0007960500   -0.0010325600   -0.0035788800
   0.0000085300    0.0000042300   -0.0000211000
  -0.0000065300   -0.0000018600   -0.0000306100
  -0.0000025500   -0.0000012900   -0.0000207400
   0.0000222300   -0.0000090600    0.0000043700
   0.0001512000    0.0010587300   -0.0040933900
   0.0000219000   -0.0000119600    0.0000108600
  -0.0000019900    0.0000028800   -0.0000296600
  -0.0003844400   -0.0002219600    0.0187407200
  -0.0000189900    0.0000160200    0.0000303300
   0.0000194200    0.0000379900    0.0000352700
  -0.0000038000   -0.0000610100    0.0000682500
   0.0000043700   -0.0000244400    0.0000303100
   0.0000013700    0.0000008000   -0.0000003800
  -0.0000547500    0.0000272200    0.0000682500
  -0.0000013300   -0.0000007500   -0.0000018800
   0.0000425900   -0.0000021600    0.0000352600
  -0.0033405600   -0.0019299500   -0.1447439100
   0.0000025700    0.0000558400   -0.0003070400
   0.0000654600    0.0000849500   -0.0003066200
  -0.0000294500   -0.0000593600   -0.0003199100
   0.0000496100   -0.0000256800   -0.0003070200
   0.0000026200    0.0000015100    0.0000011700
  -0.0000661400    0.0000041700   -0.0003199000
  -0.0000016100   -0.0000009200    0.0000011500
   0.0001062900    0.0000142600   -0.0003065900
  -0.0001766200    0.0000335000   -0.0003519100
  -0.0005406700    0.0024938800    0.0004190500
   0.0000056800    0.0000177000    0.0000170200
  -0.0000111800   -0.0000137200    0.0000082000
   0.0000015600    0.0000055400    0.0000104600
  -0.0000016400    0.0000018700    0.0000109900
  -0.0018805100   -0.0006859600    0.0002392300
   0.0000180700   -0.0000130400   -0.0003156100
  -0.0000028100    0.0000021700    0.0000041600
   0.0006384500   -0.0008669900   -0.0040038200
   0.0001206500    0.0000696700    0.0000185400
   0.0000041500    0.0000132100   -0.0000357200
  -0.0000224500   -0.0000129500    0.0000042300
   0.0000011700    0.0000000700   -0.0000317900
   0.0000135100   -0.0000030000   -0.0000357200
  -0.0004316500    0.0009864000   -0.0040037600
   0.0000006300    0.0000010000   -0.0000317900
  -0.0000246500   -0.0000142100    0.0000569300
  -0.0015343200   -0.0012855800    0.0002392400
   0.0018894100   -0.0017151500    0.0004190300
   0.0000007900   -0.0000023200    0.0000109900
  -0.0000174900   -0.0000028100    0.0000082000
  -0.0000022700    0.0000221900   -0.0003156100
   0.0000181600   -0.0000039200    0.0000170100
  -0.0000593100   -0.0001697000   -0.0003519100
   0.0000055700   -0.0000014000    0.0000104600
   0.0000004700   -0.0000035000    0.0000041600

73   
  0.0000000000000000   0.0000000000000000  -0.0100000000000000
   0.0271015600   -0.0159390900   -0.0450905000
  -0.0000533000    0.0000499100   -0.0008898200
  -0.0000628000    0.0000474500   -0.0000118600
  -0.0000831500    0.0000165500    0.0000059700
  -0.0000531400    0.0001328700    0.0000634900
   0.0000118800   -0.0000056300   -0.0000015600
  -0.0000111600    0.0000643500   -0.0008583500
   0.0000114300   -0.0000157000   -0.0000038200
  -0.0001379500   -0.0000161300    0.0000209200
   0.0000501600   -0.0000418700   -0.0008583500
   0.0000165800   -0.0000711400   -0.0008898200
   0.0000010800    0.0000130900   -0.0000015600
  -0.0000272300   -0.0000803000    0.0000059700
  -0.0000078700    0.0000177300   -0.0000038300
   0.0000097100   -0.0000781200   -0.0000118600
  -0.0002528900    0.0314400600   -0.0450904300
   0.0000885100   -0.0001124700    0.0000634900
  -0.0000829300   -0.0001114200    0.0000209300
  -0.0000239100   -0.0000352800   -0.0008948600
  -0.0310186900   -0.0179086500   -0.0460934300
   0.0000550000    0.0000589800    0.0000217700
  -0.0000069900   -0.0000040800   -0.0000032700
   0.0000998800    0.0001290500    0.0000609100
   0.0000785600    0.0000181400    0.0000217600
  -0.0000425100   -0.0000031000   -0.0008948400
   0.0001616700    0.0000219900    0.0000609100
  -0.0000085600   -0.0000049700    0.0000036100
   0.0000750500   -0.0000415300   -0.0000896000
  -0.0001234400   -0.0011317400   -0.0025224200
  -0.0000490300   -0.0000283100   -0.0000398400
   0.0000015700    0.0000857700   -0.0000896200
   0.0000100600    0.0000057900    0.0000014500
  -0.0000032300    0.0000062300   -0.0000056800
   0.0006797100    0.0003924300   -0.0019321700
  -0.0010417800    0.0004589200   -0.0025224200
   0.0000037900   -0.0000059700   -0.0000056700
  -0.0002758900   -0.0015897500   -0.0002568300
  -0.0000924700   -0.0000534100    0.0003586200
   0.0000062000   -0.0000162100   -0.0000101200
   0.0000012100    0.0000006800   -0.0000128700
   0.0000029900   -0.0000051800   -0.0000169800
  -0.0000109300    0.0000134600   -0.0000101200
  -0.0015147000    0.0005559300   -0.0002568100
  -0.0000029800    0.0000051500   -0.0000169800
   0.0000794600    0.0000458600    0.0002453900
  -0.0009852900    0.0004003700    0.0040537000
   0.0012687800    0.0001821600    0.0035498800
  -0.0000033500   -0.0000236900   -0.0000051700
   0.0000048900    0.0000044900    0.0000294700
  -0.0000007300   -0.0000266000   -0.0000153300
  -0.0000079900   -0.0000055400    0.0000200900
   0.0000013800    0.0000939700   -0.0000200600
   0.0000021200    0.0000020500    0.0000208800
  -0.0000011600    0.0000035800    0.0000296100
   0.0000820900   -0.0000458100   -0.0000200300
   0.0007921700    0.0010076800    0.0035500300
  -0.0000087800   -0.0000041700    0.0000201000
   0.0000063500    0.0000019600    0.0000294700
   0.0000028300    0.0000007900    0.0000208700
  -0.0000222100    0.0000089500   -0.0000052200
  -0.0001458900   -0.0010535000    0.0040538300
  -0.0000233900    0.0000126400   -0.0000153400
   0.0000025300   -0.0000028100    0.0000296100
   0.0003780800    0.0002182300   -0.0183574700
   0.0000182000   -0.0000161400   -0.0000284100
  -0.0000184400   -0.0000377000   -0.0000338100
   0.0000046200    0.0000594200   -0.0000655200
  -0.0000048600    0.0000238200   -0.0000284000
  -0.0000013900   -0.0000008200    0.0000002900
   0.0000537700   -0.0000257400   -0.0000655100
   0.0000013000    0.0000007500    0.0000017500
  -0.0000418600    0.0000028600   -0.0000338100
   0.0032236700    0.0018627600    0.1419810100
  -0.0000058800   -0.0000564400    0.0003010200
  -0.0000617000   -0.0000851700    0.0003014800
   0.0000316900    0.0000564700    0.0003139100
  -0.0000518100    0.0000231000    0.0003010000
  -0.0000025700   -0.0000015000   -0.0000015400
   0.0000647500   -0.0000008100    0.0003139100
   0.0000015900    0.0000009000   -0.0000015500
  -0.0001045600   -0.0000108600    0.0003014400
   0.0001746800   -0.0000326700    0.0003479500
   0.0005473400   -0.0025125100   -0.0004127600
  -0.0000052900   -0.0000173400   -0.0000171700
   0.0000110800    0.0000132300   -0.0000085300
  -0.0000014900   -0.0000054200   -0.0000103100
   0.0000013800   -0.0000017300   -0.0000111000
   0.0018928700    0.0006908100   -0.0002345000
  -0.0000129700    0.0000097500    0.0003164200
   0.0000027900   -0.0000022800   -0.0000040200
  -0.0006372700    0.0008516200    0.0039637200
  -0.0001246700   -0.0000719900   -0.0000195100
  -0.0000038500   -0.0000129100    0.0000344000
   0.0000223100    0.0000128800   -0.0000054000
  -0.0000014200   -0.0000004500    0.0000315600
  -0.0000130900    0.0000031200    0.0000343900
   0.0004189500   -0.0009777100    0.0039636400
  -0.0000011000   -0.0000010300    0.0000315600
   0.0000261600    0.0000151000   -0.0000613500
   0.0015447100    0.0012938500   -0.0002345200
  -0.0019022100    0.0017302500   -0.0004127500
  -0.0000008000    0.0000020400   -0.0000111100
   0.0000170100    0.0000029600   -0.0000085400
   0.0000019700   -0.0000161200    0.0003164000
  -0.0000176500    0.0000040600   -0.0000171600
   0.0000590500    0.0001675800    0.0003479700
  -0.0000054200    0.0000014100   -0.0000103200
  -0.0000005600    0.0000035400   -0.0000040300

82   
  0.0100000000000000   0.0000000000000000   0.0000000000000000
   0.0008679700   -0.0031118100   -0.0015992500
  -0.0000330700    0.0000033200    0.0000009900
   0.0009020700    0.0029907200    0.0016031300
  -0.0042633400    0.0001006600    0.0002874400
  -0.0000805800   -0.0000248200    0.0000204600
  -0.0000799400    0.0000229500   -0.0000384900
  -0.0000095800    0.0000185300    0.0000216900
  -0.0000197300   -0.0000128400   -0.0000246100
  -0.0000615400   -0.0000045700   -0.0000021400
   0.0426159100    0.0155772300   -0.0307469000
   0.0000290600    0.0000469700   -0.0000241500
   0.0008550700   -0.0004045600    0.0004944200
   0.0000984300   -0.0000534300    0.0001131200
   0.0000242300    0.0000088400    0.0000112400
  -0.0000024800    0.0000183900   -0.0000161400
  -0.0001311600    0.0001744800   -0.0000132000
  -0.0000318900   -0.0000054300   -0.0000243400
   0.0005462000    0.0008221700    0.0002452900
   0.0148998100    0.0005213800    0.0005204000
  -0.0000560600    0.0000049600   -0.0002065200
  -0.0000148000   -0.0000038900    0.0002084100
  -0.0000350800    0.0006754600    0.0001026600
  -0.0001117400   -0.0007422200   -0.0003202800
  -0.0000170900    0.0000020000    0.0000025600
  -0.0000093900   -0.0000276500   -0.0000063200
  -0.0000102800   -0.0000026600   -0.0000004500
  -0.0000120300    0.0000237800    0.0000158000
   0.0444243200   -0.0171044600    0.0314430300
   0.0009204800    0.0004716200   -0.0008335100
   0.0000955200   -0.0000551500    0.0000462800
   0.0000289500   -0.0000547000   -0.0000069800
   0.0000547600    0.0000870500   -0.0001290200
   0.0000037300   -0.0000123000    0.0000197700
   0.0004668800   -0.0008468600   -0.0003156200
  -0.0000131800    0.0000050700    0.0000203100
  -0.0001108200   -0.0000911400    0.0000545600
   0.0075033500    0.0003998100   -0.0009255100
   0.0000493000    0.0000023300   -0.0000030800
   0.0086899000   -0.0002206600    0.0009200100
  -0.0000777400    0.0000126100   -0.0000117100
   0.0000265000    0.0000241200   -0.0000029600
   0.0000280100   -0.0000202100    0.0000024300
   0.0000250300   -0.0000221000    0.0000038800
   0.0000266500    0.0000177800   -0.0000059900
  -0.0000310900   -0.0000071600   -0.0000000500
  -0.0011015100   -0.0001195100    0.0004620100
  -0.0000063000   -0.0000146600   -0.0000023200
   0.0001040100    0.0000163500    0.0001719600
  -0.0015058100   -0.0032533500    0.0022659700
   0.0001265900    0.0000169200    0.0000085200
  -0.0000043000    0.0000247400    0.0000014700
   0.0000004000    0.0000037200   -0.0000007800
  -0.0000008300    0.0000159600    0.0000177400
   0.0000019500   -0.0000164400    0.0000025300
  -0.0024333600    0.0001692100    0.0003047400
   0.0000567600   -0.0001520400    0.0000482300
   0.0000558300    0.0001843900   -0.0000353300
  -0.0000873500   -0.0002530900   -0.0000230300
  -0.0000684700    0.0002698600    0.0000370000
   0.0000084800   -0.0000014800    0.0000000600
  -0.0000999900    0.0000768000   -0.0000342800
   0.0000031600   -0.0000008400   -0.0000011700
  -0.0000771800   -0.0000737000    0.0000292500
  -0.0001994900    0.0001028200    0.0001074900
   0.0000312500    0.0000155900   -0.0000077600
   0.0013018000    0.0037269200    0.0007425200
   0.0007745700    0.0024502000    0.0000134300
   0.0000425700    0.0000117500    0.0000043300
  -0.0002636900    0.0001186400   -0.0000074500
   0.0000095000   -0.0000092200    0.0000097400
   0.0000134300    0.0000108600   -0.0000188400
   0.0000073100    0.0000060300    0.0000065300
   0.0001083900    0.0000085600   -0.0001797800
  -0.0000046400    0.0000185200    0.0000056300
  -0.0012239900    0.0000079800   -0.0005361000
  -0.0012439800    0.0027052800   -0.0018996300
   0.0000003000   -0.0000228800   -0.0000028700
   0.0001324600   -0.0000177400    0.0000137200
  -0.0000075100   -0.0000188700   -0.0000110400
  -0.0000022000    0.0000000900   -0.0000015800
   0.0000021700    0.0000221600    0.0000014900
  -0.1181614600    0.0011239700   -0.0019357200
  -0.0000626300   -0.0000459700    0.0000223400
  -0.0000591700    0.0000278200    0.0000255200
   0.0000305300   -0.0000407200    0.0000516000
   0.0000213000    0.0000071200   -0.0000244700
   0.0000074200   -0.0000006600   -0.0000014300
   0.0000305900    0.0000152800    0.0000302600
   0.0000073800   -0.0000002000    0.0000017200
   0.0000209500   -0.0000399300   -0.0000238600
   0.0015588200   -0.0011028700   -0.0012743800
  -0.0000080100   -0.0000027400   -0.0000003700
   0.0017578600    0.0015643400    0.0016067500
   0.0000400700   -0.0000039700   -0.0000545300
   0.0000019200    0.0000276000   -0.0000021400
   0.0000047900   -0.0000223500    0.0000050600
  -0.0000002700    0.0000148400   -0.0000208600
   0.0000010800   -0.0000234600    0.0000216400
   0.0000358500   -0.0000210300   -0.0000198100
   0.0012873300   -0.0035335500   -0.0008929500
   0.0000287300   -0.0000193100    0.0000062900
  -0.0002169400   -0.0001245200   -0.0000792600
   0.0014089800   -0.0028744500    0.0001360900
  -0.0002132400   -0.0001310000    0.0000307100
   0.0000313000   -0.0000117100   -0.0000044900
   0.0000128500   -0.0000115100    0.0000175700
   0.0000069200    0.0000025100   -0.0000068600
   0.0000071900   -0.0000066400   -0.0000074800

82   
 -0.0100000000000000   0.0000000000000000   0.0000000000000000
  -0.0008245100    0.0030617600    0.0015933400
   0.0000331500   -0.0000030400   -0.0000004800
  -0.0009450600   -0.0030384400   -0.0016098900
   0.0042562300   -0.0000626300   -0.0002780600
   0.0000793300    0.0000245500   -0.0000182200
   0.0000804100   -0.0000231400    0.0000403100
   0.0000099400   -0.0000183100   -0.0000212900
   0.0000195900    0.0000130800    0.0000251000
   0.0000613700    0.0000035600    0.0000020100
  -0.0416568400   -0.0150766800    0.0296882500
  -0.0000276400   -0.0000445100    0.0000233900
  -0.0009044300    0.0004176800   -0.0005049900
  -0.0000958000    0.0000550300   -0.0001130700
  -0.0000219700   -0.0000090700   -0.0000102300
   0.0000024300   -0.0000190300    0.0000164700
   0.0001302700   -0.0001734100    0.0000123000
   0.0000319200    0.0000052800    0.0000245500
  -0.0005571500   -0.0008276000   -0.0002536900
  -0.0148984600   -0.0003375200   -0.0004364200
   0.0000539500   -0.0000077500    0.0002032800
   0.0000157100    0.0000016400   -0.0002119500
   0.0000308400   -0.0006816200   -0.0001068000
   0.0001125800    0.0007356000    0.0003157700
   0.0000172100   -0.0000020400   -0.0000020900
   0.0000096200    0.0000269000    0.0000061300
   0.0000102700    0.0000025800    0.0000007000
   0.0000120200   -0.0000245000   -0.0000159400
  -0.0454392200    0.0176822100   -0.0326349200
  -0.0008740100   -0.0004568800    0.0008190600
  -0.0000977000    0.0000576700   -0.0000478000
  -0.0000305600    0.0000551000    0.0000076900
  -0.0000574700   -0.0000870100    0.0001290000
  -0.0000036600    0.0000119900   -0.0000194500
  -0.0004549000    0.0008401800    0.0003055500
   0.0000131700   -0.0000053800   -0.0000202300
   0.0001121400    0.0000920800   -0.0000557200
  -0.0073126700   -0.0004015000    0.0009162100
  -0.0000491000   -0.0000034300    0.0000035000
  -0.0089011000    0.0002171500   -0.0009226600
   0.0000777500   -0.0000113200    0.0000110000
  -0.0000264600   -0.0000235800    0.0000026700
  -0.0000279500    0.0000206400   -0.0000026700
  -0.0000249900    0.0000217200   -0.0000042600
  -0.0000267000   -0.0000181700    0.0000056200
   0.0000313200    0.0000089600    0.0000024900
   0.0010859500    0.0001177500   -0.0004455200
   0.0000060900    0.0000143400    0.0000024900
  -0.0001071000   -0.0000174100   -0.0001794900
   0.0015385300    0.0033329000   -0.0022959700
  -0.0001291100   -0.0000188400   -0.0000132100
   0.0000045200   -0.0000257600   -0.0000015000
  -0.0000003100   -0.0000040400    0.0000006200
   0.0000008500   -0.0000164500   -0.0000176600
  -0.0000018400    0.0000166600   -0.0000027000
   0.0024315600   -0.0001722300   -0.0002190000
  -0.0000574200    0.0001506000   -0.0000471700
  -0.0000553600   -0.0001863300    0.0000362000
   0.0000885200    0.0002540600    0.0000226400
   0.0000673300   -0.0002684200   -0.0000370100
  -0.0000084200    0.0000013700   -0.0000002800
   0.0000983800   -0.0000770900    0.0000350800
  -0.0000031200    0.0000006000    0.0000009600
   0.0000785700    0.0000734900   -0.0000286400
   0.0001975000   -0.0001005800   -0.0001057100
  -0.0000317100   -0.0000163900    0.0000079800
  -0.0012844300   -0.0037424400   -0.0007386500
  -0.0007785000   -0.0024266400   -0.0000132800
  -0.0000417900   -0.0000117100   -0.0000045500
   0.0002698700   -0.0001213000    0.0000057000
  -0.0000094900    0.0000090800   -0.0000097900
  -0.0000136400   -0.0000107500    0.0000186000
  -0.0000072100   -0.0000061500   -0.0000063700
  -0.0001060500   -0.0000095800    0.0001715400
   0.0000049300   -0.0000188900   -0.0000054000
   0.0012370800   -0.0000079100    0.0005516100
   0.0012115100   -0.0026338400    0.0018740600
  -0.0000004600    0.0000219300    0.0000026700
  -0.0001300500    0.0000161400   -0.0000174300
   0.0000075600    0.0000183200    0.0000111600
   0.0000020900   -0.0000003100    0.0000013700
  -0.0000021800   -0.0000218000   -0.0000016000
   0.1182461700   -0.0025119500    0.0041591100
   0.0000596400    0.0000448900   -0.0000254100
   0.0000631000   -0.0000288600   -0.0000287200
  -0.0000309100    0.0000428700   -0.0000530200
  -0.0000204700   -0.0000047000    0.0000233200
  -0.0000073500    0.0000006500    0.0000013200
  -0.0000308600   -0.0000145500   -0.0000300400
  -0.0000073900   -0.0000002100   -0.0000014800
  -0.0000208300    0.0000405600    0.0000242600
  -0.0015592600    0.0011212000    0.0012640000
   0.0000081800    0.0000027900    0.0000001300
  -0.0017573400   -0.0015484800   -0.0016205700
  -0.0000401000    0.0000022600    0.0000492900
  -0.0000020700   -0.0000272200    0.0000021000
  -0.0000045600    0.0000227100   -0.0000049800
   0.0000000800   -0.0000146400    0.0000207300
  -0.0000008500    0.0000237500   -0.0000217200
  -0.0000357100    0.0000217400    0.0000186900
  -0.0012998700    0.0035184800    0.0008950800
  -0.0000282900    0.0000185100   -0.0000061100
   0.0002187100    0.0001268000    0.0000807200
  -0.0014062800    0.0028968100   -0.0001308000
   0.0002090700    0.0001280600   -0.0000323100
  -0.0000317000    0.0000117400    0.0000042800
  -0.0000126300    0.0000114900   -0.0000177300
  -0.0000068300   -0.0000024600    0.0000068800
  -0.0000071800    0.0000065500    0.0000076400

82   
 -0.0050000000000000   0.0086602540378444   0.0000000000000000
  -0.0028534000   -0.0006722700    0.0016799200
   0.0000182200   -0.0000154400   -0.0000175400
   0.0021180000   -0.0038254200   -0.0001754100
   0.0019999600    0.0019183600   -0.0018973400
   0.0000259800   -0.0000435300   -0.0000075000
   0.0000473400   -0.0000763900    0.0000347600
   0.0000091900   -0.0000225100   -0.0000000400
   0.0000101700   -0.0000106700    0.0000245600
   0.0000325800   -0.0000928200   -0.0000361900
  -0.0081427700    0.0132095200   -0.0000243100
  -0.0000030000   -0.0000196300    0.0000214200
   0.0004129000    0.0003749700   -0.0001875600
   0.0000275900   -0.0001144200   -0.0001306800
   0.0000077600    0.0000176100   -0.0000173600
   0.0000148200   -0.0000278800   -0.0000038100
   0.0000922400   -0.0000260300    0.0001109100
   0.0000146000   -0.0000133900    0.0000013500
  -0.0004819300   -0.0002173500    0.0001523900
  -0.0074924600    0.0454144500    0.0298247300
   0.0001382700   -0.0000047700    0.0000869900
  -0.0001192800    0.0000003400   -0.0001299800
  -0.0005651900    0.0002001600   -0.0004046200
   0.0006585900    0.0009860800   -0.0002856200
   0.0000094100    0.0000086600    0.0000155700
  -0.0000314000    0.0000766200    0.0000040200
   0.0000090600   -0.0000117500    0.0000199800
   0.0000415400    0.0000561900   -0.0000071200
  -0.0371523300    0.0303868500   -0.0322316400
  -0.0013956100   -0.0001457700    0.0003809800
  -0.0000814100    0.0000197100   -0.0000041200
  -0.0000582300    0.0000702000   -0.0000140700
  -0.0000521500   -0.0001207000   -0.0000709500
  -0.0000135300   -0.0000067600   -0.0000236900
   0.0000226100    0.0005779200    0.0005518700
   0.0000068300   -0.0000104300   -0.0000210300
   0.0000904100    0.0001443400    0.0001336000
  -0.0040101500   -0.0011602700    0.0007606100
  -0.0000271000    0.0000026800   -0.0000137300
  -0.0043169000   -0.0006318800   -0.0002727900
   0.0000478100   -0.0001752200    0.0000840000
  -0.0000017600   -0.0000029300    0.0000077900
  -0.0000240400    0.0000187800    0.0000052800
  -0.0000315600    0.0000309300   -0.0000004100
   0.0000022400    0.0000079800   -0.0000012500
   0.0000069700   -0.0002105100   -0.0000167400
  -0.0025138400    0.0007179700    0.0017965600
   0.0000175700    0.0000041400    0.0000172300
   0.0000106000    0.0000291300   -0.0000120600
   0.0007255800    0.0025441200   -0.0017983000
  -0.0000169700    0.0000166900    0.0000213600
  -0.0000086700   -0.0000121000    0.0000009200
   0.0000036300   -0.0000075700    0.0000005600
  -0.0000153600   -0.0000164600   -0.0000176100
   0.0000056000    0.0000003400    0.0000024500
   0.0013698700   -0.0023382300    0.0001147900
   0.0001377700   -0.0000360900    0.0000140100
  -0.0001624000   -0.0002049800    0.0000550800
   0.0001256500    0.0001459400    0.0000012400
  -0.0000447800   -0.0001211400   -0.0000088100
  -0.0000053100    0.0000072700    0.0000009900
  -0.0001505100   -0.0000275300   -0.0000156300
  -0.0000020800    0.0000046800    0.0000000000
   0.0002545300    0.0000391400   -0.0000516400
   0.0002155900   -0.0001375400   -0.0000513600
  -0.0000126700    0.0000059300   -0.0000029500
   0.0021501200    0.0027572000    0.0004942900
   0.0026677600    0.0024458500   -0.0009276200
  -0.0000088200    0.0000004700   -0.0000065000
   0.0002620900   -0.0001274500    0.0000160300
  -0.0000112100    0.0000402400    0.0000012600
   0.0000015900    0.0000161900    0.0000174300
  -0.0000104800    0.0000300500   -0.0000005500
  -0.0001138000    0.0000237400    0.0001127000
  -0.0000154100   -0.0000131900    0.0000126000
   0.0036263100    0.0006016600    0.0024232200
   0.0007087500   -0.0006323200    0.0003562900
   0.0000149800    0.0000073300    0.0000032200
  -0.0001294800    0.0000369600   -0.0000197600
   0.0000185000    0.0000034400   -0.0000060200
  -0.0000020200   -0.0000053400    0.0000022400
  -0.0000115800   -0.0000161700    0.0000039400
   0.0613037300   -0.1002952400    0.0021219300
   0.0000541900    0.0000456100   -0.0000548500
  -0.0000097700    0.0000084300   -0.0000787400
  -0.0000022000    0.0000387900   -0.0000353800
  -0.0000456600   -0.0000025000    0.0000123500
  -0.0000037000    0.0000029200    0.0000009600
  -0.0000512500    0.0000107100    0.0000108900
  -0.0000041000    0.0000026700    0.0000003200
  -0.0000061300    0.0000201100    0.0000622700
   0.0004807800   -0.0010761700   -0.0004012900
   0.0000044300    0.0000019400   -0.0000004500
  -0.0025026000   -0.0028631800   -0.0021969900
   0.0000017300    0.0000863500   -0.0000616700
  -0.0000128000   -0.0000157600   -0.0000008800
   0.0000178400    0.0000115300   -0.0000026600
  -0.0000173200   -0.0000093900    0.0000101000
   0.0000146800    0.0000105500   -0.0000161200
  -0.0000177800    0.0000925900    0.0000161800
  -0.0032607000    0.0061023600    0.0012472000
  -0.0000193600    0.0000217400   -0.0000118700
  -0.0000213200    0.0000192400    0.0000555400
  -0.0039301400    0.0060202500   -0.0011646700
  -0.0000282300    0.0000146400    0.0000129400
  -0.0000263300    0.0000164300   -0.0000030700
  -0.0000103600    0.0000248400    0.0000005000
  -0.0000015100    0.0000306900    0.0000151700
   0.0000018800    0.0000338700    0.0000074400

82   
  0.0050000000000000  -0.0086602540378444   0.0000000000000000
   0.0029115200    0.0006511400   -0.0016830000
  -0.0000180500    0.0000148900    0.0000179800
  -0.0021488700    0.0038050500    0.0001862300
  -0.0019863900   -0.0018650000    0.0018923600
  -0.0000248600    0.0000440200    0.0000076700
  -0.0000464300    0.0000761100   -0.0000329800
  -0.0000093300    0.0000220200    0.0000005300
  -0.0000103800    0.0000104000   -0.0000239900
  -0.0000324200    0.0000938600    0.0000378000
   0.0079983700   -0.0132811900    0.0000871700
   0.0000044800    0.0000194900   -0.0000217200
  -0.0004151400   -0.0003608800    0.0001810300
  -0.0000251300    0.0001136300    0.0001291700
  -0.0000069800   -0.0000170400    0.0000171200
  -0.0000147700    0.0000276100    0.0000041400
  -0.0000916000    0.0000278900   -0.0001123600
  -0.0000145100    0.0000131100   -0.0000010400
   0.0004922700    0.0002111300   -0.0001555900
   0.0075024100   -0.0465590700   -0.0309784300
  -0.0001393500    0.0000047600   -0.0000888100
   0.0001201300   -0.0000037800    0.0001293500
   0.0005370100   -0.0001744300    0.0004042500
  -0.0006582000   -0.0009723000    0.0002773900
  -0.0000093500   -0.0000088900   -0.0000151700
   0.0000309100   -0.0000795800   -0.0000042000
  -0.0000085900    0.0000116300   -0.0000198700
  -0.0000410600   -0.0000580400    0.0000077900
   0.0361686400   -0.0298007600    0.0310526500
   0.0014097200    0.0001391300   -0.0003926000
   0.0000804700   -0.0000186800    0.0000044300
   0.0000556300   -0.0000693700    0.0000137800
   0.0000519400    0.0001194400    0.0000694600
   0.0000136700    0.0000065100    0.0000240900
  -0.0000130100   -0.0006142000   -0.0005535500
  -0.0000063700    0.0000104700    0.0000210700
  -0.0000921700   -0.0001422300   -0.0001339500
   0.0040182700    0.0011811900   -0.0007486800
   0.0000270800   -0.0000031700    0.0000138400
   0.0042883500    0.0006073800    0.0002792900
  -0.0000479900    0.0001725300   -0.0000826000
   0.0000017100    0.0000027200   -0.0000075900
   0.0000239700   -0.0000187400   -0.0000053900
   0.0000322700   -0.0000311900    0.0000007500
  -0.0000022000   -0.0000084400    0.0000015000
  -0.0000080900    0.0002143300    0.0000161400
   0.0025033900   -0.0007272900   -0.0018077100
  -0.0000178700   -0.0000044000   -0.0000169900
  -0.0000097700   -0.0000286400    0.0000068300
  -0.0007386100   -0.0025482300    0.0017870700
   0.0000163700   -0.0000172000   -0.0000218400
   0.0000086100    0.0000116000   -0.0000006200
  -0.0000036800    0.0000072800   -0.0000005800
   0.0000152400    0.0000158800    0.0000176800
  -0.0000056800   -0.0000006400   -0.0000022700
  -0.0013710400    0.0023376500   -0.0000403900
  -0.0001383200    0.0000373800   -0.0000129400
   0.0001619000    0.0002025200   -0.0000543500
  -0.0001235300   -0.0001452600   -0.0000009200
   0.0000458300    0.0001198800    0.0000093700
   0.0000054100   -0.0000074900   -0.0000010600
   0.0001518400    0.0000287200    0.0000159800
   0.0000022400   -0.0000048700   -0.0000000700
  -0.0002565800   -0.0000388600    0.0000520700
  -0.0002193900    0.0001380300    0.0000525800
   0.0000124500   -0.0000061800    0.0000030400
  -0.0021787100   -0.0027664200   -0.0004958700
  -0.0026459600   -0.0024458800    0.0009310100
   0.0000088800   -0.0000007800    0.0000066100
  -0.0002571900    0.0001228800   -0.0000171600
   0.0000115300   -0.0000399000   -0.0000010600
  -0.0000017500   -0.0000163200   -0.0000175500
   0.0000109100   -0.0000305500    0.0000005100
   0.0001174900   -0.0000237900   -0.0001202300
   0.0000158000    0.0000130900   -0.0000121500
  -0.0037073600   -0.0006146500   -0.0024568800
  -0.0006999800    0.0006183400   -0.0003378300
  -0.0000154200   -0.0000076900   -0.0000033300
   0.0001304900   -0.0000416700    0.0000156400
  -0.0000180100   -0.0000038100    0.0000063100
   0.0000021700    0.0000052400   -0.0000022800
   0.0000121200    0.0000164200   -0.0000039400
  -0.0600497600    0.1010415600    0.0002298400
  -0.0000559500   -0.0000459100    0.0000554100
   0.0000078800   -0.0000093100    0.0000769300
   0.0000026300   -0.0000391700    0.0000311400
   0.0000449400    0.0000011900   -0.0000119800
   0.0000036900   -0.0000032200   -0.0000009900
   0.0000518000   -0.0000105300   -0.0000147200
   0.0000044100   -0.0000028200   -0.0000001000
   0.0000045300   -0.0000223500   -0.0000641800
  -0.0004870800    0.0010884300    0.0004154200
  -0.0000042400   -0.0000021800    0.0000004400
   0.0024506100    0.0027984000    0.0021672700
  -0.0000010500   -0.0000844100    0.0000554800
   0.0000124900    0.0000151500    0.0000007600
  -0.0000170900   -0.0000115100    0.0000026100
   0.0000175900    0.0000096300   -0.0000099000
  -0.0000143100   -0.0000105200    0.0000163800
   0.0000153300   -0.0000897400   -0.0000207700
   0.0033538100   -0.0062641100   -0.0012789900
   0.0000194400   -0.0000220300    0.0000115600
   0.0000198300   -0.0000196500   -0.0000564100
   0.0038359700   -0.0058614400    0.0011349600
   0.0000262800   -0.0000165000   -0.0000114500
   0.0000260600   -0.0000166600    0.0000028300
   0.0000110600   -0.0000247700   -0.0000006300
   0.0000016500   -0.0000308500   -0.0000153800
  -0.0000019600   -0.0000345200   -0.0000076300

82   
  0.0000000000000000   0.0000000000000000   0.0100000000000000
  -0.0005891000    0.0006016400    0.0023805700
   0.0000027900   -0.0000179000    0.0000043300
   0.0008979800    0.0006545700    0.0026989300
   0.0000933700   -0.0011822800    0.0021875000
  -0.0000344600    0.0000032700    0.0000901700
   0.0000234100    0.0000167700    0.0000558700
   0.0000067000   -0.0000007400    0.0000126300
  -0.0000010400    0.0000012800    0.0000081300
   0.0000055900    0.0000315000    0.0000602100
  -0.0282310500   -0.0156243600    0.0453703100
   0.0000252000    0.0000620600    0.0000000800
  -0.0002341100    0.0001605000    0.0006350200
  -0.0000074300    0.0000832300   -0.0000454400
   0.0000730400    0.0000111900   -0.0000058500
  -0.0000230300   -0.0000089300    0.0000040400
   0.0000836200   -0.0000375400   -0.0000499000
  -0.0000114700   -0.0000103200   -0.0000014900
   0.0001015100    0.0000660900    0.0008215200
  -0.0002381800    0.0353958400    0.0464136500
   0.0000576700   -0.0001041300   -0.0000911300
  -0.0000693200   -0.0000751000   -0.0001051500
   0.0000190900    0.0000054300    0.0007951800
   0.0000989600   -0.0000135800    0.0007904900
  -0.0000010000    0.0000117600    0.0000033900
  -0.0000271800   -0.0000666400   -0.0000037000
   0.0000022400    0.0000162100   -0.0000097500
   0.0000360000   -0.0000634000   -0.0000243700
   0.0313689300   -0.0178280800    0.0459783000
   0.0002944900    0.0001739000    0.0006663800
  -0.0000195800    0.0000619800   -0.0000316200
  -0.0000747800    0.0000151100   -0.0000146800
  -0.0000523100    0.0000620900   -0.0000470900
   0.0000147400   -0.0000073700    0.0000027900
   0.0000193800    0.0000474600    0.0008473800
   0.0000141100   -0.0000044300   -0.0000081700
  -0.0000844900    0.0000081900   -0.0000755100
   0.0015209700    0.0001230500   -0.0034864200
   0.0000026100   -0.0000198900    0.0000101400
  -0.0016560100    0.0000008800   -0.0031872600
   0.0000023300   -0.0000557300    0.0000298800
  -0.0000134100    0.0000092300   -0.0000267400
   0.0000154800    0.0000030600   -0.0000213200
   0.0000100000   -0.0000024600   -0.0000204700
  -0.0000106100   -0.0000016000   -0.0000127100
  -0.0000073300    0.0000827900    0.0000575100
  -0.0023149400    0.0006803900    0.0001942700
  -0.0000030100    0.0000012500    0.0000118000
  -0.0000511000   -0.0000173300   -0.0003460100
  -0.0005963200   -0.0025346600    0.0004133100
  -0.0001481900   -0.0000559400   -0.0002958800
   0.0000045600   -0.0000187400    0.0000098800
  -0.0000001400   -0.0000010100    0.0000094500
  -0.0000001600   -0.0000033200    0.0000090900
  -0.0000124000    0.0000105100    0.0000088400
  -0.0002860800   -0.0001682700    0.0192019900
   0.0000069700   -0.0000579500    0.0000613000
  -0.0000231100   -0.0000596600    0.0000561500
   0.0000324400    0.0000592000    0.0000249500
  -0.0000267200    0.0000627300    0.0000073400
   0.0000006400    0.0000006900   -0.0000031500
   0.0000560500    0.0000172500    0.0000343000
   0.0000001400    0.0000014400   -0.0000018000
  -0.0000667800   -0.0000085700    0.0000146500
  -0.0000502800    0.0000182500    0.0000402600
  -0.0000025900   -0.0000067000   -0.0000237400
  -0.0005705900   -0.0012416900   -0.0036132000
   0.0009894700    0.0006207800   -0.0037103500
   0.0000021600   -0.0000180900   -0.0000333700
   0.0000693300   -0.0001136600    0.0000322200
   0.0000049200    0.0000022600   -0.0000313100
  -0.0000199400    0.0000124600    0.0000077900
   0.0000107900    0.0000087000   -0.0000213100
  -0.0000066600   -0.0000005400   -0.0003502500
   0.0000008700    0.0000047700    0.0000169000
   0.0024161100    0.0007105900    0.0004131200
   0.0003807800   -0.0021157800    0.0002344000
  -0.0000072100   -0.0000162800    0.0000041400
   0.0000714600   -0.0000745800   -0.0003141800
  -0.0000005800   -0.0000005600    0.0000082300
  -0.0000011400    0.0000005800    0.0000109600
   0.0000142300    0.0000107800    0.0000103500
  -0.0029858800   -0.0006459000   -0.1459700400
   0.0000244000   -0.0000743700   -0.0002669900
   0.0000264800   -0.0000502500   -0.0002665400
   0.0000313200    0.0000309900   -0.0003112300
  -0.0000252300    0.0000577800   -0.0003063600
   0.0000016000    0.0000011000    0.0000062200
   0.0000518100   -0.0000067700   -0.0003113100
  -0.0000013500    0.0000003000    0.0000062600
  -0.0000235800    0.0000017500   -0.0003060900
  -0.0015476300    0.0011898400    0.0001074100
   0.0000001900   -0.0000046200    0.0000109700
   0.0018631200    0.0016644400    0.0004881600
  -0.0000204000    0.0000246000   -0.0003496800
  -0.0000201100    0.0000002600    0.0000049100
   0.0000206500    0.0000069100    0.0000117400
  -0.0000013900    0.0000042700    0.0000110500
   0.0000044000    0.0000012400    0.0000149400
  -0.0000514100    0.0000852100   -0.0003304300
   0.0003602500   -0.0012385400   -0.0036315000
  -0.0000002500   -0.0000087400   -0.0000211600
   0.0000439600    0.0000113300    0.0000307000
  -0.0010157700    0.0007292900   -0.0033327500
  -0.0000262700   -0.0000800500    0.0000284100
   0.0000085400   -0.0000129000   -0.0000240300
   0.0000181100    0.0000097800    0.0000057600
  -0.0000074600   -0.0000011600   -0.0000245100
  -0.0000054100    0.0000103500   -0.0000206700

82   
  0.0000000000000000   0.0000000000000000  -0.0100000000000000
   0.0005612700   -0.0005788300   -0.0023850400
  -0.0000028600    0.0000180800   -0.0000051000
  -0.0008653100   -0.0006328000   -0.0027036800
  -0.0000900300    0.0011478700   -0.0021942900
   0.0000344400   -0.0000033400   -0.0000944700
  -0.0000235700   -0.0000169900   -0.0000598700
  -0.0000069900    0.0000006400   -0.0000134400
   0.0000013600   -0.0000015600   -0.0000088900
  -0.0000058700   -0.0000317300   -0.0000634800
   0.0291942800    0.0161962400   -0.0462028800
  -0.0000259300   -0.0000625000   -0.0000032600
   0.0001871200   -0.0001665500   -0.0006437700
   0.0000042500   -0.0000850100    0.0000451500
  -0.0000740000   -0.0000122100    0.0000033700
   0.0000239600    0.0000094400   -0.0000045100
  -0.0000873900    0.0000361400    0.0000489900
   0.0000115500    0.0000102800    0.0000012800
  -0.0001269700   -0.0001012300   -0.0008299900
   0.0002259000   -0.0366703600   -0.0473028100
  -0.0000562800    0.0001084100    0.0000914500
   0.0000684000    0.0000797300    0.0001056000
  -0.0000398600    0.0000340800   -0.0007986300
  -0.0000815400    0.0000496300   -0.0007959500
   0.0000009700   -0.0000125000   -0.0000039800
   0.0000261600    0.0000679600    0.0000018500
  -0.0000023300   -0.0000162300    0.0000095100
  -0.0000352800    0.0000645900    0.0000225300
  -0.0324768700    0.0184701400   -0.0468650600
  -0.0002535300   -0.0001788000   -0.0006718800
   0.0000207700   -0.0000621400    0.0000289200
   0.0000756000   -0.0000168700    0.0000126400
   0.0000560200   -0.0000628400    0.0000480500
  -0.0000154200    0.0000076600   -0.0000032600
   0.0000038800   -0.0000830000   -0.0008508700
  -0.0000140600    0.0000042300    0.0000079800
   0.0000880500   -0.0000105600    0.0000758900
  -0.0015455800   -0.0001205700    0.0035216400
  -0.0000025300    0.0000200300   -0.0000093700
   0.0016935700    0.0000089100    0.0032118600
  -0.0000021700    0.0000538000   -0.0000250700
   0.0000135200   -0.0000097200    0.0000278000
  -0.0000155000   -0.0000035500    0.0000222600
  -0.0000102300    0.0000028000    0.0000207600
   0.0000108700    0.0000019900    0.0000128300
   0.0000085200   -0.0000785200   -0.0000580400
   0.0022963000   -0.0006745300   -0.0002002000
   0.0000027400   -0.0000013900   -0.0000119500
   0.0000469500    0.0000145100    0.0003461800
   0.0005907900    0.0025160700   -0.0004196800
   0.0001483300    0.0000581100    0.0002996800
  -0.0000049400    0.0000187900   -0.0000096000
   0.0000004200    0.0000011000   -0.0000095200
  -0.0000000100    0.0000032100   -0.0000092500
   0.0000123700   -0.0000110000   -0.0000086700
   0.0002936500    0.0001728900   -0.0196036900
  -0.0000076000    0.0000564500   -0.0000628200
   0.0000235000    0.0000584300   -0.0000582400
  -0.0000312800   -0.0000595900   -0.0000273000
   0.0000253600   -0.0000637400   -0.0000090200
  -0.0000006000   -0.0000008100    0.0000032800
  -0.0000557700   -0.0000164400   -0.0000366000
  -0.0000001300   -0.0000015000    0.0000018700
   0.0000668200    0.0000095800   -0.0000167800
   0.0000491500   -0.0000173200   -0.0000353700
   0.0000031300    0.0000066200    0.0000237500
   0.0005915300    0.0012566700    0.0036440900
  -0.0009883200   -0.0006316400    0.0037457600
  -0.0000024700    0.0000182200    0.0000345200
  -0.0000635900    0.0001116300   -0.0000322300
  -0.0000045200   -0.0000027800    0.0000315300
   0.0000201800   -0.0000125800   -0.0000069100
  -0.0000110900   -0.0000086000    0.0000222200
   0.0000110100   -0.0000023000    0.0003497200
  -0.0000006400   -0.0000049200   -0.0000171600
  -0.0023938500   -0.0007075000   -0.0004185700
  -0.0003737300    0.0020980800   -0.0002392500
   0.0000077100    0.0000164200   -0.0000039200
  -0.0000698600    0.0000758400    0.0003179700
   0.0000007400    0.0000004900   -0.0000083600
   0.0000009900   -0.0000005500   -0.0000110200
  -0.0000141700   -0.0000113000   -0.0000103000
   0.0031096300    0.0006907100    0.1488558700
  -0.0000298600    0.0000740100    0.0002721100
  -0.0000213800    0.0000494500    0.0002725800
  -0.0000290100   -0.0000334400    0.0003164300
   0.0000228700   -0.0000604400    0.0003114700
  -0.0000016000   -0.0000012400   -0.0000058700
  -0.0000528000    0.0000095800    0.0003163500
   0.0000013800   -0.0000003700   -0.0000058100
   0.0000241700    0.0000012300    0.0003117400
   0.0015373400   -0.0011762200   -0.0001126500
  -0.0000001900    0.0000043800   -0.0000109000
  -0.0018517300   -0.0016474400   -0.0004942000
   0.0000203800   -0.0000203600    0.0003498600
   0.0000206200   -0.0000001700   -0.0000046600
  -0.0000210200   -0.0000068400   -0.0000115900
   0.0000014600   -0.0000042300   -0.0000111100
  -0.0000044500   -0.0000011800   -0.0000151300
   0.0000518400   -0.0000843800    0.0003344000
  -0.0003774200    0.0012518200    0.0036619200
  -0.0000002900    0.0000087700    0.0000210700
  -0.0000435100   -0.0000108700   -0.0000261700
   0.0010162700   -0.0007517600    0.0033598400
   0.0000216600    0.0000770000   -0.0000285200
  -0.0000083200    0.0000127900    0.0000249800
  -0.0000182500   -0.0000099700   -0.0000049700
   0.0000071000    0.0000005800    0.0000245000
   0.0000056000   -0.0000102400    0.0000215400

91   
  0.0100000000000000   0.0000000000000000   0.0000000000000000
   0.0161678000   -0.0003531200    0.0004481300
  -0.0000434300    0.0001016000    0.0001160700
  -0.0000770000   -0.0001218400   -0.0001186000
   0.0000977100    0.0004913200   -0.0001120500
   0.0001534900   -0.0003694700   -0.0000987100
  -0.0000322300   -0.0000010700    0.0000002400
  -0.0000198400   -0.0000119600    0.0000189300
  -0.0000283600    0.0000010800   -0.0000013500
  -0.0000174500    0.0000176300   -0.0000089100
   0.0421926400   -0.0150784900   -0.0296732500
   0.0007521100    0.0002905800    0.0002441900
   0.0000312500   -0.0000180400    0.0000009300
   0.0000194600   -0.0000375100    0.0000195700
   0.0001574100    0.0000940800    0.0000996500
  -0.0000004100   -0.0000196600   -0.0000162100
   0.0006008900   -0.0009700400    0.0003293800
  -0.0000466500    0.0000067600   -0.0000231100
  -0.0001201300   -0.0001653300   -0.0000249100
   0.0007628800    0.0029451800   -0.0021184100
   0.0009468800   -0.0029348400    0.0021550200
  -0.0000168900   -0.0000000700    0.0000005800
  -0.0000834300    0.0000077600    0.0000204700
  -0.0044641900    0.0000173900    0.0003007100
  -0.0000821900   -0.0000147600   -0.0000469300
  -0.0000542700    0.0000069300   -0.0000051600
  -0.0000265800   -0.0000012400   -0.0000287400
  -0.0000128100   -0.0000009300    0.0000238000
   0.0007316200   -0.0003845100   -0.0005612600
   0.0466378200    0.0178785600    0.0329623100
   0.0001095200    0.0000332300    0.0000090200
   0.0000045400    0.0000141800    0.0000186900
   0.0001101900   -0.0001212800   -0.0001184000
   0.0000355700    0.0000882100   -0.0000172300
   0.0004885100    0.0009830500   -0.0003862900
  -0.0000969900    0.0000682600    0.0000703100
  -0.0000220800   -0.0000041700    0.0000198400
  -0.0024266200   -0.0001351700    0.0002319600
   0.0000432000   -0.0001920800    0.0000023400
   0.0000412900    0.0001624300    0.0000145100
  -0.0001040000   -0.0002477200    0.0000357000
  -0.0001317100    0.0002247200   -0.0000357100
   0.0000103700    0.0000006700    0.0000003900
  -0.0000795900    0.0000770700    0.0000183100
   0.0000158500    0.0000016600   -0.0000009700
  -0.0000995100   -0.0000763500   -0.0000267300
   0.0006402700    0.0036138400   -0.0008308900
  -0.0002560600    0.0001145500   -0.0000891200
   0.0000268400    0.0000140600   -0.0000042700
  -0.0001501600    0.0001076400    0.0000497500
   0.0013354900    0.0033543200    0.0005763700
   0.0000223000    0.0000090900    0.0000004800
   0.0000114800   -0.0000001800   -0.0000021600
   0.0000030700   -0.0000040200   -0.0000092100
   0.0000218300    0.0000051400    0.0000218200
   0.0060130900   -0.0005033600   -0.0010963300
   0.0077250100    0.0002911200    0.0013146300
   0.0000254800   -0.0000039500   -0.0000017200
   0.0000259500   -0.0000082900   -0.0000017500
  -0.0000355200   -0.0000251900    0.0000000700
   0.0000284400    0.0000057800    0.0000025200
   0.0000009700    0.0000154000   -0.0000027600
   0.0000216300   -0.0000092200   -0.0000115100
   0.0000196200    0.0000116400    0.0000101100
  -0.0010219400   -0.0001901900   -0.0003390000
   0.0000087600   -0.0000297600    0.0000143000
   0.0000704200    0.0000187300   -0.0000504300
  -0.0011244400   -0.0026832900   -0.0019042200
   0.0000797400    0.0000247400    0.0000197000
   0.0000053300    0.0000172900   -0.0000026500
  -0.0000035800   -0.0000012900    0.0000011400
  -0.0000058300    0.0000263800   -0.0000082600
  -0.0000060100   -0.0000239200    0.0000023200
   0.0006176400   -0.0038043400    0.0006337900
   0.0000317800   -0.0000126700    0.0000039100
  -0.0002362500   -0.0000850700    0.0001219100
   0.0006554500   -0.0028083100   -0.0004222600
  -0.0002068300   -0.0000988700   -0.0000246200
   0.0000302200   -0.0000078000    0.0000009700
   0.0000253800   -0.0000043100   -0.0000222800
   0.0000048700    0.0000097200    0.0000132000
   0.0000111000   -0.0000002500    0.0000011900
   0.0015577400    0.0014662400   -0.0015376100
   0.0017586000   -0.0018381300    0.0018635700
  -0.0000082200    0.0000003900    0.0000002700
  -0.0000001200   -0.0000200700   -0.0000014800
   0.0000358000    0.0000005900   -0.0000491700
   0.0000008400    0.0000174800    0.0000043200
   0.0000400200    0.0000247800   -0.0000199100
   0.0000045500    0.0000230500    0.0000207800
   0.0000020300   -0.0000133200   -0.0000203800
  -0.1177500800   -0.0029959500   -0.0047606400
  -0.0000124400   -0.0000245600    0.0000549900
  -0.0000113700    0.0000454100    0.0000056800
   0.0000238000    0.0000116500   -0.0000641200
   0.0000344700    0.0000202400    0.0001003600
   0.0000080300    0.0000002700   -0.0000013900
   0.0000240100    0.0000731700   -0.0000367000
   0.0000080600    0.0000000200    0.0000018400
   0.0000346800   -0.0000503200    0.0000413300
  -0.0008724400    0.0002939200    0.0002439400
   0.0000708000   -0.0000418600    0.0000504700
   0.0000050700    0.0000255100   -0.0000100100
   0.0000937200   -0.0000327700    0.0000116700
  -0.0014787300    0.0034574800    0.0023804300
  -0.0000037100   -0.0000214000    0.0000032400
  -0.0000043400    0.0000173400    0.0000030700
   0.0000015300   -0.0000208800    0.0000163000
  -0.0000025600   -0.0000061400   -0.0000037200

91   
 -0.0100000000000000   0.0000000000000000   0.0000000000000000
  -0.0161719000    0.0005223700   -0.0005035300
   0.0000435100   -0.0001030600   -0.0001150400
   0.0000781300    0.0001200700    0.0001191700
  -0.0001054800   -0.0004956400    0.0001131200
  -0.0001439000    0.0003649200    0.0000998800
   0.0000322300    0.0000010100   -0.0000007000
   0.0000201400    0.0000106700   -0.0000187700
   0.0000283500   -0.0000006200    0.0000010000
   0.0000169600   -0.0000191400    0.0000091400
  -0.0431489900    0.0155866400    0.0307137100
  -0.0007132000   -0.0002828600   -0.0002469800
  -0.0000336100    0.0000202900   -0.0000014300
  -0.0000214100    0.0000380400   -0.0000206100
  -0.0001608600   -0.0000912500   -0.0000997200
   0.0000004100    0.0000193800    0.0000157900
  -0.0005885400    0.0009650400   -0.0003200000
   0.0000466000   -0.0000067500    0.0000229200
   0.0001202000    0.0001663100    0.0000258800
  -0.0007995600   -0.0029886300    0.0021289800
  -0.0009088600    0.0028937000   -0.0021446400
   0.0000168400    0.0000001200   -0.0000008600
   0.0000849000   -0.0000079500   -0.0000222700
   0.0044718600    0.0000192100   -0.0003092300
   0.0000814500    0.0000147100    0.0000453200
   0.0000544400   -0.0000078900    0.0000057700
   0.0000266900    0.0000015600    0.0000282800
   0.0000125800    0.0000010800   -0.0000242000
  -0.0007665600    0.0003939300    0.0005619600
  -0.0455830400   -0.0172676300   -0.0317490300
  -0.0001062700   -0.0000309600   -0.0000088400
  -0.0000044900   -0.0000141400   -0.0000190900
  -0.0001069100    0.0001223900    0.0001185800
  -0.0000339700   -0.0000871000    0.0000165900
  -0.0005017800   -0.0009890100    0.0003967200
   0.0000964500   -0.0000672900   -0.0000692000
   0.0000222000    0.0000040400   -0.0000199200
   0.0024285100    0.0001303100   -0.0002776500
  -0.0000433500    0.0001901200   -0.0000019100
  -0.0000411300   -0.0001640900   -0.0000142600
   0.0001061200    0.0002488500   -0.0000357100
   0.0001296600   -0.0002243900    0.0000360400
  -0.0000104300   -0.0000004200   -0.0000003400
   0.0000777400   -0.0000770400   -0.0000190200
  -0.0000158700   -0.0000018000    0.0000010200
   0.0001014800    0.0000761500    0.0000257800
  -0.0006272700   -0.0036302700    0.0008248500
   0.0002541200   -0.0001118400    0.0000879400
  -0.0000271400   -0.0000143800    0.0000041400
   0.0001550100   -0.0001091300   -0.0000481800
  -0.0013382600   -0.0033218000   -0.0005772400
  -0.0000219600   -0.0000090400   -0.0000003500
  -0.0000113700    0.0000002500    0.0000018900
  -0.0000032000    0.0000043700    0.0000089900
  -0.0000220600   -0.0000049000   -0.0000217000
  -0.0061808000    0.0005080700    0.0011257000
  -0.0075299200   -0.0002898900   -0.0012894700
  -0.0000255600    0.0000034400    0.0000019600
  -0.0000262000    0.0000086200    0.0000019700
   0.0000354700    0.0000269100    0.0000012500
  -0.0000281700   -0.0000055800   -0.0000023500
  -0.0000012900   -0.0000127500    0.0000012200
  -0.0000216200    0.0000092400    0.0000118200
  -0.0000196200   -0.0000116100   -0.0000098300
   0.0010113700    0.0001890700    0.0003217000
  -0.0000089100    0.0000295300   -0.0000144400
  -0.0000712600   -0.0000200800    0.0000565800
   0.0011553200    0.0027569900    0.0019335200
  -0.0000831300   -0.0000238900   -0.0000155900
  -0.0000051500   -0.0000180400    0.0000026500
   0.0000037800    0.0000012600   -0.0000009700
   0.0000058900   -0.0000266300    0.0000080200
   0.0000060900    0.0000247000   -0.0000022600
  -0.0006328300    0.0037869200   -0.0006421600
  -0.0000314100    0.0000123400   -0.0000040700
   0.0002383900    0.0000877700   -0.0001235000
  -0.0006503400    0.0028393000    0.0004285400
   0.0002002200    0.0000975400    0.0000261800
  -0.0000308700    0.0000077200   -0.0000008000
  -0.0000251400    0.0000045700    0.0000224600
  -0.0000047900   -0.0000095000   -0.0000133900
  -0.0000112500    0.0000003400   -0.0000014700
  -0.0015602800   -0.0014514000    0.0015475800
  -0.0017565600    0.0018512000   -0.0018515900
   0.0000080800   -0.0000002300   -0.0000001100
   0.0000003000    0.0000205000    0.0000013500
  -0.0000356500   -0.0000024300    0.0000540700
  -0.0000010100   -0.0000170500   -0.0000045400
  -0.0000400600   -0.0000246500    0.0000208500
  -0.0000046900   -0.0000226200   -0.0000208900
  -0.0000018600    0.0000136400    0.0000203400
   0.1176126500    0.0015324000    0.0024413100
   0.0000108200    0.0000244000   -0.0000493000
   0.0000118800   -0.0000462100   -0.0000001700
  -0.0000247400   -0.0000092000    0.0000670400
  -0.0000341400   -0.0000182700   -0.0000973600
  -0.0000080700    0.0000000200    0.0000014600
  -0.0000245200   -0.0000720300    0.0000362700
  -0.0000080400   -0.0000002400   -0.0000019500
  -0.0000339200    0.0000517400   -0.0000414300
   0.0008854000   -0.0002968800   -0.0002625100
  -0.0000692900    0.0000406100   -0.0000449100
  -0.0000050000   -0.0000256800    0.0000099200
  -0.0000902700    0.0000335100   -0.0000068800
   0.0014469400   -0.0033745700   -0.0023459500
   0.0000034500    0.0000206800   -0.0000033400
   0.0000042300   -0.0000167600   -0.0000029300
  -0.0000015400    0.0000206900   -0.0000164900
   0.0000024200    0.0000060000    0.0000038200

91   
  0.0000000000000000   0.0000000000000000   0.0100000000000000
  -0.0000432200   -0.0341609500    0.0468608800
  -0.0001110200    0.0001266200   -0.0000193600
   0.0000965900    0.0001411700    0.0000055700
  -0.0001533800    0.0002347000    0.0008272500
   0.0002982500    0.0002727000    0.0008040200
  -0.0000007000   -0.0000230000    0.0000132100
   0.0000111700    0.0000952500   -0.0000041300
   0.0000062100   -0.0000158400    0.0000032600
   0.0000023700    0.0000978900    0.0000190000
  -0.0296059100    0.0170430600    0.0468609300
   0.0003852900    0.0001219300    0.0008040200
   0.0000859600   -0.0000469100    0.0000190000
   0.0000880700   -0.0000379700   -0.0000041300
   0.0000541500   -0.0001594600   -0.0000193700
  -0.0000202600    0.0000108800    0.0000132000
   0.0001265600   -0.0002502000    0.0008272500
  -0.0000105900    0.0000132700    0.0000032500
   0.0001705700    0.0000130500    0.0000055700
  -0.0007993200   -0.0004614900    0.0021019800
   0.0010321500   -0.0005326500    0.0024680700
  -0.0000003000    0.0000119900    0.0000038700
  -0.0000739200    0.0000414400    0.0000676100
   0.0000548000    0.0011601600    0.0024680900
   0.0000547300    0.0000315900    0.0000410900
  -0.0000011000   -0.0000847200    0.0000676100
  -0.0000123500   -0.0000071500    0.0000002500
   0.0000102500   -0.0000062800    0.0000038800
  -0.0002011100    0.0001272200    0.0008122700
   0.0332815700    0.0192151400    0.0477215800
  -0.0000862600   -0.0000479300   -0.0000208800
   0.0000115100    0.0000066000    0.0000102200
  -0.0001213300   -0.0001220800   -0.0000322500
  -0.0000846500   -0.0000507400   -0.0000208700
   0.0000096300   -0.0002378200    0.0008122700
  -0.0001664000   -0.0000440300   -0.0000322500
   0.0000115000    0.0000066000   -0.0000042500
  -0.0002330100   -0.0001345100    0.0149656900
  -0.0000668500    0.0000052200    0.0000537600
   0.0000543000    0.0000071600    0.0000486400
   0.0000299000   -0.0000693000    0.0000338500
  -0.0000288900   -0.0000605500    0.0000537500
   0.0000019300    0.0000011000   -0.0000004600
  -0.0000450600    0.0000605300    0.0000338500
  -0.0000012300   -0.0000007300    0.0000019500
   0.0000333700    0.0000434200    0.0000486400
   0.0002943900    0.0012000900   -0.0040358600
   0.0000207400   -0.0000041500   -0.0000027700
   0.0000012700    0.0000058200   -0.0000321800
  -0.0000747100    0.0000378000    0.0000349500
  -0.0007770300   -0.0012044000   -0.0036209300
   0.0000068700    0.0000019400   -0.0000225900
  -0.0000063600   -0.0000024100   -0.0000298700
  -0.0000026900   -0.0000037700   -0.0000243000
   0.0000208600   -0.0000092300    0.0000027600
   0.0011865200   -0.0003450800   -0.0040358300
  -0.0014315800   -0.0000707700   -0.0036208300
   0.0000024600    0.0000226500    0.0000027300
  -0.0000052500   -0.0000043200   -0.0000298600
   0.0000067700    0.0000200100   -0.0000027700
   0.0000051300    0.0000049600   -0.0000225900
  -0.0000046100   -0.0000836200    0.0000349400
  -0.0000046100   -0.0000004600   -0.0000243000
   0.0000056800   -0.0000018300   -0.0000321900
   0.0017000900   -0.0005705400    0.0003063300
  -0.0000003500   -0.0000041500    0.0000119000
  -0.0000560100   -0.0000323500   -0.0003272900
   0.0003559600    0.0017575700    0.0003063400
   0.0000356900    0.0000206000   -0.0003795600
  -0.0000116700    0.0000238800    0.0000124400
  -0.0000025600   -0.0000015000    0.0000090000
  -0.0000037600    0.0000017800    0.0000118900
   0.0000148600   -0.0000220600    0.0000124300
  -0.0005102700    0.0011726900   -0.0040018300
  -0.0000037800    0.0000027100   -0.0000352000
  -0.0000255300   -0.0000147500    0.0000167000
   0.0007604200   -0.0010282800   -0.0040017700
   0.0001176300    0.0000679100    0.0000591300
   0.0000057500    0.0000111800   -0.0000322500
  -0.0000227100   -0.0000131300    0.0000043200
   0.0000004600   -0.0000046400   -0.0000352000
   0.0000125700   -0.0000006300   -0.0000322500
  -0.0012612300   -0.0011964000    0.0001139100
   0.0016050200   -0.0015777300    0.0004954800
  -0.0000002800   -0.0000007800    0.0000109500
  -0.0000210900   -0.0000003500    0.0000110100
  -0.0000193300    0.0000128300   -0.0003324100
   0.0000219100   -0.0000061600    0.0000150000
  -0.0000521200   -0.0000977200   -0.0003514700
   0.0000050200   -0.0000000600    0.0000118000
  -0.0000021800   -0.0000020900    0.0000048600
  -0.0036784200   -0.0021226400   -0.1428185800
   0.0000013700    0.0000457300   -0.0003835400
   0.0000539000    0.0000840000   -0.0003831000
  -0.0000353500   -0.0000559600   -0.0003858200
   0.0000402700   -0.0000217100   -0.0003835100
   0.0000019100    0.0000010800   -0.0000029000
  -0.0000661300   -0.0000026500   -0.0003858400
  -0.0000014500   -0.0000008500   -0.0000028700
   0.0000997100    0.0000046900   -0.0003830800
  -0.0016667300   -0.0004940700    0.0001139200
   0.0000014600   -0.0000231600   -0.0003324200
  -0.0000028900   -0.0000008500    0.0000048500
  -0.0001106800    0.0000036900   -0.0003514600
  -0.0005638300    0.0021788500    0.0004954700
   0.0000056400    0.0000220200    0.0000149900
  -0.0000108400   -0.0000181100    0.0000110100
   0.0000024800    0.0000043700    0.0000117900
  -0.0000008000    0.0000001400    0.0000109500

91   
  0.0000000000000000   0.0000000000000000  -0.0100000000000000
   0.0000552500    0.0330586500   -0.0460965600
   0.0001101200   -0.0001214100    0.0000198700
  -0.0000959800   -0.0001363600   -0.0000049900
   0.0001358500   -0.0001941800   -0.0008196600
  -0.0002763800   -0.0002272400   -0.0007985400
   0.0000008000    0.0000220000   -0.0000126800
  -0.0000122400   -0.0000932100    0.0000065000
  -0.0000060600    0.0000155800   -0.0000031500
  -0.0000009800   -0.0000958800   -0.0000166400
   0.0286573600   -0.0164815600   -0.0460966900
  -0.0003349900   -0.0001257200   -0.0007985400
  -0.0000835300    0.0000470900   -0.0000166400
  -0.0000868500    0.0000360100    0.0000065000
  -0.0000500900    0.0001560800    0.0000198600
   0.0000194600   -0.0000103000   -0.0000126900
  -0.0001002600    0.0002147500   -0.0008196600
   0.0000104600   -0.0000130300   -0.0000031400
  -0.0001660800   -0.0000149200   -0.0000049800
   0.0008253100    0.0004765100   -0.0021041900
  -0.0010634400    0.0005460900   -0.0024698000
   0.0000003100   -0.0000115100   -0.0000034000
   0.0000729200   -0.0000407000   -0.0000642000
  -0.0000587700   -0.0011939900   -0.0024697800
  -0.0000539000   -0.0000311100   -0.0000379000
   0.0000011700    0.0000835200   -0.0000642000
   0.0000117800    0.0000068200    0.0000001900
  -0.0000098000    0.0000060200   -0.0000033900
   0.0001584000   -0.0001303800   -0.0008102900
  -0.0321601000   -0.0185676400   -0.0468808900
   0.0000834200    0.0000483600    0.0000227400
  -0.0000108800   -0.0000062700   -0.0000096900
   0.0001166900    0.0001196900    0.0000315800
   0.0000835600    0.0000480500    0.0000227400
  -0.0000337000    0.0002023800   -0.0008103000
   0.0001620300    0.0000412600    0.0000315900
  -0.0000114200   -0.0000066000    0.0000043500
   0.0002272800    0.0001312900   -0.0146492000
   0.0000657800   -0.0000053300   -0.0000503000
  -0.0000530300   -0.0000073300   -0.0000455900
  -0.0000291500    0.0000680700   -0.0000309600
   0.0000282700    0.0000596200   -0.0000503000
  -0.0000019500   -0.0000011200    0.0000003700
   0.0000443700   -0.0000592800   -0.0000309500
   0.0000011900    0.0000006900   -0.0000020000
  -0.0000328600   -0.0000422600   -0.0000455900
  -0.0002881800   -0.0011975000    0.0040004400
  -0.0000223600    0.0000050700   -0.0000015400
  -0.0000007800   -0.0000058200    0.0000319800
   0.0000773000   -0.0000408100   -0.0000352300
   0.0007775500    0.0011815800    0.0035939500
  -0.0000070600   -0.0000019900    0.0000216600
   0.0000061700    0.0000025200    0.0000288400
   0.0000030000    0.0000033000    0.0000242300
  -0.0000208800    0.0000091400   -0.0000036500
  -0.0011811500    0.0003491700    0.0040003700
   0.0014120600    0.0000825900    0.0035938300
  -0.0000025300   -0.0000226200   -0.0000036200
   0.0000052700    0.0000040800    0.0000288500
  -0.0000068000   -0.0000219000   -0.0000015500
  -0.0000052500   -0.0000051200    0.0000216600
   0.0000033000    0.0000873500   -0.0000352400
   0.0000043500    0.0000009600    0.0000242400
  -0.0000054400    0.0000022500    0.0000319900
  -0.0017250500    0.0005733100   -0.0002985100
   0.0000002500    0.0000040200   -0.0000117300
   0.0000514300    0.0000296900    0.0003277600
  -0.0003660200   -0.0017805800   -0.0002985100
  -0.0000370100   -0.0000213600    0.0003758000
   0.0000112100   -0.0000234400   -0.0000125200
   0.0000026500    0.0000015300   -0.0000090900
   0.0000036100   -0.0000017800   -0.0000117300
  -0.0000146900    0.0000214200   -0.0000125300
   0.0005005600   -0.0011679900    0.0039657500
   0.0000032700   -0.0000028200    0.0000349500
   0.0000277700    0.0000160400   -0.0000212700
  -0.0007612100    0.0010175200    0.0039657200
  -0.0001212200   -0.0000699800   -0.0000592000
  -0.0000055000   -0.0000109900    0.0000311300
   0.0000226300    0.0000130500   -0.0000053200
  -0.0000008100    0.0000042500    0.0000349400
  -0.0000122600    0.0000007400    0.0000311300
   0.0012769000    0.0012121800   -0.0001062000
  -0.0016218900    0.0015977400   -0.0004870100
   0.0000002400    0.0000004900   -0.0000109800
   0.0000205200    0.0000005200   -0.0000112300
   0.0000192200   -0.0000076200    0.0003323400
  -0.0000214200    0.0000063000   -0.0000151500
   0.0000517200    0.0000973300    0.0003480200
  -0.0000050000    0.0000001900   -0.0000116100
   0.0000021000    0.0000022000   -0.0000047800
   0.0035228100    0.0020335500    0.1402871200
  -0.0000046100   -0.0000464100    0.0003765100
  -0.0000504400   -0.0000840700    0.0003769400
   0.0000376300    0.0000533600    0.0003787600
  -0.0000425000    0.0000192000    0.0003764900
  -0.0000018900   -0.0000010900    0.0000024300
   0.0000650000    0.0000059100    0.0003787900
   0.0000013900    0.0000008100    0.0000024600
  -0.0000980000   -0.0000016200    0.0003769200
   0.0016882200    0.0004997400   -0.0001062100
   0.0000030100    0.0000204700    0.0003323300
   0.0000029500    0.0000007300   -0.0000047700
   0.0001101500   -0.0000038800    0.0003480100
   0.0005727400   -0.0022034700   -0.0004870100
  -0.0000052600   -0.0000217100   -0.0000151600
   0.0000107000    0.0000175100   -0.0000112300
  -0.0000023400   -0.0000044000   -0.0000116000
   0.0000005400   -0.0000000200   -0.0000109700
