108  
21   

1    
  0.0100000000000000   0.0000000000000000   0.0000000000000000
  -0.2316179000    0.0012188700   -0.0014174900
   0.0010790800    0.0000429000    0.0000583400
   0.0010422200   -0.0001734700   -0.0000427100
  -0.0001148200   -0.0006308500   -0.0000423500
  -0.0002214600    0.0005034200    0.0000505800
   0.0000526600   -0.0000039800    0.0000023100
  -0.0001087500   -0.0008638800   -0.0000336600
   0.0000526900   -0.0000039900   -0.0000042900
  -0.0002261900    0.0008000100    0.0000543400
   0.0045571200   -0.0140217200   -0.0002806800
   0.0003175500   -0.0009162900    0.0000079200
   0.0000527800    0.0000593600    0.0000199300
   0.0000321700   -0.0001449000    0.0000020900
  -0.0000319700    0.0000360300   -0.0000091100
  -0.0000063600    0.0000265600   -0.0000075900
   0.0041298100    0.0084095500   -0.0008064100
   0.0000520100   -0.0000460000    0.0000319300
   0.0003861600   -0.0009101800    0.0000752500
   0.0072033500   -0.0102408600   -0.0000447200
   0.0002580400    0.0000190600    0.0000131000
   0.0105238300    0.0103707700    0.0004775100
   0.0018333600    0.0000128400    0.0000255800
  -0.0000285300    0.0000870700   -0.0000027800
  -0.0000272400   -0.0000760600    0.0000048100
   0.0000049800   -0.0000220300    0.0000036800
   0.0000164200    0.0000013100   -0.0000104300
   0.0018831700    0.0000933100   -0.0000058600
   0.0040513500    0.0125274000    0.0001465800
   0.0000615100   -0.0000334300    0.0000192700
   0.0003648200    0.0008209300   -0.0001087600
  -0.0000118900   -0.0000762800   -0.0000252300
   0.0000048200    0.0001378000   -0.0000151000
  -0.0000132900   -0.0000115900    0.0000025200
   0.0003604500    0.0008401800   -0.0000033600
   0.0000616200    0.0000313400   -0.0000161800
   0.0039685800   -0.0076580500   -0.0001503200
   0.0354297500   -0.0133615200   -0.0275026400
   0.0000223300   -0.0000057300    0.0000199500
   0.0004702700   -0.0008116700   -0.0003802400
   0.0005435500    0.0004534300   -0.0002172500
  -0.0001079100   -0.0000101600    0.0001021200
  -0.0000383100    0.0000075300   -0.0000144000
   0.0000218700   -0.0000296900    0.0000585300
   0.0000040700   -0.0000225700   -0.0000009000
   0.0000396800   -0.0000503100    0.0000105600
   0.0009150700    0.0024391400    0.0006650200
  -0.0000676400    0.0000028200   -0.0000055900
   0.0007469800   -0.0025131600   -0.0005778600
  -0.0000130900   -0.0000065400   -0.0000000100
  -0.0000185300   -0.0000195100   -0.0000083100
  -0.0000293100    0.0000264700    0.0000033000
  -0.0000549500    0.0000236200    0.0000227400
  -0.0000521200   -0.0000170900   -0.0000314100
  -0.0033866200    0.0000098300    0.0000323700
   0.0160804300    0.0001247200    0.0004462600
  -0.0000792600   -0.0001629200    0.0000815500
  -0.0000504700    0.0001899400   -0.0000850800
  -0.0000205800    0.0000091600    0.0000420900
   0.0000067200    0.0000175300   -0.0000296700
  -0.0000186900    0.0000037500   -0.0000017100
   0.0001028600   -0.0008078200    0.0001237000
  -0.0000364000    0.0000019600    0.0000046800
   0.0000690400    0.0005247900    0.0001257600
   0.0005104100    0.0009353500    0.0001259900
   0.0000510300    0.0000163100    0.0000476600
   0.0402918300    0.0142048400   -0.0267897000
   0.0005413400   -0.0003082800    0.0000365500
  -0.0000336600   -0.0000051100   -0.0000200500
  -0.0001256600    0.0000592700    0.0001540500
  -0.0000005600    0.0000280500   -0.0000117000
   0.0000166600    0.0000264200    0.0000725700
   0.0000437600    0.0000255500    0.0000437600
   0.0008397600    0.0009051700    0.0001665200
   0.0000571300    0.0000182100   -0.0000299800
   0.0410922400    0.0139751300    0.0276098900
   0.0005105700   -0.0002166500    0.0000245300
  -0.0000393100   -0.0000073400    0.0000102600
  -0.0001639500    0.0000268200   -0.0001365600
   0.0000026400    0.0000229200    0.0000191600
   0.0000227200    0.0000360600   -0.0000839500
   0.0000725100    0.0000360600   -0.0000361600
   0.0163077000   -0.0002239200   -0.0003690400
  -0.0000813400   -0.0001589000   -0.0001036200
  -0.0001183300    0.0001615600    0.0000864900
  -0.0000197400   -0.0000233800   -0.0000331400
  -0.0000018500    0.0000191300    0.0000257900
  -0.0000260200    0.0000047800   -0.0000019600
   0.0000209500   -0.0005830800    0.0001928200
  -0.0000421700   -0.0000009700   -0.0000013200
  -0.0000038300    0.0006253000   -0.0000073900
   0.0004631900    0.0028478900   -0.0003772600
  -0.0000572300   -0.0000105300    0.0000032800
   0.0002496500   -0.0026605600    0.0006094300
  -0.0000322100    0.0000085300   -0.0000224400
  -0.0000263000   -0.0000199800    0.0000198200
  -0.0000218700    0.0000240900   -0.0000056900
  -0.0000816500    0.0000268300   -0.0000637800
  -0.0000729400   -0.0000223500    0.0000281000
  -0.0043621000    0.0000736900   -0.0001099200
   0.0428051300   -0.0153774100    0.0287543900
   0.0000420800   -0.0000245500   -0.0000661800
   0.0005575600   -0.0008879100   -0.0003057800
   0.0004653400    0.0003194600   -0.0000186800
  -0.0001302400   -0.0000567200   -0.0001723300
  -0.0000460800    0.0000104800    0.0000147900
   0.0000124900   -0.0000246700   -0.0000823400
   0.0000002400   -0.0000193600    0.0000164800
   0.0000891400   -0.0000273600   -0.0000656200

1    
 -0.0100000000000000   0.0000000000000000   0.0000000000000000
   0.2317866200    0.0003640500    0.0012890000
  -0.0010439000   -0.0000337100   -0.0000561500
  -0.0010808100    0.0001840400    0.0000475800
   0.0001129300    0.0006501100    0.0000434100
   0.0002199100   -0.0004867700   -0.0000502100
  -0.0000523700    0.0000039200   -0.0000020900
   0.0001190000    0.0008512100    0.0000355500
  -0.0000523200    0.0000039100    0.0000041800
   0.0002151600   -0.0008116900   -0.0000546200
  -0.0045469100    0.0141341300    0.0002746100
  -0.0003236600    0.0008913700   -0.0000088900
  -0.0000513700   -0.0000577000   -0.0000196900
  -0.0000327900    0.0001458900   -0.0000014500
   0.0000322700   -0.0000338300    0.0000086300
   0.0000089100   -0.0000264000    0.0000077500
  -0.0039531400   -0.0084822900    0.0008079400
  -0.0000509100    0.0000462800   -0.0000316300
  -0.0003851600    0.0009282000   -0.0000736600
  -0.0066372900    0.0099690700    0.0000651000
  -0.0002575700   -0.0000187200   -0.0000130300
  -0.0111580400   -0.0106555600   -0.0004858900
  -0.0018300000   -0.0000046400   -0.0000205700
   0.0000301100   -0.0000853800    0.0000031300
   0.0000262000    0.0000780400   -0.0000042200
  -0.0000051000    0.0000213600   -0.0000037300
  -0.0000155500   -0.0000016800    0.0000102800
  -0.0018820700   -0.0000560200    0.0000039100
  -0.0040636400   -0.0124033900   -0.0001547200
  -0.0000618400    0.0000352500   -0.0000189800
  -0.0003572000   -0.0008425300    0.0001067200
   0.0000127800    0.0000779100    0.0000251900
  -0.0000036300   -0.0001372400    0.0000150800
   0.0000113600    0.0000114600   -0.0000023300
  -0.0003615800   -0.0008233400    0.0000051000
  -0.0000617200   -0.0000310900    0.0000165300
  -0.0041485300    0.0075766800    0.0001405000
  -0.0347339100    0.0129630200    0.0266158800
  -0.0000212000    0.0000046900   -0.0000198500
  -0.0004768200    0.0008150500    0.0003733800
  -0.0005396000   -0.0004572900    0.0002379000
   0.0001077000    0.0000110800   -0.0001019400
   0.0000387800   -0.0000072500    0.0000144700
  -0.0000209300    0.0000298700   -0.0000586700
  -0.0000036800    0.0000227700    0.0000009800
  -0.0000402800    0.0000495400   -0.0000104800
  -0.0009364900   -0.0024184300   -0.0006417300
   0.0000679000   -0.0000032100    0.0000052500
  -0.0007236700    0.0025340900    0.0006038200
   0.0000131600    0.0000090100    0.0000028500
   0.0000186600    0.0000195700    0.0000081800
   0.0000299700   -0.0000263600   -0.0000034400
   0.0000561900   -0.0000241500   -0.0000211600
   0.0000515700    0.0000168200    0.0000332500
   0.0033896500    0.0000138300   -0.0000207000
  -0.0160528100    0.0002103000   -0.0006575700
   0.0000807700    0.0001612900   -0.0000823400
   0.0000497000   -0.0001924100    0.0000847600
   0.0000212300   -0.0000097300   -0.0000421900
  -0.0000062800   -0.0000171600    0.0000295800
   0.0000190400   -0.0000037300    0.0000016100
  -0.0001070000    0.0008133800   -0.0001219300
   0.0000367200   -0.0000018500   -0.0000049000
  -0.0000650500   -0.0005237100   -0.0001217100
  -0.0004977000   -0.0009316600   -0.0001183900
  -0.0000514300   -0.0000170600   -0.0000495400
  -0.0411874100   -0.0147288900    0.0277966600
  -0.0005410200    0.0003095400   -0.0000638400
   0.0000341400    0.0000055000    0.0000199600
   0.0001258300   -0.0000572500   -0.0001543400
   0.0000008100   -0.0000277400    0.0000115900
  -0.0000164400   -0.0000261800   -0.0000730400
  -0.0000415100   -0.0000273000   -0.0000445400
  -0.0008307600   -0.0008988800   -0.0001742300
  -0.0000575900   -0.0000196600    0.0000302600
  -0.0420180500   -0.0145027200   -0.0286129800
  -0.0005116400    0.0002145800   -0.0000000700
   0.0000396900    0.0000077100   -0.0000103200
   0.0001653800   -0.0000259200    0.0001370500
  -0.0000021400   -0.0000225100   -0.0000191000
  -0.0000229300   -0.0000359500    0.0000844300
  -0.0000712100   -0.0000375400    0.0000368100
  -0.0163020300    0.0005243200    0.0005634100
   0.0000834900    0.0001562700    0.0001042300
   0.0001173000   -0.0001636400   -0.0000853000
   0.0000202300    0.0000236200    0.0000331500
   0.0000019600   -0.0000192500   -0.0000258600
   0.0000264400   -0.0000047900    0.0000019500
  -0.0000196400    0.0005845100   -0.0001948200
   0.0000425600    0.0000010500    0.0000016000
   0.0000058500   -0.0006244000    0.0000021100
  -0.0004914500   -0.0028189900    0.0003622900
   0.0000574500    0.0000099700   -0.0000025400
  -0.0002288000    0.0026970100   -0.0006323200
   0.0000325800   -0.0000052000    0.0000195600
   0.0000264600    0.0000199700   -0.0000197800
   0.0000223500   -0.0000239300    0.0000057600
   0.0000828900   -0.0000274600    0.0000620300
   0.0000722700    0.0000215600   -0.0000298200
   0.0043594800   -0.0000431600    0.0001047000
  -0.0418351800    0.0148321900   -0.0277297600
  -0.0000410200    0.0000235000    0.0000645100
  -0.0005703900    0.0008910400    0.0003143800
  -0.0004647600   -0.0003216400   -0.0000148800
   0.0001303400    0.0000587300    0.0001718800
   0.0000461800   -0.0000098900   -0.0000149200
  -0.0000117700    0.0000250400    0.0000815700
   0.0000001100    0.0000196800   -0.0000166200
  -0.0000904200    0.0000258900    0.0000654100

1    
  0.0000000000000000   0.0000000000000000   0.0100000000000000
  -0.0013708300    0.0007912900   -0.2537948500
  -0.0000487100    0.0000205300    0.0005807200
   0.0000600100    0.0000704000    0.0005817700
  -0.0000309600   -0.0000871700    0.0005817700
   0.0000494500   -0.0000274300    0.0005163500
  -0.0000041800    0.0000024100   -0.0000678700
  -0.0000421500    0.0000319100    0.0005807200
   0.0000021700   -0.0000012600   -0.0000678800
   0.0000484900   -0.0000291000    0.0005163500
  -0.0009282800    0.0003303000   -0.0057151600
   0.0000355300    0.0000749100    0.0003175600
  -0.0000141400   -0.0000347000    0.0000123600
  -0.0000257500   -0.0000018400   -0.0000459900
   0.0000135900    0.0000321300   -0.0000070600
   0.0000041300    0.0000185600    0.0000273900
  -0.0006215200   -0.0007987500   -0.0066186000
   0.0000189500   -0.0000130200    0.0000083400
  -0.0001073200   -0.0000769100    0.0003108000
   0.0003807800    0.0009377000   -0.0066186000
  -0.0000112800    0.0000232200   -0.0000459900
  -0.0007503100    0.0006386100   -0.0057151600
   0.0000129100    0.0001314100    0.0003107900
  -0.0000140000   -0.0000128600    0.0000273900
   0.0000229700    0.0000295900    0.0000123600
   0.0000207500   -0.0000099000    0.0000083500
  -0.0000210200   -0.0000278400   -0.0000070600
  -0.0000471000   -0.0000682400    0.0003175500
   0.0002306100    0.0003234000   -0.0066915900
   0.0000163000   -0.0000186000    0.0000127300
   0.0000020300   -0.0000011700    0.0004078900
  -0.0000020200    0.0000208900    0.0000128100
   0.0000153700   -0.0000088700   -0.0000607800
   0.0000242500   -0.0000048200    0.0000127300
   0.0001081400   -0.0000624200    0.0004074100
  -0.0000191000   -0.0000087100    0.0000128100
  -0.0001646900   -0.0003614500   -0.0066915900
  -0.0269281100    0.0155433200    0.0427185400
  -0.0000164900   -0.0000204900   -0.0000232000
   0.0006390700   -0.0002042000    0.0005776700
   0.0004964700   -0.0004512600    0.0005776800
  -0.0000851100   -0.0001235700   -0.0000627000
  -0.0000279400    0.0000161300    0.0000025300
   0.0000095000    0.0000245300   -0.0000232100
  -0.0000201000    0.0000115900    0.0000038400
   0.0000644400    0.0001355000   -0.0000627000
   0.0016182400    0.0008576100    0.0022565400
  -0.0000010200   -0.0000341500    0.0000090000
  -0.0016387100    0.0009458900    0.0021009800
  -0.0000070500   -0.0000605200    0.0000017800
  -0.0000229800    0.0000132600    0.0000047100
   0.0000290600    0.0000179600    0.0000090000
  -0.0000400400    0.0000231100   -0.0000132000
   0.0000488800    0.0000363800    0.0000017900
   0.0000667700   -0.0018302300    0.0022565400
  -0.0000958500   -0.0332684300    0.0434488300
  -0.0001646500    0.0000259600   -0.0000579000
   0.0001487800    0.0000216000   -0.0000575400
   0.0000343200   -0.0000124600    0.0000001600
  -0.0000316600    0.0000046400   -0.0000099000
   0.0000009500   -0.0000277300    0.0000022600
  -0.0002292900    0.0005623400    0.0007259100
  -0.0000040900   -0.0000274100    0.0000074700
   0.0002654000    0.0004667500    0.0009606900
   0.0002968900    0.0000384100    0.0008527900
  -0.0000041000    0.0000073100    0.0000064100
  -0.0285489200   -0.0163606400    0.0446822900
   0.0002111500    0.0003213100    0.0009202500
  -0.0000212600   -0.0000084700   -0.0000026100
  -0.0000786900    0.0001761000   -0.0001083900
  -0.0000151200   -0.0000045000    0.0000033000
   0.0000160000   -0.0000034000    0.0000025800
   0.0000977200   -0.0001385700   -0.0000884800
  -0.0006016300   -0.0000827200    0.0007259000
   0.0000279600   -0.0000234800    0.0000001500
   0.0287600100    0.0167230100    0.0434488200
  -0.0002714300   -0.0004632700    0.0009606900
   0.0000244800    0.0000130500    0.0000022600
   0.0000557100   -0.0001396400   -0.0000575500
   0.0000216900    0.0000172500    0.0000074600
  -0.0000198600    0.0000250900   -0.0000099000
  -0.0001048300    0.0001295900   -0.0000579000
  -0.0001123600    0.0329043900    0.0446822800
   0.0001688700   -0.0000153100   -0.0000884900
  -0.0001918500   -0.0000199300   -0.0001084000
  -0.0000083800   -0.0000001000    0.0000064000
   0.0000109400   -0.0000121500    0.0000025700
  -0.0000033000    0.0000226400   -0.0000026200
   0.0001152400   -0.0002762900    0.0008527800
  -0.0000036600    0.0000153500    0.0000033000
  -0.0001726200   -0.0003435500    0.0009202500
  -0.0016697900   -0.0012216600    0.0021624300
   0.0000009500    0.0000310900    0.0000122200
   0.0018768700   -0.0010833500    0.0020275100
   0.0000049200    0.0000274800    0.0000473200
   0.0000187300   -0.0000108100    0.0000089200
  -0.0000264500   -0.0000163600    0.0000122300
   0.0000325100   -0.0000187600    0.0000525100
  -0.0000213400   -0.0000179900    0.0000473200
   0.0002226800    0.0020569500    0.0021624300
   0.0295897700   -0.0170796900    0.0456194400
  -0.0000065400    0.0000147200    0.0000062600
  -0.0003437800    0.0001087600    0.0007990800
  -0.0002661300    0.0002432900    0.0007990800
   0.0000618100    0.0001396700   -0.0000588800
   0.0000214400   -0.0000123800   -0.0000024700
  -0.0000160200   -0.0000017100    0.0000062600
   0.0000097900   -0.0000056500    0.0000166900
  -0.0000900300   -0.0001233800   -0.0000588800

1    
  0.0000000000000000   0.0000000000000000  -0.0100000000000000
   0.0013345400   -0.0007703500    0.2538788200
   0.0000415600   -0.0000263500   -0.0005799100
  -0.0000545100   -0.0000756100   -0.0005788800
   0.0000382200    0.0000850200   -0.0005788800
  -0.0000595200    0.0000260300   -0.0005164800
   0.0000042800   -0.0000024700    0.0000680800
   0.0000436100   -0.0000228100   -0.0005799100
  -0.0000022300    0.0000012900    0.0000680700
  -0.0000523100    0.0000385200   -0.0005164800
   0.0007859500   -0.0002561300    0.0057168000
  -0.0000339700   -0.0000752900   -0.0003181500
   0.0000142000    0.0000367300   -0.0000125200
   0.0000250500    0.0000011800    0.0000464200
  -0.0000145900   -0.0000318800    0.0000069800
  -0.0000025100   -0.0000195900   -0.0000268900
   0.0006364600    0.0006129100    0.0066415800
  -0.0000192500    0.0000120900   -0.0000084600
   0.0001078000    0.0000740600   -0.0003089300
  -0.0002124000   -0.0008576900    0.0066415800
   0.0000115100   -0.0000222800    0.0000464100
   0.0006149000   -0.0005524600    0.0057167900
  -0.0000102100   -0.0001303800   -0.0003089400
   0.0000157100    0.0000119700   -0.0000268900
  -0.0000247000   -0.0000306600   -0.0000125200
  -0.0000201000    0.0000106300   -0.0000084600
   0.0000203200    0.0000285700    0.0000069800
   0.0000482100    0.0000670600   -0.0003181500
  -0.0000602000   -0.0001925800    0.0066921900
  -0.0000163800    0.0000207000   -0.0000129900
  -0.0000064200    0.0000037100   -0.0004084500
   0.0000028800   -0.0000205100   -0.0000128900
  -0.0000147700    0.0000085300    0.0000610400
  -0.0000261200    0.0000038300   -0.0000129900
  -0.0001072800    0.0000619200   -0.0004087500
   0.0000192000    0.0000077700   -0.0000128900
   0.0001366400    0.0001484500    0.0066921900
   0.0278386100   -0.0160689100   -0.0437341600
   0.0000152100    0.0000209800    0.0000235400
  -0.0006237600    0.0002001400   -0.0005911200
  -0.0004852900    0.0004400200   -0.0005911100
   0.0000867600    0.0001211600    0.0000626700
   0.0000279200   -0.0000161200   -0.0000021900
  -0.0000105600   -0.0000236600    0.0000235300
   0.0000204400   -0.0000118000   -0.0000035600
  -0.0000615100   -0.0001357400    0.0000626700
  -0.0016021500   -0.0008461800   -0.0022574300
   0.0000010300    0.0000337800   -0.0000089000
   0.0016171900   -0.0009334600   -0.0020938300
   0.0000069900    0.0000619900   -0.0000006300
   0.0000226500   -0.0000130700   -0.0000045800
  -0.0000287400   -0.0000177900   -0.0000089000
   0.0000414500   -0.0000239300    0.0000144600
  -0.0000501800   -0.0000370500   -0.0000006400
  -0.0000686300    0.0018105800   -0.0022574300
   0.0001199700    0.0343527200   -0.0443549900
   0.0001635300   -0.0000232500    0.0000578800
  -0.0001467200   -0.0000189100    0.0000572700
  -0.0000337200    0.0000106600    0.0000003300
   0.0000317600   -0.0000061200    0.0000103900
  -0.0000010500    0.0000279000   -0.0000020000
   0.0002246500   -0.0005426500   -0.0007406600
   0.0000040800    0.0000278100   -0.0000070200
  -0.0002627000   -0.0004569500   -0.0009681400
  -0.0003084800   -0.0000393900   -0.0008436900
   0.0000052900   -0.0000063700   -0.0000065000
   0.0276202800    0.0158182600   -0.0437673800
  -0.0002210100   -0.0003310600   -0.0009099200
   0.0000211400    0.0000084200    0.0000026600
   0.0000779000   -0.0001782900    0.0001084800
   0.0000149500    0.0000043500   -0.0000032700
  -0.0000144000    0.0000042100   -0.0000028600
  -0.0001005400    0.0001390200    0.0000883500
   0.0005822600    0.0000769000   -0.0007406700
  -0.0000261000    0.0000238700    0.0000003200
  -0.0296868600   -0.0172862400   -0.0443550000
   0.0002642900    0.0004560400   -0.0009681500
  -0.0000246900   -0.0000130500   -0.0000020000
  -0.0000570100    0.0001365100    0.0000572700
  -0.0000220400   -0.0000174400   -0.0000070200
   0.0000211900   -0.0000244400    0.0000103800
   0.0001019300   -0.0001299800    0.0000578800
   0.0001175400   -0.0318289700   -0.0437673800
  -0.0001706700    0.0000175300    0.0000883500
   0.0001933500    0.0000217300    0.0001084700
   0.0000081600   -0.0000013900   -0.0000065100
  -0.0000108600    0.0000103700   -0.0000028700
   0.0000032800   -0.0000225200    0.0000026500
  -0.0001201900    0.0002868300   -0.0008436900
   0.0000037100   -0.0000151200   -0.0000032800
   0.0001761200    0.0003569700   -0.0009099200
   0.0016761300    0.0012243200   -0.0021608300
  -0.0000011300   -0.0000313900   -0.0000119900
  -0.0018854900    0.0010883400   -0.0020248600
  -0.0000050800   -0.0000252700   -0.0000481600
  -0.0000191600    0.0000110600   -0.0000089100
   0.0000266200    0.0000166900   -0.0000119900
  -0.0000308300    0.0000178000   -0.0000531300
   0.0000193400    0.0000170400   -0.0000481600
  -0.0002218100   -0.0020637800   -0.0021608300
  -0.0286662000    0.0165465900   -0.0447653400
   0.0000052400   -0.0000135200   -0.0000066500
   0.0003541700   -0.0001112200   -0.0007904500
   0.0002734600   -0.0002510600   -0.0007904500
  -0.0000606500   -0.0001419500    0.0000588400
  -0.0000213800    0.0000123400    0.0000025800
   0.0000143300    0.0000022300   -0.0000066500
  -0.0000095400    0.0000055100   -0.0000165400
   0.0000925800    0.0001235100    0.0000588400

10   
  0.0100000000000000   0.0000000000000000   0.0000000000000000
   0.0046297900    0.0068333200   -0.0008522400
   0.0000519300   -0.0000314600   -0.0000143300
   0.0003200300   -0.0008189000    0.0000352700
   0.0040373900   -0.0117055600   -0.0006255700
   0.0003823100   -0.0008361700   -0.0001076600
   0.0000516800    0.0000058400    0.0000189000
   0.0000314100   -0.0001109000   -0.0000251100
  -0.0000083600    0.0000993000    0.0000031200
  -0.0000313300   -0.0000266400    0.0000140700
  -0.2317857500    0.0005130100   -0.0012141400
   0.0011242500    0.0002143100   -0.0000518800
   0.0010861800   -0.0000719600    0.0000529700
  -0.0001539600   -0.0005104200   -0.0000513600
  -0.0000462400    0.0006813900    0.0000479300
   0.0000419100    0.0000026700    0.0000031000
  -0.0001499100   -0.0008091300    0.0000505400
   0.0000418900    0.0000029100   -0.0000061200
  -0.0000514500    0.0008618700   -0.0000192700
   0.0003658800    0.0009056100    0.0000497700
   0.0000450400    0.0000488100    0.0000287400
   0.0045635900   -0.0077376000    0.0000162900
   0.0046354100    0.0133470800    0.0003867500
   0.0000446200   -0.0000237100    0.0000146600
   0.0003674900    0.0008852000   -0.0000145800
  -0.0000201500   -0.0000614400   -0.0000374600
   0.0000732000    0.0001212000    0.0000093100
  -0.0000213600    0.0000106000   -0.0000171700
   0.0111630700   -0.0105832000    0.0006843200
   0.0002575900   -0.0000154000    0.0000112300
   0.0066330300    0.0099804600   -0.0003089200
   0.0018807100    0.0000052400    0.0000471500
   0.0000167900    0.0000637400    0.0000205000
   0.0000040100   -0.0000720300   -0.0000204600
  -0.0000272100    0.0000126900   -0.0000239000
  -0.0000292600    0.0000134600    0.0000147800
   0.0018313800   -0.0000669400   -0.0000107200
   0.0002087900   -0.0006331400    0.0002178400
  -0.0000395100    0.0000001300   -0.0000001800
   0.0001977100    0.0005836900   -0.0000680000
   0.0125014600    0.0004154400   -0.0005223100
  -0.0001023000   -0.0001489600    0.0000625300
  -0.0000685400    0.0001367300   -0.0000738900
  -0.0000060900    0.0000118600    0.0000330000
  -0.0000245300   -0.0000174700   -0.0000372300
  -0.0000286600   -0.0000052800   -0.0000030800
   0.0005675900    0.0008288200   -0.0003876000
   0.0000197300    0.0000028700    0.0000171300
   0.0349785400    0.0126652500   -0.0263336100
   0.0005662000   -0.0004471700   -0.0002777600
  -0.0000348900   -0.0000007500   -0.0000200700
  -0.0001177300   -0.0000086300    0.0000905500
   0.0000013200    0.0000192400    0.0000022800
   0.0000137400    0.0000432400    0.0000592500
   0.0000437900    0.0000462300    0.0000299200
   0.0420192000   -0.0155537200   -0.0282664900
   0.0000584100   -0.0000040300    0.0000607700
   0.0005858100   -0.0007926000    0.0001471000
   0.0005750500    0.0002014900    0.0000301600
  -0.0001153600   -0.0000453800    0.0001114300
  -0.0000323100    0.0000120900   -0.0000212000
   0.0000411000   -0.0000625400    0.0000635400
   0.0000005200   -0.0000249800   -0.0000103700
   0.0000649200    0.0000314100    0.0000491900
  -0.0000691500    0.0000288500    0.0000312000
  -0.0000797900   -0.0000323100   -0.0000572500
  -0.0043073100   -0.0000460600   -0.0001185300
   0.0002187900    0.0025659500    0.0005980200
  -0.0000384900    0.0000086600    0.0000027500
   0.0004650900   -0.0026881200   -0.0003406700
  -0.0000288400   -0.0000054700   -0.0000188300
  -0.0000221900   -0.0000178500   -0.0000049500
  -0.0000256700    0.0000128400    0.0000177700
  -0.0000541600    0.0000136600   -0.0000568500
  -0.0000656500   -0.0000244400    0.0000396100
  -0.0040730900    0.0000095400    0.0000270700
   0.0003627200    0.0026633000   -0.0001724800
  -0.0000565600   -0.0000041100   -0.0000055700
   0.0006243800   -0.0025531200    0.0002682000
  -0.0000255300    0.0000130300   -0.0000096600
  -0.0000342200   -0.0000112300    0.0000018900
  -0.0000205000    0.0000078900   -0.0000076600
   0.0423666900   -0.0141798300    0.0282952100
   0.0000526800   -0.0000150300   -0.0000269900
   0.0009226500   -0.0009334500    0.0002064100
   0.0005691800    0.0002400900    0.0000534100
  -0.0001734500    0.0000020500   -0.0001098000
  -0.0000348900    0.0000014000    0.0000163900
   0.0000153300   -0.0000490100   -0.0000830500
   0.0000005400   -0.0000209800    0.0000147000
   0.0000798400   -0.0000380300   -0.0000602600
   0.0006751800    0.0007342000   -0.0003289200
   0.0000486600    0.0000094900   -0.0000752800
   0.0427317900    0.0157331000    0.0281499500
   0.0004937200   -0.0002269900    0.0000546700
  -0.0000455400   -0.0000174700    0.0000167800
  -0.0001157800    0.0000496900   -0.0001195900
   0.0000015400    0.0000204600    0.0000177300
   0.0000362200    0.0000590800   -0.0000739800
   0.0001069100   -0.0000304000   -0.0000677900
   0.0001109600   -0.0006513200    0.0003102700
  -0.0000360000   -0.0000009900    0.0000040300
   0.0001329700    0.0009319500   -0.0000913700
   0.0162339300    0.0001276400    0.0006232000
  -0.0000385600   -0.0002035900   -0.0000689200
  -0.0000669500    0.0001725100    0.0000701100
  -0.0000071700   -0.0000187700   -0.0000089100
  -0.0000353000   -0.0000135900    0.0000279100
  -0.0000246000   -0.0000043100   -0.0000014300

10   
 -0.0100000000000000   0.0000000000000000   0.0000000000000000
  -0.0044761800   -0.0069317300    0.0008618100
  -0.0000522100    0.0000315600    0.0000140000
  -0.0003211500    0.0008362100   -0.0000342600
  -0.0040435900    0.0118255100    0.0006323700
  -0.0003890200    0.0008168600    0.0001075000
  -0.0000512500   -0.0000044500   -0.0000193000
  -0.0000335500    0.0001114900    0.0000256800
   0.0000069300   -0.0000982300   -0.0000035200
   0.0000328700    0.0000258900   -0.0000141000
   0.2316215900    0.0011685900    0.0014308300
  -0.0010843700   -0.0002057200    0.0000460500
  -0.0011223900    0.0000794300   -0.0000563300
   0.0001560600    0.0005240000    0.0000514900
   0.0000476200   -0.0006651500   -0.0000485800
  -0.0000422200   -0.0000035900   -0.0000030500
   0.0001600800    0.0007967500   -0.0000475300
  -0.0000422300   -0.0000033400    0.0000061700
   0.0000423900   -0.0008753000    0.0000204800
  -0.0003641100   -0.0008877300   -0.0000485000
  -0.0000457000   -0.0000487000   -0.0000290700
  -0.0047081600    0.0076597500   -0.0000185000
  -0.0046344900   -0.0132489800   -0.0003819300
  -0.0000461300    0.0000249100   -0.0000150000
  -0.0003625300   -0.0009080900    0.0000133900
   0.0000205800    0.0000631300    0.0000376000
  -0.0000714700   -0.0001201600   -0.0000095600
   0.0000193500   -0.0000109800    0.0000171600
  -0.0105188200    0.0103149200   -0.0006808500
  -0.0002580100    0.0000151500   -0.0000115200
  -0.0072076600   -0.0102359400    0.0002841400
  -0.0018840600    0.0000085000   -0.0000481400
  -0.0000152300   -0.0000616800   -0.0000208100
  -0.0000061100    0.0000738800    0.0000204100
   0.0000262800   -0.0000133500    0.0000238000
   0.0000294300   -0.0000144800   -0.0000149000
  -0.0018323300    0.0001008200    0.0000124400
  -0.0002093200    0.0006393300   -0.0002171100
   0.0000391400   -0.0000006000    0.0000000000
  -0.0001996500   -0.0005766200    0.0000660000
  -0.0125058300   -0.0001479600    0.0003213000
   0.0001030900    0.0001466200   -0.0000638100
   0.0000668100   -0.0001395900    0.0000732000
   0.0000065000   -0.0000127700   -0.0000334700
   0.0000236200    0.0000170400    0.0000366000
   0.0000282900    0.0000050000    0.0000031900
  -0.0005605200   -0.0008276700    0.0003944500
  -0.0000206500   -0.0000042300   -0.0000172600
  -0.0356843600   -0.0130606400    0.0272368600
  -0.0005721200    0.0004430500    0.0002568800
   0.0000344300    0.0000006000    0.0000200100
   0.0001181800    0.0000092700   -0.0000905400
  -0.0000016300   -0.0000196300   -0.0000023400
  -0.0000145600   -0.0000435300   -0.0000593500
  -0.0000428000   -0.0000477900   -0.0000302000
  -0.0411046800    0.0150252400    0.0272150900
  -0.0000577800    0.0000028900   -0.0000589200
  -0.0005985100    0.0007954900   -0.0001534000
  -0.0005718000   -0.0002038100   -0.0000057000
   0.0001158500    0.0000467300   -0.0001109900
   0.0000320700   -0.0000121700    0.0000213100
  -0.0000409600    0.0000624500   -0.0000632900
  -0.0000008000    0.0000246700    0.0000105200
  -0.0000665400   -0.0000332000   -0.0000483400
   0.0000699000   -0.0000303300   -0.0000292300
   0.0000786000    0.0000309200    0.0000591400
   0.0043100600    0.0000707900    0.0001260000
  -0.0002409300   -0.0025347400   -0.0005762700
   0.0000383200   -0.0000095200   -0.0000033200
  -0.0004363400    0.0027124000    0.0003558900
   0.0000284800    0.0000080900    0.0000216500
   0.0000217300    0.0000175200    0.0000048900
   0.0000256100   -0.0000133600   -0.0000178500
   0.0000549700   -0.0000148600    0.0000546900
   0.0000642600    0.0000229600   -0.0000415300
   0.0040698000    0.0000145200   -0.0000333600
  -0.0003858800   -0.0026417300    0.0001530800
   0.0000563100    0.0000031300    0.0000062100
  -0.0006031500    0.0025753000   -0.0002851100
   0.0000255100   -0.0000101700    0.0000061000
   0.0000336000    0.0000108900   -0.0000016300
   0.0000204000   -0.0000083000    0.0000078900
  -0.0414470900    0.0136663800   -0.0272915400
  -0.0000523900    0.0000133400    0.0000266600
  -0.0009315800    0.0009371600   -0.0001987100
  -0.0005661500   -0.0002423300   -0.0000776200
   0.0001719600   -0.0000014400    0.0001096100
   0.0000345700   -0.0000014200   -0.0000163300
  -0.0000151600    0.0000487300    0.0000823300
  -0.0000010200    0.0000208000   -0.0000147200
  -0.0000815500    0.0000359000    0.0000591200
  -0.0006623500   -0.0007320000    0.0003219700
  -0.0000498700   -0.0000109100    0.0000770000
  -0.0437149100   -0.0162787600   -0.0292135000
  -0.0004975000    0.0002215500   -0.0000238900
   0.0000452600    0.0000176300   -0.0000166600
   0.0001149000   -0.0000483600    0.0001200700
  -0.0000018000   -0.0000207200   -0.0000175400
  -0.0000372400   -0.0000590900    0.0000744800
  -0.0001061400    0.0000288900    0.0000682300
  -0.0001130500    0.0006512500   -0.0003136300
   0.0000357100    0.0000005900   -0.0000038500
  -0.0001306300   -0.0009271800    0.0000901900
  -0.0162614700    0.0001892400   -0.0004322800
   0.0000393800    0.0002001300    0.0000696500
   0.0000653900   -0.0001751600   -0.0000688700
   0.0000068100    0.0000183500    0.0000086600
   0.0000346400    0.0000122500   -0.0000280500
   0.0000242700    0.0000038100    0.0000014400

10   
  0.0000000000000000   0.0000000000000000   0.0100000000000000
  -0.0002780500   -0.0008077400   -0.0057164100
   0.0000196500    0.0000058000    0.0000124100
   0.0000078900    0.0000117000    0.0003195200
  -0.0008920900   -0.0003432500   -0.0066186400
   0.0000766100    0.0000178700    0.0003099000
   0.0000316000    0.0000149400    0.0000087900
   0.0000013900   -0.0000142000   -0.0000460900
  -0.0000079800   -0.0000010000    0.0000271200
  -0.0000081200    0.0000062900   -0.0000069100
  -0.0013017000   -0.0022991900   -0.2522471500
   0.0000511200   -0.0000306400    0.0005556000
  -0.0000443900    0.0000250700    0.0005565000
   0.0000541900   -0.0000305100    0.0005575300
  -0.0000236600    0.0000416300    0.0006233600
  -0.0000061800   -0.0000106200   -0.0000671300
  -0.0000507300    0.0000378800    0.0005584300
   0.0000031100    0.0000053100   -0.0000671200
   0.0000486400    0.0000095000    0.0006257100
   0.0000142100    0.0000241400    0.0001994900
  -0.0000145600    0.0000108300    0.0000090900
  -0.0003775300   -0.0003204800   -0.0057557700
   0.0000537800   -0.0004205200   -0.0057326900
  -0.0000286600    0.0000274400    0.0000094300
  -0.0000498800   -0.0000846900    0.0001995400
   0.0000176600   -0.0000072700    0.0000091400
  -0.0000089800   -0.0000166400   -0.0000325700
   0.0000369600   -0.0000123500    0.0000088200
  -0.0004029700   -0.0005530400   -0.0057154900
  -0.0000131700   -0.0000051000   -0.0000462700
  -0.0000391600   -0.0008567800   -0.0066415200
   0.0000035600    0.0000123200    0.0003161000
   0.0000111800   -0.0000046500   -0.0000070600
  -0.0000045800    0.0000342800    0.0000080900
  -0.0000042500    0.0000206300    0.0000125000
   0.0000027500   -0.0000068900    0.0000271700
  -0.0000233200    0.0000700200    0.0003100200
  -0.0002001800    0.0006318400    0.0006230700
  -0.0000037600   -0.0000197300   -0.0000005500
   0.0001304200    0.0005416200    0.0005504400
  -0.0000072100   -0.0309025600    0.0425090800
  -0.0001752900   -0.0000003500   -0.0000762700
   0.0001598700    0.0000023500   -0.0000529200
   0.0000234500   -0.0000016500   -0.0000215300
  -0.0000207000   -0.0000125800   -0.0000211200
  -0.0000037300   -0.0000275300    0.0000012000
   0.0006290700    0.0001385600    0.0006368300
  -0.0000116500    0.0000200500   -0.0000218100
  -0.0276904200   -0.0159971300    0.0435488800
   0.0003936800    0.0003713000    0.0005635500
  -0.0000220000   -0.0000170900    0.0000010100
  -0.0000796100    0.0001368200   -0.0000529300
  -0.0000154500   -0.0000132300   -0.0000006500
   0.0000004400   -0.0000234600   -0.0000211900
   0.0000846300   -0.0001521400   -0.0000761400
  -0.0287968400    0.0163925400    0.0431075100
  -0.0000187900   -0.0000177800   -0.0000035300
   0.0004405200    0.0000421400    0.0009119300
   0.0003268900   -0.0005198100    0.0007576100
  -0.0000584900   -0.0001941700   -0.0000686300
  -0.0000230500    0.0000105100    0.0000011400
   0.0000061900    0.0000335400    0.0000024000
  -0.0000228000    0.0000047000    0.0000030500
   0.0001083700    0.0001149400   -0.0000449800
  -0.0000133200    0.0000046500    0.0000696100
   0.0000206100    0.0000055400    0.0000723500
   0.0001829300   -0.0019667800    0.0019829400
   0.0017328000    0.0010652400    0.0020557100
   0.0000009600   -0.0000296400    0.0000099400
  -0.0015497200    0.0011974100    0.0022173700
   0.0000035600   -0.0000013300    0.0000506200
  -0.0000326300    0.0000184000    0.0000145600
   0.0000248400    0.0000134100    0.0000127200
   0.0000125000   -0.0000102900    0.0000685900
  -0.0000046900    0.0000011000    0.0000495600
   0.0000577800    0.0020214300    0.0020604900
  -0.0017812200   -0.0008169700    0.0019772200
  -0.0000008100    0.0000277300    0.0000125400
   0.0018044900   -0.0007357300    0.0022205200
  -0.0000054300    0.0000223900    0.0000715500
   0.0000319300   -0.0000190900    0.0000146500
  -0.0000258000   -0.0000140000    0.0000100200
   0.0295356600   -0.0172997200    0.0440205200
   0.0000238700    0.0000226500    0.0000019700
  -0.0005913100    0.0000165900    0.0007739100
  -0.0001779200    0.0003940300    0.0009203300
   0.0000466000    0.0001477500   -0.0000446700
   0.0000209400   -0.0000147900    0.0000010000
  -0.0000071800   -0.0000246500   -0.0000036600
   0.0000157400   -0.0000174900    0.0000028000
  -0.0001362100   -0.0001480300   -0.0000684100
  -0.0004780200   -0.0000440000    0.0008685100
   0.0000074400   -0.0000260800   -0.0000039000
   0.0298272700    0.0170501800    0.0441307900
  -0.0003391800   -0.0004310600    0.0006648700
   0.0000229900    0.0000150100   -0.0000009700
   0.0000453200   -0.0001555100   -0.0000281800
   0.0000176300    0.0000053700    0.0000140600
  -0.0000073000    0.0000321500    0.0000048100
  -0.0000975200    0.0001074300   -0.0000291400
   0.0001983600   -0.0004262300    0.0008758100
  -0.0000041400    0.0000182500    0.0000139100
  -0.0001997000   -0.0004909200    0.0006789400
  -0.0001798900    0.0354302900    0.0449745800
   0.0001397700   -0.0000279900   -0.0000286800
  -0.0001561900   -0.0000357000   -0.0000278700
  -0.0000265800   -0.0000082100   -0.0000043600
   0.0000312100    0.0000078500    0.0000042100
   0.0000016200    0.0000276300   -0.0000010100

37   
  0.0100000000000000   0.0000000000000000   0.0000000000000000
   0.0347322700   -0.0129681300   -0.0269263100
   0.0004927300    0.0004218400    0.0006350600
   0.0000206900   -0.0000286600   -0.0000157700
   0.0000207300   -0.0000055400    0.0000096400
   0.0000387500    0.0000756700    0.0000629400
   0.0000038000   -0.0000228800   -0.0000205100
   0.0005467300   -0.0007787800    0.0004964200
  -0.0000383600    0.0000072100   -0.0000279600
  -0.0001072300   -0.0001349300   -0.0000854800
   0.0002044100    0.0006198900   -0.0001968500
   0.0002026900   -0.0006626700    0.0001269200
  -0.0000394400   -0.0000044200   -0.0000039200
  -0.0000062600   -0.0000121500    0.0000234600
  -0.0000283700    0.0000030200   -0.0000038600
  -0.0000243700    0.0000206200   -0.0000203700
   0.0125090600   -0.0002496200   -0.0000402500
  -0.0000678400    0.0000194900    0.0001601600
  -0.0001015700   -0.0000379500   -0.0001734800
   0.0356874300    0.0136641200    0.0276875800
   0.0000209500    0.0000286000    0.0000126900
   0.0005447100   -0.0004244700   -0.0006341700
   0.0000445900   -0.0000628500   -0.0000864400
   0.0000147700    0.0000046200   -0.0000000800
   0.0000014500    0.0000237100    0.0000152700
  -0.0001180400    0.0001093300    0.0000790700
  -0.0000346300   -0.0000087900    0.0000218500
   0.0005638600    0.0007892400   -0.0003933500
  -0.0033880100   -0.0000439700   -0.0000768600
  -0.0000519600   -0.0000302300   -0.0000503400
  -0.0000553800    0.0000237100    0.0000398400
  -0.0000296700    0.0000249800   -0.0000290100
  -0.0000188000   -0.0000193800    0.0000226400
  -0.0000131600    0.0000048300    0.0000073300
   0.0007532400   -0.0025422200    0.0016337900
  -0.0000676700    0.0000045300    0.0000008200
   0.0009065600    0.0024726800   -0.0016058600
  -0.0972663600   -0.0001920700   -0.0011128000
  -0.0000316900   -0.0000348000   -0.0000054600
  -0.0000309000    0.0000390400   -0.0000033100
   0.0000242800   -0.0000004000   -0.0000869600
   0.0000160500    0.0000170600    0.0000785800
   0.0000113700   -0.0000001300    0.0000002600
   0.0000245100    0.0000725300   -0.0000860600
   0.0000113800   -0.0000004500    0.0000001500
   0.0000157600   -0.0000682300    0.0000749000
  -0.0009612100    0.0021053500    0.0018780100
   0.0000035400   -0.0000140800    0.0000081800
   0.0000570800   -0.0000715500    0.0000139600
   0.0000011500   -0.0000156500    0.0000121700
  -0.0000030800    0.0000069400    0.0000035500
   0.0000009700    0.0000165400    0.0000009100
   0.0000561700   -0.0000723600    0.0000492500
   0.0000039800    0.0000176000    0.0000033000
  -0.0009456500    0.0002157100    0.0004142300
   0.0009141000   -0.0033840800   -0.0005142600
  -0.0001840700   -0.0000519100   -0.0000429100
   0.0000444700   -0.0000161100   -0.0000050000
   0.0000212700   -0.0000245700   -0.0000176400
  -0.0000027300    0.0000013200    0.0000114500
   0.0000080300    0.0000071900    0.0000016700
   0.0011222900   -0.0039090100    0.0006750400
   0.0000306100   -0.0000211000    0.0000022700
  -0.0001990200   -0.0000508700    0.0000832200
   0.0012321900   -0.0010216000    0.0014640600
   0.0000058200   -0.0000034100    0.0000009600
   0.0012594400    0.0012601300   -0.0013189100
  -0.0000413000   -0.0000339800   -0.0000185900
   0.0000028500    0.0000206400    0.0000073800
   0.0000060700   -0.0000219800   -0.0000082000
  -0.0000009000    0.0000146100    0.0000145400
  -0.0000002000   -0.0000093100   -0.0000109000
  -0.0000289100   -0.0000277100   -0.0000153900
   0.0074724300    0.0001436300    0.0011807200
   0.0000609200    0.0000019400    0.0000013500
   0.0071963800   -0.0001467400   -0.0012200000
  -0.0000748200    0.0000039700    0.0000007100
   0.0000346300    0.0000209900    0.0000083400
   0.0000282300   -0.0000230700   -0.0000074500
   0.0000349900   -0.0000139500   -0.0000089600
   0.0000277300    0.0000178700    0.0000123600
  -0.0001045600   -0.0000142700   -0.0000082700
  -0.0010786200   -0.0024318200   -0.0016152200
   0.0001083400    0.0000937800    0.0000295000
   0.0000058100    0.0000153800   -0.0000066500
  -0.0000017200   -0.0000047900    0.0000003800
  -0.0000033900    0.0000079800   -0.0000117200
   0.0000015200   -0.0000223900    0.0000018700
  -0.0011605700   -0.0001983200   -0.0003266600
   0.0000039200   -0.0000148400   -0.0000000700
   0.0000954100    0.0000694300   -0.0001011400
   0.0009570600    0.0033797600    0.0006468800
   0.0000485800    0.0000165900    0.0000092000
  -0.0001856600    0.0000483700    0.0000403700
   0.0000026600    0.0000006500   -0.0000096000
   0.0000247100    0.0000204100    0.0000185200
   0.0000029000   -0.0000106500   -0.0000023400
  -0.0001617600    0.0000766300   -0.0000742700
   0.0000326400    0.0000214800   -0.0000017600
   0.0011028700    0.0039676800   -0.0007465500
  -0.0025995500   -0.0000338800   -0.0000313100
   0.0000411300   -0.0001341400   -0.0000536500
   0.0000529600    0.0001387000    0.0000709700
  -0.0000535700   -0.0002437600    0.0000531200
  -0.0000651600    0.0002284400   -0.0000389800
   0.0000159400    0.0000007700    0.0000019500
  -0.0000881300    0.0000725800   -0.0000026200
   0.0000149900    0.0000015000   -0.0000001300
  -0.0000853300   -0.0000856500   -0.0000051700

37   
 -0.0100000000000000   0.0000000000000000   0.0000000000000000
  -0.0354325700    0.0133559300    0.0278384200
  -0.0004548700   -0.0004096600   -0.0006279000
  -0.0000225700    0.0000308600    0.0000160800
  -0.0000221800    0.0000054200   -0.0000102000
  -0.0000415000   -0.0000737000   -0.0000629200
  -0.0000038700    0.0000226500    0.0000202000
  -0.0005367100    0.0007694700   -0.0004851800
   0.0000384500   -0.0000073800    0.0000278000
   0.0001079000    0.0001355500    0.0000863500
  -0.0002134500   -0.0006264700    0.0001978900
  -0.0001942800    0.0006557500   -0.0001281400
   0.0000393500    0.0000040200    0.0000035500
   0.0000064900    0.0000112900   -0.0000231300
   0.0000284000   -0.0000026400    0.0000036600
   0.0000240000   -0.0000216000    0.0000207800
  -0.0125006600    0.0003983900   -0.0000305100
   0.0000668800   -0.0000204100   -0.0001578800
   0.0001032100    0.0000367600    0.0001757800
  -0.0349763200   -0.0132719200   -0.0267565600
  -0.0000191900   -0.0000266500   -0.0000122900
  -0.0005839100    0.0004378600    0.0006419800
  -0.0000422700    0.0000643200    0.0000854900
  -0.0000136500   -0.0000048300   -0.0000004000
  -0.0000013100   -0.0000239700   -0.0000155000
   0.0001174000   -0.0001084900   -0.0000784000
   0.0000344500    0.0000087400   -0.0000219800
  -0.0005747100   -0.0007990300    0.0004039100
   0.0033877900    0.0000822400    0.0000586000
   0.0000515300    0.0000300400    0.0000486800
   0.0000556200   -0.0000237500   -0.0000415400
   0.0000297300   -0.0000246700    0.0000286600
   0.0000184800    0.0000196400   -0.0000228600
   0.0000132000   -0.0000058300   -0.0000066600
  -0.0007178300    0.0025051200   -0.0016213100
   0.0000675600   -0.0000040500   -0.0000012000
  -0.0009455600   -0.0025067500    0.0016146800
   0.0972541800   -0.0008582400   -0.0007447800
   0.0000308400    0.0000335600    0.0000078200
   0.0000316200   -0.0000403700    0.0000057100
  -0.0000246300    0.0000034800    0.0000883400
  -0.0000156900   -0.0000137100   -0.0000771900
  -0.0000114200    0.0000004600   -0.0000001300
  -0.0000244500   -0.0000712800    0.0000852900
  -0.0000113900    0.0000001400   -0.0000002600
  -0.0000160200    0.0000694600   -0.0000756900
   0.0009407500   -0.0020590100   -0.0018552000
  -0.0000040000    0.0000137000   -0.0000080400
  -0.0000535100    0.0000715000   -0.0000104500
  -0.0000009600    0.0000152100   -0.0000122700
   0.0000029600   -0.0000069400   -0.0000034100
  -0.0000011600   -0.0000158500   -0.0000007600
  -0.0000544300    0.0000707200   -0.0000450700
  -0.0000035200   -0.0000179100   -0.0000033700
   0.0009560700   -0.0002165400   -0.0004244500
  -0.0009087500    0.0034170200    0.0005226500
   0.0001798800    0.0000517100    0.0000448000
  -0.0000451200    0.0000163700    0.0000054400
  -0.0000210400    0.0000247900    0.0000178400
   0.0000027400   -0.0000013400   -0.0000114300
  -0.0000082500   -0.0000070500   -0.0000017600
  -0.0011415100    0.0038919500   -0.0006831100
  -0.0000303500    0.0000206300   -0.0000024000
   0.0002004300    0.0000515400   -0.0000843400
  -0.0012370800    0.0010380400   -0.0014593900
  -0.0000058400    0.0000036800   -0.0000008500
  -0.0012556300   -0.0012471900    0.0013239500
   0.0000418800    0.0000303200    0.0000237200
  -0.0000028700   -0.0000202500   -0.0000073300
  -0.0000061400    0.0000223000    0.0000082100
   0.0000007600   -0.0000142500   -0.0000144700
   0.0000003500    0.0000095900    0.0000109900
   0.0000288600    0.0000282600    0.0000164000
  -0.0072936600   -0.0001459100   -0.0011542200
  -0.0000609200   -0.0000027400   -0.0000013800
  -0.0073719100    0.0001425500    0.0012485400
   0.0000745900   -0.0000018200    0.0000015500
  -0.0000345200   -0.0000204000   -0.0000079500
  -0.0000283400    0.0000236300    0.0000078900
  -0.0000350200    0.0000139300    0.0000095100
  -0.0000277700   -0.0000179600   -0.0000118600
   0.0001046700    0.0000170700    0.0000069300
   0.0011053900    0.0024838400    0.0016306900
  -0.0001108700   -0.0000935200   -0.0000254500
  -0.0000054200   -0.0000158800    0.0000068500
   0.0000017700    0.0000047500   -0.0000003000
   0.0000032600   -0.0000083100    0.0000116100
  -0.0000014800    0.0000229900   -0.0000017700
   0.0011459100    0.0001984000    0.0003123800
  -0.0000043500    0.0000146000   -0.0000000300
  -0.0000970300   -0.0000713100    0.0001063900
  -0.0009636800   -0.0033482100   -0.0006378100
  -0.0000480200   -0.0000163800   -0.0000086800
   0.0001900400   -0.0000485500   -0.0000384000
  -0.0000027200   -0.0000007200    0.0000097800
  -0.0000249300   -0.0000201700   -0.0000182900
  -0.0000027700    0.0000108400    0.0000024100
   0.0001606200   -0.0000755500    0.0000730300
  -0.0000329800   -0.0000219900    0.0000016800
  -0.0010845000   -0.0039855200    0.0007388900
   0.0025979200    0.0000336900   -0.0000359100
  -0.0000426800    0.0001332100    0.0000524600
  -0.0000514900   -0.0001395100   -0.0000725100
   0.0000542200    0.0002446900   -0.0000532700
   0.0000638700   -0.0002276400    0.0000386400
  -0.0000159700   -0.0000005000   -0.0000017800
   0.0000867800   -0.0000722800    0.0000023200
  -0.0000150600   -0.0000016800    0.0000003700
   0.0000864100    0.0000856700    0.0000047100

37   
  0.0000000000000000   0.0000000000000000   0.0100000000000000
  -0.0275429000    0.0158982000    0.0437033900
  -0.0003633400    0.0000408900    0.0005914800
   0.0000200200   -0.0000561700   -0.0000220700
   0.0000586500    0.0000107600   -0.0000220700
   0.0000121300   -0.0001132300   -0.0000628400
  -0.0000013800    0.0000007900    0.0000039000
  -0.0002171400    0.0002941700    0.0005914800
  -0.0000144100    0.0000083200    0.0000026800
   0.0001041200    0.0000461300   -0.0000628400
   0.0002152700   -0.0003120300    0.0006361200
  -0.0000632600   -0.0003336100    0.0005634600
  -0.0000001500    0.0000021900   -0.0000004100
   0.0000331500    0.0000390600   -0.0000204300
  -0.0000031400   -0.0000249500    0.0000014300
  -0.0000368600    0.0000471400   -0.0000198700
  -0.0004202800   -0.0317400700    0.0435135300
  -0.0000739500    0.0000638100   -0.0000531000
   0.0000632600    0.0000730500   -0.0000762000
   0.0272742900    0.0162395000    0.0435135400
  -0.0000172400   -0.0000482400   -0.0000204300
   0.0003778700   -0.0000303300    0.0006361100
  -0.0000316200   -0.0000913100   -0.0000762000
  -0.0000592500    0.0000083400   -0.0000198800
  -0.0000019700   -0.0000009600   -0.0000004100
  -0.0000922500    0.0000321200   -0.0000531000
   0.0000200300    0.0000151900    0.0000014200
   0.0002572500    0.0002216300    0.0005634600
  -0.0000273700    0.0007181300    0.0022606300
   0.0000329000    0.0000172500    0.0000038400
  -0.0000224100    0.0000129400   -0.0000113100
  -0.0000034100   -0.0000082800    0.0000095300
   0.0000083400   -0.0000048200    0.0000051600
   0.0000015200   -0.0000371200    0.0000038400
   0.0005718400   -0.0003300700    0.0020997600
   0.0000054700    0.0000070900    0.0000095200
  -0.0006355400   -0.0003355000    0.0022606300
  -0.0001956500    0.0001130100   -0.1342707400
  -0.0000063000    0.0000984300   -0.0001683600
  -0.0000049800    0.0000950000   -0.0001684200
  -0.0000847800   -0.0000432300   -0.0001684100
   0.0000744300   -0.0000478800   -0.0001811800
   0.0000002000   -0.0000001200    0.0000035400
  -0.0000884100   -0.0000437900   -0.0001683700
   0.0000001800   -0.0000001100    0.0000034600
   0.0000786900   -0.0000405100   -0.0001811800
  -0.0004166600    0.0019072100    0.0003226500
  -0.0000032500    0.0000123300    0.0000165500
  -0.0000476300    0.0000274900   -0.0002513600
  -0.0000008700    0.0000089500    0.0000167800
  -0.0000035500    0.0000020400    0.0000174000
  -0.0000123000   -0.0000033500    0.0000165500
  -0.0000095000    0.0000054900   -0.0002489200
  -0.0000081900   -0.0000037300    0.0000167800
  -0.0018599000   -0.0005931500    0.0003226400
   0.0006873500   -0.0005656300   -0.0034586400
   0.0001066400    0.0000619300    0.0000121700
   0.0000010400    0.0000075100   -0.0000170400
  -0.0000181200   -0.0000087900    0.0000069400
   0.0000046700    0.0000010400   -0.0000230900
   0.0000066100    0.0000010200   -0.0000172400
  -0.0001386100    0.0008287900   -0.0035687600
   0.0000037900    0.0000023700   -0.0000244800
  -0.0000283000   -0.0000199200    0.0000491600
   0.0018007900   -0.0016544300    0.0004916700
  -0.0000014100   -0.0000045300    0.0000120200
  -0.0018075800   -0.0016455700    0.0002675500
  -0.0000229100   -0.0000195700   -0.0002948000
   0.0000127900   -0.0000087500    0.0000158000
  -0.0000113700   -0.0000046500    0.0000196700
   0.0000016800   -0.0000030100    0.0000069000
  -0.0000054600   -0.0000041000    0.0000088000
   0.0000085100   -0.0000777100   -0.0002153400
  -0.0007870000   -0.0002945000   -0.0035687600
  -0.0000014500    0.0000201000    0.0000069300
   0.0008335900   -0.0003122700   -0.0034586500
   0.0000030900    0.0000344600    0.0000491600
   0.0000024200   -0.0000062400   -0.0000172400
  -0.0000059900   -0.0000046600   -0.0000170500
  -0.0000001600   -0.0000044600   -0.0000244900
   0.0000014400   -0.0000045700   -0.0000231000
  -0.0000002900   -0.0001233200    0.0000121600
   0.0005208300    0.0023883000    0.0002675500
   0.0000715400    0.0000315000   -0.0002153500
  -0.0000016600    0.0000121800    0.0000196700
   0.0000032100    0.0000034900    0.0000120200
   0.0000008200    0.0000067800    0.0000088000
   0.0000139700   -0.0000067000    0.0000157900
   0.0023333100   -0.0007318400    0.0004916600
   0.0000034400    0.0000000500    0.0000068900
   0.0000054800    0.0000296400   -0.0002948100
  -0.0005666300   -0.0005104600   -0.0035358900
  -0.0000012700    0.0000058600   -0.0000214400
  -0.0001077700    0.0000622100   -0.0000055400
  -0.0000040900    0.0000040000   -0.0000241200
   0.0000167300   -0.0000096600    0.0000082800
  -0.0000057000   -0.0000018300   -0.0000214400
   0.0000183900   -0.0000106100    0.0000626700
  -0.0000055100    0.0000015400   -0.0000241100
   0.0001586000    0.0007459800   -0.0035358900
   0.0000586700   -0.0000338600    0.0149857500
  -0.0000027600    0.0000467800    0.0000220500
  -0.0000105600    0.0000270800    0.0000169200
  -0.0000287400   -0.0000044000    0.0000169200
   0.0000413800   -0.0000273700    0.0000547500
  -0.0000004100    0.0000002300    0.0000017400
  -0.0000418900   -0.0000210100    0.0000220500
   0.0000006200   -0.0000003600   -0.0000031300
   0.0000443900   -0.0000221400    0.0000547500

37   
  0.0000000000000000   0.0000000000000000  -0.0100000000000000
   0.0265768500   -0.0153405800   -0.0427483600
   0.0003902400   -0.0000494700   -0.0005766900
  -0.0000196500    0.0000560200    0.0000250200
  -0.0000583300   -0.0000110100    0.0000250100
  -0.0000088000    0.0001103900    0.0000624000
   0.0000007300   -0.0000004200   -0.0000029400
   0.0002380300   -0.0003131800   -0.0005766900
   0.0000144200   -0.0000083300   -0.0000018200
  -0.0000999900   -0.0000475900    0.0000624000
  -0.0002192300    0.0003397000   -0.0006231300
   0.0000704600    0.0003610500   -0.0005498500
   0.0000000300   -0.0000028500    0.0000014000
  -0.0000332300   -0.0000389000    0.0000232500
   0.0000031200    0.0000248400   -0.0000005500
   0.0000369100   -0.0000470000    0.0000228100
   0.0004231800    0.0306131200   -0.0425435000
   0.0000732100   -0.0000603600    0.0000526500
  -0.0000631600   -0.0000693100    0.0000761000
  -0.0262970000   -0.0156783400   -0.0425435000
   0.0000170600    0.0000482300    0.0000232500
  -0.0004038000    0.0000199300   -0.0006231300
   0.0000284200    0.0000893600    0.0000761000
   0.0000591600   -0.0000084500    0.0000228100
   0.0000024900    0.0000014000    0.0000014100
   0.0000888900   -0.0000332000    0.0000526500
  -0.0000199400   -0.0000151400   -0.0000005500
  -0.0002773900   -0.0002416100   -0.0005498500
   0.0000257700   -0.0007591500   -0.0022532300
  -0.0000318200   -0.0000168900    0.0000012000
   0.0000216400   -0.0000124900    0.0000161700
   0.0000032500    0.0000080300   -0.0000083600
  -0.0000080200    0.0000046300   -0.0000040900
  -0.0000012900    0.0000360100    0.0000012000
  -0.0006095600    0.0003518500   -0.0020949000
  -0.0000053300   -0.0000068300   -0.0000083500
   0.0006702500    0.0003574000   -0.0022532300
   0.0001715700   -0.0000991300    0.1312240800
   0.0000027500   -0.0000987200    0.0001646600
   0.0000084100   -0.0000951300    0.0001645900
   0.0000866100    0.0000403000    0.0001646000
  -0.0000761800    0.0000450000    0.0001775800
  -0.0000002000    0.0000001200   -0.0000035400
   0.0000868900    0.0000470100    0.0001646500
  -0.0000002000    0.0000001100   -0.0000036000
  -0.0000770600    0.0000434500    0.0001775800
   0.0004222800   -0.0019189500   -0.0003230200
   0.0000034800   -0.0000120400   -0.0000163900
   0.0000466900   -0.0000269500    0.0002495900
   0.0000008700   -0.0000088100   -0.0000161700
   0.0000034500   -0.0000019900   -0.0000170800
   0.0000121700    0.0000030200   -0.0000163900
   0.0000149600   -0.0000086300    0.0002520000
   0.0000080600    0.0000036600   -0.0000161700
   0.0018728800    0.0005941500   -0.0003230200
  -0.0006744300    0.0005399900    0.0034186700
  -0.0001086900   -0.0000631800   -0.0000146500
  -0.0000006500   -0.0000073900    0.0000163400
   0.0000179500    0.0000086800   -0.0000074900
  -0.0000048100   -0.0000013900    0.0000235400
  -0.0000063400   -0.0000008100    0.0000165000
   0.0001226700   -0.0008055500    0.0035271300
  -0.0000042400   -0.0000022300    0.0000249200
   0.0000285800    0.0000198700   -0.0000536800
  -0.0018020700    0.0016629100   -0.0004894800
   0.0000014100    0.0000043100   -0.0000117800
   0.0018100600    0.0016574400   -0.0002648900
   0.0000229600    0.0000252200    0.0002954500
  -0.0000124300    0.0000087900   -0.0000158400
   0.0000109600    0.0000047200   -0.0000195900
  -0.0000015900    0.0000029500   -0.0000063800
   0.0000053800    0.0000040400   -0.0000083900
  -0.0000087200    0.0000771900    0.0002113200
   0.0007589000    0.0002966900    0.0035271300
   0.0000014600   -0.0000198900   -0.0000075000
  -0.0008049300    0.0003139100    0.0034186600
  -0.0000029100   -0.0000346800   -0.0000536900
  -0.0000024700    0.0000059000    0.0000164900
   0.0000060700    0.0000042600    0.0000163400
  -0.0000001900    0.0000047900    0.0000249100
  -0.0000012100    0.0000048600    0.0000235300
   0.0000003400    0.0001257200   -0.0000146500
  -0.0005298700   -0.0023963800   -0.0002648900
  -0.0000712000   -0.0000310500    0.0002113200
   0.0000013900   -0.0000118500   -0.0000195900
  -0.0000030300   -0.0000033700   -0.0000117800
  -0.0000008100   -0.0000066800   -0.0000084000
  -0.0000138300    0.0000063700   -0.0000158500
  -0.0023413100    0.0007287200   -0.0004894900
  -0.0000033500   -0.0000000900   -0.0000063900
  -0.0000103600   -0.0000324900    0.0002954400
   0.0005553100    0.0004825800    0.0034932000
   0.0000009400   -0.0000057300    0.0000206100
   0.0001101400   -0.0000635700    0.0000026500
   0.0000042100   -0.0000044100    0.0000244500
  -0.0000165100    0.0000095400   -0.0000089900
   0.0000054300    0.0000020600    0.0000206100
  -0.0000180300    0.0000104100   -0.0000672400
   0.0000059300   -0.0000014300    0.0000244500
  -0.0001401300   -0.0007222300    0.0034932000
  -0.0000591400    0.0000341200   -0.0146926900
   0.0000028400   -0.0000459400   -0.0000215500
   0.0000106700   -0.0000266600   -0.0000164000
   0.0000284200    0.0000040900   -0.0000164000
  -0.0000409700    0.0000269600   -0.0000533100
   0.0000004400   -0.0000002600   -0.0000014700
   0.0000412000    0.0000205100   -0.0000215500
  -0.0000006100    0.0000003500    0.0000033500
  -0.0000438400    0.0000219900   -0.0000533000

55   
  0.0100000000000000   0.0000000000000000   0.0000000000000000
   0.0160635800   -0.0004109500   -0.0001339100
  -0.0000502800    0.0000919200    0.0001486200
  -0.0000794900   -0.0000518000   -0.0001631500
   0.0000998000    0.0004780600   -0.0002261900
   0.0000710000   -0.0004749400    0.0002635200
  -0.0000364200    0.0000001000   -0.0000042300
  -0.0000205300   -0.0000267800    0.0000342000
  -0.0000187400    0.0000045200    0.0000007800
   0.0000065800    0.0000260900   -0.0000315000
   0.0411024200   -0.0138774500   -0.0287467000
   0.0006090900    0.0002587100    0.0004333500
   0.0000570600   -0.0000231400   -0.0000181900
   0.0000404100   -0.0000208600    0.0000065800
   0.0000647200    0.0001404100    0.0001062900
   0.0000007400   -0.0000212200   -0.0000230900
   0.0005793000   -0.0011447600    0.0003238500
  -0.0000319500    0.0000027400   -0.0000232200
  -0.0001149000   -0.0001496800   -0.0000585600
   0.0004708900   -0.0026782400    0.0015461200
  -0.0000381800   -0.0000021200   -0.0000010400
   0.0002139700    0.0024631700   -0.0017250800
  -0.0043075000   -0.0000273500   -0.0001901700
  -0.0000794400   -0.0000199300   -0.0000221200
  -0.0000692100    0.0000051400    0.0000134100
  -0.0000254000    0.0000142400   -0.0000248800
  -0.0000218300   -0.0000039500    0.0000322400
  -0.0000285200   -0.0000035600   -0.0000033700
   0.0411948500    0.0139852400    0.0285959600
   0.0000524400    0.0000186700    0.0000046300
   0.0004874800   -0.0003004800   -0.0003052600
   0.0000441500   -0.0000840900   -0.0000991800
   0.0000174500    0.0000298200   -0.0000157400
  -0.0000004800    0.0000228700    0.0000148500
  -0.0001260800    0.0001587200    0.0000791400
  -0.0000338000    0.0000002800    0.0000211400
   0.0005357100    0.0009363300   -0.0002124100
   0.0009039400   -0.0038321400    0.0006754800
   0.0000451000   -0.0000140500    0.0000006600
  -0.0001810300   -0.0000596500    0.0001071000
   0.0011342500   -0.0034464000   -0.0001309000
  -0.0002022800   -0.0000697500   -0.0000279800
   0.0000304400   -0.0000164000    0.0000041300
   0.0000209800   -0.0000205900   -0.0000180500
   0.0000081700    0.0000056200    0.0000063500
  -0.0000028000    0.0000004400    0.0000046900
   0.0012564300   -0.0010941600    0.0018140500
   0.0000060200   -0.0000003700    0.0000014300
   0.0012357900    0.0011870800   -0.0017965300
  -0.0000289700    0.0000116400   -0.0000067500
  -0.0000002300    0.0000101600    0.0000053200
  -0.0000007300   -0.0000173600   -0.0000016900
   0.0000060400    0.0000161300    0.0000109700
   0.0000030000   -0.0000217000   -0.0000126400
  -0.0000416100   -0.0000086800    0.0000238100
  -0.1073203700    0.0014479800   -0.0000245200
  -0.0000435400   -0.0000233100    0.0000292900
  -0.0000423900    0.0000008500   -0.0000490600
   0.0000083900    0.0000336800   -0.0000771600
   0.0000123300   -0.0000305800    0.0000592800
   0.0000080100   -0.0000028000    0.0000009800
   0.0000083100    0.0000803200   -0.0000639200
   0.0000080300   -0.0000032300    0.0000001200
   0.0000120200   -0.0000501700    0.0000188300
   0.0001019100   -0.0000991400    0.0000904300
  -0.0000046000    0.0000158300   -0.0000019700
  -0.0009772400    0.0002440700    0.0003609600
  -0.0010008100    0.0030626000    0.0022697400
  -0.0000049100   -0.0000133900    0.0000030700
   0.0001030000   -0.0000777400   -0.0000151900
  -0.0000003000   -0.0000240800    0.0000106900
  -0.0000050200    0.0000032800    0.0000025700
  -0.0000005400    0.0000167900   -0.0000006600
  -0.0002345200    0.0001473700   -0.0000898000
   0.0000403600    0.0000101900    0.0000003600
   0.0008197300    0.0034887600   -0.0008400300
   0.0007543700    0.0027850700    0.0001834200
   0.0000354300    0.0000088600    0.0000024300
  -0.0002564500    0.0001295500    0.0000432200
   0.0000140100   -0.0000032200   -0.0000124700
   0.0000175000    0.0000066000    0.0000219400
   0.0000063200   -0.0000093800   -0.0000023800
  -0.0031070700    0.0000462100    0.0000231500
   0.0000586100   -0.0001470800   -0.0000006900
   0.0000677800    0.0001830700   -0.0000101300
  -0.0000841600   -0.0002287400    0.0000623300
  -0.0000884700    0.0002308500   -0.0000645000
   0.0000120200   -0.0000013500    0.0000007800
  -0.0000856800    0.0000961700    0.0000184600
   0.0000154200    0.0000004900   -0.0000003000
  -0.0000681600   -0.0000977200   -0.0000159300
   0.0061349500    0.0003364500    0.0010871700
   0.0000371100    0.0000034700    0.0000014300
   0.0061116100   -0.0004467000   -0.0009300700
   0.0000008500   -0.0000142900    0.0000551500
   0.0000313900    0.0000222700    0.0000068600
   0.0000292900   -0.0000208400   -0.0000027700
   0.0000397000   -0.0000088200   -0.0000050400
   0.0000361100    0.0000195000    0.0000094000
  -0.0000508400   -0.0000185500    0.0000105000
  -0.0012689700   -0.0000662300   -0.0003781600
   0.0000014900   -0.0000178600    0.0000051700
   0.0000959300    0.0000511100   -0.0000318000
  -0.0008836000   -0.0030527900   -0.0020158300
   0.0000840000    0.0000262800    0.0000115900
   0.0000038100    0.0000156600   -0.0000015600
  -0.0000018400   -0.0000039000    0.0000008700
   0.0000047100    0.0000215100   -0.0000139700
  -0.0000064900   -0.0000184600    0.0000015400

55   
 -0.0100000000000000   0.0000000000000000   0.0000000000000000
  -0.0160726500    0.0005595200    0.0000817400
   0.0000495800   -0.0000930500   -0.0001468500
   0.0000802300    0.0000502500    0.0001650500
  -0.0001103800   -0.0004823000    0.0002278600
  -0.0000633900    0.0004695500   -0.0002645000
   0.0000364100   -0.0000002000    0.0000039400
   0.0000209600    0.0000258600   -0.0000338200
   0.0000187100   -0.0000041200   -0.0000012200
  -0.0000067500   -0.0000268700    0.0000318800
  -0.0420221100    0.0143659900    0.0298032400
  -0.0005757600   -0.0002518900   -0.0004373900
  -0.0000594000    0.0000252600    0.0000183100
  -0.0000419700    0.0000209100   -0.0000072900
  -0.0000671200   -0.0001383900   -0.0001067000
  -0.0000008700    0.0000208800    0.0000227600
  -0.0005677600    0.0011345900   -0.0003132000
   0.0000321000   -0.0000028300    0.0000231300
   0.0001159800    0.0001512900    0.0000599700
  -0.0004311200    0.0026387000   -0.0015435900
   0.0000382600    0.0000025900    0.0000007200
  -0.0002461300   -0.0025007400    0.0017293200
   0.0043096900    0.0000777400    0.0001762700
   0.0000785400    0.0000190500    0.0000205800
   0.0000694400   -0.0000059600   -0.0000150800
   0.0000256000   -0.0000138800    0.0000243900
   0.0000218100    0.0000044900   -0.0000328800
   0.0000283800    0.0000020700    0.0000034900
  -0.0402851100   -0.0134965800   -0.0275734500
  -0.0000502800   -0.0000164400   -0.0000047000
  -0.0005211800    0.0003084800    0.0003002300
  -0.0000415100    0.0000866900    0.0000990800
  -0.0000159700   -0.0000296800    0.0000146900
   0.0000005900   -0.0000231200   -0.0000152200
   0.0001250800   -0.0001572500   -0.0000774300
   0.0000336700   -0.0000003200   -0.0000212600
  -0.0005468800   -0.0009440300    0.0002197800
  -0.0009186200    0.0038185900   -0.0006864700
  -0.0000447900    0.0000135800   -0.0000010000
   0.0001827600    0.0000614200   -0.0001083100
  -0.0011296800    0.0034847200    0.0001305600
   0.0001970800    0.0000692500    0.0000288600
  -0.0000308000    0.0000166400   -0.0000039600
  -0.0000207500    0.0000208300    0.0000180200
  -0.0000081500   -0.0000054500   -0.0000065600
   0.0000026000   -0.0000003500   -0.0000048700
  -0.0012590200    0.0011069400   -0.0018037900
  -0.0000060500    0.0000004000   -0.0000013700
  -0.0012338600   -0.0011746700    0.0018065500
   0.0000288300   -0.0000156900    0.0000105100
   0.0000002100   -0.0000097200   -0.0000054100
   0.0000008100    0.0000178500    0.0000015100
  -0.0000062600   -0.0000157100   -0.0000112300
  -0.0000028200    0.0000221000    0.0000125100
   0.0000416000    0.0000097900   -0.0000220400
   0.1073317000   -0.0027704100   -0.0020719700
   0.0000425100    0.0000230200   -0.0000240200
   0.0000436500   -0.0000006000    0.0000546900
  -0.0000087300   -0.0000315400    0.0000799400
  -0.0000116100    0.0000332600   -0.0000565400
  -0.0000080300    0.0000030900   -0.0000009900
  -0.0000088300   -0.0000786300    0.0000630800
  -0.0000080100    0.0000028800   -0.0000003800
  -0.0000119200    0.0000513700   -0.0000194500
  -0.0001000800    0.0000965300   -0.0000840700
   0.0000050100   -0.0000161000    0.0000016700
   0.0009934100   -0.0002415600   -0.0003800400
   0.0009700900   -0.0029881300   -0.0022394900
   0.0000046800    0.0000129700   -0.0000030400
  -0.0000989800    0.0000776800    0.0000197000
   0.0000005200    0.0000235900   -0.0000109900
   0.0000048500   -0.0000033600   -0.0000025100
   0.0000002800   -0.0000160900    0.0000007300
   0.0002323800   -0.0001440100    0.0000887000
  -0.0000407500   -0.0000106100   -0.0000005800
  -0.0008073600   -0.0035019600    0.0008367400
  -0.0007596900   -0.0027551900   -0.0001747900
  -0.0000349900   -0.0000088500   -0.0000023000
   0.0002639800   -0.0001309300   -0.0000418200
  -0.0000139900    0.0000035600    0.0000123600
  -0.0000178300   -0.0000064400   -0.0000217300
  -0.0000061700    0.0000094700    0.0000023000
   0.0031067300   -0.0000468700   -0.0000913300
  -0.0000590000    0.0001449000    0.0000006200
  -0.0000677200   -0.0001857100    0.0000101500
   0.0000863100    0.0002296500   -0.0000630200
   0.0000863500   -0.0002298400    0.0000642100
  -0.0000120300    0.0000015000   -0.0000007200
   0.0000837500   -0.0000964700   -0.0000193100
  -0.0000154400   -0.0000005900    0.0000004000
   0.0000698400    0.0000972400    0.0000154500
  -0.0059698800   -0.0003345800   -0.0010552200
  -0.0000370700   -0.0000042200   -0.0000011800
  -0.0062747400    0.0004502400    0.0009585100
  -0.0000016000    0.0000154900   -0.0000527500
  -0.0000312200   -0.0000217700   -0.0000065900
  -0.0000293900    0.0000213500    0.0000030800
  -0.0000396800    0.0000088200    0.0000054800
  -0.0000361800   -0.0000196500   -0.0000090300
   0.0000512500    0.0000212900   -0.0000121400
   0.0012548800    0.0000688500    0.0003632200
  -0.0000019400    0.0000174600   -0.0000054200
  -0.0000978700   -0.0000521700    0.0000370300
   0.0009145100    0.0031273800    0.0020415700
  -0.0000879000   -0.0000269700   -0.0000067500
  -0.0000036500   -0.0000161400    0.0000016300
   0.0000020100    0.0000038800   -0.0000008300
  -0.0000049900   -0.0000220500    0.0000138300
   0.0000067000    0.0000191800   -0.0000014700

55   
 -0.0050017447095668   0.0086592464949510   0.0000000000000000
  -0.0080559600    0.0427874300   -0.0286925700
   0.0001898100   -0.0000796900   -0.0000558800
  -0.0001008900    0.0000231400    0.0001036200
  -0.0007717500    0.0005459500    0.0005967000
   0.0004201700    0.0008385100    0.0002719100
   0.0000199700    0.0000144500   -0.0000221300
   0.0000178900    0.0000753500   -0.0000265600
   0.0000125000   -0.0000381100   -0.0000247100
   0.0000120900    0.0000322800    0.0000199200
  -0.0344840800    0.0290242000    0.0296000100
  -0.0009787100    0.0000842200   -0.0001767900
  -0.0000326900   -0.0000000300   -0.0000071300
  -0.0000764700    0.0000179800    0.0000254300
  -0.0000053500   -0.0002029500    0.0000463100
  -0.0000218300   -0.0000114600    0.0000154300
  -0.0001054900    0.0009825200   -0.0005975300
   0.0000264600   -0.0000247800    0.0000206800
   0.0000162300    0.0001042900   -0.0001377700
  -0.0025363900   -0.0007799700   -0.0018056600
   0.0000268200   -0.0000081600    0.0000257500
   0.0020739100   -0.0035037700   -0.0000643100
   0.0021133000    0.0016745000    0.0017929000
   0.0000123800   -0.0000220800    0.0000054900
   0.0000603600   -0.0000283700   -0.0000124500
   0.0000238300   -0.0000512600    0.0000005500
  -0.0000046900   -0.0000416900   -0.0000323800
   0.0000080200   -0.0000698400    0.0000029700
  -0.0079207000    0.0142623400   -0.0001429600
  -0.0000108700   -0.0000294100   -0.0000082300
   0.0005576200    0.0003481600    0.0001167000
   0.0000022300   -0.0000940200    0.0001710700
   0.0000145200    0.0000065500    0.0000108700
   0.0000244800   -0.0000346600   -0.0000039700
   0.0001137700   -0.0000693900   -0.0001912600
   0.0000119800   -0.0000231700   -0.0000034900
  -0.0005347500   -0.0003167500   -0.0001740200
  -0.0033529800    0.0063700800   -0.0008158800
  -0.0000364000    0.0000116100    0.0000062100
   0.0000453800   -0.0000942000    0.0000010700
  -0.0039899100    0.0063295800    0.0007758200
   0.0000544600   -0.0000542500   -0.0000043000
  -0.0000336300    0.0000210500    0.0000000300
  -0.0000315100    0.0000520200    0.0000012400
   0.0000022100    0.0000412300   -0.0000022200
   0.0000023800    0.0000333800   -0.0000012400
   0.0004545400   -0.0009926300    0.0005195100
  -0.0000060000   -0.0000054800    0.0000031900
  -0.0015309500   -0.0022310100    0.0023544400
  -0.0000098500    0.0001222600    0.0000738100
  -0.0000082900   -0.0000086500    0.0000009500
   0.0000132400    0.0000122900    0.0000034000
  -0.0000222300   -0.0000060200   -0.0000016800
   0.0000164800    0.0000113900    0.0000137200
  -0.0000071900    0.0001090000    0.0000098200
   0.0560863100   -0.0964497500   -0.0012343300
   0.0000218800    0.0000301700    0.0000253100
   0.0000004700    0.0000179300    0.0000670600
   0.0000657700   -0.0000684400    0.0000105300
  -0.0000502200    0.0000049900   -0.0000396500
  -0.0000067600    0.0000116500    0.0000005700
   0.0000231000   -0.0000882200   -0.0000220300
  -0.0000064500    0.0000118300   -0.0000008200
  -0.0000345600    0.0000139300   -0.0000768700
  -0.0001167300    0.0001125800   -0.0001101400
  -0.0000088100   -0.0000082800   -0.0000127100
   0.0030725700    0.0003020500   -0.0020907300
   0.0007068000   -0.0010922600   -0.0003742400
   0.0000159700    0.0000060900    0.0000009200
  -0.0001339400    0.0001026800    0.0000271600
   0.0000146500    0.0000158500    0.0000053800
   0.0000053500    0.0000025800   -0.0000002000
  -0.0000202300   -0.0000038400   -0.0000014000
   0.0001956800   -0.0001863100    0.0001443400
  -0.0000079800    0.0000026000    0.0000130200
   0.0019074100    0.0020432400   -0.0000103600
   0.0025525100    0.0023391800    0.0007064200
  -0.0000026100    0.0000146300    0.0000040000
   0.0001993400   -0.0001577000   -0.0000348900
  -0.0000023900    0.0000394400    0.0000063800
   0.0000074100    0.0000248400   -0.0000195300
  -0.0000079600    0.0000418900    0.0000013600
   0.0016036500   -0.0026627200   -0.0000257500
   0.0001033700   -0.0000379900   -0.0000540000
  -0.0001753900   -0.0002002400   -0.0000292100
   0.0001043500    0.0001276500   -0.0000294100
  -0.0000047800   -0.0001045900    0.0000420200
  -0.0000079900    0.0000132100    0.0000019500
  -0.0001750900   -0.0000224100    0.0000502400
  -0.0000078000    0.0000093500   -0.0000005300
   0.0002732800    0.0000788300    0.0000461700
  -0.0033328300   -0.0010921900   -0.0007438600
  -0.0000224900    0.0000120600    0.0000197000
  -0.0027138200   -0.0005664000    0.0001338300
   0.0000202800   -0.0002406300   -0.0001300300
  -0.0000046900    0.0000066300   -0.0000031800
  -0.0000338200    0.0000314800    0.0000019300
  -0.0000358500    0.0000229600   -0.0000058900
  -0.0000032300    0.0000108900   -0.0000115800
   0.0000338900   -0.0002583000    0.0000346700
  -0.0018525400    0.0007549800   -0.0014659200
   0.0000068700    0.0000131500   -0.0000179300
   0.0000264800    0.0000448700   -0.0000128900
   0.0000509600    0.0018229000    0.0016203500
   0.0000168500    0.0000237200   -0.0000098000
  -0.0000260200   -0.0000100100    0.0000028100
   0.0000004300    0.0000066300    0.0000001300
  -0.0000191800   -0.0000029400    0.0000212400
   0.0000209800    0.0000218300   -0.0000040600

55   
  0.0050017447095668  -0.0086592464949510   0.0000000000000000
   0.0080895300   -0.0438661700    0.0297544500
  -0.0001911400    0.0000802400    0.0000568400
   0.0001000900   -0.0000271600   -0.0001030900
   0.0007376000   -0.0005120600   -0.0005875200
  -0.0004203700   -0.0008277800   -0.0002638200
  -0.0000196300   -0.0000142600    0.0000216500
  -0.0000191300   -0.0000787700    0.0000274900
  -0.0000125900    0.0000382800    0.0000244800
  -0.0000111200   -0.0000342000   -0.0000211100
   0.0335711200   -0.0284573300   -0.0285335300
   0.0009891200   -0.0000905500    0.0001850000
   0.0000316800    0.0000015800    0.0000060600
   0.0000730800   -0.0000172400   -0.0000243700
   0.0000048400    0.0002014800   -0.0000456200
   0.0000221200    0.0000118100   -0.0000158300
   0.0001175200   -0.0010306500    0.0006076000
  -0.0000264300    0.0000245400   -0.0000209200
  -0.0000193400   -0.0001030600    0.0001372900
   0.0025914100    0.0007639000    0.0018111700
  -0.0000270300    0.0000076800   -0.0000261900
  -0.0021126800    0.0034814600    0.0000491800
  -0.0020954100   -0.0016214400   -0.0017829600
  -0.0000117300    0.0000224700   -0.0000054300
  -0.0000601000    0.0000276600    0.0000107700
  -0.0000241800    0.0000509700   -0.0000010600
   0.0000042100    0.0000414800    0.0000318100
  -0.0000085600    0.0000701700   -0.0000046300
   0.0077831300   -0.0143289000    0.0000874500
   0.0000117400    0.0000294500    0.0000082600
  -0.0005548000   -0.0003415000   -0.0001187300
  -0.0000005300    0.0000944300   -0.0001685300
  -0.0000141400   -0.0000059600   -0.0000109100
  -0.0000242600    0.0000347400    0.0000033800
  -0.0001126500    0.0000716400    0.0001939100
  -0.0000124700    0.0000229900    0.0000030700
   0.0005420600    0.0003161700    0.0001745600
   0.0034487800   -0.0065258100    0.0008232200
   0.0000366500   -0.0000115200   -0.0000058100
  -0.0000465100    0.0000934000    0.0000004600
   0.0038989800   -0.0061667500   -0.0007703800
  -0.0000562800    0.0000534500    0.0000017200
   0.0000330900   -0.0000212200    0.0000000500
   0.0000322400   -0.0000515400   -0.0000016600
  -0.0000021000   -0.0000411000    0.0000026700
  -0.0000028100   -0.0000336700    0.0000014400
  -0.0004585100    0.0010014300   -0.0005310600
   0.0000061600    0.0000053600   -0.0000030600
   0.0014880500    0.0021763500   -0.0023205800
   0.0000097000   -0.0001196700   -0.0000689400
   0.0000078500    0.0000082200   -0.0000008400
  -0.0000125300   -0.0000123200   -0.0000034600
   0.0000222700    0.0000066000    0.0000014100
  -0.0000160400   -0.0000109400   -0.0000139500
   0.0000068600   -0.0001051600   -0.0000061000
  -0.0549303200    0.0971090600   -0.0008924300
  -0.0000225900   -0.0000305600   -0.0000255500
  -0.0000026100   -0.0000188900   -0.0000645600
  -0.0000631400    0.0000651100   -0.0000068200
   0.0000496700   -0.0000054100    0.0000395000
   0.0000065600   -0.0000117500   -0.0000004500
  -0.0000246400    0.0000922000    0.0000259700
   0.0000066900   -0.0000116600    0.0000005000
   0.0000326900   -0.0000153000    0.0000793800
   0.0001189200   -0.0001138800    0.0001163200
   0.0000092200    0.0000084800    0.0000125300
  -0.0031527000   -0.0003094600    0.0021161300
  -0.0006993700    0.0010794500    0.0003575100
  -0.0000164800   -0.0000063000   -0.0000008500
   0.0001364900   -0.0001036900   -0.0000226700
  -0.0000142400   -0.0000160200   -0.0000056300
  -0.0000053500   -0.0000023800    0.0000002500
   0.0000206500    0.0000045700    0.0000014200
  -0.0001981800    0.0001871400   -0.0001457900
   0.0000079100   -0.0000026100   -0.0000131600
  -0.0019329400   -0.0020543400    0.0000130600
  -0.0025317500   -0.0023457800   -0.0007130100
   0.0000025700   -0.0000146900   -0.0000042100
  -0.0001945500    0.0001540500    0.0000363600
   0.0000027800   -0.0000388700   -0.0000064600
  -0.0000077500   -0.0000246900    0.0000197300
   0.0000079400   -0.0000425800   -0.0000011700
  -0.0015991500    0.0026632500   -0.0000466700
  -0.0001037500    0.0000392800    0.0000532300
   0.0001754500    0.0001980900    0.0000291700
  -0.0001027500   -0.0001277600    0.0000286500
   0.0000054200    0.0001032100   -0.0000424500
   0.0000078100   -0.0000133000   -0.0000018200
   0.0001757200    0.0000237700   -0.0000513600
   0.0000080000   -0.0000092800    0.0000006300
  -0.0002749600   -0.0000784600   -0.0000460300
   0.0033377400    0.0011128300    0.0007376700
   0.0000224400   -0.0000123300   -0.0000194400
   0.0026895100    0.0005493400   -0.0001303600
  -0.0000213800    0.0002380700    0.0001284200
   0.0000045500   -0.0000066600    0.0000031300
   0.0000333100   -0.0000311300   -0.0000016400
   0.0000366100   -0.0000228600    0.0000058700
   0.0000032400   -0.0000108700    0.0000116600
  -0.0000346600    0.0002646900   -0.0000331400
   0.0018379300   -0.0007606300    0.0014760700
  -0.0000072500   -0.0000131600    0.0000179600
  -0.0000239600   -0.0000425800    0.0000183600
  -0.0000670800   -0.0018354000   -0.0016097200
  -0.0000176500   -0.0000241600    0.0000108100
   0.0000256400    0.0000095900   -0.0000028900
  -0.0000006200   -0.0000067100   -0.0000000800
   0.0000189100    0.0000026500   -0.0000212300
  -0.0000214300   -0.0000219000    0.0000039800

55   
  0.0000000000000000   0.0000000000000000   0.0100000000000000
   0.0005445400   -0.0327073200    0.0443037200
  -0.0000857200    0.0001113400   -0.0000575700
   0.0000823100    0.0000917400   -0.0000583900
   0.0001131400   -0.0001066700    0.0007393800
   0.0001331500    0.0000747800    0.0009700100
   0.0000047600   -0.0000198400    0.0000074400
   0.0000419100    0.0000596600    0.0000014500
  -0.0000016900   -0.0000127800    0.0000022700
  -0.0000293000    0.0000808800   -0.0000089500
  -0.0282262100    0.0163455500    0.0439633400
   0.0001705000    0.0001618700    0.0009207500
   0.0000606100   -0.0000609600   -0.0000023800
   0.0000636400    0.0000052800    0.0000036400
   0.0000500400   -0.0000999900   -0.0000449700
  -0.0000109100    0.0000111300    0.0000031200
   0.0000304300    0.0002278600    0.0007706400
  -0.0000212700    0.0000066300    0.0000012200
   0.0001129000   -0.0000056000   -0.0000688800
   0.0003295000   -0.0001094600    0.0022214400
  -0.0000031000    0.0000074300    0.0000103400
  -0.0005688900   -0.0003641600    0.0020615600
   0.0001212700    0.0002360800    0.0019809300
   0.0000585500    0.0000431000    0.0000736900
  -0.0000305400    0.0000473100    0.0000712100
  -0.0000179700   -0.0000034900    0.0000130300
   0.0000050300    0.0000007600    0.0000150200
   0.0000202600   -0.0000355100    0.0000521100
   0.0277692100    0.0155026600    0.0446229500
  -0.0000493800   -0.0000663200    0.0000075700
  -0.0001439500    0.0001531000    0.0008526700
  -0.0000458600   -0.0001467800   -0.0000887400
  -0.0000731700   -0.0000128700    0.0000037400
   0.0000119800    0.0000052100    0.0000035500
  -0.0001562100    0.0000089900   -0.0001085600
   0.0000200000    0.0000093200   -0.0000024500
  -0.0000621000   -0.0000516000    0.0009194600
  -0.0005244800    0.0011344700   -0.0034571600
  -0.0000054700    0.0000058400   -0.0000166400
  -0.0000431200   -0.0000160300    0.0000107700
   0.0006831400   -0.0009647200   -0.0035677000
   0.0000821400    0.0000481000    0.0000511400
   0.0000024500    0.0000121500   -0.0000251200
  -0.0000178400   -0.0000118900    0.0000067500
   0.0000015700   -0.0000086600   -0.0000168000
   0.0000116100   -0.0000073200   -0.0000237100
   0.0013133700   -0.0011039300    0.0002678200
  -0.0000009300   -0.0000001800    0.0000120300
  -0.0014535600   -0.0012059200    0.0004920200
   0.0000159700    0.0000442100   -0.0002113800
   0.0000110500   -0.0000070100    0.0000086300
  -0.0000146500   -0.0000082800    0.0000066300
   0.0000081200   -0.0000030700    0.0000198200
  -0.0000074200   -0.0000022200    0.0000160200
   0.0000204200   -0.0001079700   -0.0002960000
   0.0010433700    0.0004015400   -0.1393646500
  -0.0000535300    0.0000456600   -0.0003166300
   0.0000282100    0.0000442700   -0.0003167100
  -0.0000617600   -0.0000667100   -0.0002563600
   0.0000179100   -0.0000802800   -0.0003051100
   0.0000002500   -0.0000006000    0.0000064800
  -0.0000796700   -0.0000329700   -0.0002564300
   0.0000009700    0.0000011400    0.0000064300
   0.0000582700   -0.0000106200   -0.0003051800
   0.0000201800   -0.0000201200   -0.0002906800
  -0.0000031300   -0.0000028400    0.0000063500
  -0.0022445900   -0.0008789800    0.0004562000
  -0.0003681200    0.0022075100    0.0004557600
   0.0000019700    0.0000157500    0.0000062000
  -0.0000878500    0.0000796200   -0.0002935300
   0.0000007100    0.0000020000    0.0000095200
  -0.0000026700   -0.0000011600    0.0000095900
  -0.0000108900   -0.0000128600    0.0000092900
   0.0000351000   -0.0000282800    0.0000197300
  -0.0000009800    0.0000018900   -0.0000287000
   0.0000159200    0.0009765700   -0.0037069400
  -0.0007099400   -0.0006198900   -0.0041673100
  -0.0000066300    0.0000107300   -0.0000265400
  -0.0001427700    0.0000182100    0.0000217400
  -0.0000040100   -0.0000053800   -0.0000259600
   0.0000197000   -0.0000139100    0.0000042300
  -0.0000132800   -0.0000079700   -0.0000292300
   0.0000100100    0.0000713900    0.0186887300
  -0.0000297800    0.0000556100    0.0000489600
   0.0000516700    0.0000511000    0.0000439000
  -0.0000534300   -0.0000318800    0.0000482700
   0.0000421400   -0.0000504200   -0.0000023900
  -0.0000005600   -0.0000007100   -0.0000030900
  -0.0000291400   -0.0000281200    0.0000431700
   0.0000018400    0.0000019700   -0.0000030600
   0.0000463600    0.0000091500   -0.0000125500
  -0.0008627400   -0.0002004400   -0.0041134500
  -0.0000012500    0.0000238600    0.0000022700
   0.0007324300   -0.0003747000   -0.0037488300
  -0.0000184100    0.0000345100    0.0000423000
   0.0000092300   -0.0000097800   -0.0000299000
  -0.0000133200   -0.0000084900   -0.0000343300
  -0.0000044400   -0.0000033100   -0.0000254000
  -0.0000016900   -0.0000040900   -0.0000298500
  -0.0000601300   -0.0001271600    0.0000060200
   0.0020237100   -0.0008815400    0.0003349900
   0.0000078400   -0.0000007200    0.0000079100
   0.0000197800   -0.0000150700   -0.0002958200
   0.0002752900    0.0022165700    0.0005582300
   0.0000952600    0.0000624000   -0.0003132500
  -0.0000046800    0.0000185400    0.0000077000
  -0.0000003400   -0.0000023200    0.0000076500
   0.0000024600    0.0000018700    0.0000062300
   0.0000092700   -0.0000154600    0.0000115300

55   
  0.0000000000000000   0.0000000000000000  -0.0100000000000000
  -0.0005595400    0.0315797700   -0.0434981500
   0.0000840400   -0.0001064400    0.0000573000
  -0.0000816000   -0.0000871400    0.0000574300
  -0.0001321700    0.0001449400   -0.0007269900
  -0.0001148500   -0.0000401500   -0.0009586200
  -0.0000048500    0.0000188600   -0.0000069600
  -0.0000423600   -0.0000586300    0.0000016700
   0.0000016100    0.0000129300   -0.0000020500
   0.0000299100   -0.0000793900    0.0000113800
   0.0272523200   -0.0157991800   -0.0431626800
  -0.0001304100   -0.0001631500   -0.0009112400
  -0.0000591300    0.0000608600    0.0000048900
  -0.0000632400   -0.0000060200   -0.0000006500
  -0.0000474700    0.0000969400    0.0000447400
   0.0000099900   -0.0000108300   -0.0000026200
  -0.0000055300   -0.0002603900   -0.0007606200
   0.0000212500   -0.0000066300   -0.0000009500
  -0.0001094400    0.0000037500    0.0000682300
  -0.0003660100    0.0001267000   -0.0022163200
   0.0000029700   -0.0000069900   -0.0000095900
   0.0006046800    0.0003835100   -0.0020545300
  -0.0001232500   -0.0002802900   -0.0019791000
  -0.0000578000   -0.0000423000   -0.0000702100
   0.0000299000   -0.0000465900   -0.0000669900
   0.0000176600    0.0000035100   -0.0000122200
  -0.0000048000   -0.0000008500   -0.0000141800
  -0.0000202000    0.0000348000   -0.0000480700
  -0.0268139200   -0.0149492000   -0.0438250000
   0.0000478800    0.0000663700   -0.0000052500
   0.0001007900   -0.0001537200   -0.0008435800
   0.0000424200    0.0001442300    0.0000881600
   0.0000724800    0.0000116100   -0.0000016400
  -0.0000113300   -0.0000049000   -0.0000029600
   0.0001521100   -0.0000112700    0.0001083800
  -0.0000200100   -0.0000093000    0.0000027600
   0.0000384300    0.0000180900   -0.0009104900
   0.0005121200   -0.0011165500    0.0034202000
   0.0000049200   -0.0000058300    0.0000164600
   0.0000445200    0.0000170600   -0.0000161200
  -0.0006746600    0.0009462300    0.0035282600
  -0.0000853400   -0.0000496100   -0.0000518500
  -0.0000021900   -0.0000118900    0.0000240200
   0.0000176300    0.0000118000   -0.0000075600
  -0.0000018700    0.0000081400    0.0000166600
  -0.0000112800    0.0000075100    0.0000226600
  -0.0013291400    0.0011177400   -0.0002647000
   0.0000008800    0.0000000700   -0.0000121500
   0.0014695200    0.0012206600   -0.0004892100
  -0.0000158100   -0.0000374200    0.0002151600
  -0.0000107000    0.0000071700   -0.0000087400
   0.0000142600    0.0000084100   -0.0000068200
  -0.0000081500    0.0000031300   -0.0000196100
   0.0000072000    0.0000021900   -0.0000157900
  -0.0000218700    0.0001070100    0.0002941800
  -0.0010046000   -0.0003864400    0.1367538000
   0.0000503400   -0.0000463400    0.0003110800
  -0.0000249600   -0.0000451600    0.0003109900
   0.0000652000    0.0000622200    0.0002502000
  -0.0000203600    0.0000780600    0.0002993600
  -0.0000002600    0.0000006200   -0.0000067800
   0.0000774200    0.0000378800    0.0002501300
  -0.0000010100   -0.0000011600   -0.0000068400
  -0.0000575500    0.0000138700    0.0002992900
  -0.0000146500    0.0000172300    0.0002920100
   0.0000029800    0.0000027300   -0.0000063400
   0.0022640300    0.0008798300   -0.0004499100
   0.0003732100   -0.0022218500   -0.0004503400
  -0.0000016700   -0.0000155100   -0.0000064800
   0.0000865600   -0.0000810400    0.0002891800
  -0.0000006800   -0.0000020600   -0.0000093500
   0.0000024200    0.0000012600   -0.0000097000
   0.0000107900    0.0000123900   -0.0000095800
  -0.0000361500    0.0000287600   -0.0000249200
   0.0000015200   -0.0000020300    0.0000286100
  -0.0000072700   -0.0009729600    0.0036713500
   0.0007092600    0.0006131900    0.0041251600
   0.0000062100   -0.0000105500    0.0000254400
   0.0001473100   -0.0000203200   -0.0000229900
   0.0000041800    0.0000048500    0.0000260000
  -0.0000195600    0.0000138500   -0.0000050800
   0.0000129200    0.0000082500    0.0000280800
  -0.0000108500   -0.0000727500   -0.0183188900
   0.0000282800   -0.0000556000   -0.0000466400
  -0.0000499100   -0.0000511800   -0.0000415000
   0.0000538100    0.0000315600   -0.0000473300
  -0.0000423400    0.0000494200    0.0000033600
   0.0000006000    0.0000007700    0.0000028800
   0.0000292400    0.0000290200   -0.0000422200
  -0.0000019200   -0.0000019500    0.0000029000
  -0.0000458400   -0.0000078700    0.0000136600
   0.0008539600    0.0002060100    0.0040713400
   0.0000012500   -0.0000236300   -0.0000033200
  -0.0007238700    0.0003831800    0.0037109700
   0.0000179900   -0.0000349100   -0.0000474200
  -0.0000092600    0.0000093400    0.0000287700
   0.0000133500    0.0000081100    0.0000330800
   0.0000040800    0.0000036900    0.0000253100
   0.0000018400    0.0000046400    0.0000296700
   0.0000602900    0.0001324800   -0.0000077900
  -0.0020411200    0.0008814900   -0.0003285400
  -0.0000078200    0.0000006400   -0.0000079900
  -0.0000247600    0.0000123000    0.0002963700
  -0.0002813100   -0.0022284900   -0.0005522800
  -0.0000952100   -0.0000625800    0.0003089500
   0.0000044000   -0.0000181700   -0.0000081200
   0.0000004900    0.0000023900   -0.0000078800
  -0.0000025500   -0.0000018000   -0.0000062200
  -0.0000091000    0.0000150100   -0.0000118100

91   
  0.0100000000000000   0.0000000000000000   0.0000000000000000
   0.0004561900    0.0028319600   -0.0016700900
   0.0002571400   -0.0026991200    0.0018849800
  -0.0000572000    0.0000037400    0.0000008800
  -0.0000816000    0.0000267700    0.0000311100
  -0.0043617400    0.0000663500    0.0002160200
  -0.0000725100   -0.0000167600   -0.0000209200
  -0.0000321500    0.0000006800    0.0000050300
  -0.0000219100    0.0000102200   -0.0000267500
  -0.0000264100   -0.0000198800    0.0000188100
   0.0006522500   -0.0003260600   -0.0004736200
   0.0437158000    0.0158144500    0.0308418400
   0.0000506000    0.0000148600    0.0000066600
   0.0000017900    0.0000205900    0.0000175900
   0.0001082500   -0.0001170200   -0.0000958300
   0.0000378600    0.0000285200   -0.0000083600
   0.0004895200    0.0011353200   -0.0003268800
  -0.0001156100    0.0001460300    0.0000468300
  -0.0000452300   -0.0000162400    0.0000230700
   0.0162539200    0.0005025900    0.0001416300
  -0.0000663600    0.0000765800    0.0001574900
  -0.0000384800   -0.0001144400   -0.0001401200
   0.0001091400    0.0004089800   -0.0001995400
   0.0001364400   -0.0004364700    0.0002029700
  -0.0000357200   -0.0000012000    0.0000040000
  -0.0000067800   -0.0000229600    0.0000265600
  -0.0000242900   -0.0000053800   -0.0000016500
  -0.0000350000    0.0000168300   -0.0000311800
   0.0418302300   -0.0148398500   -0.0285995900
   0.0005811200    0.0003818500    0.0003483200
   0.0000405400   -0.0000068900    0.0000056900
   0.0000113500   -0.0000408900    0.0000146600
   0.0000882900    0.0000705100    0.0000914200
   0.0000002300   -0.0000197900   -0.0000098900
   0.0004710900   -0.0009497200    0.0002737700
  -0.0000460000    0.0000101200   -0.0000214600
  -0.0001296600   -0.0001532000   -0.0000606100
   0.0009679900    0.0038929100   -0.0005671000
  -0.0001887500    0.0000494900   -0.0001095300
   0.0000482800    0.0000153000   -0.0000012500
  -0.0001586100    0.0000758800    0.0000188500
   0.0010912400    0.0034600700    0.0001487700
   0.0000331200    0.0000181500   -0.0000056400
   0.0000027800    0.0000043000   -0.0000042500
   0.0000027700   -0.0000099100   -0.0000055800
   0.0000244200    0.0000204400    0.0000166400
  -0.0025983000   -0.0000362700   -0.0000795400
   0.0000523500   -0.0001841800    0.0000109400
   0.0000423200    0.0001461000    0.0000032200
  -0.0000863200   -0.0002080900    0.0000417800
  -0.0000867000    0.0002161000   -0.0000440600
   0.0000150300    0.0000016500   -0.0000005800
  -0.0000545000    0.0000776400    0.0000283300
   0.0000159800    0.0000005400    0.0000004500
  -0.0000634900   -0.0000733400   -0.0000414400
   0.0059701200   -0.0003551200   -0.0008458700
   0.0062743500    0.0004588500    0.0007397500
   0.0000370600   -0.0000049700   -0.0000010600
   0.0000395500   -0.0000187000   -0.0000042000
  -0.0000506800    0.0000105200   -0.0000593600
   0.0000362300    0.0000173500   -0.0000016800
   0.0000010200    0.0000263000   -0.0000191100
   0.0000293600   -0.0000219400   -0.0000131100
   0.0000313000    0.0000127000    0.0000094800
  -0.0009064000   -0.0004506600   -0.0002879600
   0.0000036000   -0.0000278200    0.0000044300
   0.0000852400    0.0000680500   -0.0000919900
  -0.0012455600   -0.0028240500   -0.0020194900
   0.0000956100    0.0000854500   -0.0000206100
   0.0000018300    0.0000089000   -0.0000078100
  -0.0000018000   -0.0000006100    0.0000004600
  -0.0000065900    0.0000205400   -0.0000093000
   0.0000048800   -0.0000188500   -0.0000024300
   0.0008623800   -0.0035317600    0.0006899600
   0.0000440900   -0.0000129000    0.0000004100
  -0.0002423500   -0.0001295100    0.0000818600
   0.0007169800   -0.0027336300   -0.0002498600
  -0.0002214500   -0.0001422000   -0.0000382700
   0.0000377300   -0.0000098400    0.0000009700
   0.0000219300   -0.0000048500   -0.0000210800
   0.0000081000    0.0000086300    0.0000128700
   0.0000110000    0.0000051200    0.0000028800
   0.0015794200    0.0015794800   -0.0017748900
   0.0015546700   -0.0016668400    0.0017905700
   0.0000055300    0.0000004400   -0.0000017300
   0.0000079000   -0.0000139400   -0.0000046000
   0.0000122000   -0.0000167300    0.0000090900
   0.0000070500    0.0000232800    0.0000002100
   0.0000253000    0.0000105700   -0.0000223600
   0.0000043800    0.0000164400    0.0000181400
   0.0000083900   -0.0000100800   -0.0000178800
  -0.1118284500   -0.0028273000   -0.0021846400
  -0.0000310000   -0.0000007200    0.0000469600
  -0.0000296100    0.0000245900   -0.0000186200
   0.0000107200    0.0000242900   -0.0000504600
   0.0000110800   -0.0000205000    0.0000782100
   0.0000106500    0.0000030100   -0.0000009100
   0.0000107600    0.0000493200   -0.0000185100
   0.0000106300    0.0000026900   -0.0000001300
   0.0000113700   -0.0000768700    0.0000597100
  -0.0011687400    0.0002719000    0.0002690900
   0.0000810800   -0.0000294100    0.0000356700
   0.0000122800    0.0000281200   -0.0000072700
   0.0000816100   -0.0000285700    0.0000253500
  -0.0011922100    0.0029804800    0.0018178000
   0.0000121000   -0.0000101900    0.0000057700
  -0.0000015700    0.0000207300    0.0000026500
  -0.0000015200   -0.0000180200    0.0000137200
   0.0000036700    0.0000009800   -0.0000037100

91   
 -0.0100000000000000   0.0000000000000000   0.0000000000000000
  -0.0004989900   -0.0028740200    0.0016761200
  -0.0002216400    0.0026586200   -0.0018767000
   0.0000571200   -0.0000034200   -0.0000012200
   0.0000825600   -0.0000273800   -0.0000322400
   0.0043596500   -0.0000112200   -0.0002284900
   0.0000723300    0.0000161600    0.0000197300
   0.0000322300   -0.0000017100   -0.0000049900
   0.0000220500   -0.0000097600    0.0000262800
   0.0000260900    0.0000201900   -0.0000191000
  -0.0006857800    0.0003336800    0.0004727000
  -0.0427314800   -0.0152887700   -0.0297568700
  -0.0000481700   -0.0000128000   -0.0000069200
  -0.0000018500   -0.0000210100   -0.0000179700
  -0.0001051900    0.0001187600    0.0000958200
  -0.0000359000   -0.0000282500    0.0000077400
  -0.0005018800   -0.0011436100    0.0003375300
   0.0001147600   -0.0001447000   -0.0000457400
   0.0000452600    0.0000162600   -0.0000230600
  -0.0162443300   -0.0003432700   -0.0001925700
   0.0000656900   -0.0000781200   -0.0001560300
   0.0000391800    0.0001131800    0.0001414800
  -0.0001151700   -0.0004141000    0.0001997900
  -0.0001274600    0.0004324600   -0.0002004800
   0.0000357200    0.0000011700   -0.0000043100
   0.0000069000    0.0000217800   -0.0000262600
   0.0000243200    0.0000057000    0.0000014800
   0.0000346200   -0.0000182700    0.0000314800
  -0.0428107100    0.0153687000    0.0296563900
  -0.0005473600   -0.0003731500   -0.0003500200
  -0.0000428100    0.0000090000   -0.0000061100
  -0.0000132200    0.0000412800   -0.0000156800
  -0.0000916400   -0.0000681300   -0.0000911600
  -0.0000002000    0.0000194300    0.0000095000
  -0.0004592500    0.0009433600   -0.0002658200
   0.0000459400   -0.0000100600    0.0000214000
   0.0001306200    0.0001545300    0.0000618500
  -0.0009524600   -0.0039064100    0.0005547500
   0.0001867900   -0.0000478400    0.0001084300
  -0.0000486100   -0.0000157400    0.0000009100
   0.0001637000   -0.0000767000   -0.0000176000
  -0.0010962400   -0.0034222900   -0.0001500100
  -0.0000327500   -0.0000179400    0.0000058000
  -0.0000026500   -0.0000041900    0.0000040800
  -0.0000029200    0.0000098800    0.0000054800
  -0.0000246200   -0.0000203000   -0.0000166300
   0.0025988100    0.0000313500    0.0000384700
  -0.0000525300    0.0001816800   -0.0000100900
  -0.0000419100   -0.0001482000   -0.0000025400
   0.0000882800    0.0002088000   -0.0000413700
   0.0000847300   -0.0002153700    0.0000442700
  -0.0000150300   -0.0000015200    0.0000006700
   0.0000529900   -0.0000779200   -0.0000286900
  -0.0000159500   -0.0000007400   -0.0000003900
   0.0000652300    0.0000732700    0.0000408300
  -0.0061346700    0.0003577000    0.0008715100
  -0.0061119600   -0.0004551400   -0.0007174700
  -0.0000371000    0.0000042800    0.0000013300
  -0.0000398200    0.0000191200    0.0000043400
   0.0000514000   -0.0000096600    0.0000610800
  -0.0000360300   -0.0000169100    0.0000018400
  -0.0000013700   -0.0000232100    0.0000172700
  -0.0000293100    0.0000217200    0.0000135400
  -0.0000313100   -0.0000127800   -0.0000089900
   0.0008915100    0.0004515900    0.0002682800
  -0.0000038300    0.0000275400   -0.0000046600
  -0.0000866400   -0.0000710900    0.0000985600
   0.0012785600    0.0028962800    0.0020457600
  -0.0000981900   -0.0000846900    0.0000239300
  -0.0000016000   -0.0000093600    0.0000078600
   0.0000020800    0.0000004100   -0.0000003700
   0.0000066100   -0.0000207900    0.0000090700
  -0.0000048000    0.0000195500    0.0000025700
  -0.0008738100    0.0035156900   -0.0006948600
  -0.0000437100    0.0000125100   -0.0000006200
   0.0002447700    0.0001327700   -0.0000827800
  -0.0007102800    0.0027620900    0.0002571500
   0.0002139700    0.0001404700    0.0000400600
  -0.0000382000    0.0000098100   -0.0000008500
  -0.0000216700    0.0000049600    0.0000213600
  -0.0000080200   -0.0000085400   -0.0000129100
  -0.0000110900   -0.0000050300   -0.0000029400
  -0.0015789000   -0.0015673800    0.0017851200
  -0.0015541300    0.0016783500   -0.0017803500
  -0.0000054900   -0.0000003700    0.0000019400
  -0.0000078400    0.0000143000    0.0000044200
  -0.0000120000    0.0000153300   -0.0000038700
  -0.0000071800   -0.0000228800   -0.0000004800
  -0.0000252200   -0.0000099200    0.0000236100
  -0.0000044900   -0.0000161600   -0.0000181900
  -0.0000082600    0.0000103400    0.0000176900
   0.1118193400    0.0014300400    0.0000001800
   0.0000295300    0.0000008500   -0.0000406700
   0.0000309100   -0.0000249700    0.0000245500
  -0.0000112100   -0.0000219500    0.0000535700
  -0.0000109600    0.0000223800   -0.0000750000
  -0.0000106300   -0.0000027100    0.0000009600
  -0.0000111800   -0.0000480700    0.0000180500
  -0.0000106500   -0.0000030300    0.0000000000
  -0.0000106800    0.0000784600   -0.0000603000
   0.0011818300   -0.0002703900   -0.0002848000
  -0.0000796400    0.0000278200   -0.0000303700
  -0.0000120500   -0.0000285000    0.0000070900
  -0.0000791000    0.0000286300   -0.0000215400
   0.0011585800   -0.0029080500   -0.0017963900
  -0.0000122300    0.0000096800   -0.0000056800
   0.0000015500   -0.0000200300   -0.0000025000
   0.0000016000    0.0000177100   -0.0000138200
  -0.0000039200   -0.0000011200    0.0000037500

91   
  0.0000000000000000   0.0000000000000000   0.0100000000000000
  -0.0003512700   -0.0000801000    0.0021628800
   0.0006036600   -0.0003484400    0.0020288000
   0.0000029900    0.0000084700    0.0000124900
  -0.0000633400    0.0000365600    0.0000543100
  -0.0001063400    0.0003442400    0.0021628800
   0.0000293400    0.0000412100    0.0000495400
  -0.0000210100   -0.0000460300    0.0000495400
  -0.0000058300   -0.0000068200    0.0000125000
   0.0000199600   -0.0000115200    0.0000093200
  -0.0003475500    0.0001720400    0.0008755200
   0.0291606000    0.0174439400    0.0449225200
  -0.0000773200   -0.0000541500   -0.0000030100
   0.0000180700    0.0000149500    0.0000142300
  -0.0000697600   -0.0001209400   -0.0000288600
  -0.0000746800   -0.0000113800    0.0000059400
   0.0000269600   -0.0001026400    0.0006755200
  -0.0001217000    0.0000100300   -0.0000283200
   0.0000168200    0.0000080200   -0.0000008900
  -0.0005197500   -0.0339759000    0.0449225200
  -0.0000695500    0.0001003700   -0.0000283200
   0.0000698400    0.0001209000   -0.0000288600
  -0.0003228100    0.0002149000    0.0008755200
   0.0001023600    0.0000280100    0.0006755200
  -0.0000039000   -0.0000231200    0.0000142200
   0.0000082300    0.0000940300   -0.0000030200
   0.0000014600   -0.0000185800   -0.0000008900
  -0.0000275000    0.0000703500    0.0000059400
  -0.0287176600    0.0165762900    0.0455658600
   0.0003337600    0.0001769600    0.0007980800
   0.0000665100   -0.0000568400    0.0000075300
   0.0000824900   -0.0000291600    0.0000075300
   0.0000675500   -0.0001622600   -0.0000588900
  -0.0000168500    0.0000097200    0.0000169400
   0.0000137100   -0.0003775300    0.0007980800
  -0.0000149200    0.0000086100   -0.0000023700
   0.0001742900    0.0000226600   -0.0000588900
   0.0006476800    0.0012346100   -0.0035325900
   0.0000385100   -0.0000222200   -0.0000066300
   0.0000092000    0.0000078600   -0.0000209900
  -0.0000721200    0.0000416200    0.0000648600
  -0.0007451300   -0.0011783700   -0.0035325900
  -0.0000018400    0.0000102900   -0.0000245700
  -0.0000098300   -0.0000035500   -0.0000245700
  -0.0000022100   -0.0000119000   -0.0000209800
   0.0000185100   -0.0000106900    0.0000082100
  -0.0000017600    0.0000010000    0.0149944300
  -0.0000725100    0.0000199000    0.0000182300
   0.0000537100    0.0000277100    0.0000233200
   0.0000028700   -0.0000603700    0.0000233200
   0.0000044500   -0.0000422200    0.0000555900
   0.0000002300   -0.0000001300   -0.0000032000
  -0.0000535000    0.0000528400    0.0000182300
  -0.0000018400    0.0000010600    0.0000017100
   0.0000387900    0.0000172700    0.0000555900
   0.0010728800   -0.0002345100   -0.0041113600
  -0.0009460400   -0.0003886900   -0.0037467100
   0.0000012800    0.0000233800    0.0000024500
  -0.0000052200   -0.0000100500   -0.0000257600
   0.0000115300    0.0000450300    0.0000044200
   0.0000091800   -0.0000082800   -0.0000302000
   0.0000538200   -0.0001156700    0.0000444700
  -0.0000029700    0.0000006700   -0.0000337500
   0.0000068700    0.0000004400   -0.0000293300
   0.0020158300   -0.0006921900    0.0005597200
   0.0000016100   -0.0000024400    0.0000080300
  -0.0000114000    0.0000053500   -0.0003108500
   0.0003659600    0.0019012700    0.0003360700
   0.0000341800    0.0000368500   -0.0002979500
  -0.0000054600    0.0000178100    0.0000079200
  -0.0000007300   -0.0000005700    0.0000078100
  -0.0000015400    0.0000036900    0.0000117900
   0.0000139500   -0.0000167400    0.0000061400
  -0.0001366500    0.0010135900   -0.0037467300
  -0.0000020700    0.0000022400   -0.0000337600
  -0.0000332300   -0.0000325000    0.0000044100
   0.0007396700   -0.0008117500   -0.0041113700
   0.0001270800    0.0000112500    0.0000444600
   0.0000060900    0.0000095500   -0.0000257600
  -0.0000196400   -0.0000128200    0.0000024400
   0.0000030600   -0.0000061600   -0.0000293300
   0.0000117600   -0.0000038100   -0.0000302100
  -0.0014633100   -0.0012678600    0.0003360700
   0.0016076400   -0.0013993400    0.0005597100
   0.0000001200    0.0000009200    0.0000078000
  -0.0000181600   -0.0000041800    0.0000079200
  -0.0000103400    0.0000072000   -0.0003108500
   0.0000214700   -0.0000037000    0.0000061300
  -0.0000148100   -0.0000480200   -0.0002979500
   0.0000029100   -0.0000001700    0.0000080200
  -0.0000039700   -0.0000005100    0.0000117800
  -0.0011073800    0.0006394000   -0.1374884900
  -0.0000231600    0.0000469400   -0.0003796400
   0.0000451900    0.0000458200   -0.0003795300
  -0.0000171200   -0.0000620800   -0.0003795400
   0.0000584500   -0.0000559800   -0.0003289100
  -0.0000000700    0.0000000500    0.0000019200
  -0.0000522800   -0.0000034500   -0.0003796400
  -0.0000009000    0.0000005300    0.0000019200
   0.0000777200   -0.0000226000   -0.0003289100
  -0.0017953900   -0.0007231400    0.0004364700
  -0.0000214500    0.0000123800   -0.0003189600
  -0.0000056700   -0.0000003900    0.0000089700
  -0.0000322400    0.0000186100   -0.0003207700
  -0.0002718200    0.0019163600    0.0004364600
   0.0000073600    0.0000202400    0.0000088100
  -0.0000138400   -0.0000164900    0.0000088100
  -0.0000025000    0.0000051000    0.0000089700
   0.0000036500   -0.0000021100    0.0000075900

91   
  0.0000000000000000   0.0000000000000000  -0.0100000000000000
   0.0003872600    0.0000986500   -0.0021603000
  -0.0006381000    0.0003683200   -0.0020234900
  -0.0000028600   -0.0000080900   -0.0000117600
   0.0000624200   -0.0000360300   -0.0000513500
   0.0001082800   -0.0003846800   -0.0021603000
  -0.0000285800   -0.0000407300   -0.0000459600
   0.0000209800    0.0000451200   -0.0000459600
   0.0000055700    0.0000065200   -0.0000117600
  -0.0000196500    0.0000113400   -0.0000085600
   0.0003037500   -0.0001728300   -0.0008685100
  -0.0281980000   -0.0169063300   -0.0441807900
   0.0000750300    0.0000540800    0.0000053800
  -0.0000172400   -0.0000145600   -0.0000136300
   0.0000662200    0.0001176100    0.0000290700
   0.0000737800    0.0000097800   -0.0000029700
  -0.0000515900    0.0000620200   -0.0006679900
   0.0001178700   -0.0000120700    0.0000278500
  -0.0000166500   -0.0000080000    0.0000010500
   0.0005356900    0.0328734400   -0.0441807900
   0.0000694100   -0.0000960300    0.0000278500
  -0.0000687200   -0.0001161600    0.0000290700
   0.0003015900   -0.0001765800   -0.0008685000
  -0.0000795200    0.0000136600   -0.0006679800
   0.0000039900    0.0000222200   -0.0000136200
  -0.0000093000   -0.0000920200    0.0000053800
  -0.0000014000    0.0000184200    0.0000010500
   0.0000284400   -0.0000687900   -0.0000029700
   0.0277632100   -0.0160253700   -0.0448172900
  -0.0002864700   -0.0001769100   -0.0007912300
  -0.0000642200    0.0000569400   -0.0000053400
  -0.0000814200    0.0000271300   -0.0000053300
  -0.0000634200    0.0001594600    0.0000588800
   0.0000163000   -0.0000094100   -0.0000162300
   0.0000099000    0.0003365500   -0.0007912300
   0.0000148200   -0.0000085500    0.0000025800
  -0.0001698000   -0.0000248500    0.0000588800
  -0.0006364700   -0.0012220400    0.0034966600
  -0.0000402100    0.0000232100    0.0000015000
  -0.0000086500   -0.0000079000    0.0000208100
   0.0000750900   -0.0000433500   -0.0000651800
   0.0007398300    0.0011623600    0.0034966600
   0.0000015300   -0.0000101300    0.0000237800
   0.0000095400    0.0000037500    0.0000237800
   0.0000025100    0.0000114300    0.0000208200
  -0.0000183000    0.0000105600   -0.0000088400
   0.0000028000   -0.0000016100   -0.0146860800
   0.0000711000   -0.0000201100   -0.0000153900
  -0.0000525000   -0.0000278800   -0.0000205700
  -0.0000021200    0.0000594100   -0.0000205700
  -0.0000053500    0.0000418200   -0.0000527300
  -0.0000002700    0.0000001500    0.0000031600
   0.0000529700   -0.0000515100   -0.0000153900
   0.0000019100   -0.0000011000   -0.0000016400
  -0.0000388800   -0.0000162800   -0.0000527300
  -0.0010685700    0.0002392100    0.0040734600
   0.0009417800    0.0003969300    0.0037131100
  -0.0000012600   -0.0000232700   -0.0000031700
   0.0000053200    0.0000096400    0.0000249800
  -0.0000111200   -0.0000463400   -0.0000093100
  -0.0000092700    0.0000079300    0.0000293300
  -0.0000540800    0.0001204400   -0.0000453100
   0.0000028500   -0.0000000900    0.0000336700
  -0.0000065800   -0.0000000600    0.0000293500
  -0.0020409400    0.0006943600   -0.0005508200
  -0.0000015800    0.0000023100   -0.0000077900
   0.0000068900   -0.0000078900    0.0003113300
  -0.0003755400   -0.0019242100   -0.0003274700
  -0.0000345700   -0.0000389700    0.0002942800
   0.0000051400   -0.0000175300   -0.0000079700
   0.0000009800    0.0000006500   -0.0000077200
   0.0000014800   -0.0000038700   -0.0000115500
  -0.0000138500    0.0000162600   -0.0000063000
   0.0001273800   -0.0010140300    0.0037131000
   0.0000015100   -0.0000024200    0.0000336700
   0.0000345600    0.0000328100   -0.0000093200
  -0.0007415700    0.0008056700    0.0040734600
  -0.0001313400   -0.0000134100   -0.0000453200
  -0.0000056800   -0.0000094300    0.0000249700
   0.0000195700    0.0000127500   -0.0000031700
  -0.0000032400    0.0000057300    0.0000293500
  -0.0000115000    0.0000040600    0.0000293200
   0.0014783800    0.0012876300   -0.0003274800
  -0.0016220900    0.0014200000   -0.0005508300
  -0.0000000700   -0.0000011700   -0.0000077200
   0.0000177500    0.0000043200   -0.0000079800
   0.0000102700   -0.0000020200    0.0003113300
  -0.0000210200    0.0000038600   -0.0000063100
   0.0000164400    0.0000494200    0.0002942700
  -0.0000028000    0.0000002200   -0.0000077900
   0.0000040900    0.0000006600   -0.0000115600
   0.0010760400   -0.0006213700    0.1350852700
   0.0000201200   -0.0000480600    0.0003730400
  -0.0000422900   -0.0000467900    0.0003731400
   0.0000194200    0.0000600600    0.0003731400
  -0.0000615400    0.0000516400    0.0003218900
   0.0000000600   -0.0000000300   -0.0000021700
   0.0000517400    0.0000066500    0.0003730300
   0.0000009700   -0.0000005500   -0.0000021900
  -0.0000755000    0.0000274700    0.0003218900
   0.0018183900    0.0007244400   -0.0004274800
   0.0000254900   -0.0000147100    0.0003187700
   0.0000057800    0.0000002800   -0.0000088400
   0.0000336900   -0.0000194500    0.0003169900
   0.0002822000   -0.0019369400   -0.0004274800
  -0.0000070100   -0.0000198600   -0.0000089900
   0.0000136900    0.0000160100   -0.0000089900
   0.0000026400   -0.0000051500   -0.0000088300
  -0.0000038000    0.0000021900   -0.0000076100
