108  
42   

1    
  0.0100000000000000   0.0000000000000000   0.0000000000000000
  -0.2264485500    0.0002230700    0.0001560200
   0.0013354500    0.0002896000    0.0000488100
   0.0012956100    0.0000079800   -0.0000353400
  -0.0001962200   -0.0005236400   -0.0000865200
   0.0001326800    0.0008479200    0.0001138200
   0.0000565800    0.0000106100   -0.0000000900
  -0.0001915600   -0.0009269100    0.0000477500
   0.0000565200    0.0000049500   -0.0000024100
   0.0001267200    0.0009557200    0.0000450700
   0.0005194500    0.0008185000   -0.0001006300
   0.0000661800    0.0000611700    0.0000069600
   0.0046785700   -0.0092007900    0.0008906400
   0.0046845300    0.0139405500    0.0006462000
   0.0000498500   -0.0000082400    0.0000080600
   0.0006688100    0.0008815400   -0.0000058600
  -0.0000383000   -0.0000593200   -0.0000290000
   0.0000883500    0.0001699100    0.0000136500
  -0.0000362000    0.0000020300   -0.0000026500
   0.0116358700   -0.0107656600    0.0000705600
   0.0002889800   -0.0000464900   -0.0000008500
   0.0036227300    0.0098232000   -0.0000196100
   0.0018986100   -0.0001747400   -0.0000042500
   0.0000466400    0.0000784600    0.0000141300
   0.0000107900   -0.0000875600   -0.0000110500
  -0.0000123800    0.0000083900   -0.0000167800
  -0.0000233700    0.0000418900    0.0000242300
   0.0018086800   -0.0000819800    0.0000059400
   0.0040284800    0.0069395400   -0.0009780000
   0.0000394000   -0.0000091300   -0.0000067500
   0.0002851300   -0.0008489600    0.0000613100
   0.0040333800   -0.0105330400   -0.0006071400
   0.0002149500   -0.0007139400   -0.0000163900
  -0.0000314500    0.0000112300   -0.0000065700
   0.0000285000   -0.0000809800   -0.0000106100
   0.0000420400    0.0000716900    0.0000283400
  -0.0000611100   -0.0000805700   -0.0000015800
   0.0002040500   -0.0004504200    0.0002197700
  -0.0000444700   -0.0000029000   -0.0000035200
   0.0002092900    0.0008350000   -0.0004019800
   0.0120192500    0.0001980800   -0.0009597600
  -0.0000920900   -0.0001790700    0.0000516400
  -0.0001238700    0.0001313200   -0.0000683900
   0.0000231900    0.0000279100    0.0000174400
  -0.0000376300   -0.0000626400   -0.0000499800
  -0.0000301600   -0.0000077300   -0.0000036400
   0.0005954700    0.0008087900   -0.0001762800
   0.0000119800    0.0000062100    0.0000375900
   0.0365200500    0.0135034100   -0.0272612200
   0.0005958200   -0.0004368600   -0.0002231600
  -0.0000530500   -0.0000097100   -0.0000187800
  -0.0001311900    0.0000231300    0.0001215900
  -0.0000001100    0.0000217900    0.0000002900
   0.0000106900    0.0000417500    0.0000632600
   0.0000961600    0.0000139700    0.0000553900
   0.0004548100    0.0008022000    0.0001169800
   0.0000089600   -0.0000103600   -0.0000466000
   0.0377163600    0.0150405100    0.0280500100
   0.0006559400   -0.0005702500    0.0001915000
  -0.0000629500   -0.0000228200    0.0000178300
  -0.0001154300    0.0000761600   -0.0000828700
   0.0000009900    0.0000281200    0.0000016100
   0.0000343000    0.0000448200   -0.0000580900
   0.0000891900   -0.0000368100   -0.0000247400
   0.0431305100   -0.0157022800   -0.0289644600
   0.0000454900   -0.0000126900    0.0000278600
   0.0007827500   -0.0009903100   -0.0000942400
   0.0005637600    0.0001748000    0.0000724000
  -0.0001475400   -0.0000430900    0.0000679600
  -0.0000358000    0.0000103200   -0.0000219200
   0.0000372600   -0.0000374300    0.0000605000
  -0.0000020600   -0.0000231200   -0.0000165300
   0.0000688900   -0.0000076400    0.0000142600
  -0.0000691800    0.0000311300    0.0000443800
  -0.0000916600   -0.0000314700   -0.0000377800
  -0.0040574600    0.0001458300   -0.0002318900
   0.0001461700    0.0024503300    0.0005166400
  -0.0000294700    0.0000048700    0.0000058800
   0.0006984700   -0.0026868100   -0.0006000500
  -0.0000313800    0.0000063900   -0.0000223700
  -0.0000237300   -0.0000163700   -0.0000012700
  -0.0000278500    0.0000022900    0.0000180800
  -0.0000622700    0.0000157900   -0.0000229300
  -0.0000846700   -0.0000218100    0.0000206900
  -0.0041740200    0.0001480000    0.0002204500
   0.0002520400    0.0026571700   -0.0005077800
  -0.0000501400    0.0000035000   -0.0000076700
   0.0008238800   -0.0028475000    0.0005362500
  -0.0000308600    0.0000034200    0.0000206800
  -0.0000256400   -0.0000163600   -0.0000026500
  -0.0000241800    0.0000059400   -0.0000161400
   0.0416085600   -0.0137912600    0.0279893400
   0.0000494600   -0.0000243600   -0.0000191400
   0.0009584400   -0.0010155800    0.0001783500
   0.0005584700    0.0001155000   -0.0000206600
  -0.0001533300    0.0000088100   -0.0000968600
  -0.0000297600   -0.0000008600    0.0000208300
   0.0000089000   -0.0000299400   -0.0000842600
  -0.0000003000   -0.0000174100    0.0000154400
   0.0000672800   -0.0000555700   -0.0000550200
   0.0000801900   -0.0006074000    0.0002980600
  -0.0000330200    0.0000004900    0.0000041200
   0.0000601000    0.0009006800   -0.0001504000
   0.0161561500    0.0005105100    0.0009955600
  -0.0000372800   -0.0002347100   -0.0000649800
  -0.0000653100    0.0001807100    0.0000695400
   0.0000034900   -0.0000188100   -0.0000070400
  -0.0000492400    0.0000020400    0.0000375300
  -0.0000240100   -0.0000053100    0.0000059400

1    
 -0.0100000000000000   0.0000000000000000   0.0000000000000000
   0.2259933800    0.0013927800   -0.0000146800
  -0.0012907900   -0.0002792800   -0.0000488800
  -0.0013305100   -0.0000018200    0.0000351700
   0.0001997000    0.0005383300    0.0000874100
  -0.0001281000   -0.0008316200   -0.0001121700
  -0.0000562600   -0.0000110400    0.0000003200
   0.0002043200    0.0009156900   -0.0000454400
  -0.0000562900   -0.0000050700    0.0000024800
  -0.0001340800   -0.0009680900   -0.0000421600
  -0.0005135800   -0.0008001800    0.0001020000
  -0.0000665500   -0.0000606700   -0.0000070300
  -0.0048161000    0.0091153800   -0.0008867200
  -0.0046798200   -0.0138529900   -0.0006359900
  -0.0000511800    0.0000097700   -0.0000080600
  -0.0006617800   -0.0009087400    0.0000063100
   0.0000389700    0.0000616200    0.0000290500
  -0.0000862700   -0.0001682700   -0.0000131700
   0.0000347400   -0.0000023100    0.0000028600
  -0.0109934700    0.0104863600   -0.0000702800
  -0.0002894900    0.0000464000    0.0000008600
  -0.0041470400   -0.0100569700    0.0000198200
  -0.0019048200    0.0001860000    0.0000046200
  -0.0000447100   -0.0000759300   -0.0000140600
  -0.0000122000    0.0000898300    0.0000111700
   0.0000117800   -0.0000087400    0.0000166600
   0.0000241200   -0.0000431200   -0.0000242800
  -0.0018117400    0.0001178900   -0.0000030600
  -0.0038854000   -0.0070452300    0.0009814200
  -0.0000389400    0.0000094100    0.0000066500
  -0.0002821400    0.0008675600   -0.0000593500
  -0.0040215700    0.0106506000    0.0006195300
  -0.0002228400    0.0006968100    0.0000164700
   0.0000322200   -0.0000102100    0.0000066300
  -0.0000298900    0.0000817700    0.0000110800
  -0.0000437600   -0.0000712100   -0.0000282900
   0.0000626400    0.0000795700    0.0000018100
  -0.0002050900    0.0004561100   -0.0002180700
   0.0000445100    0.0000027000    0.0000034000
  -0.0002085200   -0.0008227400    0.0003986700
  -0.0120449800    0.0000716900    0.0007457100
   0.0000929400    0.0001757600   -0.0000520100
   0.0001219800   -0.0001340300    0.0000674800
  -0.0000228300   -0.0000280100   -0.0000177900
   0.0000366800    0.0000618800    0.0000489700
   0.0000302900    0.0000078000    0.0000037000
  -0.0005863100   -0.0008086000    0.0001843400
  -0.0000123600   -0.0000074100   -0.0000380500
  -0.0372471800   -0.0139143900    0.0281759200
  -0.0006011800    0.0004329900    0.0001981000
   0.0000528400    0.0000098200    0.0000186800
   0.0001322100   -0.0000213000   -0.0001214700
   0.0000003300   -0.0000220200   -0.0000003500
  -0.0000110000   -0.0000417800   -0.0000636200
  -0.0000941900   -0.0000157800   -0.0000558100
  -0.0004461200   -0.0008011500   -0.0001249400
  -0.0000095800    0.0000092500    0.0000470800
  -0.0384758300   -0.0154769700   -0.0290246700
  -0.0006647000    0.0005632500   -0.0001696000
   0.0000627300    0.0000229700   -0.0000177000
   0.0001159100   -0.0000738900    0.0000824300
  -0.0000008000   -0.0000283800   -0.0000014500
  -0.0000348500   -0.0000446100    0.0000579700
  -0.0000873700    0.0000353600    0.0000245500
  -0.0421943300    0.0151598300    0.0279196700
  -0.0000446300    0.0000113500   -0.0000271600
  -0.0007947200    0.0009934500    0.0000868500
  -0.0005608700   -0.0001768400   -0.0000497000
   0.0001472400    0.0000445100   -0.0000677800
   0.0000360700   -0.0000101000    0.0000220100
  -0.0000366400    0.0000377900   -0.0000602300
   0.0000021400    0.0000231200    0.0000167200
  -0.0000697500    0.0000056500   -0.0000133900
   0.0000704600   -0.0000321300   -0.0000424000
   0.0000909000    0.0000302700    0.0000391900
   0.0040601900   -0.0001213800    0.0002357200
  -0.0001652700   -0.0024213000   -0.0004947500
   0.0000298200   -0.0000052700   -0.0000066300
  -0.0006741700    0.0027094900    0.0006084900
   0.0000320500   -0.0000028000    0.0000258100
   0.0000238800    0.0000163000    0.0000010800
   0.0000280300   -0.0000024500   -0.0000182600
   0.0000634700   -0.0000167000    0.0000209700
   0.0000838500    0.0000206500   -0.0000222300
   0.0041768500   -0.0001205600   -0.0002261500
  -0.0002696000   -0.0026306900    0.0004806900
   0.0000505400   -0.0000041600    0.0000082700
  -0.0008027100    0.0028701800   -0.0005512300
   0.0000314800   -0.0000004800   -0.0000243300
   0.0000255900    0.0000163500    0.0000028600
   0.0000245800   -0.0000060400    0.0000163200
  -0.0407024900    0.0132772000   -0.0270042100
  -0.0000489000    0.0000230000    0.0000182900
  -0.0009712300    0.0010174700   -0.0001712800
  -0.0005573200   -0.0001155000   -0.0000034500
   0.0001526100   -0.0000081000    0.0000966800
   0.0000299800    0.0000010100   -0.0000209000
  -0.0000085300    0.0000300000    0.0000836100
   0.0000003600    0.0000174700   -0.0000155600
  -0.0000684300    0.0000532000    0.0000531800
  -0.0000825200    0.0006076200   -0.0003032100
   0.0000330700   -0.0000006200   -0.0000039800
  -0.0000601300   -0.0008958700    0.0001505300
  -0.0161921300   -0.0002175700   -0.0008186500
   0.0000380200    0.0002315600    0.0000649500
   0.0000631400   -0.0001831000   -0.0000693000
  -0.0000035900    0.0000188500    0.0000064300
   0.0000493600   -0.0000025400   -0.0000377600
   0.0000241500    0.0000051400   -0.0000059400

1    
 -0.0049978512875452   0.0086614942421953   0.0000000000000000
   0.1117301000   -0.1958867300   -0.0015347300
  -0.0006441400   -0.0005760500    0.0000043700
  -0.0004132600   -0.0004386400    0.0000384900
  -0.0007112100    0.0009338600    0.0000832000
   0.0007723200    0.0003792000   -0.0000513400
  -0.0000233300    0.0000500400    0.0000037900
  -0.0003548700    0.0010964400   -0.0000953600
  -0.0000184800    0.0000528300   -0.0000053400
   0.0006579800    0.0003074100   -0.0000691700
   0.0003186800    0.0009493000    0.0001320200
  -0.0000437100   -0.0000668100   -0.0000124400
   0.0074301700    0.0097547100   -0.0003185700
  -0.0089109800    0.0003455700   -0.0007119200
   0.0000458800   -0.0000172700   -0.0000165500
   0.0003353100    0.0007848300   -0.0000091800
   0.0000461400    0.0000850000    0.0000241500
   0.0000503000    0.0001283400   -0.0000055500
  -0.0000447800    0.0000517800    0.0000065400
   0.0038328400    0.0071862100    0.0000343300
  -0.0000995300   -0.0000072900   -0.0000152900
  -0.0105689800   -0.0014572000    0.0000451200
  -0.0008851800    0.0002229000   -0.0000439700
  -0.0000102500   -0.0000453800    0.0000135600
  -0.0000448200    0.0000598000    0.0000251100
  -0.0000828300    0.0000239900   -0.0000064900
   0.0001119400    0.0000463800   -0.0000267500
  -0.0007427400    0.0002009000   -0.0001086500
  -0.0125463600    0.0034274800    0.0008089700
   0.0000336100    0.0000176800   -0.0000082500
  -0.0009817100    0.0016574200    0.0000659400
   0.0051012100    0.0096054400   -0.0005193200
  -0.0008477500    0.0012367500   -0.0000101000
  -0.0000409700   -0.0000373000   -0.0000136000
  -0.0001042300    0.0001551100    0.0000069700
  -0.0000154900   -0.0000150100   -0.0000034400
   0.0000322000    0.0000134300    0.0000060500
   0.0004623900    0.0007361200   -0.0003533500
   0.0000188000    0.0000105000   -0.0000005900
  -0.0007548400    0.0003385000   -0.0001976700
  -0.0058212300    0.0384446600   -0.0275243300
  -0.0000053000    0.0000708600   -0.0000010600
   0.0000626500   -0.0000771700    0.0000519700
  -0.0000164000    0.0000012800    0.0000277800
   0.0000267500    0.0000515300    0.0000553500
   0.0000136100   -0.0000347400   -0.0000185800
  -0.0006547100   -0.0000911200    0.0000690200
   0.0000181200   -0.0000016600    0.0000194000
  -0.0061999600    0.0110537300   -0.0002938300
   0.0003601400    0.0004659800    0.0000735900
   0.0000104300   -0.0000321700   -0.0000026100
   0.0001636200    0.0000388900   -0.0000840900
   0.0000241000   -0.0000417900   -0.0000005000
   0.0000000400   -0.0000385400   -0.0000175100
  -0.0000984300   -0.0001572600    0.0000738900
  -0.0005769900   -0.0000051800   -0.0000268200
   0.0000221600    0.0000219000   -0.0000115800
  -0.0062169700    0.0104427500    0.0005496300
   0.0005374200    0.0006935600    0.0002741500
   0.0000109200   -0.0000337600   -0.0000019300
   0.0001778900   -0.0000021100    0.0000754400
   0.0000223900   -0.0000494300    0.0000045200
  -0.0000445500   -0.0000681800    0.0000327800
  -0.0001058900   -0.0001469700   -0.0000710800
  -0.0339877300    0.0288262600    0.0276449900
  -0.0000641400    0.0000065200   -0.0000682000
  -0.0001317900    0.0006921500   -0.0000159500
  -0.0011294500    0.0002758200    0.0001632200
  -0.0000717000    0.0000780700   -0.0000250900
   0.0000228400   -0.0000281000    0.0000146600
  -0.0000165200    0.0000338400   -0.0000377600
  -0.0000186200   -0.0000136300    0.0000183700
   0.0000561700   -0.0001493800   -0.0000466000
   0.0000495600   -0.0000545900   -0.0000653000
   0.0000304300   -0.0000265300   -0.0000058800
   0.0019293200    0.0016645900   -0.0002767100
   0.0019941100   -0.0034881200    0.0000315500
   0.0000101400   -0.0000116100   -0.0000062400
  -0.0024979600   -0.0006483600    0.0004448300
   0.0000199700   -0.0000755100    0.0000601600
   0.0000078100   -0.0000293200    0.0000029900
   0.0000156900   -0.0000344700   -0.0000056400
   0.0000603300   -0.0000508000    0.0000213800
   0.0000127000   -0.0000467400   -0.0000257100
   0.0020160500    0.0016623400    0.0006705900
   0.0021365000   -0.0038281800   -0.0001261900
   0.0000165300   -0.0000114200    0.0000164600
  -0.0026988900   -0.0008551600   -0.0004292500
   0.0000212200   -0.0000877300   -0.0000530200
  -0.0000028000   -0.0000239600   -0.0000010500
   0.0000272400   -0.0000286100    0.0000034700
  -0.0325935300    0.0274573200   -0.0265586400
  -0.0000678800    0.0000019300    0.0000717700
  -0.0001992100    0.0006378800   -0.0000090600
  -0.0009465000    0.0001909800    0.0002074700
  -0.0000441800    0.0000697300    0.0000474700
   0.0000210300   -0.0000193400   -0.0000188200
  -0.0000207800    0.0000417400    0.0000605400
  -0.0000174800   -0.0000109000   -0.0000125500
   0.0000246700   -0.0001122300    0.0000891000
   0.0001864300    0.0009543200   -0.0004152200
   0.0000155100    0.0000085300    0.0000198600
  -0.0004207000    0.0004287400    0.0000392900
  -0.0075901800    0.0447022400    0.0284686000
  -0.0000640600    0.0001243400   -0.0000638100
   0.0000833400   -0.0000858200   -0.0001007000
  -0.0000134000    0.0000324200   -0.0000783800
   0.0000334700    0.0000552900   -0.0000802200
   0.0000071600   -0.0000398100    0.0000145600

1    
  0.0049978512875452  -0.0086614942421953   0.0000000000000000
  -0.1133787300    0.1951982200    0.0014509700
   0.0006596900    0.0005753100   -0.0000047100
   0.0004062400    0.0004332900   -0.0000379900
   0.0006871500   -0.0009077000   -0.0000799200
  -0.0007636500   -0.0003672300    0.0000533000
   0.0000243900   -0.0000494300   -0.0000036100
   0.0003674100   -0.0011352700    0.0001009500
   0.0000191600   -0.0000524400    0.0000053400
  -0.0006663700   -0.0003169000    0.0000716100
  -0.0003321800   -0.0009625100   -0.0001315800
   0.0000432500    0.0000652000    0.0000124100
  -0.0074930900   -0.0098162500    0.0003258200
   0.0089084300   -0.0001859600    0.0007192900
  -0.0000462500    0.0000186500    0.0000167700
  -0.0003154500   -0.0007834900    0.0000101400
  -0.0000460200   -0.0000849200   -0.0000237800
  -0.0000498200   -0.0001311300    0.0000063200
   0.0000421800   -0.0000514000   -0.0000062100
  -0.0036704700   -0.0072664200   -0.0000395200
   0.0000976600    0.0000090200    0.0000151800
   0.0104863400    0.0014270800   -0.0000417300
   0.0008685000   -0.0002292900    0.0000448600
   0.0000116300    0.0000444100   -0.0000132200
   0.0000435500   -0.0000619700   -0.0000246700
   0.0000828100   -0.0000237700    0.0000067300
  -0.0001132300   -0.0000455900    0.0000272900
   0.0007493200   -0.0001856900    0.0001084700
   0.0130600300   -0.0038304800   -0.0008139900
  -0.0000328200   -0.0000173400    0.0000083000
   0.0009734200   -0.0016586400   -0.0000649300
  -0.0051672700   -0.0090305100    0.0005444500
   0.0008206100   -0.0012514400    0.0000109900
   0.0000371700    0.0000374600    0.0000136800
   0.0001040200   -0.0001551300   -0.0000067800
   0.0000163300    0.0000155800    0.0000035800
  -0.0000339100   -0.0000172300   -0.0000057200
  -0.0004601800   -0.0007435000    0.0003441000
  -0.0000187000   -0.0000104600    0.0000006600
   0.0007551200   -0.0003279000    0.0002136800
   0.0058212000   -0.0376095100    0.0265893100
   0.0000065300   -0.0000715000    0.0000011000
  -0.0000642900    0.0000764300   -0.0000519400
   0.0000168300    0.0000000700   -0.0000275300
  -0.0000274000   -0.0000511700   -0.0000558200
  -0.0000136400    0.0000348400    0.0000186500
   0.0006501400    0.0000879500   -0.0000704500
  -0.0000170900    0.0000014400   -0.0000193600
   0.0059772200   -0.0111790200    0.0004689400
  -0.0003668400   -0.0004664200   -0.0000716700
  -0.0000104500    0.0000322100    0.0000024500
  -0.0001615900   -0.0000351300    0.0000852900
  -0.0000238200    0.0000419100    0.0000006800
   0.0000002700    0.0000389000    0.0000173900
   0.0001020600    0.0001571000   -0.0000721500
   0.0005730800    0.0000021300    0.0000271400
  -0.0000215200   -0.0000220400    0.0000115000
   0.0059684500   -0.0105596500   -0.0007511400
  -0.0005462300   -0.0006999700   -0.0002768300
  -0.0000109500    0.0000337200    0.0000020100
  -0.0001758700    0.0000055900   -0.0000774400
  -0.0000220900    0.0000495100   -0.0000046900
   0.0000454100    0.0000698200   -0.0000331800
   0.0001107800    0.0001473200    0.0000698000
   0.0349235300   -0.0293783200   -0.0286817600
   0.0000643900   -0.0000070300    0.0000686300
   0.0001358700   -0.0006956500    0.0000369500
   0.0011219400   -0.0002703400   -0.0001739300
   0.0000721500   -0.0000763700    0.0000256300
  -0.0000229200    0.0000280100   -0.0000147500
   0.0000182000   -0.0000340100    0.0000382700
   0.0000185500    0.0000136500   -0.0000183200
  -0.0000574900    0.0001486900    0.0000468100
  -0.0000476100    0.0000544500    0.0000677300
  -0.0000333400    0.0000244100    0.0000100700
  -0.0019540600   -0.0016626000    0.0002916300
  -0.0020118800    0.0034804200   -0.0000263300
  -0.0000099300    0.0000116300    0.0000059500
   0.0024873000    0.0006263700   -0.0004313200
  -0.0000188100    0.0000774200   -0.0000579800
  -0.0000077500    0.0000294900   -0.0000033000
  -0.0000149800    0.0000347700    0.0000050600
  -0.0000584800    0.0000509100   -0.0000236000
  -0.0000151900    0.0000453600    0.0000220800
  -0.0020466100   -0.0016682000   -0.0006934500
  -0.0021544100    0.0038134100    0.0001169800
  -0.0000162200    0.0000112600   -0.0000163200
   0.0026888100    0.0008281200    0.0004129700
  -0.0000202100    0.0000891600    0.0000508300
   0.0000027400    0.0000241300    0.0000012100
  -0.0000263800    0.0000289000   -0.0000030400
   0.0335027500   -0.0279860200    0.0275799200
   0.0000680800   -0.0000022500   -0.0000721900
   0.0002015100   -0.0006411500   -0.0000134600
   0.0009383300   -0.0001792300   -0.0001971000
   0.0000448900   -0.0000678400   -0.0000485400
  -0.0000210100    0.0000192400    0.0000188200
   0.0000220200   -0.0000420700   -0.0000626600
   0.0000175500    0.0000108500    0.0000124600
  -0.0000254100    0.0001105000   -0.0000895700
  -0.0001788900   -0.0009677000    0.0004268400
  -0.0000154500   -0.0000085900   -0.0000199800
   0.0004213800   -0.0004243500   -0.0000680100
   0.0075672700   -0.0435722900   -0.0274264200
   0.0000656000   -0.0001247700    0.0000630600
  -0.0000852700    0.0000857200    0.0001002100
   0.0000140600   -0.0000311500    0.0000764400
  -0.0000338300   -0.0000549100    0.0000795300
  -0.0000073500    0.0000392300   -0.0000146000

1    
 -0.0000013646000093   0.0000007880778984   0.0099999998758400
   0.0001472900   -0.0017000300   -0.2525345000
  -0.0000386800    0.0000214900    0.0005383900
   0.0000534900    0.0000306000    0.0005386000
   0.0000529100   -0.0000878400    0.0003985300
   0.0000408200   -0.0000590300    0.0006285100
  -0.0000024800   -0.0000075200   -0.0000659200
  -0.0000852500    0.0000492600    0.0003990300
  -0.0000003500    0.0000040500   -0.0000659000
   0.0001144800    0.0000089000    0.0006296100
   0.0000086200    0.0000114300   -0.0000431800
  -0.0000063800   -0.0000011100   -0.0000052300
   0.0003298100   -0.0009158600   -0.0052568400
   0.0007730900   -0.0003158300   -0.0042256400
  -0.0000237700    0.0000205100   -0.0000084900
  -0.0001317900    0.0000409900   -0.0000433000
   0.0000169700    0.0000002400   -0.0000087300
   0.0000063500   -0.0000124700   -0.0000418800
   0.0000123700   -0.0000015600   -0.0000052200
   0.0002815600    0.0001146400   -0.0040048500
   0.0000000100    0.0000050400   -0.0000607800
  -0.0003491100    0.0001343500   -0.0061074900
  -0.0000187000    0.0000146900    0.0000730200
   0.0000071800    0.0000023100   -0.0000289400
  -0.0000100200    0.0000092100   -0.0000081800
   0.0000021500    0.0000168500   -0.0000080500
  -0.0000012300    0.0000092800    0.0000118400
   0.0000019300   -0.0000324900    0.0000653900
  -0.0003207500   -0.0011151100   -0.0062986300
   0.0000115600   -0.0000067600    0.0000527200
   0.0000175500    0.0000191300    0.0004937800
  -0.0011491300   -0.0001274800   -0.0070334900
   0.0001126100    0.0000472600    0.0003114600
   0.0000246900    0.0000204700   -0.0000023300
  -0.0000045800   -0.0000178100   -0.0000293700
  -0.0000264100   -0.0000145900    0.0000677200
  -0.0000065100   -0.0000007900   -0.0000185000
  -0.0000680600    0.0005097600    0.0006403200
   0.0000001600   -0.0000201800   -0.0000008900
   0.0002300700    0.0006914600    0.0003223500
  -0.0002648100   -0.0315302000    0.0421404500
  -0.0001487200    0.0000216100   -0.0000649000
   0.0001418100    0.0000118000   -0.0000234200
   0.0000153800    0.0000043400   -0.0000150400
  -0.0000290800   -0.0000275600   -0.0000242000
  -0.0000029800   -0.0000285700    0.0000003300
   0.0005077800    0.0002632500    0.0006187900
   0.0000008000    0.0000178000   -0.0000069600
  -0.0284032000   -0.0164456600    0.0441643200
   0.0004646600    0.0002080300    0.0005655500
  -0.0000222700   -0.0000150300    0.0000044200
  -0.0000672900    0.0001141700   -0.0000104100
  -0.0000141200   -0.0000124600    0.0000079300
   0.0000034900   -0.0000103100   -0.0000046200
   0.0000733800   -0.0001279100   -0.0000294100
  -0.0005551600   -0.0003204600    0.0005273800
   0.0000049500   -0.0000182800   -0.0000175900
   0.0289007100    0.0165477700    0.0428574500
  -0.0006987500   -0.0004458300    0.0002710900
   0.0000248900    0.0000154900    0.0000028000
   0.0000765600   -0.0001322200   -0.0000038400
   0.0000166000    0.0000046500    0.0000096500
   0.0000002500    0.0000279000   -0.0000084900
  -0.0000743900    0.0001140200   -0.0000128600
  -0.0297089000    0.0166551400    0.0430544000
  -0.0000342100   -0.0000187100   -0.0000048800
   0.0005116100    0.0000608400    0.0007362200
   0.0002957300   -0.0003648400    0.0007519600
  -0.0000369300   -0.0001846900   -0.0000581100
  -0.0000211100    0.0000112400    0.0000004400
   0.0000081200    0.0000245900    0.0000097200
  -0.0000226800    0.0000101400    0.0000023000
   0.0001202600    0.0001016300   -0.0000158400
   0.0000084300    0.0000062800    0.0001107600
   0.0000186600    0.0000019000    0.0000527500
  -0.0001409500   -0.0017568900    0.0022631300
   0.0016921600    0.0010292400    0.0017357400
   0.0000009200   -0.0000314400    0.0000160300
  -0.0015017300    0.0007720000    0.0024511300
   0.0000176500    0.0000205300    0.0000933500
  -0.0000338900    0.0000199700    0.0000212100
   0.0000251100    0.0000133100    0.0000088800
   0.0000065600   -0.0000159100    0.0000918500
  -0.0000320000   -0.0000118600    0.0000358600
   0.0001574200    0.0018141500    0.0022951600
  -0.0017934400   -0.0007964300    0.0017065300
  -0.0000000600    0.0000271100    0.0000141800
   0.0016273700   -0.0005175500    0.0024329500
  -0.0000182600    0.0000125700    0.0000902900
   0.0000300400   -0.0000182600    0.0000178500
  -0.0000209800   -0.0000112800    0.0000046100
   0.0292069700   -0.0164210200    0.0438717800
   0.0000229900    0.0000157700    0.0000049400
  -0.0004424300   -0.0001204200    0.0008320600
  -0.0000984000    0.0001954900    0.0009690700
   0.0000187900    0.0001582200   -0.0000527200
   0.0000212700   -0.0000137800    0.0000030400
  -0.0000096500   -0.0000080800    0.0000143100
   0.0000170300   -0.0000148400   -0.0000010300
  -0.0001401400   -0.0001111200   -0.0000430700
   0.0000999500   -0.0002600600    0.0009386900
  -0.0000012600    0.0000198300    0.0000110200
  -0.0002343300   -0.0003107100    0.0007378800
   0.0004240900    0.0345292600    0.0445846200
   0.0001286200   -0.0000584700   -0.0000327700
  -0.0001289100   -0.0000603000    0.0000003200
  -0.0000144400   -0.0000153700    0.0000170600
   0.0000198800    0.0000143500    0.0000109100
   0.0000020600    0.0000267400    0.0000020300

1    
  0.0000013646000093  -0.0000007880778984  -0.0099999998758400
  -0.0000810900    0.0016788100    0.2526783900
   0.0000321300   -0.0000259600   -0.0005386900
  -0.0000439000   -0.0000361500   -0.0005384800
  -0.0000402300    0.0000847600   -0.0003975900
  -0.0000465000    0.0000532900   -0.0006264400
   0.0000024200    0.0000076300    0.0000662700
   0.0000887200   -0.0000390700   -0.0003970200
   0.0000000600   -0.0000042600    0.0000662800
  -0.0001116100   -0.0000005900   -0.0006253400
  -0.0000107300   -0.0000139100    0.0000455200
   0.0000063600   -0.0000001500    0.0000054200
  -0.0003152600    0.0007610600    0.0052519300
  -0.0006558200    0.0003410100    0.0042493900
   0.0000241300   -0.0000189000    0.0000092400
   0.0001318100   -0.0000409100    0.0000453700
  -0.0000163900   -0.0000004600    0.0000090200
  -0.0000055500    0.0000116000    0.0000424400
  -0.0000125400    0.0000001900    0.0000054000
  -0.0001721300   -0.0000212500    0.0040042800
  -0.0000006800   -0.0000041000    0.0000611900
   0.0001611900   -0.0000470500    0.0061070800
   0.0000133100   -0.0000158200   -0.0000732400
  -0.0000057300   -0.0000029300    0.0000290200
   0.0000084700   -0.0000085200    0.0000083600
  -0.0000021000   -0.0000162700    0.0000083700
   0.0000002300   -0.0000088300   -0.0000115500
  -0.0000022100    0.0000284700   -0.0000635000
   0.0003232800    0.0009235900    0.0062982700
  -0.0000127900    0.0000059900   -0.0000524300
  -0.0000157500   -0.0000141400   -0.0004904900
   0.0009731800    0.0002570800    0.0070577100
  -0.0001052800   -0.0000422600   -0.0003097400
  -0.0000246700   -0.0000187300    0.0000031100
   0.0000037200    0.0000175600    0.0000299500
   0.0000250200    0.0000140800   -0.0000675300
   0.0000082300    0.0000001600    0.0000187200
   0.0000617900   -0.0004937000   -0.0006500200
  -0.0000000700    0.0000206300    0.0000013600
  -0.0002207600   -0.0006668400   -0.0003392700
   0.0002500100    0.0326204200   -0.0431701800
   0.0001469200   -0.0000188900    0.0000642400
  -0.0001398100   -0.0000086400    0.0000231200
  -0.0000153300   -0.0000059000    0.0000154200
   0.0000281300    0.0000263600    0.0000241200
   0.0000029900    0.0000288200    0.0000001400
  -0.0005221000   -0.0002676500   -0.0006060200
   0.0000009500   -0.0000169600    0.0000065500
   0.0274861000    0.0159228900   -0.0431907000
  -0.0004727500   -0.0002163100   -0.0005536000
   0.0000222200    0.0000150000   -0.0000043900
   0.0000648000   -0.0001172800    0.0000104400
   0.0000138600    0.0000124300   -0.0000077100
  -0.0000023100    0.0000112600    0.0000045500
  -0.0000768000    0.0001273400    0.0000296500
   0.0005444700    0.0003170500   -0.0005371400
  -0.0000034100    0.0000191300    0.0000183000
  -0.0298462200   -0.0170698000   -0.0438345200
   0.0006824900    0.0004312800   -0.0002887600
  -0.0000249400   -0.0000156100   -0.0000024200
  -0.0000795900    0.0001291800    0.0000032000
  -0.0000168500   -0.0000047400   -0.0000092800
   0.0000009500   -0.0000263200    0.0000091200
   0.0000701800   -0.0001143200    0.0000122500
   0.0306707900   -0.0172082000   -0.0439603600
   0.0000327500    0.0000193400    0.0000054600
  -0.0004933600   -0.0000639000   -0.0007484500
  -0.0002816300    0.0003486600   -0.0007639900
   0.0000383900    0.0001818800    0.0000573400
   0.0000213800   -0.0000114100    0.0000000300
  -0.0000096800   -0.0000232800   -0.0000091800
   0.0000228900   -0.0000101600   -0.0000016000
  -0.0001165200   -0.0001007000    0.0000154100
  -0.0000066500   -0.0000073100   -0.0001096300
  -0.0000205600   -0.0000029800   -0.0000516400
   0.0001451400    0.0017410400   -0.0022585700
  -0.0016739600   -0.0010205700   -0.0017365500
  -0.0000008200    0.0000312100   -0.0000159400
   0.0014953600   -0.0007643200   -0.0024563900
  -0.0000175000   -0.0000182900   -0.0000921300
   0.0000336800   -0.0000195900   -0.0000211200
  -0.0000248400   -0.0000130500   -0.0000085000
  -0.0000048100    0.0000149300   -0.0000925900
   0.0000301000    0.0000106800   -0.0000367800
  -0.0001524400   -0.0018232700   -0.0022949800
   0.0018069800    0.0008041100   -0.0017117800
   0.0000002100   -0.0000274500   -0.0000138400
  -0.0016298700    0.0005252900   -0.0024355000
   0.0000182000   -0.0000107200   -0.0000909900
  -0.0000302400    0.0000184200   -0.0000172600
   0.0000212600    0.0000113400   -0.0000043700
  -0.0282704000    0.0158601600   -0.0429722400
  -0.0000249200   -0.0000151900   -0.0000050300
   0.0004641200    0.0001153900   -0.0008165700
   0.0001047700   -0.0002054900   -0.0009611500
  -0.0000178000   -0.0001612100    0.0000531900
  -0.0000210800    0.0000137700   -0.0000030300
   0.0000081800    0.0000088200   -0.0000140700
  -0.0000167900    0.0000148300    0.0000008600
   0.0001426800    0.0001114900    0.0000430600
  -0.0001041500    0.0002710500   -0.0009319700
   0.0000013000   -0.0000194400   -0.0000110700
   0.0002390400    0.0003280400   -0.0007239300
  -0.0004475200   -0.0334428400   -0.0437440100
  -0.0001305500    0.0000610900    0.0000334600
   0.0001306600    0.0000630600   -0.0000003500
   0.0000140500    0.0000135600   -0.0000172500
  -0.0000200100   -0.0000161500   -0.0000111700
  -0.0000020400   -0.0000264500   -0.0000019600

19   
  0.0100000000000000   0.0000000000000000   0.0000000000000000
   0.0109977600    0.0107095400    0.0002295200
   0.0041421900   -0.0100393500   -0.0002500900
   0.0002895000    0.0000530700    0.0000004600
  -0.0000126300   -0.0001015800    0.0000019800
   0.0018134000    0.0001849600    0.0000004800
  -0.0000232400    0.0001169600   -0.0000008900
   0.0019039000    0.0001047400   -0.0000142200
   0.0000111400   -0.0000450800   -0.0000092200
   0.0000458200    0.0000133700    0.0000065300
   0.0040913800    0.0099847100   -0.0002040000
   0.0000751500   -0.0000520800   -0.0000123300
   0.0005389200   -0.0008235600    0.0000270000
   0.0043863000   -0.0145695700    0.0000618700
   0.0006296500   -0.0009269900   -0.0000195300
   0.0000626600    0.0000520900   -0.0000132400
   0.0000416900   -0.0001884300   -0.0000037600
  -0.0000334700    0.0000327000    0.0000011400
  -0.0000153400    0.0000466600   -0.0000081700
  -0.2258521900    0.0015462400    0.0000341900
   0.0013115500   -0.0000568000    0.0000359500
   0.0012725500   -0.0002550100   -0.0000299100
   0.0000285100   -0.0007801900   -0.0000041400
  -0.0003105200    0.0005314300    0.0000077000
   0.0000729000   -0.0000072800    0.0000023100
   0.0000349900   -0.0009964000    0.0000171700
   0.0000729500   -0.0000073900   -0.0000011700
  -0.0003157400    0.0009043600   -0.0000357500
   0.0034379300   -0.0076487000    0.0002552900
   0.0003237200    0.0008969800   -0.0000171300
   0.0000399200    0.0000080200    0.0000051200
   0.0002162300    0.0007222600    0.0000475400
   0.0042186900    0.0113155700   -0.0001466100
  -0.0000318500   -0.0000444000    0.0000118500
  -0.0000416500    0.0000407600    0.0000174400
   0.0000325300   -0.0000372200   -0.0000063300
   0.0000005900    0.0000989800    0.0000080900
  -0.0034214000   -0.0001976000   -0.0002763300
  -0.0000659500    0.0000204500   -0.0000104100
  -0.0000661400   -0.0000265000    0.0000053400
   0.0006682300   -0.0025078300    0.0008561800
   0.0011208100    0.0027394500   -0.0009378700
  -0.0000667100   -0.0000069600    0.0000075300
  -0.0000205500    0.0000353300    0.0000012300
  -0.0000202200    0.0000060700   -0.0000197400
  -0.0000245100   -0.0000227700    0.0000180900
   0.0369936600   -0.0141945200    0.0284114500
   0.0000103100   -0.0000107600   -0.0000420600
   0.0004917200   -0.0007985700    0.0001741200
   0.0005860400    0.0004462700    0.0001562100
  -0.0001183700   -0.0000490500   -0.0001389700
  -0.0000598400    0.0000169600    0.0000115300
   0.0000203900   -0.0000239900   -0.0000642600
   0.0000009200   -0.0000258600    0.0000038800
   0.0000893700   -0.0000180200   -0.0000350000
   0.0379451000   -0.0148949100   -0.0286174800
  -0.0000061800   -0.0000061400    0.0000361700
   0.0003247300   -0.0009847300   -0.0001909400
   0.0006353000    0.0006384700   -0.0001001500
  -0.0001306100   -0.0001002400    0.0001316400
  -0.0000630700    0.0000131600   -0.0000117700
   0.0000220400   -0.0000102800    0.0000572300
  -0.0000067900   -0.0000267700   -0.0000026400
   0.0000684900   -0.0000221000    0.0000168100
   0.0411824800    0.0143059800    0.0273052100
   0.0007176700    0.0011585000    0.0001241000
   0.0000360300    0.0000231800   -0.0000177400
  -0.0001491100    0.0000568900   -0.0001169400
   0.0005338800   -0.0002955000   -0.0000979200
  -0.0000383300   -0.0000036000    0.0000171000
   0.0000408300    0.0000743900   -0.0000036700
  -0.0000042300    0.0000253300    0.0000204500
   0.0000196400    0.0000077600   -0.0000714500
   0.0000424600   -0.0007863400   -0.0000705100
  -0.0000324600    0.0000008700   -0.0000041200
   0.0000262200    0.0004697500   -0.0000837700
   0.0160108300   -0.0001509100   -0.0007392900
  -0.0000836700   -0.0001718700   -0.0000777500
  -0.0000464400    0.0002197300    0.0000825400
  -0.0000308900   -0.0000044800   -0.0000558600
   0.0000182700    0.0000205600    0.0000255700
  -0.0000188100    0.0000032600   -0.0000045600
   0.0000074700   -0.0007970300    0.0001658500
  -0.0000452700    0.0000004400    0.0000035400
   0.0000181700    0.0004826000    0.0000283600
   0.0157623200   -0.0001596800    0.0007776600
  -0.0001465500   -0.0001483900    0.0000864900
  -0.0001061100    0.0001950200   -0.0000889800
  -0.0000226600    0.0000105700    0.0000550500
   0.0000218500    0.0000031600   -0.0000147000
  -0.0000260600    0.0000021700    0.0000010400
   0.0401057400    0.0135258200   -0.0270971100
   0.0008949400    0.0009777800   -0.0001098000
   0.0000560600    0.0000295100    0.0000200100
  -0.0001425700    0.0000145400    0.0001293500
   0.0004860100   -0.0000759100    0.0000508100
  -0.0000333600   -0.0000057100   -0.0000130300
   0.0000581300    0.0000482700    0.0000271300
   0.0000025100    0.0000199500   -0.0000211700
   0.0000139700    0.0000134700    0.0000834000
  -0.0040949500   -0.0001118600    0.0001840900
  -0.0000978100    0.0000258900    0.0000399400
  -0.0000765900   -0.0000269300   -0.0000414700
   0.0001879400   -0.0025927100   -0.0005527800
   0.0007265000    0.0028416800    0.0006252700
  -0.0000501000   -0.0000063500   -0.0000070000
  -0.0000231800    0.0000220100    0.0000000000
  -0.0000347600   -0.0000050800    0.0000224700
  -0.0000286900   -0.0000086400   -0.0000207200

19   
 -0.0100000000000000   0.0000000000000000   0.0000000000000000
  -0.0116315800   -0.0110095800   -0.0002253900
  -0.0036276200    0.0097901400    0.0002575100
  -0.0002890300   -0.0000530700   -0.0000002800
   0.0000114500    0.0001036400   -0.0000022400
  -0.0018067100   -0.0001812600   -0.0000040500
   0.0000241700   -0.0001155900    0.0000006500
  -0.0019000400   -0.0000654300    0.0000173500
  -0.0000118600    0.0000437400    0.0000093100
  -0.0000455000   -0.0000140000   -0.0000063500
  -0.0039354200   -0.0100434300    0.0002085500
  -0.0000744300    0.0000522900    0.0000122600
  -0.0005416000    0.0008418400   -0.0000280900
  -0.0043798000    0.0146757800   -0.0000506700
  -0.0006384800    0.0008968300    0.0000226500
  -0.0000614600   -0.0000505300    0.0000133400
  -0.0000426700    0.0001897100    0.0000037600
   0.0000334300   -0.0000303900   -0.0000007400
   0.0000175800   -0.0000466600    0.0000082700
   0.2262834500   -0.0000275900    0.0000026300
  -0.0012771100    0.0000646500   -0.0000351700
  -0.0013162200    0.0002669900    0.0000308200
  -0.0000325300    0.0007995200    0.0000043900
   0.0003081000   -0.0005144000   -0.0000071400
  -0.0000733100    0.0000073200   -0.0000023400
  -0.0000260200    0.0009838600   -0.0000177000
  -0.0000732400    0.0000072100    0.0000012600
   0.0003028600   -0.0009152300    0.0000355200
  -0.0036072300    0.0075645300   -0.0002506100
  -0.0003287000   -0.0008792300    0.0000158600
  -0.0000407700   -0.0000079300   -0.0000051900
  -0.0002074500   -0.0007426300   -0.0000453700
  -0.0042519200   -0.0111903700    0.0001622400
   0.0000311800    0.0000454400   -0.0000116600
   0.0000397800   -0.0000414400   -0.0000174000
  -0.0000316200    0.0000380000    0.0000067100
  -0.0000002100   -0.0000985000   -0.0000081400
   0.0034192000    0.0002244600    0.0002647900
   0.0000666400   -0.0000211300    0.0000091500
   0.0000651400    0.0000261200   -0.0000070100
  -0.0006500200    0.0025341000   -0.0008907300
  -0.0011430700   -0.0027200100    0.0009158000
   0.0000664100    0.0000064500   -0.0000072500
   0.0000206900   -0.0000352900   -0.0000011300
   0.0000195900   -0.0000039200    0.0000171300
   0.0000241000    0.0000226900   -0.0000180600
  -0.0362592000    0.0137698900   -0.0274987100
  -0.0000097000    0.0000094500    0.0000416200
  -0.0005000100    0.0008008300   -0.0001655500
  -0.0005831600   -0.0004502200   -0.0001810600
   0.0001174000    0.0000505800    0.0001390100
   0.0000597800   -0.0000167200   -0.0000116700
  -0.0000199300    0.0000239400    0.0000641200
  -0.0000009800    0.0000258700   -0.0000040000
  -0.0000910500    0.0000166800    0.0000349400
  -0.0372087700    0.0144639200    0.0276900800
   0.0000067000    0.0000049700   -0.0000357100
  -0.0003330000    0.0009865100    0.0001820100
  -0.0006326900   -0.0006411700    0.0001256100
   0.0001291900    0.0001029700   -0.0001326000
   0.0000628500   -0.0000128900    0.0000119100
  -0.0000216300    0.0000103900   -0.0000569600
   0.0000067100    0.0000267800    0.0000027600
  -0.0000710300    0.0000206400   -0.0000174900
  -0.0420911800   -0.0148391300   -0.0282972300
  -0.0007058700   -0.0011554700   -0.0001328100
  -0.0000366900   -0.0000245100    0.0000183700
   0.0001503000   -0.0000554600    0.0001171300
  -0.0005334000    0.0002963700    0.0001221900
   0.0000384000    0.0000039100   -0.0000170400
  -0.0000391900   -0.0000768200    0.0000047200
   0.0000041500   -0.0000251100   -0.0000202900
  -0.0000199700   -0.0000074900    0.0000718800
  -0.0000443300    0.0007912900    0.0000696500
   0.0000324500   -0.0000009200    0.0000043000
  -0.0000220500   -0.0004689700    0.0000782800
  -0.0159733800    0.0004626600    0.0009356000
   0.0000857900    0.0001701900    0.0000775000
   0.0000457800   -0.0002222800   -0.0000830900
   0.0000307800    0.0000044200    0.0000560000
  -0.0000180600   -0.0000200800   -0.0000258200
   0.0000186700   -0.0000033500    0.0000046600
  -0.0000079700    0.0008017500   -0.0001639900
   0.0000452300   -0.0000004900   -0.0000037900
  -0.0000154400   -0.0004822900   -0.0000224700
  -0.0157265400    0.0004625600   -0.0009843800
   0.0001490900    0.0001454900   -0.0000872000
   0.0001050700   -0.0001985300    0.0000887300
   0.0000225700   -0.0000108400   -0.0000552800
  -0.0000217500   -0.0000029000    0.0000147900
   0.0000259700   -0.0000023300   -0.0000011400
  -0.0410001000   -0.0140450500    0.0280636900
  -0.0008823800   -0.0009735900    0.0001168200
  -0.0000568000   -0.0000310300   -0.0000207600
   0.0001433500   -0.0000139400   -0.0001298400
  -0.0004848000    0.0000758000   -0.0000748800
   0.0000332400    0.0000058900    0.0000129200
  -0.0000575500   -0.0000504800   -0.0000285100
  -0.0000025700   -0.0000197300    0.0000210200
  -0.0000144000   -0.0000133800   -0.0000838300
   0.0040931500    0.0001419700   -0.0001823700
   0.0000985800   -0.0000267600   -0.0000386800
   0.0000754100    0.0000261300    0.0000435000
  -0.0001699900    0.0026257200    0.0005759100
  -0.0007488600   -0.0028146600   -0.0006174000
   0.0000498200    0.0000058700    0.0000060700
   0.0000229800   -0.0000220200   -0.0000002600
   0.0000342100    0.0000090000   -0.0000187700
   0.0000286300    0.0000085400    0.0000205800

19   
 -0.0000013646000093   0.0000007880778984   0.0099999998758400
   0.0000252600    0.0001250300   -0.0040047900
   0.0000639100    0.0000813000   -0.0061081100
  -0.0000006300   -0.0000175700   -0.0000609300
  -0.0000175500   -0.0000178400   -0.0000080300
   0.0000070800   -0.0001227700    0.0000649300
   0.0000250000   -0.0000172000    0.0000119400
  -0.0000041900   -0.0000538400    0.0000744200
  -0.0000105000    0.0000225900   -0.0000081000
   0.0000139600    0.0000238600   -0.0000288400
  -0.0000384700   -0.0000960000   -0.0061081100
  -0.0000248000   -0.0000022000   -0.0000081100
   0.0001098400    0.0000552100    0.0000649300
  -0.0000956600   -0.0000843800   -0.0040047800
   0.0000445300    0.0000305600    0.0000744100
   0.0000066700    0.0000241200   -0.0000080400
   0.0000149400    0.0000093100   -0.0000609100
  -0.0000136800   -0.0000240000   -0.0000288400
   0.0000273700   -0.0000130500    0.0000119500
   0.0000060700   -0.0000035000   -0.2536680000
  -0.0000345200   -0.0000147300    0.0005419100
   0.0000378800   -0.0000015000    0.0005419900
   0.0000202000   -0.0000320400    0.0005419800
  -0.0000413100   -0.0000289800    0.0003432000
  -0.0000012100    0.0000007100   -0.0000663800
  -0.0000045100    0.0000373000    0.0005419200
   0.0000024200   -0.0000013900   -0.0000663600
   0.0000044400    0.0000502600    0.0003432000
   0.0000354700   -0.0001286800   -0.0072506900
  -0.0000828700    0.0000478100    0.0005704200
   0.0000292500   -0.0000018900    0.0000523100
  -0.0000250400    0.0000144900    0.0004205600
   0.0001292400    0.0000336300   -0.0072507200
  -0.0000121600    0.0000297600    0.0000017200
  -0.0000319400   -0.0000043400    0.0000017400
   0.0000162400   -0.0000244300    0.0000523000
  -0.0000070000    0.0000040700   -0.0000519800
  -0.0001488700    0.0015404700    0.0024900500
   0.0000595300   -0.0000343800   -0.0000150200
  -0.0000450200   -0.0000453700    0.0000205000
   0.0015853600   -0.0009155800    0.0018055600
  -0.0014086900   -0.0006409500    0.0024900400
   0.0000014600    0.0000340600    0.0000117500
  -0.0000287900   -0.0000182700    0.0000117500
   0.0000167900    0.0000616700    0.0000204900
   0.0000177000   -0.0000102200    0.0000015100
   0.0285885000   -0.0165103200    0.0443227300
   0.0000015200    0.0000183100   -0.0000076700
  -0.0005092400    0.0003299900    0.0005915000
  -0.0005403500    0.0002761700    0.0005914900
   0.0000722300    0.0001008100   -0.0000209700
   0.0000266300   -0.0000153900    0.0000049000
  -0.0000151000   -0.0000104600   -0.0000076500
   0.0000186900   -0.0000107900    0.0000117600
  -0.0000512100   -0.0001129300   -0.0000209600
  -0.0278365900    0.0160760600    0.0436257100
   0.0000059400   -0.0000053700   -0.0000020200
   0.0004367400   -0.0003834000    0.0004540200
   0.0005503300   -0.0001866700    0.0004540200
  -0.0000924600   -0.0001177500   -0.0000481500
  -0.0000232400    0.0000134100    0.0000015500
   0.0000076000   -0.0000024600   -0.0000020400
  -0.0000087500    0.0000050600    0.0000123700
   0.0000557800    0.0001389400   -0.0000481600
   0.0283729200    0.0159414700    0.0432868500
  -0.0004068800   -0.0000004800    0.0006727800
   0.0000158900   -0.0000039900    0.0000073500
   0.0000521600   -0.0001607500   -0.0000865200
  -0.0002132600   -0.0001650400    0.0008828300
   0.0000210700    0.0000096700   -0.0000020400
  -0.0001120900    0.0001143600   -0.0000482100
   0.0000139600    0.0000077000    0.0000032500
  -0.0000147600   -0.0000029500    0.0000134000
   0.0002536600   -0.0003570400    0.0007981900
   0.0000006600    0.0000280300    0.0000026900
  -0.0001324100   -0.0002696900    0.0010297000
  -0.0004100100    0.0333823200    0.0440115200
   0.0001303400   -0.0000468300   -0.0000325800
  -0.0001418300   -0.0000455700   -0.0000681800
  -0.0000244700    0.0000168000    0.0000060300
   0.0000163300   -0.0000167600    0.0000113700
  -0.0000040100    0.0000277100    0.0000036900
  -0.0002029400    0.0003526500    0.0006727900
   0.0000003000   -0.0000159500    0.0000032500
   0.0000363500    0.0002671900    0.0008828300
   0.0003726900   -0.0325424900    0.0432868500
  -0.0001550700    0.0000399400   -0.0000482200
   0.0001652900    0.0000351700   -0.0000865200
   0.0000114100   -0.0000117800    0.0000073700
  -0.0000048200    0.0000142500    0.0000133900
   0.0000021700   -0.0000230700   -0.0000020400
  -0.0291189900   -0.0163288500    0.0440115300
   0.0004360300   -0.0000412700    0.0007982100
  -0.0000267900    0.0000128000    0.0000060500
  -0.0000314100    0.0001456300   -0.0000681800
   0.0001674200    0.0002494800    0.0010297000
  -0.0000260100   -0.0000103600    0.0000036800
   0.0001057000   -0.0000894800   -0.0000325900
  -0.0000239500   -0.0000145800    0.0000026900
   0.0000226800   -0.0000057700    0.0000113600
   0.0001453100   -0.0018377800    0.0024170500
  -0.0000306100    0.0000176700    0.0000352600
  -0.0000038200    0.0000195500    0.0000873100
  -0.0018208400    0.0010515500    0.0017112000
   0.0016644100    0.0007926400    0.0024170600
  -0.0000011200   -0.0000324400    0.0000195300
   0.0000275300    0.0000172000    0.0000195300
  -0.0000188400   -0.0000064600    0.0000873100
  -0.0000196200    0.0000113300    0.0000083000

19   
  0.0000013646000093  -0.0000007880778984  -0.0099999998758400
  -0.0001108700   -0.0000389600    0.0040043400
   0.0001029000    0.0000005400    0.0061062700
   0.0000011500    0.0000186300    0.0000609600
   0.0000158800    0.0000167300    0.0000083100
  -0.0000014200    0.0001227700   -0.0000639200
  -0.0000235200    0.0000172700   -0.0000115400
   0.0000052200    0.0000539200   -0.0000720300
   0.0000117300   -0.0000220600    0.0000083900
  -0.0000142500   -0.0000232900    0.0000290800
   0.0000509700   -0.0000894100    0.0061062600
   0.0000249700    0.0000008500    0.0000083800
  -0.0001070700   -0.0000601500   -0.0000639200
  -0.0000216600    0.0001155000    0.0040043400
  -0.0000441000   -0.0000314500   -0.0000720400
  -0.0000065600   -0.0000221000    0.0000083000
  -0.0000155400   -0.0000103300    0.0000609700
   0.0000130500    0.0000240000    0.0000290800
  -0.0000267300    0.0000117500   -0.0000115400
  -0.0000883200    0.0000510100    0.2537188700
   0.0000265800    0.0000105600   -0.0005419700
  -0.0000328900   -0.0000022100   -0.0005419300
  -0.0000145300    0.0000296100   -0.0005419400
   0.0000297300    0.0000293200   -0.0003434100
   0.0000012300   -0.0000007100    0.0000664800
   0.0000041400   -0.0000282700   -0.0005419700
  -0.0000022000    0.0000012800    0.0000665000
  -0.0000105400   -0.0000404000   -0.0003434100
  -0.0000680600   -0.0000912400    0.0072481900
   0.0000809000   -0.0000467300   -0.0005705000
  -0.0000283000    0.0000007600   -0.0000521200
   0.0000170400   -0.0000098000   -0.0004180400
   0.0000450500    0.0001045600    0.0072481600
   0.0000115000   -0.0000278100   -0.0000015200
   0.0000297900    0.0000039200   -0.0000015100
  -0.0000148800    0.0000241100   -0.0000521200
   0.0000075500   -0.0000043600    0.0000519600
   0.0001451200   -0.0015548100   -0.0024929700
  -0.0000582400    0.0000336400    0.0000141700
   0.0000436000    0.0000446500   -0.0000215400
  -0.0016067000    0.0009279000   -0.0018127300
   0.0014192200    0.0006513900   -0.0024929700
  -0.0000016700   -0.0000343800   -0.0000114600
   0.0000289400    0.0000186500   -0.0000114500
  -0.0000168800   -0.0000600800   -0.0000215600
  -0.0000181200    0.0000104700   -0.0000015100
  -0.0276837200    0.0159877700   -0.0433581100
  -0.0000031300   -0.0000176200    0.0000070300
   0.0005205400   -0.0003343400   -0.0005794000
   0.0005497300   -0.0002837600   -0.0005794100
  -0.0000700400   -0.0001033700    0.0000208400
  -0.0000267200    0.0000154300   -0.0000052100
   0.0000137000    0.0000115000    0.0000070400
  -0.0000184100    0.0000106400   -0.0000118600
   0.0000545400    0.0001123400    0.0000208400
   0.0287455800   -0.0166010300   -0.0446008500
  -0.0000075000    0.0000061800    0.0000026700
  -0.0004257000    0.0003791700   -0.0004658100
  -0.0005412100    0.0001792000   -0.0004658100
   0.0000943600    0.0001151500    0.0000480100
   0.0000232100   -0.0000134200   -0.0000012700
  -0.0000091100    0.0000034000    0.0000026600
   0.0000089400   -0.0000051600   -0.0000122900
  -0.0000525700   -0.0001392700    0.0000480000
  -0.0292946600   -0.0165030700   -0.0441827600
   0.0003862600   -0.0000031200   -0.0006858600
  -0.0000144300    0.0000047600   -0.0000068400
  -0.0000528700    0.0001578700    0.0000858900
   0.0002054300    0.0001551700   -0.0008886900
  -0.0000213000   -0.0000096600    0.0000023200
   0.0001090200   -0.0001135300    0.0000484000
  -0.0000143100   -0.0000077200   -0.0000027700
   0.0000163500    0.0000036500   -0.0000129600
  -0.0002596100    0.0003755500   -0.0007840300
  -0.0000007300   -0.0000275900   -0.0000031900
   0.0001362300    0.0002810400   -0.0010227200
   0.0004327900   -0.0323162400   -0.0431296900
  -0.0001321800    0.0000494500    0.0000321500
   0.0001436800    0.0000480000    0.0000684500
   0.0000248800   -0.0000184500   -0.0000064700
  -0.0000163500    0.0000150900   -0.0000116900
   0.0000039000   -0.0000275200   -0.0000039300
   0.0001957500   -0.0003330100   -0.0006858500
  -0.0000004700    0.0000162600   -0.0000027500
  -0.0000317400   -0.0002554900   -0.0008886900
  -0.0003468900    0.0336215500   -0.0441827400
   0.0001528300   -0.0000376800    0.0000483800
  -0.0001631700   -0.0000331000    0.0000858900
  -0.0000113400    0.0000101200   -0.0000068200
   0.0000050100   -0.0000160000   -0.0000129600
  -0.0000022700    0.0000232700    0.0000023200
   0.0282070000    0.0157763300   -0.0431296800
  -0.0004550400    0.0000371600   -0.0007840100
   0.0000284100   -0.0000123300   -0.0000064600
   0.0000302500   -0.0001484300    0.0000684500
  -0.0001753200   -0.0002584500   -0.0010227100
   0.0000257800    0.0000103900   -0.0000039400
  -0.0001089000    0.0000897800    0.0000321400
   0.0000235300    0.0000144200   -0.0000031800
  -0.0000212400    0.0000066100   -0.0000116900
  -0.0001504100    0.0018314500   -0.0024200800
   0.0000328000   -0.0000189400   -0.0000338100
   0.0000018700   -0.0000206600   -0.0000866200
   0.0018056500   -0.0010427900   -0.0017107500
  -0.0016614900   -0.0007850400   -0.0024200700
   0.0000009200    0.0000321800   -0.0000197800
  -0.0000274100   -0.0000168600   -0.0000197900
   0.0000188400    0.0000087000   -0.0000866200
   0.0000192800   -0.0000111400   -0.0000082900

28   
  0.0100000000000000   0.0000000000000000   0.0000000000000000
   0.0039607700   -0.0124523900   -0.0003184100
   0.0002800900   -0.0009763900    0.0000178200
   0.0000399100    0.0000620800    0.0000123200
   0.0000289000   -0.0001030900   -0.0000038500
  -0.0000615100    0.0000036400   -0.0000072900
   0.0000440700    0.0000065300   -0.0000255300
   0.0041181000    0.0082173400   -0.0010575400
  -0.0000316700   -0.0000633800    0.0000248400
   0.0002203100   -0.0008291100    0.0001090100
   0.0057677000   -0.0098691600   -0.0003485300
   0.0001865600    0.0000089800    0.0000133600
   0.0092385600    0.0100830900    0.0007204400
   0.0014958200    0.0000327000    0.0000167200
  -0.0000045400    0.0000437100   -0.0000003200
  -0.0000023900   -0.0000325500    0.0000117500
  -0.0000130700    0.0000211400   -0.0000045600
  -0.0000032100   -0.0000466600   -0.0000032000
   0.0019252600    0.0001059800   -0.0000051600
   0.0035138700    0.0108921300    0.0000535000
   0.0000394800   -0.0000316300    0.0000290600
   0.0003296800    0.0008784200   -0.0000817000
  -0.0000410100   -0.0000492100   -0.0000306800
   0.0000006000    0.0000989200   -0.0000072500
   0.0000307400    0.0000034100    0.0000157500
   0.0002101300    0.0007396300   -0.0000208200
  -0.0000317300    0.0000465900   -0.0000116400
   0.0041435200   -0.0072356000    0.0000411200
  -0.2334789000    0.0008460100   -0.0018345600
   0.0008166400    0.0002461700    0.0000793000
   0.0007809000   -0.0003550900   -0.0000922100
  -0.0000888400   -0.0002607400   -0.0000346600
  -0.0001756600    0.0001662800    0.0000489900
   0.0000219800   -0.0000000300    0.0000019400
  -0.0000820400   -0.0008786000   -0.0000168500
   0.0000220100   -0.0000002000   -0.0000024600
  -0.0001806800    0.0008054800    0.0000120300
   0.0371849900   -0.0150169600   -0.0299072400
   0.0000787900   -0.0000187200    0.0000130800
   0.0002959100   -0.0009430600   -0.0004153300
   0.0004902700    0.0005690000   -0.0001499500
  -0.0000789300    0.0000204200    0.0000841900
  -0.0000191900    0.0000009300   -0.0000132600
   0.0000354300   -0.0000535500    0.0000575100
   0.0000074900   -0.0000128500    0.0000022400
  -0.0000051800   -0.0000506500    0.0000212800
   0.0010298500    0.0026368400    0.0008499700
  -0.0000477700    0.0000015800   -0.0000058800
   0.0008366200   -0.0027350700   -0.0007619100
  -0.0000267000   -0.0000048500    0.0000013700
  -0.0000168700   -0.0000102000   -0.0000111200
  -0.0000256900    0.0000159100    0.0000057600
  -0.0000522000    0.0000154200    0.0000406700
  -0.0000447400   -0.0000066800   -0.0000499200
  -0.0036247200    0.0000096900    0.0000359700
   0.0009839900    0.0029224900   -0.0008744300
  -0.0000482600   -0.0000082000   -0.0000003200
   0.0007600500   -0.0027879600    0.0011002700
  -0.0000307500    0.0000143200   -0.0000169600
  -0.0000178800   -0.0000183600    0.0000210400
  -0.0000188100    0.0000218800   -0.0000097700
  -0.0000524300    0.0000098400   -0.0000406200
  -0.0000381200    0.0000055700    0.0000164700
  -0.0039659800    0.0000438900   -0.0001184500
   0.0150858600    0.0002382100    0.0004109700
  -0.0000360000   -0.0001196500    0.0000563000
  -0.0000128100    0.0001361600   -0.0000569300
  -0.0000136200   -0.0000246900    0.0000435100
   0.0000034000    0.0000461000   -0.0000329800
  -0.0000073000    0.0000015400   -0.0000000400
  -0.0000356700   -0.0008445500    0.0002058300
  -0.0000253100   -0.0000007300    0.0000024700
  -0.0000811900    0.0005290400    0.0000718500
   0.0004818900    0.0009267000    0.0000706700
   0.0001046000    0.0000364300    0.0000479500
   0.0419528800    0.0157278700   -0.0300274700
   0.0004542900   -0.0002574400   -0.0000164400
  -0.0000156900   -0.0000050000   -0.0000142000
  -0.0000793600   -0.0000104200    0.0001547200
   0.0000047500    0.0000189200   -0.0000083200
   0.0000223100    0.0000475100    0.0000797600
   0.0000242200    0.0000010900    0.0000804800
   0.0006351000    0.0010808600    0.0002153500
   0.0001109300    0.0000332900   -0.0000240200
   0.0435984400    0.0159904100    0.0307587900
   0.0004645300   -0.0003447600    0.0000122300
  -0.0000174600   -0.0000059300    0.0000097700
  -0.0001247800   -0.0000154000   -0.0001324300
   0.0000019800    0.0000180100    0.0000143500
   0.0000297200    0.0000500900   -0.0000816000
   0.0000321000    0.0000284700   -0.0000495700
   0.0153876100   -0.0003575900   -0.0004658900
   0.0000056500   -0.0001251400   -0.0000715900
  -0.0000279700    0.0001374400    0.0000500600
  -0.0000250200   -0.0000653400   -0.0000391100
  -0.0000072100    0.0000541100    0.0000333300
  -0.0000081700    0.0000054000   -0.0000031200
  -0.0000595300   -0.0006045700    0.0001874000
  -0.0000262500   -0.0000011200   -0.0000013700
  -0.0001024500    0.0006293100   -0.0000138300
   0.0446757200   -0.0169950700    0.0319508800
   0.0001016400   -0.0000467000   -0.0000673600
   0.0005413500   -0.0008939800   -0.0002478600
   0.0003910700    0.0002791400    0.0000518400
  -0.0000836600    0.0000195900   -0.0001661600
  -0.0000224200    0.0000084700    0.0000097500
   0.0000212400   -0.0000503800   -0.0000891800
   0.0000044100   -0.0000131000    0.0000115100
   0.0000666500   -0.0000076400   -0.0000957000

28   
 -0.0100000000000000   0.0000000000000000   0.0000000000000000
  -0.0039511300    0.0125423400    0.0003224000
  -0.0002872000    0.0009537100   -0.0000157400
  -0.0000384000   -0.0000599200   -0.0000119900
  -0.0000297000    0.0001035700    0.0000044700
   0.0000621500   -0.0000012900    0.0000074400
  -0.0000418400   -0.0000061900    0.0000259000
  -0.0039387100   -0.0082867600    0.0010648300
   0.0000320100    0.0000634800   -0.0000244900
  -0.0002175200    0.0008444600   -0.0001090900
  -0.0052413200    0.0096136900    0.0003759800
  -0.0001864600   -0.0000096000   -0.0000130900
  -0.0098450200   -0.0103487600   -0.0007244200
  -0.0014930300   -0.0000284900   -0.0000151400
   0.0000060000   -0.0000434900    0.0000005100
   0.0000004300    0.0000327900   -0.0000115000
   0.0000125900   -0.0000222400    0.0000046800
   0.0000033100    0.0000459300    0.0000032700
  -0.0019246400   -0.0000714800    0.0000064500
  -0.0035290300   -0.0107897000   -0.0000493200
  -0.0000411100    0.0000339600   -0.0000285600
  -0.0003226400   -0.0008979100    0.0000821000
   0.0000404000    0.0000511200    0.0000310200
  -0.0000003200   -0.0000986600    0.0000073300
  -0.0000335300   -0.0000032300   -0.0000153900
  -0.0002135000   -0.0007256000    0.0000212400
   0.0000314200   -0.0000463400    0.0000120300
  -0.0043289200    0.0071539600   -0.0000453300
   0.2337189100    0.0010588700    0.0017109600
  -0.0007833900   -0.0002380100   -0.0000766400
  -0.0008191700    0.0003649300    0.0000978500
   0.0000857500    0.0002791200    0.0000353300
   0.0001735300   -0.0001515900   -0.0000481800
  -0.0000223300   -0.0000001400   -0.0000017100
   0.0000926100    0.0008655300    0.0000183400
  -0.0000222700   -0.0000003000    0.0000025000
   0.0001685500   -0.0008174800   -0.0000122400
  -0.0364564300    0.0145667000    0.0289199900
  -0.0000779900    0.0000176300   -0.0000129900
  -0.0003040000    0.0009477100    0.0004063200
  -0.0004869700   -0.0005712400    0.0001698300
   0.0000779000   -0.0000190200   -0.0000838200
   0.0000193100   -0.0000010700    0.0000134600
  -0.0000352000    0.0000533700   -0.0000574200
  -0.0000077200    0.0000129600   -0.0000020600
   0.0000039000    0.0000499500   -0.0000216700
  -0.0010489400   -0.0026125300   -0.0008279100
   0.0000473800   -0.0000023800    0.0000053900
  -0.0008179100    0.0027595100    0.0007873100
   0.0000263300    0.0000074300    0.0000009700
   0.0000163300    0.0000102500    0.0000109000
   0.0000258100   -0.0000157900   -0.0000059700
   0.0000524100   -0.0000159100   -0.0000392700
   0.0000438900    0.0000063200    0.0000515900
   0.0036270600    0.0000161800   -0.0000262500
  -0.0010106000   -0.0028984200    0.0008481400
   0.0000478400    0.0000072000    0.0000007300
  -0.0007429500    0.0028205600   -0.0011328400
   0.0000304200   -0.0000125300    0.0000151900
   0.0000171000    0.0000184000   -0.0000209600
   0.0000190700   -0.0000216400    0.0000099400
   0.0000523800   -0.0000102300    0.0000393100
   0.0000373600   -0.0000062100   -0.0000177800
   0.0039627900   -0.0000146500    0.0001043800
  -0.0150576900    0.0000790800   -0.0006245000
   0.0000380100    0.0001179100   -0.0000576800
   0.0000102300   -0.0001384600    0.0000561300
   0.0000134000    0.0000241500   -0.0000434300
  -0.0000034900   -0.0000458600    0.0000328500
   0.0000070900   -0.0000016700    0.0000002000
   0.0000317800    0.0008456700   -0.0002016800
   0.0000250200    0.0000006300   -0.0000025400
   0.0000843700   -0.0005308000   -0.0000658000
  -0.0004676900   -0.0009209700   -0.0000618800
  -0.0001059600   -0.0000375200   -0.0000497100
  -0.0428878200   -0.0163133600    0.0311424600
  -0.0004546200    0.0002582100   -0.0000079500
   0.0000154800    0.0000051500    0.0000141600
   0.0000787800    0.0000120800   -0.0001557500
  -0.0000050700   -0.0000186400    0.0000081500
  -0.0000229100   -0.0000475600   -0.0000801300
  -0.0000234200   -0.0000029200   -0.0000812700
  -0.0006248400   -0.0010732600   -0.0002261200
  -0.0001124500   -0.0000347900    0.0000243400
  -0.0445743700   -0.0165892700   -0.0318943100
  -0.0004665400    0.0003435700    0.0000094700
   0.0000173500    0.0000061200   -0.0000097600
   0.0001256500    0.0000170900    0.0001336600
  -0.0000021100   -0.0000176900   -0.0000141200
  -0.0000305600   -0.0000501800    0.0000821300
  -0.0000311600   -0.0000300500    0.0000499800
  -0.0153800100    0.0006408800    0.0006475600
  -0.0000033900    0.0001234700    0.0000721400
   0.0000255200   -0.0001388000   -0.0000490500
   0.0000248000    0.0000657400    0.0000392200
   0.0000069600   -0.0000541500   -0.0000334000
   0.0000079400   -0.0000055100    0.0000029700
   0.0000595000    0.0006025000   -0.0001910400
   0.0000260200    0.0000010400    0.0000014800
   0.0001050900   -0.0006315600    0.0000067900
  -0.0436472000    0.0163798800   -0.0308088800
  -0.0001007900    0.0000454100    0.0000657800
  -0.0005575100    0.0008989600    0.0002586500
  -0.0003905600   -0.0002813700   -0.0000825300
   0.0000834600   -0.0000178000    0.0001648900
   0.0000219900   -0.0000081400   -0.0000098500
  -0.0000209300    0.0000504500    0.0000884200
  -0.0000046500    0.0000133400   -0.0000117500
  -0.0000678100    0.0000061900    0.0000954100

28   
 -0.0000013646000093   0.0000007880778984   0.0099999998758400
  -0.0010508000    0.0004293100   -0.0062977500
   0.0000600900    0.0001100100    0.0004931900
  -0.0000063900   -0.0000125100    0.0000526100
  -0.0000112700    0.0000014000   -0.0000295300
  -0.0000021300    0.0000062700   -0.0000186000
   0.0000292000    0.0000121700    0.0000680900
  -0.0005917300   -0.0010685300   -0.0070349700
  -0.0000064400   -0.0000200900   -0.0000026900
  -0.0000156800   -0.0000222300    0.0003117200
   0.0006297800    0.0010465700   -0.0070349800
  -0.0000068300    0.0000090600   -0.0000295600
  -0.0008970100    0.0006955800   -0.0062977800
   0.0000114100    0.0000246900    0.0003117200
   0.0000040400   -0.0000313600    0.0000680900
   0.0000076400    0.0000117800    0.0000526200
   0.0000141800    0.0000156100   -0.0000026900
  -0.0000065100   -0.0000012900   -0.0000186000
  -0.0000652800   -0.0001070200    0.0004931800
   0.0003349100    0.0004068100   -0.0072486800
   0.0000046600    0.0000115000    0.0000522200
  -0.0000178800    0.0000103300    0.0005716900
   0.0000176700   -0.0000028900    0.0000015900
   0.0000083900   -0.0000048500   -0.0000519000
  -0.0000076400   -0.0000097900    0.0000522300
   0.0000461000   -0.0000266200    0.0004184300
   0.0000113300   -0.0000138600    0.0000015900
  -0.0001849700   -0.0004934000   -0.0072486800
  -0.0017422800    0.0010060300   -0.2552527700
  -0.0000986000   -0.0000180700    0.0007181400
   0.0000804300    0.0000623200    0.0007191300
  -0.0000137300   -0.0001007600    0.0007191200
   0.0000069000   -0.0000491200    0.0006557100
  -0.0000025400    0.0000014300   -0.0000695900
  -0.0000335400    0.0000944700    0.0007181300
   0.0000017100   -0.0000009800   -0.0000695700
   0.0000460500    0.0000186000    0.0006557500
  -0.0277899200    0.0160490900    0.0429208900
  -0.0000116300   -0.0000130200   -0.0000255500
   0.0006727900   -0.0002009100    0.0005819300
   0.0005102600   -0.0004822900    0.0005819100
  -0.0001393700   -0.0001802800   -0.0000990400
  -0.0000257300    0.0000148600   -0.0000089300
   0.0000054700    0.0000166000   -0.0000255400
  -0.0000184400    0.0000106500    0.0000027800
   0.0000864700    0.0002108000   -0.0000990400
   0.0019801600    0.0010565400    0.0022510100
  -0.0000007600   -0.0000369200    0.0000046200
  -0.0019699600    0.0011376800    0.0021041900
  -0.0000074700   -0.0000619600    0.0000076800
  -0.0000258800    0.0000149600    0.0000010900
   0.0000315800    0.0000191100    0.0000046200
  -0.0000488300    0.0000281900   -0.0000068700
   0.0000499300    0.0000374300    0.0000076800
   0.0000745400   -0.0022431300    0.0022510200
  -0.0018541200   -0.0013079700    0.0022658200
   0.0000013300    0.0000336800    0.0000020100
   0.0019818800   -0.0011445800    0.0021434500
   0.0000030800    0.0000805100   -0.0000082200
   0.0000210100   -0.0000121200    0.0000008500
  -0.0000285200   -0.0000179900    0.0000020100
   0.0000649800   -0.0000375300    0.0000044200
  -0.0000682000   -0.0000429100   -0.0000082200
   0.0002062500    0.0022596700    0.0022658200
  -0.0001002700   -0.0345998800    0.0442092700
  -0.0002340700    0.0000105600   -0.0000878900
   0.0002202500    0.0000080100   -0.0000949800
   0.0000263400   -0.0000104100   -0.0000111300
  -0.0000216100    0.0000088100   -0.0000176500
  -0.0000000300   -0.0000238600   -0.0000099000
  -0.0002330700    0.0005909000    0.0006983100
  -0.0000054100   -0.0000255500    0.0000070500
   0.0002693600    0.0004937100    0.0008940100
   0.0004128700   -0.0000214400    0.0009197100
  -0.0000090100    0.0000100400   -0.0000053500
  -0.0295128200   -0.0169072800    0.0451680900
   0.0002152600    0.0004327900    0.0010129600
  -0.0000230500   -0.0000074100   -0.0000087800
  -0.0001016700    0.0002163400   -0.0001222200
  -0.0000236500   -0.0000095800    0.0000001500
   0.0000219700   -0.0000054300   -0.0000100900
   0.0001226800   -0.0001706000   -0.0001130200
  -0.0006282700   -0.0000934600    0.0006983000
   0.0000221600   -0.0000176200   -0.0000111300
   0.0299185600    0.0173793600    0.0442092700
  -0.0002930100   -0.0004800600    0.0008940200
   0.0000206700    0.0000119600   -0.0000099100
   0.0001031300   -0.0001947700   -0.0000949700
   0.0000194200    0.0000174700    0.0000070500
  -0.0000184500    0.0000143200   -0.0000176500
  -0.0001261100    0.0001974400   -0.0000879100
  -0.0001058200    0.0340125100    0.0451681000
   0.0002090600   -0.0000209900   -0.0001130400
  -0.0002381900   -0.0000200500   -0.0001222200
  -0.0000131900    0.0000027800   -0.0000053500
   0.0000157000   -0.0000163300   -0.0000100800
  -0.0000051200    0.0000236800   -0.0000087900
   0.0002249100   -0.0003468800    0.0009197000
  -0.0000035100    0.0000252800    0.0000001600
  -0.0002672800   -0.0004027500    0.0010129600
   0.0306366200   -0.0176931400    0.0460211100
  -0.0000042200    0.0000236200   -0.0000093400
  -0.0004640700    0.0000418400    0.0008762500
  -0.0002681900    0.0003810500    0.0008762500
   0.0000834400    0.0001792600   -0.0000828100
   0.0000211600   -0.0000122100   -0.0000107600
  -0.0000225600   -0.0000081400   -0.0000093400
   0.0000185400   -0.0000107000    0.0000154200
  -0.0001135800   -0.0001618800   -0.0000828100

28   
  0.0000013646000093  -0.0000007880778984  -0.0099999998758400
   0.0009087800   -0.0003184000    0.0062993700
  -0.0000604000   -0.0001111200   -0.0004913700
   0.0000070000    0.0000144100   -0.0000525100
   0.0000104500   -0.0000020100    0.0000299500
   0.0000012400   -0.0000053200    0.0000186900
  -0.0000274600   -0.0000123400   -0.0000671500
   0.0006377000    0.0008690400    0.0070558600
   0.0000067400    0.0000190900    0.0000028300
   0.0000172900    0.0000207300   -0.0003094100
  -0.0004340000   -0.0009866700    0.0070558500
   0.0000069600   -0.0000080400    0.0000299400
   0.0007299700   -0.0006280100    0.0062993600
  -0.0000093200   -0.0000253400   -0.0003094000
  -0.0000030400    0.0000299500   -0.0000671500
  -0.0000089800   -0.0000132700   -0.0000525200
  -0.0000131700   -0.0000153900    0.0000028300
   0.0000052100    0.0000016000    0.0000186900
   0.0000660400    0.0001078600   -0.0004913700
  -0.0001689600   -0.0002397600    0.0072500100
  -0.0000056400   -0.0000094900   -0.0000521100
   0.0000150400   -0.0000087000   -0.0005695300
  -0.0000171800    0.0000041500   -0.0000015400
  -0.0000078900    0.0000045600    0.0000522100
   0.0000054000    0.0000096300   -0.0000521100
  -0.0000468500    0.0000270700   -0.0004200900
  -0.0000121900    0.0000128300   -0.0000015500
   0.0001232300    0.0002661700    0.0072500000
   0.0017349000   -0.0010017600    0.2554211000
   0.0000915800    0.0000106600   -0.0007173000
  -0.0000755300   -0.0000685800   -0.0007163800
   0.0000215800    0.0000996600   -0.0007163700
  -0.0000175400    0.0000490100   -0.0006557900
   0.0000024200   -0.0000014000    0.0000698100
   0.0000364600   -0.0000846800   -0.0007173100
  -0.0000019400    0.0000011400    0.0000698200
  -0.0000512200   -0.0000093100   -0.0006557800
   0.0287460200   -0.0166012700   -0.0439290900
   0.0000104500    0.0000140000    0.0000261700
  -0.0006601900    0.0001984800   -0.0005932400
  -0.0005018700    0.0004726200   -0.0005932500
   0.0001403700    0.0001781900    0.0000990700
   0.0000255100   -0.0000147300    0.0000093400
  -0.0000069100   -0.0000160500    0.0000261800
   0.0000185600   -0.0000107300   -0.0000025100
  -0.0000841900   -0.0002106300    0.0000990700
  -0.0019660700   -0.0010457100   -0.0022570400
   0.0000005700    0.0000365700   -0.0000045300
   0.0019491900   -0.0011256900   -0.0021020900
   0.0000072700    0.0000634500   -0.0000068700
   0.0000253000   -0.0000146100   -0.0000010600
  -0.0000313900   -0.0000187700   -0.0000045300
   0.0000500500   -0.0000289100    0.0000077500
  -0.0000513100   -0.0000380100   -0.0000068600
  -0.0000768800    0.0022255400   -0.0022570400
   0.0018654300    0.0013140900   -0.0022657700
  -0.0000017100   -0.0000341100   -0.0000017200
  -0.0019959300    0.0011526700   -0.0021424400
  -0.0000033700   -0.0000790000    0.0000075700
  -0.0000218300    0.0000126100   -0.0000008800
   0.0000286800    0.0000185300   -0.0000017200
  -0.0000642300    0.0000370900   -0.0000047400
   0.0000667300    0.0000424000    0.0000075700
  -0.0002058800   -0.0022725000   -0.0022657800
   0.0001269700    0.0357450900   -0.0451132800
   0.0002326800   -0.0000082600    0.0000879000
  -0.0002184300   -0.0000057000    0.0000947900
  -0.0000262200    0.0000090400    0.0000117900
   0.0000216900   -0.0000100600    0.0000182400
  -0.0000001800    0.0000240000    0.0000101800
   0.0002285200   -0.0005750300   -0.0007113000
   0.0000052400    0.0000259900   -0.0000066100
  -0.0002661100   -0.0004867000   -0.0009000600
  -0.0004208900    0.0000218700   -0.0009115300
   0.0000098700   -0.0000090400    0.0000051100
   0.0285451400    0.0163387500   -0.0442793600
  -0.0002221300   -0.0004399500   -0.0010042700
   0.0000229500    0.0000075600    0.0000086700
   0.0001007000   -0.0002180100    0.0001217600
   0.0000232700    0.0000095600   -0.0000002800
  -0.0000207600    0.0000062600    0.0000096600
  -0.0001254200    0.0001707600    0.0001124300
   0.0006122800    0.0000894600   -0.0007113000
  -0.0000209400    0.0000181900    0.0000117900
  -0.0308971300   -0.0179748400   -0.0451132900
   0.0002885600    0.0004737300   -0.0009000600
  -0.0000208700   -0.0000118400    0.0000101900
  -0.0001042500    0.0001920300    0.0000947900
  -0.0000198900   -0.0000175300   -0.0000066200
   0.0000195600   -0.0000137700    0.0000182400
   0.0001234400   -0.0001974100    0.0000878900
   0.0001146400   -0.0328902200   -0.0442793700
  -0.0002105800    0.0000232800    0.0001124200
   0.0002391600    0.0000217400    0.0001217500
   0.0000127700   -0.0000040300    0.0000051000
  -0.0000158000    0.0000148500    0.0000096600
   0.0000049200   -0.0000236600    0.0000086700
  -0.0002293000    0.0003536300   -0.0009115400
   0.0000033600   -0.0000249200   -0.0000002800
   0.0002700400    0.0004122800   -0.0010042800
  -0.0296769600    0.0171389000   -0.0451973000
   0.0000029400   -0.0000224900    0.0000086800
   0.0004710300   -0.0000430600   -0.0008692300
   0.0002727100   -0.0003864700   -0.0008692200
  -0.0000824000   -0.0001809400    0.0000821900
  -0.0000213700    0.0000123400    0.0000106900
   0.0000209400    0.0000087000    0.0000086800
  -0.0000183900    0.0000106100   -0.0000154400
   0.0001155400    0.0001618000    0.0000821900

37   
  0.0100000000000000   0.0000000000000000   0.0000000000000000
   0.0001990400    0.0006469900   -0.0000637400
   0.0002146200   -0.0007546900    0.0002272100
  -0.0000444600   -0.0000041700   -0.0000000700
   0.0000230500   -0.0000062600    0.0000154100
  -0.0000300600   -0.0000016200   -0.0000030900
  -0.0000374700    0.0000092500   -0.0000283000
   0.0120405500    0.0002953800   -0.0002927800
  -0.0001237400    0.0000017900    0.0001416500
  -0.0000916300   -0.0000606500   -0.0001467400
   0.0362062600    0.0139987700    0.0281218200
   0.0000093000    0.0000206500    0.0000034000
   0.0003915300   -0.0003288200   -0.0004641000
   0.0000659900   -0.0000863000   -0.0000917900
   0.0000315400   -0.0000234400    0.0000092300
  -0.0000000400    0.0000225700    0.0000175800
  -0.0000983700    0.0001472500    0.0000618700
  -0.0000368300   -0.0000116900    0.0000231700
   0.0006599400    0.0010865500   -0.0004690200
  -0.0034247400    0.0001202300   -0.0001553800
  -0.0000661400   -0.0000215400   -0.0000450200
  -0.0000665400    0.0000206600    0.0000580100
  -0.0000205800    0.0000199400   -0.0000289900
  -0.0000245100   -0.0000225400    0.0000177000
  -0.0000203000   -0.0000004400    0.0000170000
   0.0006768100   -0.0025387200    0.0016023000
  -0.0000665300    0.0000090900    0.0000013400
   0.0011103300    0.0024013900   -0.0014108600
   0.0364492600   -0.0145695600   -0.0277603300
   0.0003166600    0.0004679200    0.0006706400
   0.0000771000   -0.0000277500   -0.0000109600
   0.0000346600   -0.0000427800    0.0000057100
  -0.0000058300    0.0000627300    0.0000854000
   0.0000077400   -0.0000130200   -0.0000186700
   0.0004938800   -0.0008410400    0.0005116900
  -0.0000192700    0.0000008200   -0.0000255500
  -0.0000777300   -0.0000927600   -0.0001390300
  -0.1005863600   -0.0012210100    0.0004111000
   0.0000132100   -0.0000332300   -0.0000112100
   0.0000135000    0.0000343200   -0.0000199200
   0.0000220000   -0.0000260400   -0.0000893200
   0.0000065700    0.0000379200    0.0000616800
   0.0000104300    0.0000030800   -0.0000003600
   0.0000220100    0.0000408600   -0.0000642500
   0.0000103600    0.0000028000   -0.0000007200
   0.0000066100   -0.0000968800    0.0001011200
  -0.0008476500    0.0021147300    0.0016785700
   0.0000129600   -0.0000122600    0.0000090100
   0.0000518500   -0.0000554300   -0.0000141100
   0.0000000800   -0.0000188200    0.0000076600
  -0.0000023600    0.0000069500    0.0000014200
  -0.0000028200    0.0000182200    0.0000008100
   0.0000452500   -0.0000528800    0.0000318800
   0.0000087900    0.0000220800   -0.0000047100
  -0.0010316800    0.0001627200    0.0004241900
   0.0012346300    0.0041972800    0.0006154800
   0.0000529100    0.0000174600    0.0000054700
  -0.0001510300    0.0000220100    0.0000155100
   0.0000024100   -0.0000081700   -0.0000020600
   0.0000271300    0.0000404100    0.0000122400
  -0.0000065900   -0.0000073700   -0.0000059300
  -0.0000975300    0.0000070500   -0.0000619400
   0.0000495500    0.0000214900    0.0000002900
   0.0012983100    0.0046557300   -0.0005550200
   0.0013504900   -0.0037203000   -0.0006977400
  -0.0001747100   -0.0001014700   -0.0000269400
   0.0000406300   -0.0000124600   -0.0000045200
   0.0000147300   -0.0000193800   -0.0000143400
   0.0000008700    0.0000047900    0.0000055800
   0.0000088800    0.0000136200    0.0000025900
   0.0011241600   -0.0036813800    0.0008415000
   0.0000395000   -0.0000181200   -0.0000007800
  -0.0002135500   -0.0000980000    0.0000361300
   0.0012434200   -0.0011694000    0.0014043800
  -0.0000008700   -0.0000022500   -0.0000018700
   0.0014597200    0.0016767000   -0.0015166300
  -0.0000422200   -0.0000619800    0.0000463600
  -0.0000017000    0.0000181900    0.0000010100
   0.0000033800   -0.0000087000   -0.0000092300
  -0.0000097200    0.0000147900    0.0000134700
  -0.0000027200   -0.0000131200   -0.0000126800
  -0.0000058900   -0.0000402100   -0.0000187800
   0.0068777600    0.0003105800    0.0011418400
   0.0000491100   -0.0000003100    0.0000029600
   0.0080054600    0.0000073900   -0.0014720200
  -0.0000372000    0.0000441900   -0.0000602800
   0.0000362100    0.0000250100    0.0000089300
   0.0000296700   -0.0000235300   -0.0000093800
   0.0000357700   -0.0000197100   -0.0000144900
   0.0000313000    0.0000106100    0.0000155600
  -0.0000562200   -0.0000092700   -0.0000179200
  -0.0012640200   -0.0028617000   -0.0018918200
   0.0001138700    0.0001469600    0.0000208500
  -0.0000055100    0.0000174100   -0.0000082800
  -0.0000032900    0.0000000000   -0.0000006300
  -0.0000035800    0.0000065500   -0.0000142200
   0.0000062000   -0.0000165200   -0.0000020200
  -0.0008920000   -0.0003863000   -0.0002666300
  -0.0000008500   -0.0000119100   -0.0000001600
   0.0000930600    0.0001221300   -0.0001224200
  -0.0025798300    0.0001081800   -0.0003472500
   0.0000465600   -0.0001373700   -0.0000372300
   0.0000443300    0.0001375600    0.0000512900
  -0.0000696100   -0.0002305800    0.0000455400
  -0.0000543400    0.0002369700   -0.0000454800
   0.0000154100    0.0000004400    0.0000001400
  -0.0000928200    0.0000871800   -0.0000178600
   0.0000104600    0.0000003000    0.0000022700
  -0.0000863700   -0.0001027600    0.0000075900

37   
 -0.0100000000000000   0.0000000000000000   0.0000000000000000
  -0.0002101000   -0.0006548400    0.0000660400
  -0.0002031900    0.0007479700   -0.0002237600
   0.0000444300    0.0000038800   -0.0000002400
  -0.0000226300    0.0000053900   -0.0000150800
   0.0000301400    0.0000017700    0.0000029300
   0.0000372200   -0.0000103700    0.0000289200
  -0.0120263200   -0.0001464300    0.0002191500
   0.0001217900   -0.0000030200   -0.0001398100
   0.0000931300    0.0000598900    0.0001488200
  -0.0354867000   -0.0136109700   -0.0271902900
  -0.0000079500   -0.0000190300   -0.0000032800
  -0.0004287900    0.0003403700    0.0004699900
  -0.0000634800    0.0000872400    0.0000909800
  -0.0000302100    0.0000225600   -0.0000092800
   0.0000001200   -0.0000230000   -0.0000178300
   0.0000980300   -0.0001465200   -0.0000610700
   0.0000366500    0.0000114800   -0.0000233200
  -0.0006721400   -0.0010983100    0.0004823800
   0.0034168200   -0.0000859400    0.0001395500
   0.0000656100    0.0000210100    0.0000433200
   0.0000665700   -0.0000208200   -0.0000593900
   0.0000206400   -0.0000196300    0.0000285300
   0.0000241700    0.0000226900   -0.0000179200
   0.0000203200   -0.0000006500   -0.0000166500
  -0.0006414400    0.0025035900   -0.0015903600
   0.0000663600   -0.0000085700   -0.0000017700
  -0.0011537000   -0.0024306800    0.0014174900
  -0.0371926800    0.0150131100    0.0287620400
  -0.0002831500   -0.0004542700   -0.0006625800
  -0.0000792000    0.0000297500    0.0000114000
  -0.0000356900    0.0000431600   -0.0000063100
   0.0000030700   -0.0000620500   -0.0000851500
  -0.0000077600    0.0000130200    0.0000183100
  -0.0004835900    0.0008316600   -0.0005008900
   0.0000188700   -0.0000010300    0.0000253900
   0.0000789400    0.0000931300    0.0001405800
   0.1006360200    0.0001173200   -0.0023446000
  -0.0000131900    0.0000320700    0.0000133600
  -0.0000128800   -0.0000355300    0.0000220700
  -0.0000223800    0.0000287800    0.0000903000
  -0.0000061400   -0.0000348800   -0.0000609000
  -0.0000103800   -0.0000028100    0.0000004700
  -0.0000224300   -0.0000394100    0.0000636600
  -0.0000104100   -0.0000030900    0.0000006000
  -0.0000061300    0.0000988200   -0.0001023200
   0.0008283500   -0.0020694900   -0.0016581900
  -0.0000132400    0.0000118800   -0.0000089300
  -0.0000481800    0.0000558500    0.0000172200
   0.0000001000    0.0000183500   -0.0000079000
   0.0000023200   -0.0000068500   -0.0000014300
   0.0000026500   -0.0000174900   -0.0000007600
  -0.0000439000    0.0000512800   -0.0000276200
  -0.0000082400   -0.0000225300    0.0000045800
   0.0010408800   -0.0001632200   -0.0004325500
  -0.0012433800   -0.0041556100   -0.0006132900
  -0.0000523100   -0.0000173000   -0.0000050500
   0.0001544600   -0.0000213700   -0.0000146000
  -0.0000025300    0.0000080500    0.0000022100
  -0.0000271800   -0.0000400700   -0.0000121700
   0.0000066700    0.0000075800    0.0000059300
   0.0000967200   -0.0000067500    0.0000603900
  -0.0000498600   -0.0000220600   -0.0000005100
  -0.0012775900   -0.0046779200    0.0005411500
  -0.0013428500    0.0037503400    0.0007015400
   0.0001705000    0.0001006500    0.0000286200
  -0.0000410100    0.0000125700    0.0000048200
  -0.0000145200    0.0000195000    0.0000145800
  -0.0000006800   -0.0000048100   -0.0000055700
  -0.0000089500   -0.0000135800   -0.0000024800
  -0.0011378900    0.0036627600   -0.0008460700
  -0.0000391600    0.0000175900    0.0000006800
   0.0002152000    0.0000995300   -0.0000370500
  -0.0012461600    0.0011841000   -0.0014005300
   0.0000010000    0.0000025100    0.0000017300
  -0.0014574600   -0.0016660000    0.0015217600
   0.0000428900    0.0000594400   -0.0000411200
   0.0000017000   -0.0000178800   -0.0000012200
  -0.0000034600    0.0000089600    0.0000090300
   0.0000095200   -0.0000144900   -0.0000135800
   0.0000028600    0.0000135000    0.0000124700
   0.0000062300    0.0000409100    0.0000191500
  -0.0067043100   -0.0003089900   -0.0011109200
  -0.0000489800   -0.0000004500   -0.0000028700
  -0.0082005600   -0.0000125300    0.0015039100
   0.0000374900   -0.0000420800    0.0000617600
  -0.0000358700   -0.0000245000   -0.0000083800
  -0.0000299400    0.0000239100    0.0000098600
  -0.0000356500    0.0000197000    0.0000150600
  -0.0000312000   -0.0000106600   -0.0000150900
   0.0000562700    0.0000124700    0.0000166600
   0.0012897400    0.0029168400    0.0019097500
  -0.0001167600   -0.0001457200   -0.0000169000
   0.0000058600   -0.0000179000    0.0000082700
   0.0000033200   -0.0000001200    0.0000005200
   0.0000035100   -0.0000068700    0.0000138300
  -0.0000061400    0.0000170000    0.0000019800
   0.0008752700    0.0003859500    0.0002499500
   0.0000004900    0.0000117200   -0.0000001600
  -0.0000949500   -0.0001253800    0.0001281800
   0.0025770200   -0.0001059700    0.0002771400
  -0.0000479200    0.0001362200    0.0000360100
  -0.0000428800   -0.0001386000   -0.0000527000
   0.0000702600    0.0002316000   -0.0000456500
   0.0000531500   -0.0002355000    0.0000444400
  -0.0000153600   -0.0000002800   -0.0000001700
   0.0000915100   -0.0000869900    0.0000174500
  -0.0000104500   -0.0000004400   -0.0000022200
   0.0000873800    0.0001028100   -0.0000084600

37   
 -0.0000013646000093   0.0000007880778984   0.0099999998758400
   0.0002162000   -0.0002616400    0.0006504300
  -0.0003966100   -0.0004522100    0.0003382200
  -0.0000035200   -0.0000031700   -0.0000012800
   0.0000174500    0.0000420800   -0.0000142900
  -0.0000037100   -0.0000235000    0.0000002300
  -0.0000494900    0.0000353900   -0.0000226600
  -0.0008518800   -0.0322864200    0.0431369700
  -0.0000679100    0.0000222200   -0.0000234300
   0.0000522600    0.0000305500   -0.0000643000
   0.0275391100    0.0168741300    0.0431369600
  -0.0000277300   -0.0000361400   -0.0000142900
   0.0003346700   -0.0000565000    0.0006504400
  -0.0000003500   -0.0000605300   -0.0000643000
  -0.0000554000    0.0000251800   -0.0000226600
   0.0000009900    0.0000046300   -0.0000012800
  -0.0000531900    0.0000477200   -0.0000234200
   0.0000184700    0.0000149700    0.0000002300
   0.0001934500    0.0005695400    0.0003382200
  -0.0002677700    0.0008933500    0.0024943200
   0.0000067100    0.0000249800    0.0000231800
  -0.0000100000    0.0000057600   -0.0000130400
   0.0000012300   -0.0000079200    0.0000115600
   0.0000180300   -0.0000104200    0.0000013600
  -0.0000182900   -0.0000182800    0.0000231700
   0.0008555900   -0.0004941200    0.0018108800
   0.0000074700    0.0000028900    0.0000115700
  -0.0009075900   -0.0002145600    0.0024943200
  -0.0299557900    0.0172999400    0.0439227200
  -0.0003972400   -0.0000564800    0.0005917500
   0.0000132600   -0.0000586800   -0.0000251700
   0.0000574800    0.0000178900   -0.0000251800
   0.0000234000   -0.0000854800   -0.0000995600
   0.0000019000   -0.0000011100    0.0000026100
  -0.0001496000    0.0003723000    0.0005917500
  -0.0000132100    0.0000076500   -0.0000089800
   0.0000857300    0.0000224300   -0.0000995300
   0.0014130000   -0.0008159400   -0.1362523200
  -0.0000227500    0.0000915100   -0.0001901300
  -0.0000110000    0.0000665800   -0.0001904900
  -0.0000631900   -0.0000237600   -0.0001905000
   0.0001003800   -0.0000144200   -0.0001343800
  -0.0000007100    0.0000004200    0.0000072800
  -0.0000906500   -0.0000260300   -0.0001901200
  -0.0000004400    0.0000002400    0.0000072200
   0.0000626600   -0.0000797400   -0.0001343800
  -0.0003742400    0.0018177400    0.0002788500
   0.0000045300    0.0000109100    0.0000142600
  -0.0000239700    0.0000138500   -0.0002549700
  -0.0000028600    0.0000085000    0.0000147200
   0.0000000400   -0.0000000200    0.0000151000
  -0.0000072000   -0.0000093800    0.0000142600
  -0.0000128600    0.0000074200   -0.0002853600
  -0.0000088000   -0.0000017600    0.0000147300
  -0.0017614700   -0.0005843200    0.0002788500
  -0.0004195500   -0.0008632700   -0.0030335700
  -0.0000019000    0.0000069300   -0.0000229300
  -0.0001020900    0.0000589500    0.0000321400
  -0.0000025500   -0.0000034100   -0.0000224800
   0.0000102400   -0.0000059100    0.0000049500
  -0.0000069700   -0.0000018200   -0.0000229300
   0.0000261400   -0.0000151100    0.0000717000
   0.0000016700    0.0000039000   -0.0000224800
   0.0005380400    0.0007948500   -0.0030335700
   0.0006794200   -0.0007200400   -0.0032324400
   0.0001235000    0.0000159300    0.0000187200
  -0.0000079500    0.0000054200   -0.0000128100
  -0.0000172400   -0.0000068500    0.0000079100
   0.0000063100   -0.0000011300   -0.0000201900
   0.0000068000   -0.0000048000   -0.0000214300
   0.0001200100    0.0009636600   -0.0033780600
   0.0000061300    0.0000041300   -0.0000310100
  -0.0000069600   -0.0000283100    0.0000603700
   0.0018294100   -0.0016586900    0.0004307800
   0.0000003600   -0.0000033800    0.0000124600
  -0.0020120800   -0.0020118700    0.0003458800
  -0.0000173000   -0.0000433300   -0.0003304200
   0.0000146600   -0.0000057300    0.0000111400
  -0.0000109600   -0.0000071700    0.0000190600
  -0.0000017400   -0.0000033100    0.0000018000
  -0.0000077900   -0.0000046100    0.0000129500
   0.0000138100   -0.0000867800   -0.0002074100
  -0.0007746900   -0.0005855600   -0.0033780700
  -0.0000026900    0.0000183600    0.0000079100
   0.0009632300   -0.0002286000   -0.0032324300
   0.0000210500    0.0000201700    0.0000603800
   0.0000075600   -0.0000034900   -0.0000214300
  -0.0000086700    0.0000041800   -0.0000128100
  -0.0000005200   -0.0000073600   -0.0000310100
   0.0000041300   -0.0000049200   -0.0000202000
   0.0000479300   -0.0001149400    0.0000187100
   0.0007369700    0.0027482600    0.0003458800
   0.0000820800    0.0000314100   -0.0002074200
   0.0000007300    0.0000130700    0.0000190500
   0.0000031100    0.0000013700    0.0000124500
   0.0000001000    0.0000090400    0.0000129500
   0.0000122900   -0.0000098400    0.0000111400
   0.0023509800   -0.0007555600    0.0004307800
   0.0000020000    0.0000031700    0.0000018000
   0.0000288700    0.0000366500   -0.0003304200
   0.0003509500   -0.0002026800    0.0159887700
  -0.0000083600    0.0000601400    0.0000048000
  -0.0000053000    0.0000413000    0.0000045500
  -0.0000384200   -0.0000160600    0.0000045500
   0.0000589600   -0.0000228400    0.0000699200
  -0.0000006900    0.0000004100    0.0000004100
  -0.0000562700   -0.0000228100    0.0000048000
  -0.0000005900    0.0000003300   -0.0000032700
   0.0000492600   -0.0000396500    0.0000699300

37   
  0.0000013646000093  -0.0000007880778984  -0.0099999998758400
  -0.0002212000    0.0002904400   -0.0006393600
   0.0004037600    0.0004838100   -0.0003227100
   0.0000034200    0.0000023400    0.0000017500
  -0.0000175700   -0.0000417600    0.0000165600
   0.0000036300    0.0000234700    0.0000001200
   0.0000491800   -0.0000355500    0.0000260200
   0.0008569400    0.0311669800   -0.0421720600
   0.0000681000   -0.0000193900    0.0000230600
  -0.0000516100   -0.0000268400    0.0000646900
  -0.0265669600   -0.0163190400   -0.0421720700
   0.0000273900    0.0000360900    0.0000165500
  -0.0003621200    0.0000464300   -0.0006393600
  -0.0000025500    0.0000581100    0.0000647000
   0.0000553700   -0.0000248300    0.0000260200
  -0.0000003200   -0.0000041300    0.0000017500
   0.0000508300   -0.0000493000    0.0000230600
  -0.0000185300   -0.0000148600    0.0000001200
  -0.0002172700   -0.0005915100   -0.0003227100
   0.0002724800   -0.0009340700   -0.0024878800
  -0.0000059600   -0.0000248800   -0.0000183100
   0.0000098100   -0.0000056700    0.0000167500
  -0.0000013600    0.0000076700   -0.0000107600
  -0.0000178900    0.0000103400   -0.0000007200
   0.0000185800    0.0000176000   -0.0000183100
  -0.0008901600    0.0005140900   -0.0018063100
  -0.0000073300   -0.0000026500   -0.0000107600
   0.0009452400    0.0002308300   -0.0024878800
   0.0288838900   -0.0166809100   -0.0429255400
   0.0004241900    0.0000486200   -0.0005825100
  -0.0000126000    0.0000584700    0.0000269200
  -0.0000569900   -0.0000183000    0.0000269100
  -0.0000193900    0.0000838500    0.0000983600
  -0.0000023400    0.0000013500   -0.0000020900
   0.0001699100   -0.0003916900   -0.0005825000
   0.0000132800   -0.0000076400    0.0000092900
  -0.0000823200   -0.0000251300    0.0000983700
  -0.0013694600    0.0007907900    0.1331715900
   0.0000192600   -0.0000916200    0.0001867500
   0.0000138100   -0.0000668700    0.0001863700
   0.0000648400    0.0000214800    0.0001863700
  -0.0001030200    0.0000096200    0.0001304500
   0.0000006400   -0.0000003800   -0.0000077000
   0.0000890100    0.0000291300    0.0001867600
   0.0000004600   -0.0000002700   -0.0000077800
  -0.0000598400    0.0000844300    0.0001304500
   0.0003815600   -0.0018292500   -0.0002802100
  -0.0000043300   -0.0000105800   -0.0000146200
   0.0000242300   -0.0000140000    0.0002522100
   0.0000029500   -0.0000083500   -0.0000147500
  -0.0000000300    0.0000000200   -0.0000154400
   0.0000070100    0.0000090400   -0.0000146200
   0.0000180200   -0.0000104200    0.0002874600
   0.0000087200    0.0000016200   -0.0000147400
   0.0017751000    0.0005837400   -0.0002802100
   0.0004006700    0.0008196500    0.0029937600
   0.0000015000   -0.0000065900    0.0000217000
   0.0001046000   -0.0000604100   -0.0000344000
   0.0000027500    0.0000030800    0.0000221900
  -0.0000099400    0.0000057400   -0.0000060800
   0.0000064500    0.0000020000    0.0000217100
  -0.0000269000    0.0000155400   -0.0000769100
  -0.0000012900   -0.0000039100    0.0000221900
  -0.0005096800   -0.0007566800    0.0029937500
  -0.0006657000    0.0006815800    0.0032006700
  -0.0001265300   -0.0000186900   -0.0000210000
   0.0000082900   -0.0000051800    0.0000119100
   0.0000170400    0.0000066900   -0.0000087900
  -0.0000063600    0.0000006100    0.0000203300
  -0.0000065300    0.0000049900    0.0000202900
  -0.0001340000   -0.0009455000    0.0033396400
  -0.0000066800   -0.0000041200    0.0000309400
   0.0000074000    0.0000280600   -0.0000650800
  -0.0018308100    0.0016677000   -0.0004291000
  -0.0000003800    0.0000031000   -0.0000126500
   0.0020168100    0.0020250900   -0.0003428600
   0.0000171600    0.0000488900    0.0003302100
  -0.0000143900    0.0000058800   -0.0000118100
   0.0000105700    0.0000074000   -0.0000193900
   0.0000018200    0.0000033500   -0.0000019500
   0.0000078300    0.0000047200   -0.0000130500
  -0.0000121200    0.0000862000    0.0002028800
   0.0007519900    0.0005885900    0.0033396200
   0.0000027200   -0.0000181300   -0.0000087900
  -0.0009230500    0.0002359300    0.0032006700
  -0.0000206100   -0.0000204400   -0.0000650800
  -0.0000075800    0.0000031700    0.0000203000
   0.0000086300   -0.0000045900    0.0000119200
   0.0000002200    0.0000078500    0.0000309400
  -0.0000037000    0.0000052000    0.0000203300
  -0.0000470500    0.0001189300   -0.0000210100
  -0.0007460600   -0.0027589600   -0.0003428600
  -0.0000807200   -0.0000325900    0.0002028800
  -0.0000011300   -0.0000128500   -0.0000194000
  -0.0000028800   -0.0000012200   -0.0000126600
  -0.0000001700   -0.0000091300   -0.0000130400
  -0.0000122900    0.0000095300   -0.0000118000
  -0.0023594900    0.0007522800   -0.0004291000
  -0.0000019900   -0.0000032500   -0.0000019500
  -0.0000337600   -0.0000392900    0.0003302000
  -0.0003450400    0.0001992600   -0.0156732600
   0.0000083400   -0.0000597900   -0.0000047900
   0.0000049800   -0.0000412500   -0.0000042200
   0.0000382100    0.0000163000   -0.0000042100
  -0.0000592000    0.0000231800   -0.0000694200
   0.0000006700   -0.0000003800   -0.0000006500
   0.0000559600    0.0000226700   -0.0000047900
   0.0000006300   -0.0000003700    0.0000029800
  -0.0000496700    0.0000397000   -0.0000694300

46   
  0.0100000000000000   0.0000000000000000   0.0000000000000000
   0.0005726600   -0.0004061700    0.0005126100
   0.0372526000    0.0144594600   -0.0284089700
   0.0000131300    0.0000284500   -0.0000001300
   0.0000001000    0.0000274600   -0.0000138800
   0.0000967100   -0.0000600600    0.0000756400
   0.0000114200    0.0000062900    0.0000030600
   0.0005924900    0.0007608300    0.0004634400
  -0.0001318300    0.0001121600   -0.0000663600
  -0.0000525900   -0.0000182600   -0.0000220000
   0.0126762900   -0.0001836600    0.0000876100
  -0.0000492900    0.0000694400   -0.0001339300
  -0.0000854800   -0.0000903500    0.0001472600
   0.0002440100    0.0006077400    0.0000269500
   0.0002262100   -0.0006560400    0.0000511500
  -0.0000482700   -0.0000060600    0.0000040000
  -0.0000102400   -0.0000066800   -0.0000151100
  -0.0000330300    0.0000018700    0.0000020200
  -0.0000341200    0.0000152300    0.0000105800
   0.0362554400   -0.0137727200    0.0276744000
   0.0005133200    0.0004022700   -0.0005174300
   0.0000086500   -0.0000287400    0.0000025800
   0.0000193000   -0.0000041600   -0.0000138900
   0.0000887100    0.0000714700   -0.0000527500
   0.0000010700   -0.0000260700    0.0000187700
   0.0005903800   -0.0007521300   -0.0005508200
  -0.0000596300    0.0000168000    0.0000266100
  -0.0001176600   -0.0001371100    0.0000706900
   0.0010215300    0.0026708900    0.0019654100
   0.0008433300   -0.0027672100   -0.0019683300
  -0.0000475600    0.0000032800   -0.0000005400
  -0.0000523800    0.0000156700   -0.0000484900
  -0.0036264200   -0.0000501400    0.0000817800
  -0.0000449200   -0.0000163300    0.0000511900
  -0.0000269800    0.0000033400   -0.0000079100
  -0.0000257700    0.0000145900    0.0000314900
  -0.0000167500   -0.0000101100   -0.0000253800
  -0.0008336600    0.0002766200   -0.0003722300
   0.0000506500   -0.0000563500   -0.0000259100
   0.0000131700    0.0000268400    0.0000045500
   0.0000462600   -0.0000518800   -0.0000170600
  -0.0010467100    0.0020021800   -0.0017803500
   0.0000082800   -0.0000139100   -0.0000087200
  -0.0000001200    0.0000177100   -0.0000029100
  -0.0000027300   -0.0000213800   -0.0000069200
  -0.0000024400    0.0000068700    0.0000000500
  -0.1002157500   -0.0001712700    0.0012213300
  -0.0000131800   -0.0000415700   -0.0000049100
  -0.0000125500    0.0000454700    0.0000143400
   0.0000256200   -0.0000171700    0.0000994500
   0.0000179000    0.0000289900   -0.0000934700
   0.0000151900   -0.0000000100    0.0000000100
   0.0000255500    0.0000691700    0.0000891500
   0.0000152000   -0.0000003800    0.0000002300
   0.0000178800   -0.0000648900   -0.0000785400
  -0.0023617900   -0.0000303500   -0.0000119600
   0.0000476600   -0.0001532900    0.0000344000
   0.0000610600    0.0001643700   -0.0000489400
  -0.0000774600   -0.0002534700   -0.0000346000
  -0.0000958500    0.0002222600    0.0000192600
   0.0000186700    0.0000017600   -0.0000026700
  -0.0000879800    0.0000607800    0.0000016600
   0.0000242400    0.0000016300    0.0000013900
  -0.0000801300   -0.0000686100    0.0000069600
   0.0012221200    0.0013398400    0.0012809900
   0.0012210000   -0.0011215800   -0.0014402000
   0.0000030900   -0.0000042900   -0.0000009300
   0.0000084800   -0.0000281200    0.0000090900
  -0.0000156900   -0.0000324800    0.0000091400
   0.0000055200    0.0000245800   -0.0000070800
   0.0000034900   -0.0000287300    0.0000177600
   0.0000046900    0.0000134000   -0.0000168100
   0.0000048700   -0.0000062900    0.0000141900
   0.0010006800   -0.0039443800   -0.0005666600
   0.0000276500   -0.0000213800   -0.0000059800
  -0.0002203100   -0.0000651300   -0.0001073700
   0.0008121300   -0.0032203700    0.0006432000
  -0.0001388500   -0.0000394000    0.0000452100
   0.0000400000   -0.0000148000    0.0000035200
   0.0000241800   -0.0000181500    0.0000190500
  -0.0000069100    0.0000050300   -0.0000156700
   0.0000160400    0.0000058700    0.0000020700
  -0.0010179200   -0.0002742200    0.0002410900
   0.0000111600   -0.0000231800   -0.0000053700
   0.0000778600    0.0000464700    0.0000523500
  -0.0011510100   -0.0022600300    0.0014639400
   0.0001057800    0.0000669000   -0.0000187600
   0.0000101500    0.0000165200    0.0000089500
  -0.0000011700   -0.0000031600   -0.0000048600
  -0.0000059900    0.0000139700    0.0000081400
   0.0000012200   -0.0000251400   -0.0000009800
   0.0069815600   -0.0002873000    0.0012484600
   0.0072415000    0.0002672400   -0.0012183200
   0.0000541700    0.0000017300   -0.0000021000
   0.0000283600   -0.0000155400    0.0000026100
  -0.0000772300    0.0000034900   -0.0000002500
   0.0000363000    0.0000118600   -0.0000034000
  -0.0000778200   -0.0000166700    0.0000049700
   0.0000289900   -0.0000128200    0.0000115700
   0.0000220800    0.0000169700   -0.0000142800
   0.0009727800    0.0039883800    0.0006245800
  -0.0001877900    0.0000931600    0.0000931700
   0.0000296900    0.0000225600    0.0000045200
  -0.0001417300    0.0000365100   -0.0000478200
   0.0008448800    0.0031967000   -0.0007833400
   0.0000449400    0.0000141400   -0.0000074400
   0.0000085800   -0.0000091300   -0.0000007700
  -0.0000026600   -0.0000023700    0.0000158300
   0.0000296500    0.0000140300   -0.0000209000

46   
 -0.0100000000000000   0.0000000000000000   0.0000000000000000
  -0.0006090600    0.0004183000   -0.0005179300
  -0.0365146800   -0.0140477800    0.0274712500
  -0.0000108800   -0.0000264500    0.0000002500
   0.0000001000   -0.0000278400    0.0000141500
  -0.0000939100    0.0000616000   -0.0000745400
  -0.0000101700   -0.0000062800   -0.0000024100
  -0.0006048400   -0.0007689000   -0.0004742700
   0.0001315000   -0.0001113300    0.0000656700
   0.0000528700    0.0000185600    0.0000221600
  -0.0126688900    0.0003428800   -0.0000194200
   0.0000489800   -0.0000702600    0.0001324200
   0.0000865000    0.0000891300   -0.0001486600
  -0.0002529400   -0.0006150900   -0.0000279100
  -0.0002178700    0.0006485500   -0.0000499300
   0.0000481900    0.0000055600   -0.0000035600
   0.0000105600    0.0000053600    0.0000148800
   0.0000331000   -0.0000014600   -0.0000017900
   0.0000333600   -0.0000167100   -0.0000107000
  -0.0369976700    0.0141903900   -0.0286087900
  -0.0004783200   -0.0003918000    0.0005126500
  -0.0000109500    0.0000310200   -0.0000023000
  -0.0000208100    0.0000043000    0.0000145200
  -0.0000919400   -0.0000691600    0.0000529100
  -0.0000011600    0.0000257600   -0.0000183800
  -0.0005791000    0.0007446500    0.0005392800
   0.0000596200   -0.0000168000   -0.0000264500
   0.0001180400    0.0001376600   -0.0000714500
  -0.0010571400   -0.0027070400   -0.0019803100
  -0.0008110600    0.0027278800    0.0019501800
   0.0000474800   -0.0000032200    0.0000008300
   0.0000527400   -0.0000154400    0.0000500900
   0.0036263800    0.0000844500   -0.0000686100
   0.0000442700    0.0000163100   -0.0000497100
   0.0000269800   -0.0000041900    0.0000068500
   0.0000257700   -0.0000143900   -0.0000311900
   0.0000165100    0.0000102000    0.0000256100
   0.0008421900   -0.0002782800    0.0003835300
  -0.0000493000    0.0000549400    0.0000221500
  -0.0000129200   -0.0000271500   -0.0000044500
  -0.0000428500    0.0000522500    0.0000137100
   0.0010261000   -0.0019531300    0.0017573000
  -0.0000087300    0.0000134100    0.0000087500
  -0.0000000400   -0.0000170100    0.0000028700
   0.0000027800    0.0000210100    0.0000071100
   0.0000022800   -0.0000069500   -0.0000001200
   0.1002138100   -0.0009253300    0.0006951800
   0.0000125100    0.0000401800    0.0000016100
   0.0000131400   -0.0000469600   -0.0000177200
  -0.0000258600    0.0000199700   -0.0001012300
  -0.0000176300   -0.0000259800    0.0000916600
  -0.0000152400    0.0000003700   -0.0000002400
  -0.0000259400   -0.0000678300   -0.0000884800
  -0.0000151900    0.0000000100   -0.0000002700
  -0.0000176700    0.0000662800    0.0000792500
   0.0023608600    0.0000263800    0.0000551700
  -0.0000487300    0.0001519600   -0.0000338500
  -0.0000601800   -0.0001656200    0.0000496700
   0.0000783300    0.0002539700    0.0000342700
   0.0000940800   -0.0002221200   -0.0000194400
  -0.0000186900   -0.0000014000    0.0000026400
   0.0000862000   -0.0000605000   -0.0000012000
  -0.0000243300   -0.0000019400   -0.0000014600
   0.0000817000    0.0000686600   -0.0000063000
  -0.0012199700   -0.0013279000   -0.0012857400
  -0.0012238100    0.0011367800    0.0014350600
  -0.0000030900    0.0000044800    0.0000008500
  -0.0000084900    0.0000284500   -0.0000088800
   0.0000162800    0.0000290900   -0.0000138800
  -0.0000055800   -0.0000241900    0.0000072100
  -0.0000034900    0.0000285200   -0.0000187200
  -0.0000048100   -0.0000131100    0.0000169600
  -0.0000047500    0.0000064900   -0.0000140900
  -0.0010178600    0.0039248400    0.0005755000
  -0.0000273900    0.0000209700    0.0000060300
   0.0002216600    0.0000664500    0.0001086900
  -0.0008061600    0.0032506800   -0.0006507500
   0.0001344400    0.0000392800   -0.0000471800
  -0.0000406900    0.0000149300   -0.0000039900
  -0.0000239700    0.0000183700   -0.0000193900
   0.0000069300   -0.0000050300    0.0000156300
  -0.0000162500   -0.0000058000   -0.0000019400
   0.0010063100    0.0002728800   -0.0002258100
  -0.0000114300    0.0000229300    0.0000055700
  -0.0000787400   -0.0000479300   -0.0000566700
   0.0011783800    0.0023143600   -0.0014783700
  -0.0001079100   -0.0000661500    0.0000149900
  -0.0000097600   -0.0000171600   -0.0000089600
   0.0000012700    0.0000030500    0.0000048900
   0.0000059800   -0.0000142800   -0.0000079000
  -0.0000012000    0.0000257500    0.0000010200
  -0.0071568900    0.0002861900   -0.0012761600
  -0.0070626400   -0.0002664100    0.0011925600
  -0.0000541700   -0.0000024300    0.0000018900
  -0.0000285300    0.0000159300   -0.0000030800
   0.0000769300   -0.0000013100   -0.0000016300
  -0.0000361200   -0.0000114600    0.0000030000
   0.0000779500    0.0000195400   -0.0000037000
  -0.0000290600    0.0000127800   -0.0000121900
  -0.0000220900   -0.0000171000    0.0000137000
  -0.0009560300   -0.0040080300   -0.0006163300
   0.0001866500   -0.0000914400   -0.0000917800
  -0.0000300600   -0.0000230300   -0.0000045500
   0.0001463100   -0.0000366500    0.0000457600
  -0.0008504200   -0.0031645000    0.0007748600
  -0.0000443200   -0.0000140900    0.0000068400
  -0.0000084200    0.0000092500    0.0000006900
   0.0000026100    0.0000022800   -0.0000160800
  -0.0000298300   -0.0000138300    0.0000205100

46   
 -0.0000013646000093   0.0000007880778984   0.0099999998758400
  -0.0001948500   -0.0000286700    0.0006071400
  -0.0272378800   -0.0161574400    0.0432209500
   0.0000371800    0.0000440400   -0.0000082300
   0.0000005600   -0.0000003200    0.0000070700
   0.0000537800    0.0001152400   -0.0000296100
   0.0000630100    0.0000158100   -0.0000060700
  -0.0002215800   -0.0000491200    0.0005538000
   0.0001195900   -0.0000283900   -0.0000102500
  -0.0000185200   -0.0000136300    0.0000041200
   0.0003816600    0.0316673300    0.0432209400
   0.0000843500   -0.0000893900   -0.0000102600
  -0.0000729500   -0.0001041700   -0.0000296100
  -0.0000725500    0.0001831000    0.0006071400
  -0.0000681900    0.0002164700    0.0005538000
   0.0000005600   -0.0000003300    0.0000070700
  -0.0000195600   -0.0000542200   -0.0000082300
   0.0000025400    0.0000228500    0.0000041200
   0.0000177900   -0.0000624600   -0.0000060800
   0.0274638600   -0.0158608100    0.0433832800
   0.0001847500   -0.0001009500    0.0005792800
  -0.0000411500    0.0000497700   -0.0000088300
  -0.0000636700    0.0000107600   -0.0000088400
  -0.0000331100    0.0001386100   -0.0000207700
   0.0000036100   -0.0000020800    0.0000110800
   0.0001797700   -0.0001095700    0.0005792700
   0.0000114200   -0.0000066000    0.0000048200
  -0.0001365900   -0.0000406100   -0.0000207700
   0.0008536200    0.0004569400    0.0022537400
  -0.0007907700    0.0004567000    0.0021040200
  -0.0000055600   -0.0000096300    0.0000040200
   0.0000395700   -0.0000228400   -0.0000093900
   0.0000308300   -0.0009677300    0.0022537300
  -0.0000501500   -0.0000293000    0.0000051100
   0.0000003100    0.0000580900    0.0000051100
   0.0000055500    0.0000096400    0.0000040100
  -0.0000106300    0.0000061300    0.0000005400
   0.0016776200    0.0004690800    0.0002800800
  -0.0000128000    0.0000073900   -0.0002547800
   0.0000089500    0.0000042200    0.0000143500
   0.0000293400   -0.0000169400   -0.0002854600
   0.0004321600   -0.0016875100    0.0002800700
  -0.0000044400   -0.0000115300    0.0000148300
   0.0000077700    0.0000096100    0.0000148400
   0.0000008100   -0.0000098600    0.0000143400
   0.0000014200   -0.0000008200    0.0000153100
   0.0002713700   -0.0001566500   -0.1296545800
   0.0000142000   -0.0001067100   -0.0002151500
  -0.0000014900   -0.0001044100   -0.0002151300
   0.0000896700    0.0000534700   -0.0002151300
  -0.0000797000    0.0000598100   -0.0002253800
   0.0000002600   -0.0000001500   -0.0000015700
   0.0000995000    0.0000410200   -0.0002151400
   0.0000001400   -0.0000000800   -0.0000015000
  -0.0000916300    0.0000391500   -0.0002253800
  -0.0000365600    0.0000211200    0.0120834500
   0.0000276900   -0.0000049300    0.0000184800
  -0.0000130300    0.0000201700    0.0000106500
  -0.0000240000    0.0000012000    0.0000106600
   0.0000148800    0.0000317200    0.0000543000
   0.0000002300   -0.0000001400    0.0000015900
   0.0000181000   -0.0000215200    0.0000184800
  -0.0000000800    0.0000000400    0.0000007000
  -0.0000200300   -0.0000287300    0.0000543100
   0.0015556600    0.0015277700    0.0002145700
  -0.0015691500    0.0015417100    0.0004219300
   0.0000018200    0.0000022400    0.0000096800
   0.0000135900   -0.0000012000    0.0000180300
   0.0000259400   -0.0000073500   -0.0003029600
  -0.0000153100    0.0000035600    0.0000150000
  -0.0000084000    0.0000573100   -0.0002602900
  -0.0000015100    0.0000042700    0.0000036400
   0.0000057100    0.0000036800    0.0000065600
   0.0002931600   -0.0009093600   -0.0036164500
  -0.0000025900   -0.0000023900   -0.0000299200
   0.0000138100    0.0000129100    0.0000336200
  -0.0006837300    0.0007357100   -0.0034851100
  -0.0001039000   -0.0000570700    0.0000363900
  -0.0000006400   -0.0000030300   -0.0000216600
   0.0000192900    0.0000096600    0.0000051900
  -0.0000038800    0.0000000200   -0.0000286900
  -0.0000019900   -0.0000029700   -0.0000225300
  -0.0021195800    0.0005885800    0.0004219200
  -0.0000044600   -0.0000008400    0.0000036400
   0.0000193200   -0.0000188100   -0.0003029600
  -0.0005457700   -0.0021110000    0.0002145600
  -0.0000538300   -0.0000213600   -0.0002602900
   0.0000078200   -0.0000111800    0.0000180300
  -0.0000010400   -0.0000026900    0.0000096800
  -0.0000003400   -0.0000067900    0.0000065600
  -0.0000107400    0.0000114800    0.0000150000
  -0.0009789500    0.0002245300   -0.0034851200
   0.0009341600    0.0002005800   -0.0036164600
   0.0000012800   -0.0000215200    0.0000051900
   0.0000023000    0.0000020700   -0.0000216700
  -0.0000042700   -0.0000184100    0.0000336300
   0.0000015800    0.0000032000   -0.0000225400
  -0.0000025000    0.0001185200    0.0000363800
   0.0000007700    0.0000034400   -0.0000299300
  -0.0000019600    0.0000033500   -0.0000286900
  -0.0003215500   -0.0008208000   -0.0035652000
  -0.0000103500    0.0000059800    0.0000538200
   0.0000044500   -0.0000014300   -0.0000303300
   0.0000986400   -0.0000569700    0.0000163600
   0.0005502400    0.0006887200   -0.0035651900
   0.0000015200   -0.0000023800   -0.0000259100
   0.0000028300   -0.0000001200   -0.0000259100
   0.0000034600   -0.0000031400   -0.0000303300
  -0.0000179000    0.0000103300    0.0000043400

46   
  0.0000013646000093  -0.0000007880778984  -0.0099999998758400
   0.0001653100    0.0000182200   -0.0006167700
   0.0282062200    0.0167115800   -0.0441327000
  -0.0000382300   -0.0000439500    0.0000057400
  -0.0000000200    0.0000007800   -0.0000077500
  -0.0000573700   -0.0001176200    0.0000294800
  -0.0000634900   -0.0000168400    0.0000035000
   0.0001995000    0.0000260100   -0.0005643800
  -0.0001236400    0.0000271000    0.0000105000
   0.0000186900    0.0000137600   -0.0000045200
  -0.0003776800   -0.0327829900   -0.0441327000
  -0.0000852700    0.0000935500    0.0000105100
   0.0000732000    0.0001084700    0.0000294800
   0.0000668400   -0.0001522900   -0.0006167700
   0.0000771800   -0.0001858000   -0.0005643800
  -0.0000006800   -0.0000003600   -0.0000077500
   0.0000189500    0.0000550700    0.0000057400
  -0.0000025800   -0.0000230600   -0.0000045300
  -0.0000171600    0.0000634200    0.0000035000
  -0.0284334500    0.0164207700   -0.0442961600
  -0.0001541200    0.0000923800   -0.0005911100
   0.0000423100   -0.0000498200    0.0000062900
   0.0000643000   -0.0000117500    0.0000062800
   0.0000367900   -0.0001421500    0.0000210600
  -0.0000043200    0.0000025000   -0.0000117000
  -0.0001570400    0.0000873200   -0.0005911100
  -0.0000115900    0.0000066900   -0.0000051700
   0.0001415200    0.0000391700    0.0000210500
  -0.0008244900   -0.0004383600   -0.0022535500
   0.0007586900   -0.0004381300   -0.0021021000
   0.0000056400    0.0000101100   -0.0000045900
  -0.0000406800    0.0000235100    0.0000054900
  -0.0000324000    0.0009332200   -0.0022535500
   0.0000515600    0.0000299200   -0.0000091600
  -0.0000001200   -0.0000596300   -0.0000091500
  -0.0000059400   -0.0000099300   -0.0000045900
   0.0000111200   -0.0000064300   -0.0000010500
  -0.0016592400   -0.0004664900   -0.0002798700
   0.0000184600   -0.0000106600    0.0002523400
  -0.0000090100   -0.0000043000   -0.0000145900
  -0.0000302200    0.0000174500    0.0002872600
  -0.0004252100    0.0016702900   -0.0002798700
   0.0000047400    0.0000119100   -0.0000147000
  -0.0000079500   -0.0000100500   -0.0000146900
  -0.0000007900    0.0000099600   -0.0000145900
  -0.0000015200    0.0000008800   -0.0000152900
  -0.0002822100    0.0001629300    0.1324611000
  -0.0000177700    0.0001066100    0.0002200000
   0.0000049100    0.0001045500    0.0002200400
  -0.0000880800   -0.0000564800    0.0002200400
   0.0000781100   -0.0000627500    0.0002301500
  -0.0000002800    0.0000001600    0.0000018200
  -0.0001012000   -0.0000378800    0.0002200000
  -0.0000001800    0.0000001100    0.0000018600
   0.0000934000   -0.0000362800    0.0002301500
   0.0000356600   -0.0000205900   -0.0123343200
  -0.0000275800    0.0000057000   -0.0000199100
   0.0000132200   -0.0000198400   -0.0000120500
   0.0000237800   -0.0000015400   -0.0000120500
  -0.0000145800   -0.0000321200   -0.0000567400
  -0.0000002000    0.0000001200   -0.0000015800
  -0.0000187300    0.0000210300   -0.0000199200
   0.0000000400   -0.0000000300   -0.0000006900
   0.0000205500    0.0000286900   -0.0000567400
  -0.0015484300   -0.0015116700   -0.0002174500
   0.0015631100   -0.0015285300   -0.0004238600
  -0.0000018300   -0.0000024300   -0.0000095900
  -0.0000141700    0.0000012900   -0.0000178200
  -0.0000260600    0.0000131200    0.0003026800
   0.0000157800   -0.0000034600   -0.0000146700
   0.0000081400   -0.0000576300    0.0002641500
   0.0000015400   -0.0000042700   -0.0000038300
  -0.0000058300   -0.0000036900   -0.0000066200
  -0.0003071700    0.0009271600    0.0036551300
   0.0000021000    0.0000024500    0.0000298900
  -0.0000125200   -0.0000123200   -0.0000295600
   0.0006935000   -0.0007572800    0.0035219700
   0.0001018500    0.0000557300   -0.0000344200
   0.0000009700    0.0000031600    0.0000226900
  -0.0000194300   -0.0000097100   -0.0000043100
   0.0000036500   -0.0000003600    0.0000286200
   0.0000021600    0.0000031500    0.0000236000
   0.0021051600   -0.0005899600   -0.0004238800
   0.0000044700    0.0000007900   -0.0000038400
  -0.0000244000    0.0000160200    0.0003026800
   0.0005354600    0.0020966800   -0.0002174600
   0.0000539900    0.0000217500    0.0002641400
  -0.0000082000    0.0000116100   -0.0000178200
   0.0000011900    0.0000028200   -0.0000096000
   0.0000002800    0.0000068900   -0.0000066100
   0.0000108800   -0.0000119400   -0.0000146700
   0.0010025200   -0.0002222100    0.0035219700
  -0.0009565800   -0.0001973400    0.0036551200
  -0.0000012900    0.0000216700   -0.0000043100
  -0.0000022600   -0.0000024200    0.0000226800
   0.0000044200    0.0000170100   -0.0000295500
  -0.0000016600   -0.0000034500    0.0000235900
   0.0000026300   -0.0001160700   -0.0000344300
  -0.0000010800   -0.0000030400    0.0000298800
   0.0000021400   -0.0000029900    0.0000286200
   0.0003382000    0.0008394400    0.0036042100
   0.0000097000   -0.0000056000   -0.0000497400
  -0.0000040600    0.0000015000    0.0000303700
  -0.0000962000    0.0000555500   -0.0000138600
  -0.0005580500   -0.0007124700    0.0036042000
  -0.0000018600    0.0000025400    0.0000270400
  -0.0000031200    0.0000003500    0.0000270400
  -0.0000033300    0.0000027700    0.0000303700
   0.0000180200   -0.0000104000   -0.0000032600

55   
  0.0100000000000000   0.0000000000000000   0.0000000000000000
   0.0004335400   -0.0003983000   -0.0005464000
   0.0384775000    0.0151619500    0.0298656500
   0.0000101200    0.0000316100    0.0000042400
   0.0000011300    0.0000261100    0.0000165800
   0.0000900400   -0.0000735600   -0.0000724200
   0.0000350900   -0.0000319800   -0.0000003000
   0.0006532300    0.0010007200   -0.0006832700
  -0.0001160100    0.0001378500    0.0000784700
  -0.0000625400   -0.0000234600    0.0000247600
   0.0121454100    0.0003604300    0.0000876200
  -0.0000921500    0.0000884200    0.0001529900
  -0.0000727200   -0.0001296700   -0.0001341600
   0.0002797000    0.0007013000    0.0000022200
   0.0003384100   -0.0007599600    0.0000370400
  -0.0000540000   -0.0000035900    0.0000041400
   0.0000079900   -0.0000110900    0.0000184400
  -0.0000346300   -0.0000065200   -0.0000010500
  -0.0000377900    0.0000024000   -0.0000233700
   0.0372050800   -0.0144673200   -0.0278141900
   0.0003459900    0.0004701200    0.0004344300
  -0.0000076100   -0.0000257300    0.0000065100
   0.0000211400    0.0000107800    0.0000078500
   0.0000682600    0.0000145000    0.0000541000
  -0.0000065800   -0.0000270400   -0.0000089600
   0.0006407200   -0.0008136600    0.0005517600
  -0.0000627200    0.0000129900   -0.0000231600
  -0.0001293600   -0.0001363100   -0.0000927700
   0.0009787500    0.0028735200   -0.0018514600
   0.0007671200   -0.0028233200    0.0019974200
  -0.0000479700    0.0000049700    0.0000013500
  -0.0000523500    0.0000099700    0.0000638400
  -0.0039659100    0.0000657600    0.0002013000
  -0.0000380100    0.0000094500   -0.0000680200
  -0.0000309500    0.0000095300    0.0000036700
  -0.0000189600    0.0000091400   -0.0000286800
  -0.0000176200   -0.0000182800    0.0000212200
   0.0012493900    0.0046290000   -0.0004178200
  -0.0001532700    0.0000220500   -0.0001041300
   0.0000524200    0.0000264700   -0.0000018300
  -0.0000954500    0.0000073400    0.0000268500
   0.0012840400    0.0042252100    0.0005224000
   0.0000499600    0.0000192300    0.0000016100
   0.0000025400   -0.0000053900   -0.0000027700
  -0.0000067400   -0.0000168500   -0.0000066800
   0.0000270600    0.0000403700    0.0000100800
  -0.0023607300   -0.0000301800   -0.0000577400
   0.0000602400   -0.0001746400   -0.0000133700
   0.0000486700    0.0001381100    0.0000273200
  -0.0000864600   -0.0002303200    0.0000184600
  -0.0000816100    0.0002306000   -0.0000203900
   0.0000242500    0.0000019000   -0.0000000400
  -0.0000787100    0.0000850900   -0.0000241200
   0.0000187100    0.0000014500    0.0000002500
  -0.0000939800   -0.0000765400    0.0000143800
  -0.1020214500   -0.0030329600   -0.0018668900
   0.0000221900   -0.0000365500    0.0000263200
   0.0000224200    0.0000570000   -0.0000038700
   0.0000070000   -0.0000430700   -0.0000885100
   0.0000164900    0.0000695100    0.0000970900
   0.0000194700    0.0000049800   -0.0000018900
   0.0000070200    0.0000500700   -0.0000752800
   0.0000194100    0.0000045600    0.0000010900
   0.0000169300   -0.0000982200    0.0001338000
   0.0068631400   -0.0002986000   -0.0012820500
   0.0071129400    0.0003793600    0.0011526800
   0.0000562700   -0.0000059100   -0.0000017700
   0.0000381700   -0.0000263900   -0.0000050500
  -0.0000512000    0.0000240300   -0.0000622000
   0.0000374500    0.0000252600    0.0000053000
  -0.0000560800    0.0000243500   -0.0000099100
   0.0000292600   -0.0000243900   -0.0000194600
   0.0000325000    0.0000145300    0.0000144400
  -0.0005769600   -0.0004946500   -0.0001479200
   0.0000022000   -0.0000293600    0.0000030700
   0.0000370500    0.0000669200   -0.0000778600
  -0.0012658400   -0.0021817600   -0.0014517900
   0.0000822300    0.0000942500    0.0000260400
   0.0000010900    0.0000128100   -0.0000108700
  -0.0000032400   -0.0000008400    0.0000047200
  -0.0000131900    0.0000206800   -0.0000102500
   0.0000089800   -0.0000226900   -0.0000022700
   0.0010449800   -0.0039219700    0.0006525300
   0.0000439600   -0.0000200200    0.0000019500
  -0.0002238800   -0.0001227600    0.0000853800
   0.0007938400   -0.0031194200   -0.0006903000
  -0.0001543800   -0.0000727900   -0.0000248100
   0.0000538900   -0.0000110700   -0.0000030600
   0.0000193100   -0.0000166000   -0.0000187900
  -0.0000027800    0.0000132300    0.0000178400
   0.0000126500    0.0000150700    0.0000016600
   0.0012241100    0.0015331200   -0.0013387300
   0.0011653700   -0.0015926300    0.0013172800
   0.0000028300   -0.0000000100   -0.0000023300
   0.0000094100   -0.0000117600   -0.0000070500
  -0.0000325500   -0.0000266400    0.0000139700
   0.0000081400    0.0000236600    0.0000023700
   0.0000145100    0.0000114000   -0.0000233500
   0.0000010900    0.0000126100    0.0000177700
   0.0000053000   -0.0000064500   -0.0000179000
  -0.0008409300    0.0003579000    0.0001551000
   0.0000334500   -0.0000233000    0.0000164700
   0.0000123500    0.0000308500   -0.0000077800
   0.0000773000   -0.0000306300   -0.0000294000
  -0.0012327600    0.0022921800    0.0012575100
   0.0000130500   -0.0000143600    0.0000085500
   0.0000035800    0.0000224600    0.0000022300
  -0.0000086000   -0.0000200300    0.0000145800
   0.0000007700    0.0000004400   -0.0000082300

55   
 -0.0100000000000000   0.0000000000000000   0.0000000000000000
  -0.0004673100    0.0004095500    0.0005536300
  -0.0377150500   -0.0147353600   -0.0288877600
  -0.0000080700   -0.0000296900   -0.0000043100
  -0.0000011100   -0.0000264900   -0.0000167900
  -0.0000868300    0.0000747500    0.0000721000
  -0.0000339700    0.0000319000    0.0000000100
  -0.0006677400   -0.0010121500    0.0006982500
   0.0001152400   -0.0001371300   -0.0000775100
   0.0000627100    0.0000236400   -0.0000247800
  -0.0121383200   -0.0002010900   -0.0001584100
   0.0000911600   -0.0000893300   -0.0001513000
   0.0000737400    0.0001291000    0.0001356800
  -0.0002886200   -0.0007107700   -0.0000002600
  -0.0003268800    0.0007520100   -0.0000326400
   0.0000539400    0.0000032700   -0.0000044000
  -0.0000077500    0.0000097300   -0.0000179600
   0.0000346400    0.0000068000    0.0000010000
   0.0000372600   -0.0000039100    0.0000238200
  -0.0379491500    0.0148901900    0.0287540400
  -0.0003116800   -0.0004574300   -0.0004283700
   0.0000056600    0.0000277100   -0.0000066800
  -0.0000223700   -0.0000107300   -0.0000084500
  -0.0000715800   -0.0000127700   -0.0000542200
   0.0000065200    0.0000266900    0.0000087300
  -0.0006275900    0.0008053300   -0.0005403400
   0.0000627000   -0.0000129700    0.0000230800
   0.0001303000    0.0001367700    0.0000939800
  -0.0010158500   -0.0029115600    0.0018682900
  -0.0007357000    0.0027856200   -0.0019805900
   0.0000479500   -0.0000048900   -0.0000016500
   0.0000529600   -0.0000098300   -0.0000650000
   0.0039638000   -0.0000292000   -0.0002097000
   0.0000379600   -0.0000092800    0.0000666700
   0.0000310800   -0.0000104700   -0.0000027400
   0.0000189500   -0.0000089000    0.0000283500
   0.0000174200    0.0000183500   -0.0000213600
  -0.0012284100   -0.0046480000    0.0004029400
   0.0001522300   -0.0000213700    0.0001025100
  -0.0000527800   -0.0000269400    0.0000015100
   0.0000988300   -0.0000064500   -0.0000260600
  -0.0012920200   -0.0041842300   -0.0005253000
  -0.0000494300   -0.0000190400   -0.0000013300
  -0.0000024000    0.0000055900    0.0000025700
   0.0000065500    0.0000167500    0.0000066800
  -0.0000272000   -0.0000401000   -0.0000101000
   0.0023611200    0.0000265000    0.0000151200
  -0.0000610500    0.0001730200    0.0000128600
  -0.0000477400   -0.0001393100   -0.0000279300
   0.0000877300    0.0002310600   -0.0000183400
   0.0000802400   -0.0002299400    0.0000202400
  -0.0000243000   -0.0000016400    0.0000000900
   0.0000770000   -0.0000849900    0.0000237400
  -0.0000186900   -0.0000016800   -0.0000001500
   0.0000958700    0.0000769200   -0.0000150500
   0.1020026900    0.0019048600   -0.0000761400
  -0.0000224800    0.0000351300   -0.0000230800
  -0.0000222600   -0.0000587800    0.0000068000
  -0.0000076400    0.0000458600    0.0000896600
  -0.0000163200   -0.0000670100   -0.0000958400
  -0.0000194600   -0.0000045300    0.0000019400
  -0.0000076500   -0.0000484300    0.0000740200
  -0.0000194700   -0.0000049500   -0.0000011500
  -0.0000159100    0.0001005700   -0.0001353100
  -0.0070431000    0.0002999400    0.0013107100
  -0.0069367500   -0.0003769200   -0.0011264300
  -0.0000563200    0.0000051700    0.0000018100
  -0.0000383800    0.0000268300    0.0000053700
   0.0000519000   -0.0000222400    0.0000632100
  -0.0000373100   -0.0000247500   -0.0000049400
   0.0000556400   -0.0000209000    0.0000082000
  -0.0000293200    0.0000242600    0.0000198900
  -0.0000324400   -0.0000145900   -0.0000139600
   0.0005652900    0.0004940300    0.0001315300
  -0.0000024600    0.0000291500   -0.0000033100
  -0.0000381800   -0.0000697100    0.0000835500
   0.0012935500    0.0022350500    0.0014654800
  -0.0000843000   -0.0000936100   -0.0000226300
  -0.0000007300   -0.0000132300    0.0000109000
   0.0000033500    0.0000007400   -0.0000046700
   0.0000131500   -0.0000208400    0.0000099700
  -0.0000088500    0.0000233300    0.0000022900
  -0.0010603900    0.0039031800   -0.0006590000
  -0.0000436500    0.0000196000   -0.0000021800
   0.0002256900    0.0001252100   -0.0000869400
  -0.0007849900    0.0031485900    0.0006959900
   0.0001487700    0.0000725200    0.0000265900
  -0.0000545000    0.0000110400    0.0000033300
  -0.0000191800    0.0000168200    0.0000189800
   0.0000028500   -0.0000132600   -0.0000177500
  -0.0000128200   -0.0000149400   -0.0000017700
  -0.0012236100   -0.0015227600    0.0013430700
  -0.0011656800    0.0016031200   -0.0013127900
  -0.0000028100    0.0000003000    0.0000024400
  -0.0000095200    0.0000120000    0.0000068900
   0.0000327000    0.0000253800   -0.0000090000
  -0.0000081200   -0.0000233900   -0.0000025900
  -0.0000142900   -0.0000114500    0.0000243400
  -0.0000012300   -0.0000123500   -0.0000177900
  -0.0000052200    0.0000067200    0.0000177500
   0.0008505700   -0.0003580400   -0.0001682400
  -0.0000323500    0.0000219400   -0.0000119600
  -0.0000121800   -0.0000311900    0.0000076000
  -0.0000754000    0.0000308100    0.0000332300
   0.0012044600   -0.0022392700   -0.0012473400
  -0.0000133700    0.0000139000   -0.0000084900
  -0.0000036900   -0.0000218000   -0.0000022200
   0.0000086400    0.0000198100   -0.0000147500
  -0.0000009000   -0.0000005300    0.0000082500

55   
 -0.0000013646000093   0.0000007880778984   0.0099999998758400
   0.0001059500    0.0000339300    0.0005367200
   0.0290327800    0.0174970700    0.0438116700
  -0.0000473400   -0.0000401400   -0.0000169500
   0.0000019400    0.0000063700    0.0000094000
  -0.0000264500   -0.0000972300   -0.0000122400
  -0.0000579600    0.0000043100   -0.0000074300
   0.0001669000    0.0004094200    0.0002850700
  -0.0000845800    0.0000395600   -0.0000035700
   0.0000177300    0.0000079400    0.0000027200
  -0.0006449300   -0.0338915000    0.0438116800
  -0.0000765400    0.0000534800   -0.0000035700
   0.0000709800    0.0000715000   -0.0000122400
   0.0000235700   -0.0001087300    0.0005367200
  -0.0002712100   -0.0003491800    0.0002850700
  -0.0000045500   -0.0000048600    0.0000094000
   0.0000111100    0.0000610600   -0.0000169400
   0.0000019800   -0.0000193300    0.0000027100
  -0.0000327200    0.0000480600   -0.0000074300
  -0.0286469900    0.0165440900    0.0445748900
  -0.0001703600    0.0000179200    0.0004641400
   0.0000364800   -0.0000448800   -0.0000014300
   0.0000571100   -0.0000091700   -0.0000014400
   0.0000190800   -0.0001440800   -0.0000478200
  -0.0000029500    0.0000017100    0.0000122700
  -0.0001006800    0.0001386000    0.0004641400
  -0.0000118800    0.0000068600    0.0000015200
   0.0001343400    0.0000554700   -0.0000478200
  -0.0008454200   -0.0003608800    0.0022635000
   0.0011011600   -0.0006359200    0.0021420100
  -0.0000005700    0.0000112000    0.0000018800
  -0.0000406400    0.0000235000    0.0000060100
  -0.0001099600    0.0009126200    0.0022634900
   0.0000176000    0.0000288300   -0.0000060500
  -0.0000161700   -0.0000296600   -0.0000060400
  -0.0000099900   -0.0000051000    0.0000018700
   0.0000210200   -0.0000121500    0.0000008500
   0.0006257400    0.0010036000   -0.0030305900
   0.0000143000   -0.0000082500    0.0000311700
   0.0000054400    0.0000098400   -0.0000224000
  -0.0000602200    0.0000347800    0.0000736100
  -0.0005565300   -0.0010435800   -0.0030305800
   0.0000001600    0.0000028300   -0.0000227900
  -0.0000023800   -0.0000015500   -0.0000227900
  -0.0000058100   -0.0000096300   -0.0000224000
   0.0000122800   -0.0000070900    0.0000051500
  -0.0000331300    0.0000191400    0.0123300700
  -0.0000495000    0.0000115200    0.0000121900
   0.0000340900    0.0000181400    0.0000200600
   0.0000013300   -0.0000385800    0.0000200600
   0.0000065800   -0.0000183400    0.0000563900
   0.0000013300   -0.0000007700    0.0000006000
  -0.0000347200    0.0000371100    0.0000122000
  -0.0000026700    0.0000015500    0.0000015400
   0.0000191800    0.0000034700    0.0000563900
  -0.0009051700    0.0005228100   -0.1329675200
  -0.0000068900    0.0000997400   -0.0002280900
   0.0000261200    0.0001003500   -0.0002280300
  -0.0000738900   -0.0000728000   -0.0002280400
   0.0001334300   -0.0000362900   -0.0001637600
   0.0000010800   -0.0000006200    0.0000006700
  -0.0000898700   -0.0000439000   -0.0002281000
  -0.0000019000    0.0000011000    0.0000006500
   0.0000981200   -0.0000974400   -0.0001637600
   0.0010212800   -0.0001816600   -0.0036214100
  -0.0008915600   -0.0003808900   -0.0033290400
   0.0000028900    0.0000187100    0.0000069200
  -0.0000023400   -0.0000035600   -0.0000259100
   0.0000115800    0.0000125600    0.0000461700
   0.0000055300   -0.0000032500   -0.0000250700
   0.0000524700   -0.0001175000    0.0000570900
  -0.0000035400   -0.0000056100   -0.0000355800
   0.0000042000   -0.0000034200   -0.0000299400
   0.0023119100   -0.0005597000    0.0004261900
   0.0000037600   -0.0000029000    0.0000043600
  -0.0000051100    0.0000067900   -0.0003410300
   0.0006244300    0.0021043400    0.0001973900
   0.0000023600    0.0000424300   -0.0002124700
  -0.0000074600    0.0000120300    0.0000145800
   0.0000025500    0.0000014700    0.0000089400
   0.0000001000    0.0000067800    0.0000078900
   0.0000082000   -0.0000149300    0.0000128000
  -0.0001156600    0.0009625800   -0.0033290500
   0.0000030800    0.0000058700   -0.0000355900
  -0.0000051000   -0.0000163100    0.0000461700
   0.0006677900   -0.0007937900   -0.0036214300
   0.0001280000    0.0000132800    0.0000570800
   0.0000019000    0.0000037900   -0.0000259100
  -0.0000147500   -0.0000118400    0.0000069200
   0.0000050700   -0.0000019400   -0.0000299400
   0.0000055800   -0.0000031700   -0.0000250700
  -0.0015105900   -0.0015925600    0.0001973800
   0.0016402400   -0.0017227300    0.0004261800
   0.0000000100   -0.0000029300    0.0000089400
  -0.0000141500    0.0000004500    0.0000145700
  -0.0000084300    0.0000010400   -0.0003410200
   0.0000170200    0.0000003600    0.0000128000
  -0.0000355700   -0.0000232500   -0.0002124700
   0.0000043900   -0.0000018100    0.0000043600
  -0.0000058300   -0.0000034800    0.0000078900
  -0.0020789400   -0.0005671000    0.0003257200
  -0.0000299600    0.0000173100   -0.0003537700
  -0.0000079000   -0.0000013100    0.0000056700
  -0.0000143500    0.0000082800   -0.0002328900
  -0.0005478200    0.0020840900    0.0003257200
   0.0000099100    0.0000138000    0.0000169600
  -0.0000070000   -0.0000154700    0.0000169500
  -0.0000028100    0.0000074900    0.0000056700
   0.0000002100   -0.0000001200    0.0000076200

55   
  0.0000013646000093  -0.0000007880778984  -0.0099999998758400
  -0.0001355500   -0.0000434600   -0.0005273600
  -0.0280332600   -0.0169367500   -0.0428789000
   0.0000461300    0.0000402400    0.0000191700
  -0.0000011700   -0.0000060400   -0.0000089100
   0.0000228300    0.0000940500    0.0000126100
   0.0000577100   -0.0000049000    0.0000104200
  -0.0001935400   -0.0004344100   -0.0002743100
   0.0000808500   -0.0000416600    0.0000033100
  -0.0000175800   -0.0000078700   -0.0000025400
   0.0006591400    0.0327457400   -0.0428789000
   0.0000764900   -0.0000492000    0.0000033100
  -0.0000700700   -0.0000667800    0.0000126000
  -0.0000301000    0.0001391200   -0.0005273500
   0.0002795400    0.0003847500   -0.0002743200
   0.0000046500    0.0000040300   -0.0000089100
  -0.0000117900   -0.0000600800    0.0000191800
  -0.0000019800    0.0000191600   -0.0000025400
   0.0000330700   -0.0000475200    0.0000104200
   0.0276725000   -0.0159813000   -0.0436503100
   0.0002022200   -0.0000274000   -0.0004547600
  -0.0000351700    0.0000451300    0.0000036400
  -0.0000566600    0.0000079100    0.0000036300
  -0.0000151500    0.0001414600    0.0000481800
   0.0000025200   -0.0000014500   -0.0000116500
   0.0001248000   -0.0001614600   -0.0004547700
   0.0000115700   -0.0000066800   -0.0000012900
  -0.0001300900   -0.0000575800    0.0000481800
   0.0008767300    0.0003766900   -0.0022677300
  -0.0011312300    0.0006533200   -0.0021430700
   0.0000005900   -0.0000107000   -0.0000013800
   0.0000396400   -0.0000228800   -0.0000029000
   0.0001119000   -0.0009476500   -0.0022677200
  -0.0000168300   -0.0000282800    0.0000099400
   0.0000160900    0.0000287000    0.0000099400
   0.0000095700    0.0000048600   -0.0000013800
  -0.0000206400    0.0000119100   -0.0000003500
  -0.0006029300   -0.0009703600    0.0029966600
  -0.0000158900    0.0000091800   -0.0000354700
  -0.0000050200   -0.0000098900    0.0000220700
   0.0000622700   -0.0000359600   -0.0000751700
   0.0005391600    0.0010071900    0.0029966600
  -0.0000005300   -0.0000026200    0.0000217400
   0.0000020000    0.0000017700    0.0000217500
   0.0000060500    0.0000092900    0.0000220600
  -0.0000120500    0.0000069600   -0.0000060400
   0.0000333000   -0.0000192300   -0.0120850100
   0.0000491900   -0.0000111900   -0.0000105600
  -0.0000340200   -0.0000179400   -0.0000184500
  -0.0000014600    0.0000384400   -0.0000184600
  -0.0000066000    0.0000187200   -0.0000547500
  -0.0000014300    0.0000008200   -0.0000008100
   0.0000342700   -0.0000370200   -0.0000105500
   0.0000027300   -0.0000015700   -0.0000017200
  -0.0000195000   -0.0000036300   -0.0000547500
   0.0008588400   -0.0004960800    0.1301179200
   0.0000037200   -0.0000997700    0.0002232300
  -0.0000230800   -0.0001004100    0.0002233100
   0.0000754500    0.0000701800    0.0002233200
  -0.0001357000    0.0000311500    0.0001588500
  -0.0000011400    0.0000006600   -0.0000011900
   0.0000883000    0.0000466500    0.0002232300
   0.0000019300   -0.0000011200   -0.0000012300
  -0.0000947900    0.0001019800    0.0001588600
  -0.0009984200    0.0001843300    0.0035830600
   0.0008693700    0.0003861200    0.0032940400
  -0.0000028900   -0.0000185100   -0.0000078500
   0.0000023500    0.0000031100    0.0000248100
  -0.0000114200   -0.0000138700   -0.0000501000
  -0.0000056800    0.0000028800    0.0000239200
  -0.0000527100    0.0001211200   -0.0000597000
   0.0000034400    0.0000060900    0.0000353400
  -0.0000039800    0.0000037200    0.0000298400
  -0.0023312700    0.0005568700   -0.0004233300
  -0.0000038100    0.0000028200   -0.0000043800
   0.0000001700   -0.0000095200    0.0003410700
  -0.0006350900   -0.0021209100   -0.0001954700
  -0.0000018000   -0.0000440700    0.0002090600
   0.0000070700   -0.0000117700   -0.0000148200
  -0.0000023000   -0.0000013300   -0.0000091500
  -0.0000001900   -0.0000069800   -0.0000079700
  -0.0000081100    0.0000145100   -0.0000131900
   0.0001000500   -0.0009460000    0.0032940300
  -0.0000035700   -0.0000060200    0.0000353300
   0.0000063000    0.0000168200   -0.0000501000
  -0.0006586600    0.0007726400    0.0035830600
  -0.0001312500   -0.0000148800   -0.0000597000
  -0.0000015200   -0.0000036000    0.0000248100
   0.0000145700    0.0000117600   -0.0000078400
  -0.0000052100    0.0000015800    0.0000298400
  -0.0000053300    0.0000034800    0.0000239200
   0.0015196200    0.0016100800   -0.0001954800
  -0.0016474600    0.0017409200   -0.0004233300
   0.0000000100    0.0000026700   -0.0000091500
   0.0000137300   -0.0000002400   -0.0000148300
   0.0000083300    0.0000046200    0.0003410800
  -0.0000166300   -0.0000002300   -0.0000132000
   0.0000372700    0.0000236000    0.0002090600
  -0.0000043500    0.0000018900   -0.0000043900
   0.0000059500    0.0000036500   -0.0000079700
   0.0020968000    0.0005645800   -0.0003236200
   0.0000343000   -0.0000198000    0.0003532600
   0.0000080300    0.0000012500   -0.0000058100
   0.0000147200   -0.0000085100    0.0002291900
   0.0005589500   -0.0020983200   -0.0003236100
  -0.0000095600   -0.0000134200   -0.0000173100
   0.0000068600    0.0000150000   -0.0000173100
   0.0000029300   -0.0000075800   -0.0000058100
  -0.0000004300    0.0000002500   -0.0000079800

64   
  0.0100000000000000   0.0000000000000000   0.0000000000000000
   0.0421894500   -0.0149112500   -0.0296463100
   0.0008103400    0.0003058300    0.0005053700
   0.0000441400   -0.0000470100   -0.0000331000
   0.0000360400    0.0000012400    0.0000084100
   0.0000682100    0.0001062000    0.0001181000
  -0.0000021300   -0.0000229600   -0.0000229900
   0.0005680400   -0.0009794100    0.0002939800
  -0.0000358400    0.0000057000   -0.0000213800
  -0.0001465600   -0.0001672600   -0.0000370300
   0.0006380000   -0.0029958400    0.0012670100
  -0.0000383400   -0.0000018700   -0.0000010200
   0.0004105600    0.0027674200   -0.0014957400
  -0.0043804300   -0.0000115800   -0.0002119000
  -0.0000876300   -0.0000306300   -0.0000200700
  -0.0000737200    0.0000097000    0.0000152400
  -0.0000179400    0.0000226600   -0.0000239800
  -0.0000195000   -0.0000125100    0.0000306200
  -0.0000469700   -0.0000002700   -0.0000057200
   0.0421011600    0.0148809700    0.0293540000
   0.0000371500    0.0000460600    0.0000154300
   0.0006900500   -0.0003868600   -0.0003941300
   0.0000411000   -0.0000376300   -0.0001106800
   0.0000207500    0.0000018100   -0.0000161200
  -0.0000042200    0.0000239400    0.0000139500
  -0.0001504600    0.0001721200    0.0000532200
  -0.0000384000   -0.0000047900    0.0000210900
   0.0005281700    0.0007775400   -0.0002055300
   0.0150679300   -0.0003678200   -0.0001483600
  -0.0000121500    0.0000483600    0.0002209300
  -0.0000367000   -0.0000114500   -0.0002318000
  -0.0000365200    0.0006913400   -0.0002288100
  -0.0000820000   -0.0006640900    0.0002689000
  -0.0000252600    0.0000021000   -0.0000055600
  -0.0000133900   -0.0000385700    0.0000263900
  -0.0000072500   -0.0000000900   -0.0000001300
   0.0000034300    0.0000343700   -0.0000215000
   0.0013381700   -0.0038940000    0.0006697000
   0.0000409500   -0.0000176100   -0.0000083200
  -0.0001720800   -0.0000773300    0.0001241600
   0.0011326300   -0.0029401800    0.0001241300
  -0.0002169900   -0.0000598200   -0.0000067700
   0.0000390200   -0.0000173900    0.0000064900
   0.0000146300   -0.0000197900   -0.0000171600
   0.0000087100    0.0000092600    0.0000065600
   0.0000005200   -0.0000068000    0.0000063000
   0.0012193700   -0.0009029100    0.0015577800
   0.0000031700   -0.0000006400    0.0000018500
   0.0012236800    0.0010230600   -0.0015604500
   0.0000033100    0.0000051600   -0.0000063000
   0.0000047300    0.0000205900    0.0000056000
   0.0000048200   -0.0000265700   -0.0000015600
   0.0000083500    0.0000162200    0.0000136500
   0.0000056400   -0.0000228400   -0.0000155000
  -0.0000159700   -0.0000066000    0.0000268500
   0.0070450100    0.0004228100    0.0010179900
   0.0000563200    0.0000041100    0.0000027700
   0.0069344800   -0.0004660700   -0.0008739500
  -0.0000559900   -0.0000170200    0.0000531600
   0.0000321900    0.0000339800    0.0000042200
   0.0000291200   -0.0000278900   -0.0000033300
   0.0000380200   -0.0000204200   -0.0000021200
   0.0000370500    0.0000290100    0.0000057900
  -0.0000511900   -0.0000230000    0.0000100300
  -0.1114162800    0.0015986000    0.0002455000
  -0.0000600300   -0.0000359700    0.0000210500
  -0.0000572400    0.0000067800   -0.0000405100
   0.0000152900   -0.0000024400   -0.0000477000
   0.0000109600    0.0000001400    0.0000273200
   0.0000099800   -0.0000027000    0.0000019000
   0.0000152400    0.0000369500   -0.0000482900
   0.0000100000   -0.0000026300    0.0000002100
   0.0000107400   -0.0000244400    0.0000077900
   0.0001272800   -0.0000508400    0.0001749400
  -0.0000098100    0.0000148200    0.0000000300
  -0.0010274500    0.0001239200    0.0004845500
  -0.0011539000    0.0028353200    0.0021576000
  -0.0000049400   -0.0000174700    0.0000004900
   0.0001430700   -0.0000429900   -0.0000087300
  -0.0000051000   -0.0000240100    0.0000119000
  -0.0000031400    0.0000008200    0.0000000400
   0.0000047400    0.0000203300   -0.0000008800
  -0.0002274000    0.0001756600   -0.0001077100
   0.0000359700    0.0000139200    0.0000081600
   0.0013394900    0.0034810500   -0.0008004100
   0.0007642300    0.0022397400   -0.0001201400
   0.0000448500    0.0000104800   -0.0000010800
  -0.0002827600    0.0001377800    0.0000318100
   0.0000132300   -0.0000075400   -0.0000132700
   0.0000126700    0.0000066800    0.0000210600
   0.0000086300   -0.0000017200   -0.0000058000
  -0.0027448400    0.0000391800    0.0000186900
   0.0000624900   -0.0001524000   -0.0000105400
   0.0000734100    0.0001957300    0.0000024500
  -0.0000807500   -0.0002463300    0.0000340900
  -0.0000773100    0.0002430900   -0.0000381000
   0.0000117700   -0.0000007900    0.0000007400
  -0.0000862500    0.0000805800    0.0000285500
   0.0000077300    0.0000005700   -0.0000001000
  -0.0000650000   -0.0000826800   -0.0000225800
  -0.0013351300    0.0000523200   -0.0004717300
  -0.0000038100   -0.0000181900    0.0000026800
   0.0001296800    0.0000080800   -0.0001167400
  -0.0010478200   -0.0028478500   -0.0019025900
   0.0001259800   -0.0000084500    0.0000137800
   0.0000040600    0.0000202400   -0.0000002600
  -0.0000017300   -0.0000015600    0.0000020200
   0.0000004500    0.0000233500   -0.0000135600
   0.0000018900   -0.0000179000    0.0000010300

64   
 -0.0100000000000000   0.0000000000000000   0.0000000000000000
  -0.0431357300    0.0154138800    0.0307192200
  -0.0007673400   -0.0002951900   -0.0004999500
  -0.0000458500    0.0000494000    0.0000338900
  -0.0000378300   -0.0000013700   -0.0000093100
  -0.0000702500   -0.0001050000   -0.0001186000
   0.0000021600    0.0000223900    0.0000226300
  -0.0005564800    0.0009710600   -0.0002836100
   0.0000360400   -0.0000056800    0.0000212200
   0.0001482800    0.0001689000    0.0000383400
  -0.0005969000    0.0029482100   -0.0012651200
   0.0000384300    0.0000022700    0.0000005300
  -0.0004437000   -0.0028127500    0.0015007100
   0.0043830400    0.0000581700    0.0002024300
   0.0000865900    0.0000299900    0.0000183900
   0.0000740600   -0.0000103300   -0.0000171900
   0.0000182000   -0.0000223100    0.0000234700
   0.0000195100    0.0000131000   -0.0000313000
   0.0000468400   -0.0000009300    0.0000058000
  -0.0411729300   -0.0143801600   -0.0283229200
  -0.0000354700   -0.0000435000   -0.0000149000
  -0.0007337500    0.0003994000    0.0003987300
  -0.0000387400    0.0000393900    0.0001103800
  -0.0000188700   -0.0000019500    0.0000149500
   0.0000042000   -0.0000244500   -0.0000143300
   0.0001489600   -0.0001705800   -0.0000517400
   0.0000383000    0.0000049000   -0.0000213000
  -0.0005390600   -0.0007837500    0.0002130900
  -0.0150779600    0.0005402600    0.0000743200
   0.0000112000   -0.0000502100   -0.0002177300
   0.0000375800    0.0000091700    0.0002350000
   0.0000312500   -0.0006969900    0.0002328500
   0.0000838600    0.0006570200   -0.0002667800
   0.0000252200   -0.0000021800    0.0000051000
   0.0000136700    0.0000379100   -0.0000261000
   0.0000071700    0.0000002000   -0.0000002800
  -0.0000033900   -0.0000350500    0.0000217700
  -0.0013544400    0.0038817000   -0.0006762100
  -0.0000405500    0.0000169400    0.0000079400
   0.0001732800    0.0000790600   -0.0001258600
  -0.0011291700    0.0029710800   -0.0001305700
   0.0002119900    0.0000586000    0.0000077100
  -0.0000395100    0.0000176300   -0.0000062900
  -0.0000144200    0.0000199600    0.0000172000
  -0.0000088400   -0.0000091400   -0.0000066700
  -0.0000007400    0.0000068900   -0.0000063900
  -0.0012227000    0.0009177400   -0.0015468900
  -0.0000032000    0.0000005800   -0.0000018600
  -0.0012211000   -0.0010084900    0.0015716500
  -0.0000035100   -0.0000086200    0.0000102100
  -0.0000048500   -0.0000201000   -0.0000058100
  -0.0000046400    0.0000271000    0.0000012700
  -0.0000085800   -0.0000158600   -0.0000139500
  -0.0000054400    0.0000231700    0.0000153600
   0.0000160600    0.0000078100   -0.0000252000
  -0.0068610900   -0.0004214000   -0.0010038800
  -0.0000562900   -0.0000052300   -0.0000029800
  -0.0071150700    0.0004678500    0.0008856200
   0.0000552700    0.0000178500   -0.0000519800
  -0.0000322000   -0.0000333200   -0.0000039600
  -0.0000289500    0.0000285500    0.0000037000
  -0.0000380100    0.0000201200    0.0000025800
  -0.0000372100   -0.0000295200   -0.0000053900
   0.0000515000    0.0000250500   -0.0000129200
   0.1114347200   -0.0029380100   -0.0023063500
   0.0000573400    0.0000350700   -0.0000169000
   0.0000601200   -0.0000070600    0.0000450200
  -0.0000155400    0.0000042300    0.0000495200
  -0.0000103600    0.0000022100   -0.0000258800
  -0.0000099800    0.0000028700   -0.0000018600
  -0.0000155900   -0.0000356900    0.0000475100
  -0.0000099600    0.0000021700   -0.0000005100
  -0.0000105700    0.0000253800   -0.0000084200
  -0.0001246300    0.0000490900   -0.0001673100
   0.0000101700   -0.0000150800   -0.0000005200
   0.0010432200   -0.0001216400   -0.0005035400
   0.0011215600   -0.0027603900   -0.0021306000
   0.0000047200    0.0000168100   -0.0000006200
  -0.0001404300    0.0000409300    0.0000126200
   0.0000052100    0.0000235000   -0.0000123300
   0.0000029900   -0.0000010100   -0.0000001200
  -0.0000049300   -0.0000198600    0.0000007700
   0.0002253900   -0.0001720400    0.0001060800
  -0.0000364400   -0.0000145800   -0.0000083700
  -0.0013272200   -0.0034923300    0.0008001400
  -0.0007672100   -0.0022157500    0.0001215300
  -0.0000442100   -0.0000104300    0.0000012600
   0.0002904400   -0.0001404700   -0.0000300200
  -0.0000131500    0.0000077300    0.0000133500
  -0.0000129500   -0.0000066000   -0.0000207700
  -0.0000085000    0.0000016800    0.0000056900
   0.0027445900   -0.0000409900   -0.0001031000
  -0.0000627800    0.0001502300    0.0000099800
  -0.0000733900   -0.0001985100   -0.0000029300
   0.0000825500    0.0002473200   -0.0000344000
   0.0000756400   -0.0002422000    0.0000381900
  -0.0000117900    0.0000007900   -0.0000007500
   0.0000843900   -0.0000810100   -0.0000296400
  -0.0000077600   -0.0000007400    0.0000001100
   0.0000665600    0.0000820800    0.0000217900
   0.0013213000   -0.0000500000    0.0004570100
   0.0000034400    0.0000177800   -0.0000030900
  -0.0001326900   -0.0000083800    0.0001231400
   0.0010805700    0.0029229100    0.0019253800
  -0.0001283600    0.0000058800   -0.0000094000
  -0.0000039200   -0.0000209500    0.0000001600
   0.0000018900    0.0000014500   -0.0000021200
  -0.0000006400   -0.0000239300    0.0000133100
  -0.0000017600    0.0000183500   -0.0000011300

64   
 -0.0049978512875452   0.0086614942421953   0.0000000000000000
  -0.0351440400    0.0292588300    0.0302834800
  -0.0012474000    0.0000445400   -0.0001924000
  -0.0000332500    0.0000256900   -0.0000000900
  -0.0000523400    0.0000145300    0.0000166900
  -0.0000405800   -0.0002059700    0.0000289700
  -0.0000187300   -0.0000138300    0.0000200100
  -0.0001225000    0.0008252600   -0.0004489500
   0.0000269100   -0.0000259800    0.0000203900
   0.0000345200    0.0001398600   -0.0001400900
  -0.0026659400   -0.0006268800   -0.0016277200
   0.0000268100   -0.0000129500    0.0000209700
   0.0020166700   -0.0036625200   -0.0001602800
   0.0021543000    0.0015642300    0.0018052400
   0.0000211200   -0.0000239500    0.0000181600
   0.0000598400   -0.0000386900   -0.0000066100
   0.0000162400   -0.0000489200   -0.0000001000
  -0.0000029500   -0.0000313400   -0.0000304400
   0.0000138100   -0.0000892100    0.0000304300
  -0.0082615200    0.0134252500   -0.0003911200
   0.0000031200   -0.0000248100   -0.0000112800
   0.0006471600    0.0003863700    0.0002006100
   0.0000468600   -0.0001448400    0.0001549700
  -0.0000030600    0.0000235500    0.0000049500
   0.0000240700   -0.0000385400   -0.0000006200
   0.0001239100   -0.0000499200   -0.0001629800
   0.0000157900   -0.0000209400   -0.0000023700
  -0.0005184600   -0.0002840700   -0.0000328900
  -0.0074639700    0.0460084700   -0.0298263500
   0.0001241100   -0.0000723800   -0.0001028000
  -0.0000838600   -0.0000141100    0.0001252000
  -0.0007322600    0.0003291000    0.0006251800
   0.0005002600    0.0008319700    0.0002950400
   0.0000120900    0.0000090900   -0.0000198700
  -0.0000147800    0.0001187300   -0.0000209800
   0.0000050900   -0.0000172600   -0.0000208000
   0.0000384100    0.0000557000    0.0000185500
  -0.0038562300    0.0070132900   -0.0009402200
  -0.0000310200    0.0000160100    0.0000087300
  -0.0000020500   -0.0000657100   -0.0000471200
  -0.0037908800    0.0057563200    0.0007678300
   0.0000205300   -0.0000310600   -0.0000221300
  -0.0000353300    0.0000206100    0.0000003800
  -0.0000238100    0.0000429200    0.0000025600
   0.0000075500    0.0000457000   -0.0000074200
   0.0000037800    0.0000378500   -0.0000038700
   0.0005432100   -0.0010264000    0.0005361600
  -0.0000053500   -0.0000047400    0.0000011700
  -0.0016104900   -0.0021122900    0.0021279800
  -0.0000265100    0.0001091000    0.0000565700
  -0.0000081800   -0.0000117400    0.0000003900
   0.0000094900    0.0000183100    0.0000044300
  -0.0000286300   -0.0000048400   -0.0000080500
   0.0000186000    0.0000122000    0.0000106900
  -0.0000190500    0.0000813600   -0.0000201700
  -0.0037301100   -0.0012320600   -0.0006693200
  -0.0000330200    0.0000028700    0.0000146700
  -0.0031978900   -0.0006322200    0.0001061000
   0.0000471900   -0.0001487500   -0.0001306200
  -0.0000035200   -0.0000055100   -0.0000052000
  -0.0000357900    0.0000300800   -0.0000032300
  -0.0000416700    0.0000381800   -0.0000018300
   0.0000032400    0.0000162700   -0.0000054300
   0.0000451100   -0.0002307100    0.0000059200
   0.0582406400   -0.0997855400    0.0006107500
   0.0000348300    0.0000322200    0.0000381200
  -0.0000023600    0.0000107800    0.0000711100
   0.0000245200   -0.0000064000   -0.0000045200
  -0.0000271500    0.0000232400   -0.0000217800
  -0.0000071300    0.0000084700   -0.0000001200
  -0.0000111100   -0.0000236400   -0.0000471900
  -0.0000072400    0.0000083200   -0.0000025200
  -0.0000070600    0.0000349700   -0.0000862100
  -0.0001547600    0.0000828000   -0.0001283100
  -0.0000088900   -0.0000082900   -0.0000163900
   0.0036910900    0.0003887900   -0.0024885000
   0.0007219800   -0.0007325200   -0.0003072200
   0.0000117000    0.0000074000   -0.0000032600
  -0.0001794700    0.0000824800    0.0000216500
   0.0000141700    0.0000073800    0.0000040100
   0.0000013100   -0.0000004200    0.0000004100
  -0.0000163900   -0.0000143600   -0.0000021400
   0.0002493600   -0.0001857000    0.0001015100
  -0.0000096300    0.0000043200    0.0000079600
   0.0018445100    0.0026054300   -0.0002156500
   0.0022800600    0.0021941300    0.0008413900
  -0.0000077800    0.0000106400    0.0000051500
   0.0002539300   -0.0001181900   -0.0000413100
  -0.0000075700    0.0000471600    0.0000029500
   0.0000078300    0.0000193600   -0.0000175100
  -0.0000095100    0.0000360300    0.0000012200
   0.0014162800   -0.0027198000   -0.0004614700
   0.0001163000   -0.0000288600   -0.0000487900
  -0.0001869100   -0.0002004100   -0.0000348700
   0.0001104100    0.0001360200   -0.0000101900
  -0.0000173800   -0.0001144600    0.0000281200
  -0.0000072100    0.0000128200    0.0000005600
  -0.0001658700   -0.0000269000    0.0000301600
  -0.0000037500    0.0000053600    0.0000017500
   0.0002642500    0.0000601000    0.0000337900
  -0.0023901200    0.0007227100   -0.0016757500
   0.0000137000    0.0000129300   -0.0000181000
   0.0000367400    0.0000577500    0.0000532400
   0.0001693700    0.0019662200    0.0015370400
   0.0000209900    0.0000507500   -0.0000175200
  -0.0000189200   -0.0000126700   -0.0000034300
   0.0000034700    0.0000002000   -0.0000018000
  -0.0000147900   -0.0000116300    0.0000205800
   0.0000088800    0.0000118900   -0.0000060200

64   
  0.0049978512875452  -0.0086614942421953   0.0000000000000000
   0.0342304400   -0.0286784200   -0.0292098100
   0.0012590000   -0.0000513000    0.0002021000
   0.0000325700   -0.0000239800   -0.0000006600
   0.0000497200   -0.0000142900   -0.0000159200
   0.0000401800    0.0002044200   -0.0000280400
   0.0000192200    0.0000140300   -0.0000204000
   0.0001350100   -0.0008715700    0.0004577200
  -0.0000267000    0.0000256800   -0.0000205800
  -0.0000370200   -0.0001385700    0.0001397100
   0.0027220300    0.0006037500    0.0016304000
  -0.0000268500    0.0000123700   -0.0000213800
  -0.0020460300    0.0036346500    0.0001483500
  -0.0021365900   -0.0015141100   -0.0017956600
  -0.0000203200    0.0000241200   -0.0000183600
  -0.0000591700    0.0000380400    0.0000047200
  -0.0000165500    0.0000484300   -0.0000004500
   0.0000025700    0.0000309900    0.0000298200
  -0.0000141000    0.0000894400   -0.0000317900
   0.0081175700   -0.0134813900    0.0003335200
  -0.0000019500    0.0000245100    0.0000113700
  -0.0006459300   -0.0003774300   -0.0001981800
  -0.0000443400    0.0001440500   -0.0001529800
   0.0000034700   -0.0000230200   -0.0000048700
  -0.0000239200    0.0000383700    0.0000001200
  -0.0001230900    0.0000515600    0.0001653800
  -0.0000160800    0.0000207000    0.0000020200
   0.0005275600    0.0002808600    0.0000352600
   0.0074614900   -0.0471786400    0.0309995500
  -0.0001253200    0.0000730100    0.0001044800
   0.0000846700    0.0000104500   -0.0001243700
   0.0006981700   -0.0003003500   -0.0006151700
  -0.0005004000   -0.0008201500   -0.0002865300
  -0.0000119500   -0.0000092500    0.0000193600
   0.0000139800   -0.0001223300    0.0000220900
  -0.0000048900    0.0000172800    0.0000206500
  -0.0000377900   -0.0000576500   -0.0000194300
   0.0039615800   -0.0071859500    0.0009483100
   0.0000312600   -0.0000162600   -0.0000084900
   0.0000007100    0.0000652300    0.0000478400
   0.0037019600   -0.0056010100   -0.0007571100
  -0.0000224600    0.0000298900    0.0000195100
   0.0000347600   -0.0000208200   -0.0000003100
   0.0000244800   -0.0000425400   -0.0000028700
  -0.0000074400   -0.0000455700    0.0000076500
  -0.0000041400   -0.0000382600    0.0000040500
  -0.0005468600    0.0010334200   -0.0005452000
   0.0000054200    0.0000044200   -0.0000010900
   0.0015678300    0.0020587000   -0.0020971400
   0.0000265000   -0.0001069200   -0.0000512900
   0.0000077400    0.0000111400   -0.0000003200
  -0.0000087800   -0.0000183700   -0.0000044100
   0.0000288100    0.0000053400    0.0000077900
  -0.0000180900   -0.0000119100   -0.0000109300
   0.0000182900   -0.0000778100    0.0000234900
   0.0037370900    0.0012546100    0.0006579800
   0.0000328700   -0.0000033400   -0.0000146400
   0.0031683900    0.0006107500   -0.0001090700
  -0.0000476200    0.0001466900    0.0001286500
   0.0000034000    0.0000052700    0.0000051100
   0.0000354100   -0.0000298600    0.0000034400
   0.0000424900   -0.0000382700    0.0000015800
  -0.0000030500   -0.0000164700    0.0000054500
  -0.0000463000    0.0002358200   -0.0000055600
  -0.0570662200    0.1005730900   -0.0028464400
  -0.0000359900   -0.0000326200   -0.0000386900
   0.0000003500   -0.0000116100   -0.0000691800
  -0.0000228300    0.0000043400    0.0000078000
   0.0000266700   -0.0000244000    0.0000215800
   0.0000070000   -0.0000086500    0.0000001500
   0.0000102200    0.0000267300    0.0000506100
   0.0000075600   -0.0000084100    0.0000021600
   0.0000054100   -0.0000365200    0.0000880500
   0.0001582400   -0.0000837500    0.0001353300
   0.0000092400    0.0000083400    0.0000160600
  -0.0037764000   -0.0004012100    0.0025190500
  -0.0007125900    0.0007176600    0.0002876600
  -0.0000120700   -0.0000076700    0.0000033400
   0.0001813900   -0.0000848700   -0.0000171200
  -0.0000138000   -0.0000077000   -0.0000043800
  -0.0000011700    0.0000004200   -0.0000004200
   0.0000168700    0.0000148900    0.0000020300
  -0.0002529000    0.0001861600   -0.0001030100
   0.0000094500   -0.0000045000   -0.0000081200
  -0.0018680900   -0.0026159600    0.0002144700
  -0.0022614900   -0.0021943000   -0.0008449600
   0.0000077900   -0.0000108200   -0.0000053700
  -0.0002483700    0.0001147900    0.0000422600
   0.0000080100   -0.0000466800   -0.0000030300
  -0.0000080400   -0.0000194000    0.0000176400
   0.0000095700   -0.0000365900   -0.0000011900
  -0.0014135400    0.0027174300    0.0003859400
  -0.0001166200    0.0000300000    0.0000477700
   0.0001862800    0.0001977600    0.0000343300
  -0.0001085700   -0.0001359500    0.0000095900
   0.0000182700    0.0001129900   -0.0000286500
   0.0000071300   -0.0000129900   -0.0000004600
   0.0001667500    0.0000281100   -0.0000310300
   0.0000039300   -0.0000054500   -0.0000016500
  -0.0002659600   -0.0000600700   -0.0000334700
   0.0023787600   -0.0007295400    0.0016867900
  -0.0000141000   -0.0000131600    0.0000179500
  -0.0000354100   -0.0000561000   -0.0000476100
  -0.0001860900   -0.0019755500   -0.0015284800
  -0.0000220500   -0.0000512300    0.0000180000
   0.0000186600    0.0000121500    0.0000032200
  -0.0000036700   -0.0000002800    0.0000017600
   0.0000146400    0.0000111500   -0.0000205900
  -0.0000091400   -0.0000121300    0.0000058300

64   
 -0.0000013646000093   0.0000007880778984   0.0099999998758400
  -0.0289292000    0.0163809000    0.0439027300
  -0.0000699900   -0.0000842000    0.0007474400
   0.0000280400   -0.0000633000   -0.0000037100
   0.0000606700   -0.0000095500    0.0000107700
   0.0000148000   -0.0000469900   -0.0000156300
  -0.0000171300    0.0000117700    0.0000019800
   0.0000738800    0.0002122300    0.0007612600
  -0.0000219800    0.0000042300    0.0000001600
   0.0000695600    0.0000091900   -0.0000576500
   0.0004043400   -0.0003736800    0.0024360100
  -0.0000032800    0.0000170600    0.0000047000
  -0.0006656300   -0.0006399500    0.0022979700
   0.0001212600    0.0006209700    0.0017104800
   0.0000521900    0.0000041900    0.0000923500
  -0.0000225800    0.0000125200    0.0000943300
  -0.0000165100   -0.0000002600    0.0000142700
   0.0000012500    0.0000038200    0.0000178500
   0.0000239000   -0.0000111000    0.0000378700
   0.0282627800    0.0152984400    0.0441240000
  -0.0000185300   -0.0000742500    0.0000083900
   0.0001062500   -0.0001173300    0.0006845400
  -0.0000056700   -0.0001033800   -0.0000485000
  -0.0000720600   -0.0000250400    0.0000139800
   0.0000208100    0.0000077000    0.0000030200
  -0.0001190800    0.0000342100   -0.0000860000
   0.0000171100    0.0000085600   -0.0000022800
  -0.0001222800   -0.0001109400    0.0008891600
   0.0005074000   -0.0364985700    0.0450852300
  -0.0000567100    0.0001234400   -0.0000953800
   0.0000566300    0.0000927300   -0.0000886800
   0.0001928700   -0.0001185100    0.0007081200
   0.0000791300    0.0000553600    0.0009001900
   0.0000024500   -0.0000152700    0.0000069800
   0.0000429600    0.0000537000   -0.0000103400
  -0.0000002600   -0.0000111400   -0.0000101200
  -0.0000324200    0.0000763900   -0.0000171400
  -0.0007102600    0.0013260200   -0.0032301900
  -0.0000049400    0.0000084300   -0.0000122800
  -0.0000271500    0.0000047200    0.0000173800
   0.0008451300   -0.0008194500   -0.0033762600
   0.0000341500    0.0000907400    0.0000627200
  -0.0000006700    0.0000168800   -0.0000314900
  -0.0000146400   -0.0000116900    0.0000080400
   0.0000022400   -0.0000086800   -0.0000209200
   0.0000056500   -0.0000143000   -0.0000205600
   0.0012757100   -0.0009499100    0.0002174400
  -0.0000009600    0.0000051400    0.0000096400
  -0.0014304200   -0.0010910100    0.0004244000
   0.0000183100    0.0000331400   -0.0002606600
   0.0000142400   -0.0000010400    0.0000065700
  -0.0000170800   -0.0000033600    0.0000036700
   0.0000088800   -0.0000050200    0.0000180100
  -0.0000072300   -0.0000028600    0.0000149100
   0.0000107800   -0.0000558000   -0.0003039400
  -0.0013076400    0.0000542100   -0.0036230900
  -0.0000017500    0.0000209400    0.0000068200
   0.0011486300   -0.0000957000   -0.0033297200
  -0.0000092200    0.0000234700    0.0000555700
   0.0000143400   -0.0000126200   -0.0000304000
  -0.0000197900   -0.0000140100   -0.0000360600
  -0.0000052900    0.0000008600   -0.0000254700
   0.0000051400    0.0000012400   -0.0000246400
  -0.0000625000   -0.0001330000    0.0000477600
   0.0013150600    0.0027859300   -0.1424072400
  -0.0000452600    0.0000560900   -0.0002796500
   0.0000215200    0.0000549600   -0.0002797800
  -0.0000463200   -0.0000862400   -0.0002712900
   0.0000070500   -0.0000969800   -0.0003003100
   0.0000004300   -0.0000025000    0.0000092000
  -0.0000494300   -0.0000331900   -0.0002716700
   0.0000019400    0.0000009800    0.0000091300
   0.0000268300   -0.0000082500   -0.0003006200
   0.0000002300   -0.0000038300   -0.0003259500
  -0.0000023200   -0.0000045700    0.0000112500
  -0.0026810800   -0.0008611400    0.0005904700
  -0.0003922600    0.0022421700    0.0004081900
   0.0000065400    0.0000136400    0.0000011800
  -0.0000866200    0.0001201500   -0.0002781100
  -0.0000024500   -0.0000020200    0.0000032900
  -0.0000027100   -0.0000005600    0.0000112200
  -0.0000111200   -0.0000134000    0.0000123500
   0.0000414000   -0.0000112300    0.0000266700
  -0.0000009200    0.0000058400   -0.0000240300
   0.0002237100    0.0010523900   -0.0033454300
  -0.0008414700   -0.0003485100   -0.0038481900
  -0.0000031500    0.0000136700   -0.0000332000
  -0.0000990500    0.0000634500    0.0000288100
  -0.0000050800   -0.0000019900   -0.0000326300
   0.0000177000   -0.0000140600    0.0000045200
  -0.0000081700   -0.0000140900   -0.0000245800
   0.0000025100    0.0004868200    0.0197997600
  -0.0000135100    0.0000621300    0.0000627400
   0.0000365600    0.0000655800    0.0000549900
  -0.0000564900   -0.0000418700    0.0000331000
   0.0000423700   -0.0000494000   -0.0000186000
  -0.0000003300   -0.0000019900   -0.0000045000
  -0.0000363300   -0.0000329100    0.0000303400
   0.0000020000    0.0000007000   -0.0000029800
   0.0000521600    0.0000049400   -0.0000263100
   0.0024169100   -0.0008676400    0.0004311200
   0.0000067600   -0.0000036300    0.0000110100
   0.0000412800    0.0000066000   -0.0003329300
   0.0002996900    0.0022651200    0.0004595800
   0.0000845900    0.0001060000   -0.0003033400
  -0.0000067800    0.0000164900    0.0000019100
  -0.0000008700   -0.0000012800    0.0000088000
   0.0000048200   -0.0000006900    0.0000022400
   0.0000109700   -0.0000129500    0.0000138200

64   
  0.0000013646000093  -0.0000007880778984  -0.0099999998758400
   0.0279660300   -0.0158333100   -0.0431104000
   0.0001113000    0.0000813200   -0.0007368400
  -0.0000269900    0.0000628600    0.0000066200
  -0.0000600300    0.0000085800   -0.0000081500
  -0.0000127400    0.0000449300    0.0000156500
   0.0000161400   -0.0000114100   -0.0000017900
  -0.0000481200   -0.0002472800   -0.0007542600
   0.0000219900   -0.0000043900   -0.0000001700
  -0.0000661200   -0.0000106700    0.0000578200
  -0.0004365900    0.0003950400   -0.0024320900
   0.0000032000   -0.0000167000   -0.0000042000
   0.0006973100    0.0006634600   -0.0022923600
  -0.0001231300   -0.0006602500   -0.0017082300
  -0.0000516800   -0.0000037700   -0.0000890300
   0.0000223400   -0.0000122200   -0.0000901400
   0.0000162600    0.0000002600   -0.0000136500
  -0.0000010300   -0.0000038700   -0.0000171600
  -0.0000239100    0.0000108500   -0.0000348600
  -0.0273272900   -0.0147489200   -0.0433432200
   0.0000176000    0.0000739100   -0.0000056300
  -0.0001502400    0.0001147500   -0.0006738400
   0.0000026400    0.0001019700    0.0000482500
   0.0000712500    0.0000236100   -0.0000122000
  -0.0000199500   -0.0000073400   -0.0000027100
   0.0001148500   -0.0000358900    0.0000866600
  -0.0000170800   -0.0000086600    0.0000023100
   0.0000980700    0.0000755000   -0.0008819400
  -0.0005237500    0.0352263000   -0.0442351700
   0.0000564000   -0.0001185000    0.0000944700
  -0.0000572400   -0.0000880300    0.0000870800
  -0.0002137600    0.0001558400   -0.0007015900
  -0.0000588500   -0.0000214700   -0.0008937500
  -0.0000024400    0.0000145600   -0.0000066900
  -0.0000437500   -0.0000524400    0.0000125900
   0.0000001300    0.0000114200    0.0000100200
   0.0000334500   -0.0000747400    0.0000187700
   0.0006895400   -0.0013034500    0.0032038500
   0.0000044700   -0.0000085100    0.0000120100
   0.0000283400   -0.0000032800   -0.0000224100
  -0.0008410200    0.0008048400    0.0033411600
  -0.0000388500   -0.0000924400   -0.0000629500
   0.0000009700   -0.0000166400    0.0000300500
   0.0000144400    0.0000116400   -0.0000089000
  -0.0000027400    0.0000082600    0.0000203600
  -0.0000053600    0.0000146100    0.0000195400
  -0.0012901300    0.0009654900   -0.0002149700
   0.0000009300   -0.0000051700   -0.0000101200
   0.0014447900    0.0011075800   -0.0004219000
  -0.0000180700   -0.0000268500    0.0002634900
  -0.0000137800    0.0000011900   -0.0000069400
   0.0000166600    0.0000035200   -0.0000041500
  -0.0000088100    0.0000051100   -0.0000181700
   0.0000070000    0.0000028700   -0.0000150900
  -0.0000121100    0.0000565600    0.0003014400
   0.0012860600   -0.0000500400    0.0035824700
   0.0000017900   -0.0000206100   -0.0000079600
  -0.0011279600    0.0001036600    0.0032932300
   0.0000088400   -0.0000253000   -0.0000611300
  -0.0000141300    0.0000120400    0.0000290900
   0.0000196300    0.0000134100    0.0000345800
   0.0000050900   -0.0000004900    0.0000249600
  -0.0000050300   -0.0000006600    0.0000240200
   0.0000628900    0.0001382100   -0.0000486000
  -0.0012682600   -0.0026614200    0.1397513100
   0.0000402800   -0.0000565100    0.0002737500
  -0.0000164000   -0.0000555700    0.0002735700
   0.0000493400    0.0000819900    0.0002659300
  -0.0000092700    0.0000947600    0.0002951900
  -0.0000003900    0.0000024400   -0.0000097700
   0.0000476700    0.0000372500    0.0002656200
  -0.0000019400   -0.0000009400   -0.0000098300
  -0.0000264600    0.0000110300    0.0002948700
   0.0000050900    0.0000010100    0.0003266300
   0.0000024100    0.0000044700   -0.0000115000
   0.0027032600    0.0008628900   -0.0005836000
   0.0003963400   -0.0022567600   -0.0004033100
  -0.0000061200   -0.0000135400   -0.0000018200
   0.0000860900   -0.0001198100    0.0002735200
   0.0000025900    0.0000019800   -0.0000035100
   0.0000024100    0.0000007100   -0.0000115100
   0.0000111800    0.0000129500   -0.0000128100
  -0.0000422500    0.0000120900   -0.0000315600
   0.0000014800   -0.0000059600    0.0000239000
  -0.0002062800   -0.0010430700    0.0033180000
   0.0008443900    0.0003451800    0.0038110300
   0.0000028100   -0.0000135300    0.0000318000
   0.0001052800   -0.0000651900   -0.0000294300
   0.0000054300    0.0000014700    0.0000323700
  -0.0000174700    0.0000140400   -0.0000054900
   0.0000079000    0.0000143800    0.0000233600
  -0.0000032300   -0.0004783800   -0.0194051000
   0.0000123600   -0.0000630700   -0.0000608300
  -0.0000352200   -0.0000666400   -0.0000530000
   0.0000575400    0.0000418600   -0.0000323300
  -0.0000431500    0.0000484600    0.0000193800
   0.0000003700    0.0000020000    0.0000040300
   0.0000370100    0.0000335800   -0.0000291600
  -0.0000020100   -0.0000006500    0.0000025800
  -0.0000522000   -0.0000039100    0.0000275300
  -0.0024371400    0.0008689400   -0.0004241700
  -0.0000069100    0.0000035900   -0.0000113500
  -0.0000460000   -0.0000094400    0.0003329000
  -0.0003047200   -0.0022775900   -0.0004540700
  -0.0000853600   -0.0001042600    0.0002986600
   0.0000064000   -0.0000162700   -0.0000027500
   0.0000011600    0.0000014300   -0.0000092200
  -0.0000049100    0.0000007300   -0.0000026800
  -0.0000109200    0.0000124900   -0.0000142600

73   
  0.0100000000000000   0.0000000000000000   0.0000000000000000
  -0.0000693500    0.0000152300    0.0000085800
  -0.0040545400   -0.0000793900   -0.0001350500
  -0.0000915500   -0.0000164000    0.0000203700
  -0.0000316300    0.0000033500    0.0000175800
  -0.0000277300    0.0000017500    0.0000252400
  -0.0000236700   -0.0000044800   -0.0000334200
   0.0001406800    0.0023837400    0.0016798200
   0.0007074700   -0.0024982100   -0.0014974800
  -0.0000294900   -0.0000052400    0.0000010600
   0.0400723400   -0.0136584600    0.0278374000
   0.0006493600    0.0001610600   -0.0002208100
   0.0000460300   -0.0000068800    0.0000029900
   0.0000349800   -0.0000316100   -0.0000010200
   0.0000809400    0.0001448800   -0.0001285200
  -0.0000007000   -0.0000178800    0.0000214700
   0.0006594900   -0.0012000900   -0.0001287100
  -0.0000270500    0.0000005200    0.0000226100
  -0.0001087200   -0.0001555800    0.0000252500
   0.0000376900    0.0004867500    0.0002566100
   0.0000295600   -0.0003435700   -0.0001342400
  -0.0000323800   -0.0000003600    0.0000008700
  -0.0000304400   -0.0000205000   -0.0000247300
  -0.0000186800    0.0000028100   -0.0000036700
   0.0000181000    0.0000153900    0.0000162500
   0.0159811200   -0.0003162200   -0.0003952600
  -0.0000462700    0.0000694000   -0.0001435500
  -0.0000840900   -0.0000335400    0.0001306000
   0.0004595300   -0.0002913600    0.0004198900
   0.0429004200    0.0153798900   -0.0295841300
   0.0001066500    0.0000105900   -0.0000094900
   0.0000049500    0.0000168500   -0.0000231900
   0.0000251500   -0.0001124100    0.0001237300
   0.0000233400    0.0000713800    0.0000217400
   0.0004494300    0.0009486700    0.0002150900
  -0.0000794000    0.0001084600   -0.0001020900
  -0.0000155100    0.0000009200   -0.0000229400
   0.0012461400    0.0008500200    0.0018254200
   0.0014576000   -0.0013049400   -0.0020201700
  -0.0000008600    0.0000014200    0.0000003700
  -0.0000094800   -0.0000166700   -0.0000018200
  -0.0000064600    0.0000735300    0.0000109400
  -0.0000027800    0.0000073800   -0.0000076800
  -0.0000425100    0.0000457100   -0.0000180300
   0.0000033200    0.0000232100   -0.0000105600
  -0.0000015800   -0.0000212000    0.0000144800
   0.0010111800   -0.0032572100    0.0002984700
  -0.0002238400   -0.0000812200    0.0000126900
   0.0000273300   -0.0000135500   -0.0000025100
   0.0000242200   -0.0000151900    0.0000192800
   0.0000161300    0.0000003200   -0.0000020400
  -0.0000070300    0.0000004500   -0.0000037700
   0.0008015200   -0.0039054600   -0.0006828600
   0.0000405500   -0.0000090400   -0.0000006700
  -0.0001358600   -0.0000512500   -0.0001021700
  -0.0005601500   -0.0025667800    0.0023031400
   0.0000348300    0.0000144000   -0.0000045100
   0.0000024600    0.0000129300    0.0000036700
  -0.0000031800   -0.0000037000    0.0000023500
   0.0000088600    0.0000236000    0.0000082000
  -0.0000129100   -0.0000167600    0.0000000900
  -0.0012838700    0.0000840500    0.0006343500
   0.0000006600   -0.0000170400   -0.0000071200
   0.0000825100    0.0000507900    0.0000000500
   0.0001286300   -0.0001074100   -0.0000049800
  -0.0010496600    0.0037541400   -0.0027114300
  -0.0000099900   -0.0000165100   -0.0000024100
  -0.0000051300    0.0000134500   -0.0000026200
   0.0000050100   -0.0000166500   -0.0000110400
  -0.0000030000   -0.0000003800   -0.0000025800
  -0.0011279700    0.0001723300   -0.0003836600
   0.0001428100   -0.0001277400   -0.0000892400
  -0.0000045600    0.0000108100    0.0000063900
  -0.1094341700   -0.0010520200    0.0031272200
  -0.0000186200   -0.0000036000   -0.0000626000
  -0.0000177900    0.0000121600    0.0000141500
  -0.0000046800    0.0000433900    0.0000538800
   0.0000291100   -0.0000153800   -0.0000740200
   0.0000052100   -0.0000018100    0.0000006700
  -0.0000045700    0.0000733200    0.0000298900
   0.0000052600   -0.0000018500   -0.0000019900
   0.0000291000   -0.0000253900   -0.0000137100
  -0.0030603900   -0.0001419300   -0.0003807100
   0.0000629600   -0.0001644100    0.0000077300
   0.0000594400    0.0001630300    0.0000102900
  -0.0000824400   -0.0002351400   -0.0000603200
  -0.0000903300    0.0002355600    0.0000636300
   0.0000066700    0.0000000700    0.0000003600
  -0.0000798200    0.0001087500   -0.0000389000
   0.0000148600    0.0000008900    0.0000014900
  -0.0000794800   -0.0000910500    0.0000224700
  -0.0002165300    0.0001420800   -0.0000340700
   0.0012620500    0.0032143200   -0.0004141900
   0.0000248200    0.0000081000   -0.0000018200
   0.0000082500   -0.0000069300    0.0000016200
   0.0000102000   -0.0000000900    0.0000023300
   0.0000162000    0.0000099800   -0.0000201600
   0.0007281700    0.0032797400    0.0009364500
  -0.0002503100    0.0001271500    0.0000646500
   0.0000338800    0.0000077900   -0.0000002700
   0.0055582400   -0.0004867000    0.0009005400
   0.0071380600    0.0001930900   -0.0013778800
   0.0000291400   -0.0000020000    0.0000017000
   0.0000283200   -0.0000158400    0.0000019700
   0.0000254800   -0.0000390300   -0.0000629500
   0.0000240200    0.0000163400   -0.0000084200
  -0.0000281800    0.0000186700   -0.0000179200
   0.0000321900   -0.0000048900    0.0000068800
   0.0000366400    0.0000143100   -0.0000048200

73   
 -0.0100000000000000   0.0000000000000000   0.0000000000000000
   0.0000703900   -0.0000165100   -0.0000064000
   0.0040631600    0.0001211600    0.0001521700
   0.0000911300    0.0000153900   -0.0000188300
   0.0000317800   -0.0000048300   -0.0000175100
   0.0000281200   -0.0000014800   -0.0000247100
   0.0000238600    0.0000050100    0.0000342100
  -0.0001709900   -0.0024211300   -0.0016853500
  -0.0006656600    0.0024654000    0.0014993000
   0.0000297900    0.0000057600   -0.0000006200
  -0.0409837900    0.0141331400   -0.0288629100
  -0.0006134600   -0.0001546100    0.0002278100
  -0.0000478500    0.0000089200   -0.0000027400
  -0.0000365600    0.0000312000    0.0000018100
  -0.0000825200   -0.0001428900    0.0001298400
   0.0000006700    0.0000174500   -0.0000211300
  -0.0006484600    0.0011914500    0.0001197100
   0.0000273400   -0.0000006200   -0.0000224400
   0.0001092700    0.0001572700   -0.0000262800
  -0.0000490300   -0.0004894300   -0.0002564900
  -0.0000186900    0.0003405800    0.0001342100
   0.0000325700    0.0000002800   -0.0000005100
   0.0000311600    0.0000195700    0.0000245700
   0.0000187200   -0.0000024400    0.0000042400
  -0.0000182600   -0.0000161100   -0.0000164100
  -0.0160055600    0.0004596800    0.0004432500
   0.0000460400   -0.0000707800    0.0001419400
   0.0000854100    0.0000320500   -0.0001318800
  -0.0004902400    0.0002991700   -0.0004140900
  -0.0419408400   -0.0148253700    0.0284648900
  -0.0001038100   -0.0000084000    0.0000093700
  -0.0000047200   -0.0000167600    0.0000236900
  -0.0000222700    0.0001139200   -0.0001243400
  -0.0000217200   -0.0000710300   -0.0000208900
  -0.0004593700   -0.0009563200   -0.0002221800
   0.0000788200   -0.0001073100    0.0001003400
   0.0000156900   -0.0000012400    0.0000230500
  -0.0012434900   -0.0008338800   -0.0018349900
  -0.0014596400    0.0013163200    0.0020081000
   0.0000008200   -0.0000014500   -0.0000004000
   0.0000098300    0.0000172800    0.0000019000
   0.0000058200   -0.0000791400   -0.0000149800
   0.0000028800   -0.0000069100    0.0000077400
   0.0000426600   -0.0000442200    0.0000164500
  -0.0000034300   -0.0000227100    0.0000107500
   0.0000018900    0.0000215400   -0.0000144000
  -0.0010072300    0.0032976800   -0.0003029700
   0.0002182400    0.0000804300   -0.0000135700
  -0.0000276800    0.0000136000    0.0000022100
  -0.0000238600    0.0000154800   -0.0000193900
  -0.0000160000   -0.0000001000    0.0000021100
   0.0000069900   -0.0000003300    0.0000038400
  -0.0008162100    0.0038912900    0.0006938400
  -0.0000400900    0.0000085700    0.0000009100
   0.0001374600    0.0000531300    0.0001036800
   0.0005820200    0.0026334600   -0.0023406400
  -0.0000403400   -0.0000146400    0.0000007400
  -0.0000022700   -0.0000134700   -0.0000037700
   0.0000034900    0.0000038300   -0.0000025100
  -0.0000091000   -0.0000244200   -0.0000080800
   0.0000133200    0.0000176200   -0.0000002400
   0.0012750200   -0.0000828100   -0.0006246700
  -0.0000011700    0.0000165500    0.0000072600
  -0.0000839200   -0.0000515600   -0.0000041400
  -0.0001233200    0.0001085500   -0.0000001900
   0.0010212200   -0.0036723400    0.0026742900
   0.0000099200    0.0000159500    0.0000023500
   0.0000051000   -0.0000128900    0.0000024300
  -0.0000047400    0.0000161500    0.0000112900
   0.0000030500    0.0000002900    0.0000025300
   0.0011471900   -0.0001711100    0.0004051000
  -0.0001407700    0.0001253400    0.0000835200
   0.0000050500   -0.0000110500   -0.0000062200
   0.1093415300   -0.0003169300   -0.0009494700
   0.0000175100    0.0000039100    0.0000574500
   0.0000183500   -0.0000118700   -0.0000191200
   0.0000042100   -0.0000409800   -0.0000565500
  -0.0000285500    0.0000177100    0.0000713100
  -0.0000051200    0.0000020100   -0.0000007500
   0.0000043100   -0.0000719000   -0.0000294000
  -0.0000050700    0.0000015900    0.0000022500
  -0.0000285700    0.0000263600    0.0000136900
   0.0030643800    0.0001440300    0.0004529500
  -0.0000632400    0.0001622100   -0.0000078400
  -0.0000592100   -0.0001654800   -0.0000106600
   0.0000848800    0.0002364100    0.0000610400
   0.0000887700   -0.0002345900   -0.0000638200
  -0.0000065900    0.0000000700   -0.0000004600
   0.0000784700   -0.0001094000    0.0000398200
  -0.0000147200   -0.0000009900   -0.0000016100
   0.0000813500    0.0000906700   -0.0000220300
   0.0002226500   -0.0001438200    0.0000324300
  -0.0012650500   -0.0031838000    0.0004086500
  -0.0000244000   -0.0000079500    0.0000017100
  -0.0000079600    0.0000069600   -0.0000015000
  -0.0000100200    0.0000006000   -0.0000020400
  -0.0000164000   -0.0000098800    0.0000199400
  -0.0007197000   -0.0032977500   -0.0009347900
   0.0002485500   -0.0001242800   -0.0000638300
  -0.0000340900   -0.0000081800    0.0000003700
  -0.0057138700    0.0004926500   -0.0009317900
  -0.0069540600   -0.0001942800    0.0013446700
  -0.0000290600    0.0000013600   -0.0000020800
  -0.0000284500    0.0000163200   -0.0000023200
  -0.0000257800    0.0000406700    0.0000606400
  -0.0000236900   -0.0000160500    0.0000082000
   0.0000282700   -0.0000161100    0.0000192600
  -0.0000319600    0.0000049200   -0.0000073200
  -0.0000365400   -0.0000143500    0.0000044400

73   
 -0.0049978512875452   0.0086614942421953   0.0000000000000000
   0.0000629300   -0.0000470200    0.0000032600
   0.0021556600    0.0018065000   -0.0014462800
   0.0000194100   -0.0000327400   -0.0000077600
   0.0000198500   -0.0000758000    0.0000091600
   0.0000158500   -0.0000344600   -0.0000008000
  -0.0000025000   -0.0000353800    0.0000344100
   0.0020132100   -0.0034790100    0.0000547300
  -0.0026523800   -0.0007509300    0.0014136100
   0.0000190800   -0.0000066200   -0.0000273000
  -0.0334920300    0.0287232500   -0.0292625900
  -0.0009370200    0.0000972900    0.0000976000
  -0.0000218100   -0.0000014200    0.0000095500
  -0.0000696200    0.0000176700   -0.0000242900
  -0.0000449000   -0.0002031200   -0.0000186200
  -0.0000173400   -0.0000102900   -0.0000167200
  -0.0001938300    0.0009750200    0.0004516000
   0.0000209800   -0.0000224300   -0.0000210500
   0.0000239200    0.0000928200    0.0001421700
  -0.0007208900    0.0006364100   -0.0004470100
   0.0003948400    0.0007934900   -0.0001750300
   0.0000172500    0.0000128200    0.0000239800
   0.0000108300    0.0000702600    0.0000273400
   0.0000121900   -0.0000313500    0.0000260500
   0.0000091600    0.0000203600   -0.0000212600
  -0.0082412000    0.0415382500    0.0281514400
   0.0002136800   -0.0000411700    0.0000303500
  -0.0001062200    0.0000042300   -0.0001072000
   0.0005641700    0.0002584300   -0.0002263400
  -0.0074029800    0.0134982900    0.0001433300
  -0.0000202500   -0.0000405800    0.0000128700
   0.0000139300   -0.0000222700    0.0000037000
  -0.0000091600   -0.0000002500   -0.0002113400
   0.0000300700    0.0000091600   -0.0000157200
  -0.0004477400   -0.0003795900    0.0002683100
   0.0000306200   -0.0000128100    0.0002370400
   0.0000032800   -0.0000074000    0.0000053000
  -0.0016645000   -0.0019948700   -0.0023737600
   0.0007158000   -0.0010550800   -0.0007349000
  -0.0000015200   -0.0000048900   -0.0000030700
   0.0000179200    0.0000094200   -0.0000019300
  -0.0000325800    0.0001156000   -0.0000837600
  -0.0000103100   -0.0000101400   -0.0000002000
  -0.0000312900    0.0000928100   -0.0000332900
  -0.0000093000   -0.0000116700   -0.0000008800
   0.0000167800    0.0000170200   -0.0000122000
  -0.0039587000    0.0060787500   -0.0009524000
   0.0000525200   -0.0000583200    0.0000056600
  -0.0000322800    0.0000145800   -0.0000010800
  -0.0000274000    0.0000467800   -0.0000011700
  -0.0000027800    0.0000399800   -0.0000018800
   0.0000076800    0.0000297100    0.0000018900
  -0.0031616700    0.0062338800    0.0009836700
  -0.0000327800    0.0000136100   -0.0000025000
   0.0000335100   -0.0000703700    0.0000016900
  -0.0001500000    0.0012558300   -0.0016498100
   0.0000397400   -0.0000148300    0.0000074400
  -0.0000267400   -0.0000143000   -0.0000042900
   0.0000009800    0.0000039200   -0.0000000900
  -0.0000245600   -0.0000049100   -0.0000167400
   0.0000242300    0.0000201500    0.0000057900
  -0.0012809700    0.0006768000    0.0015087900
   0.0000106700    0.0000171900    0.0000138400
   0.0000424000    0.0000414300    0.0000343900
  -0.0001045200    0.0001116200   -0.0000032500
   0.0006270300   -0.0014066500    0.0006079800
   0.0000177100    0.0000071700   -0.0000027800
  -0.0000176700   -0.0000106200   -0.0000005500
   0.0000152200    0.0000035100   -0.0000057600
   0.0000023400    0.0000003100    0.0000006900
   0.0029510800    0.0005818700    0.0021315500
  -0.0001064100    0.0001249200    0.0001439700
  -0.0000121400   -0.0000063900    0.0000086600
   0.0549222300   -0.0944591200    0.0013640300
   0.0000192100    0.0000182200   -0.0000105800
   0.0000047500    0.0000100400   -0.0000253700
   0.0000660000   -0.0000847200   -0.0000220200
  -0.0000370800    0.0000065700    0.0000196000
  -0.0000041200    0.0000077200   -0.0000007200
   0.0000378700   -0.0000968600    0.0000328400
  -0.0000040800    0.0000077500    0.0000007900
  -0.0000296800    0.0000106200    0.0000324100
   0.0014170100   -0.0023531300    0.0000398400
   0.0001094600   -0.0000303100    0.0000574800
  -0.0001660200   -0.0001954700    0.0000365300
   0.0001175200    0.0001399300    0.0000130300
  -0.0000173400   -0.0000992700   -0.0000425000
  -0.0000038900    0.0000066900   -0.0000020700
  -0.0001857900   -0.0000222700   -0.0000356500
  -0.0000070700    0.0000094800    0.0000002900
   0.0002644300    0.0000774300   -0.0000523900
   0.0002056200   -0.0001728300    0.0000212500
   0.0024372800    0.0028561900   -0.0007457300
   0.0000000300    0.0000115900   -0.0000038900
  -0.0000052600    0.0000358000   -0.0000029300
   0.0000001200    0.0000286600    0.0000050100
  -0.0000009300    0.0000184300    0.0000220300
   0.0016901400    0.0018116100   -0.0001098300
   0.0002018300   -0.0001362500   -0.0001188900
  -0.0000053800    0.0000061200   -0.0000087000
  -0.0024046000   -0.0004819900   -0.0000018600
  -0.0037112100   -0.0007105000    0.0007754500
  -0.0000130700    0.0000156900   -0.0000222800
  -0.0000285300    0.0000259800   -0.0000014500
  -0.0000306300   -0.0002174000    0.0001124900
  -0.0000052100    0.0000034300    0.0000027400
   0.0000452400   -0.0002664800   -0.0000170500
  -0.0000266600    0.0000138800   -0.0000051700
  -0.0000107900    0.0000113800    0.0000070000

73   
  0.0049978512875452  -0.0086614942421953   0.0000000000000000
  -0.0000618100    0.0000463900   -0.0000010500
  -0.0021328900   -0.0017545500    0.0014399800
  -0.0000183500    0.0000333200    0.0000076100
  -0.0000198200    0.0000769100   -0.0000068800
  -0.0000161900    0.0000341300    0.0000013300
   0.0000020300    0.0000350900   -0.0000336500
  -0.0020506700    0.0034563400   -0.0000394500
   0.0027080100    0.0007400300   -0.0014146200
  -0.0000193500    0.0000061400    0.0000278600
   0.0326033000   -0.0281696500    0.0282285500
   0.0009478000   -0.0001033000   -0.0001052700
   0.0000209600    0.0000031100   -0.0000082900
   0.0000663000   -0.0000173600    0.0000236100
   0.0000441000    0.0002014700    0.0000179600
   0.0000177100    0.0000106900    0.0000170900
   0.0002071600   -0.0010217700   -0.0004549600
  -0.0000210300    0.0000222000    0.0000213000
  -0.0000261600   -0.0000925900   -0.0001406400
   0.0006891100   -0.0006022600    0.0004442300
  -0.0003942100   -0.0007826200    0.0001677100
  -0.0000168200   -0.0000126300   -0.0000234900
  -0.0000123700   -0.0000733900   -0.0000278400
  -0.0000123000    0.0000313700   -0.0000257700
  -0.0000078800   -0.0000222400    0.0000226400
   0.0082741500   -0.0425722100   -0.0291655000
  -0.0002153100    0.0000414300   -0.0000313500
   0.0001052700   -0.0000071600    0.0001074100
  -0.0005618400   -0.0002535100    0.0002277700
   0.0072506800   -0.0135712100   -0.0000732000
   0.0000209700    0.0000407000   -0.0000130300
  -0.0000137300    0.0000222900   -0.0000031900
   0.0000110200    0.0000012000    0.0002083200
  -0.0000296600   -0.0000089100    0.0000156900
   0.0004531000    0.0003801300   -0.0002689700
  -0.0000288400    0.0000148900   -0.0002403300
  -0.0000034700    0.0000073300   -0.0000047500
   0.0016185900    0.0019399100    0.0023371600
  -0.0007214000    0.0010634900    0.0007476000
   0.0000017400    0.0000047900    0.0000029200
  -0.0000171500   -0.0000092600    0.0000019200
   0.0000315400   -0.0001135000    0.0000790500
   0.0000099600    0.0000096600    0.0000001100
   0.0000313200   -0.0000879600    0.0000293800
   0.0000093600    0.0000122900    0.0000011400
  -0.0000161700   -0.0000163600    0.0000123400
   0.0038668000   -0.0059203300    0.0009411100
  -0.0000541200    0.0000575400   -0.0000030700
   0.0000317700   -0.0000149500    0.0000008000
   0.0000283600   -0.0000462400    0.0000014000
   0.0000029800   -0.0000397800    0.0000013700
  -0.0000082600   -0.0000299600   -0.0000022500
   0.0032527100   -0.0063881600   -0.0009964800
   0.0000331300   -0.0000135300    0.0000020500
  -0.0000346000    0.0000695900   -0.0000034700
   0.0001356400   -0.0012706300    0.0016381900
  -0.0000410200    0.0000139900   -0.0000093100
   0.0000262500    0.0000136500    0.0000043100
  -0.0000008500   -0.0000038700   -0.0000000400
   0.0000243100    0.0000045400    0.0000167600
  -0.0000249200   -0.0000202900   -0.0000057900
   0.0012650700   -0.0006800200   -0.0015209100
  -0.0000110800   -0.0000171700   -0.0000138100
  -0.0000371900   -0.0000375400   -0.0000384400
   0.0001078900   -0.0001129900   -0.0000013800
  -0.0006205600    0.0013919500   -0.0005899500
  -0.0000181400   -0.0000073600    0.0000027100
   0.0000183600    0.0000111900    0.0000004200
  -0.0000147400   -0.0000037200    0.0000059200
  -0.0000022800   -0.0000001100   -0.0000007600
  -0.0030328600   -0.0005927300   -0.0021604100
   0.0001080400   -0.0001269700   -0.0001502300
   0.0000127400    0.0000066000   -0.0000085600
  -0.0537817700    0.0950969200    0.0006648600
  -0.0000198400   -0.0000186700    0.0000108100
  -0.0000069600   -0.0000110700    0.0000232800
  -0.0000640700    0.0000817600    0.0000176500
   0.0000365600   -0.0000068500   -0.0000195200
   0.0000040100   -0.0000078000    0.0000006000
  -0.0000394900    0.0001000300   -0.0000375000
   0.0000044000   -0.0000075700   -0.0000004900
   0.0000277900   -0.0000121300   -0.0000345300
  -0.0014133200    0.0023526300    0.0000448800
  -0.0001094700    0.0000318400   -0.0000566000
   0.0001666500    0.0001934600   -0.0000367700
  -0.0001153700   -0.0001391300   -0.0000128200
   0.0000183500    0.0000978800    0.0000430100
   0.0000038100   -0.0000067900    0.0000019300
   0.0001874300    0.0000235700    0.0000361700
   0.0000073000   -0.0000094400   -0.0000004200
  -0.0002657500   -0.0000766500    0.0000519000
  -0.0002006900    0.0001687800   -0.0000234100
  -0.0024185900   -0.0028630600    0.0007476500
   0.0000001000   -0.0000116500    0.0000041000
   0.0000053400   -0.0000365100    0.0000026200
   0.0000002100   -0.0000280700   -0.0000048500
   0.0000007100   -0.0000182300   -0.0000223600
  -0.0017129400   -0.0018238900    0.0001060200
  -0.0002044200    0.0001363400    0.0001202800
   0.0000052400   -0.0000064400    0.0000088100
   0.0023833600    0.0004681600   -0.0000028400
   0.0037140900    0.0007291600   -0.0007733600
   0.0000131800   -0.0000159900    0.0000219000
   0.0000281200   -0.0000255800    0.0000010300
   0.0000288100    0.0002151400   -0.0001108600
   0.0000051800   -0.0000033700   -0.0000026900
  -0.0000462100    0.0002730300    0.0000147800
   0.0000274500   -0.0000139500    0.0000052700
   0.0000105200   -0.0000113400   -0.0000071300

73   
 -0.0000013646000093   0.0000007880778984   0.0099999998758400
   0.0000430400   -0.0000514900    0.0001078100
  -0.0002356500   -0.0004848400    0.0022585700
  -0.0000383300   -0.0000312300    0.0000504000
  -0.0000241000    0.0000538500    0.0000904500
   0.0000179800    0.0000042500    0.0000081200
  -0.0000010500    0.0000028500    0.0000205300
   0.0005226700    0.0003339800    0.0017324800
  -0.0006230600    0.0001645200    0.0024503800
   0.0000061700   -0.0000032900    0.0000153800
   0.0265918300   -0.0158541800    0.0430337100
  -0.0001809000   -0.0001076700    0.0009612500
  -0.0000609000    0.0000611800    0.0000127600
  -0.0000715700   -0.0000200800    0.0000032500
  -0.0000468300    0.0000825900   -0.0000533400
   0.0000121000   -0.0000104200   -0.0000013900
   0.0000096100   -0.0002191600    0.0008189900
   0.0000189000   -0.0000131800    0.0000026900
  -0.0000880300    0.0000104500   -0.0000430900
  -0.0000797600    0.0001090500    0.0007842500
  -0.0000714500   -0.0001007100    0.0010212400
  -0.0000041400    0.0000213600    0.0000025200
  -0.0000558500   -0.0000552600    0.0000044700
  -0.0000045700    0.0000124200    0.0000035200
   0.0000258400   -0.0000809500    0.0000101800
  -0.0008437900    0.0308238400    0.0431863100
   0.0000820200   -0.0000995900   -0.0000685800
  -0.0000770500   -0.0000751000   -0.0000322200
   0.0000454300   -0.0001790200    0.0009125100
  -0.0300529000   -0.0166937300    0.0443106100
   0.0000480600    0.0000733000   -0.0000062700
  -0.0000079100   -0.0000029800   -0.0000000700
   0.0000789600    0.0001283600   -0.0001120000
   0.0000794600    0.0000068900   -0.0000108400
  -0.0000141200   -0.0000071800    0.0010055900
   0.0001531300    0.0000310100   -0.0001214100
  -0.0000142500   -0.0000047500   -0.0000089000
   0.0014091900    0.0011116000    0.0004283400
  -0.0015273200    0.0013249800    0.0003421100
  -0.0000017700   -0.0000004700    0.0000128500
   0.0000133100    0.0000079100    0.0000022000
  -0.0000189300   -0.0000291500   -0.0002069800
  -0.0000122200    0.0000090100    0.0000132100
   0.0000428800    0.0001687800   -0.0003292300
  -0.0000089600    0.0000042100    0.0000192800
   0.0000009100    0.0000028300    0.0000115300
  -0.0005679800    0.0010522200   -0.0036160500
  -0.0001098900   -0.0000640700    0.0000318300
  -0.0000058100   -0.0000170200   -0.0000291500
   0.0000191100    0.0000132700    0.0000052800
   0.0000018600    0.0000045500   -0.0000228100
  -0.0000153900    0.0000071800   -0.0000279000
   0.0006386900   -0.0010738500   -0.0034845100
   0.0000035000   -0.0000011800   -0.0000219000
   0.0000468100    0.0000220200    0.0000381700
  -0.0001417300   -0.0016063200    0.0004229700
  -0.0000807600   -0.0000598700   -0.0003396400
   0.0000029800   -0.0000184300    0.0000046500
   0.0000046300    0.0000053900    0.0000093600
  -0.0000023300   -0.0000039700    0.0000130300
  -0.0000099700    0.0000144000    0.0000081300
  -0.0014680200    0.0007084400    0.0001943500
  -0.0000107100    0.0000016000    0.0000147900
   0.0000214400    0.0000398500   -0.0002123600
   0.0001697400   -0.0000540200   -0.0003240500
   0.0004971700   -0.0026134600    0.0005840000
   0.0000004000   -0.0000185000    0.0000114400
   0.0000120200    0.0000115100    0.0000035600
  -0.0000008400   -0.0000029400    0.0000124500
  -0.0000000700    0.0000005100    0.0000113400
   0.0021507800    0.0008946700    0.0004030700
  -0.0000079000    0.0000145600   -0.0002764000
   0.0000004100   -0.0000036400    0.0000014700
   0.0020161000    0.0015373400   -0.1388548700
   0.0000150800   -0.0000189200   -0.0003058200
  -0.0000583900   -0.0000473900   -0.0003060900
   0.0000313800    0.0000554400   -0.0002660400
  -0.0000149100    0.0000298000   -0.0003002500
  -0.0000021200   -0.0000004900    0.0000077200
   0.0000541500    0.0000113200   -0.0002659700
   0.0000006800   -0.0000003700    0.0000077700
  -0.0000722500   -0.0000177000   -0.0003005500
   0.0004206400    0.0001716400    0.0194032300
   0.0000094100   -0.0000339300    0.0000314700
  -0.0000298700   -0.0000511900    0.0000287100
   0.0000486800    0.0000395200    0.0000608500
  -0.0000284900    0.0000274900   -0.0000195000
  -0.0000016800   -0.0000007900   -0.0000027200
   0.0000346500    0.0000176100    0.0000530300
  -0.0000005200   -0.0000011100   -0.0000042300
  -0.0000333600    0.0000067600   -0.0000272600
   0.0001215500   -0.0000070700    0.0000127700
   0.0007461600    0.0008961000   -0.0036794700
  -0.0000051000   -0.0000053700   -0.0000170200
   0.0000086200    0.0000055000   -0.0000290100
   0.0000041100    0.0000040300   -0.0000176400
  -0.0000221800    0.0000102600    0.0000021700
   0.0001105500   -0.0010179700   -0.0037686700
  -0.0000228700    0.0000256400    0.0000150900
   0.0000030700   -0.0000002500   -0.0000296100
  -0.0007067500    0.0005184700   -0.0038054500
   0.0011000200    0.0001036400   -0.0036118200
  -0.0000025500   -0.0000254200    0.0000012200
   0.0000093600    0.0000062200   -0.0000335900
   0.0000245900   -0.0000254900    0.0000362100
  -0.0000107000   -0.0000019100   -0.0000189300
   0.0000606700    0.0001042700   -0.0000044300
   0.0000040000    0.0000025300   -0.0000178100
   0.0000039700    0.0000041500   -0.0000317700

73   
  0.0000013646000093  -0.0000007880778984  -0.0099999998758400
  -0.0000437500    0.0000520900   -0.0001125000
   0.0002307900    0.0004406500   -0.0022628400
   0.0000386100    0.0000316700   -0.0000539000
   0.0000240800   -0.0000546300   -0.0000949200
  -0.0000183800   -0.0000043100   -0.0000090300
   0.0000013000   -0.0000029900   -0.0000216000
  -0.0004891800   -0.0003153500   -0.0017395600
   0.0005853800   -0.0001496100   -0.0024574000
  -0.0000063500    0.0000036500   -0.0000163600
  -0.0275296800    0.0163894400   -0.0438076900
   0.0002242900    0.0001060500   -0.0009685900
   0.0000622500   -0.0000615500   -0.0000154500
   0.0000723200    0.0000197500   -0.0000065800
   0.0000490600   -0.0000854000    0.0000527200
  -0.0000129800    0.0000109400    0.0000007400
   0.0000141600    0.0001864000   -0.0008293900
  -0.0000188400    0.0000133200   -0.0000031500
   0.0000905500   -0.0000113600    0.0000432000
   0.0000599800   -0.0000715000   -0.0007973900
   0.0000911300    0.0001380900   -0.0010307600
   0.0000042900   -0.0000225000   -0.0000030400
   0.0000559400    0.0000563500   -0.0000078800
   0.0000046300   -0.0000122800   -0.0000038600
  -0.0000255200    0.0000824500   -0.0000127300
   0.0008359600   -0.0318992800   -0.0439529900
  -0.0000836300    0.0001040200    0.0000681700
   0.0000781800    0.0000786200    0.0000327600
  -0.0000874100    0.0001816600   -0.0009185500
   0.0311229700    0.0173155600   -0.0451343700
  -0.0000497100   -0.0000734000    0.0000040700
   0.0000085000    0.0000032500   -0.0000006100
  -0.0000828000   -0.0001309000    0.0001134300
  -0.0000803800   -0.0000083200    0.0000087600
  -0.0000055700   -0.0000264300   -0.0010116000
  -0.0001573600   -0.0000336300    0.0001223800
   0.0000140000    0.0000045900    0.0000085000
  -0.0013946800   -0.0011027200   -0.0004311400
   0.0015104300   -0.0013104100   -0.0003463700
   0.0000017000    0.0000003400   -0.0000127700
  -0.0000137100   -0.0000077800   -0.0000019100
   0.0000189000    0.0000362900    0.0002030200
   0.0000126700   -0.0000089000   -0.0000131700
  -0.0000447300   -0.0001708800    0.0003311000
   0.0000090200   -0.0000042000   -0.0000195200
  -0.0000012400   -0.0000029100   -0.0000117700
   0.0005748400   -0.0010730800    0.0036561100
   0.0001059400    0.0000621800   -0.0000317100
   0.0000060900    0.0000174100    0.0000300800
  -0.0000193700   -0.0000134300   -0.0000045200
  -0.0000021800   -0.0000050500    0.0000227100
   0.0000158200   -0.0000071000    0.0000288000
  -0.0006542500    0.0010915800    0.0035219700
  -0.0000039900    0.0000011000    0.0000218500
  -0.0000455600   -0.0000211700   -0.0000329300
   0.0001378600    0.0015902100   -0.0004261000
   0.0000805500    0.0000597700    0.0003422600
  -0.0000032300    0.0000188900   -0.0000043600
  -0.0000047600   -0.0000055100   -0.0000091200
   0.0000022100    0.0000042000   -0.0000132000
   0.0000102400   -0.0000148900   -0.0000079800
   0.0014485300   -0.0007042900   -0.0001982000
   0.0000108700   -0.0000018300   -0.0000148800
  -0.0000271800   -0.0000432600    0.0002089700
  -0.0001722700    0.0000529100    0.0003286100
  -0.0004913200    0.0025982000   -0.0005911300
  -0.0000000600    0.0000187800   -0.0000112300
  -0.0000121100   -0.0000120600   -0.0000031300
   0.0000008800    0.0000029300   -0.0000126000
  -0.0000001500   -0.0000004100   -0.0000112600
  -0.0021377100   -0.0008924300   -0.0004092400
   0.0000135200   -0.0000177500    0.0002752900
  -0.0000006100    0.0000034600   -0.0000014300
  -0.0020909400   -0.0016048900    0.1414985400
  -0.0000180300    0.0000181000    0.0003109000
   0.0000617700    0.0000466200    0.0003106400
  -0.0000279200   -0.0000598000    0.0002716100
   0.0000124700   -0.0000316700    0.0003055100
   0.0000021300    0.0000004800   -0.0000077000
  -0.0000562900   -0.0000064400    0.0002717000
  -0.0000007400    0.0000003300   -0.0000076400
   0.0000730800    0.0000209800    0.0003051900
  -0.0004276400   -0.0001764900   -0.0198055000
  -0.0000104500    0.0000335600   -0.0000339200
   0.0000313000    0.0000512000   -0.0000306600
  -0.0000479300   -0.0000400900   -0.0000626200
   0.0000281900   -0.0000279100    0.0000186100
   0.0000016900    0.0000008000    0.0000029100
  -0.0000345800   -0.0000161800   -0.0000548800
   0.0000004600    0.0000010800    0.0000043700
   0.0000337900   -0.0000057800    0.0000267200
  -0.0001176600    0.0000033100   -0.0000127100
  -0.0007471900   -0.0009150600    0.0037096500
   0.0000047800    0.0000053700    0.0000176700
  -0.0000088700   -0.0000053600    0.0000298700
  -0.0000038900   -0.0000046400    0.0000170400
   0.0000222200   -0.0000104000   -0.0000016200
  -0.0001057500    0.0010177500    0.0038033900
   0.0000216900   -0.0000252600   -0.0000102800
  -0.0000024600    0.0000001800    0.0000292700
   0.0007104100   -0.0005117200    0.0038423800
  -0.0011197300   -0.0000926100    0.0036424100
   0.0000024500    0.0000256100   -0.0000004900
  -0.0000093700   -0.0000065000    0.0000345300
  -0.0000251800    0.0000249800   -0.0000315200
   0.0000105900    0.0000015400    0.0000196100
  -0.0000621600   -0.0000986000    0.0000049600
  -0.0000043600   -0.0000021400    0.0000173500
  -0.0000037100   -0.0000036300    0.0000315500

100  
  0.0100000000000000   0.0000000000000000   0.0000000000000000
   0.0000765900    0.0002565100    0.0001013700
   0.0000649700   -0.0004525100   -0.0002368700
  -0.0000331800   -0.0000012000   -0.0000011100
   0.0000036200   -0.0000143400   -0.0000143100
  -0.0000240600   -0.0000053700    0.0000021800
  -0.0000496200    0.0000096500    0.0000198600
   0.0161873700    0.0006592300    0.0004621600
  -0.0000648000    0.0000595500   -0.0001302400
  -0.0000375400   -0.0000972300    0.0001290200
   0.0425119600    0.0155357300   -0.0297474900
   0.0000352900   -0.0000000500    0.0000057300
   0.0007229800   -0.0002231800    0.0002832500
   0.0001414500   -0.0001295600    0.0001169200
   0.0000318800    0.0000485100   -0.0000029000
  -0.0000004500    0.0000191900   -0.0000174500
  -0.0001166400    0.0001523700   -0.0000119100
  -0.0000380700   -0.0000132600   -0.0000219700
   0.0005737200    0.0011945000    0.0001538600
  -0.0040982400    0.0000635900    0.0001553000
  -0.0000766100   -0.0000315000   -0.0000022500
  -0.0000980700    0.0000260800   -0.0000312000
  -0.0000231100    0.0000096600    0.0000277800
  -0.0000289100   -0.0000084300   -0.0000192700
  -0.0000346200   -0.0000031000   -0.0000187700
   0.0001957600   -0.0026289800   -0.0018173100
  -0.0000501200    0.0000067200   -0.0000008000
   0.0007151600    0.0026433700    0.0016617900
   0.0436386400   -0.0163860400    0.0295849900
   0.0005648400    0.0003760000   -0.0004660100
   0.0000997000   -0.0000031000   -0.0000034200
   0.0000200100   -0.0000918400   -0.0000213400
   0.0000653600    0.0001063800   -0.0001149700
   0.0000044000   -0.0000132100    0.0000186900
   0.0003962200   -0.0009912800   -0.0002741900
  -0.0000224200    0.0000082600    0.0000212400
  -0.0000833800   -0.0000934600    0.0000822500
  -0.0025794500    0.0001058900    0.0003706000
   0.0000433300   -0.0001667300   -0.0000055700
   0.0000472600    0.0001664800   -0.0000089000
  -0.0000915200   -0.0002168400   -0.0000565100
  -0.0000881200    0.0002175200    0.0000493700
   0.0000103100    0.0000004600   -0.0000006500
  -0.0000707700    0.0000725100   -0.0000380800
   0.0000152100    0.0000002700   -0.0000007100
  -0.0000530800   -0.0000838300    0.0000594000
   0.0009619100    0.0032676900   -0.0003317500
   0.0000300100    0.0000163800    0.0000041500
  -0.0001845800    0.0000919600   -0.0000106900
   0.0000082700   -0.0000068500    0.0000029700
   0.0000295300    0.0000141000   -0.0000179900
  -0.0000027500    0.0000040100    0.0000034700
  -0.0001449800    0.0000375800    0.0000981100
   0.0000443500    0.0000113900    0.0000018100
   0.0008543700    0.0039222200    0.0005603000
  -0.0008577100    0.0025127000   -0.0021048900
   0.0000121900   -0.0000081800   -0.0000079600
   0.0000349400   -0.0000222600   -0.0000335200
   0.0000036400   -0.0000199500   -0.0000068100
   0.0000005900    0.0000005700    0.0000002400
  -0.0000086900    0.0000194100   -0.0000029700
   0.0000767500   -0.0000314300   -0.0000166400
   0.0000133300    0.0000274400    0.0000097400
  -0.0012141500    0.0001429500   -0.0005481100
  -0.0013128600   -0.0034796200    0.0024109700
   0.0001293700    0.0001183300    0.0000416900
  -0.0000035500    0.0000136600    0.0000068000
  -0.0000017700    0.0000029700   -0.0000010300
   0.0000017900    0.0000113100    0.0000110700
   0.0000005000   -0.0000163700    0.0000047700
  -0.0010729000   -0.0004092300    0.0003127000
   0.0000038400   -0.0000194900   -0.0000065100
   0.0001264200    0.0000968500    0.0000820400
   0.0057135400    0.0004906700   -0.0007207100
   0.0000290300    0.0000012500   -0.0000026400
   0.0069544700   -0.0002217100    0.0010977700
  -0.0000281000    0.0000371400    0.0000606000
   0.0000367100    0.0000090100    0.0000038000
   0.0000318300   -0.0000126000    0.0000041700
   0.0000283300   -0.0000163600    0.0000091800
   0.0000237200    0.0000077400   -0.0000108200
   0.0000256200   -0.0000180700    0.0000256600
   0.0016187000   -0.0013295500   -0.0018211500
  -0.0000015500   -0.0000013600    0.0000006000
   0.0018205600    0.0018734700    0.0019593700
   0.0000337500   -0.0000625300   -0.0000513900
  -0.0000026800    0.0000221100    0.0000031400
   0.0000043400   -0.0000131900    0.0000066500
  -0.0000015000    0.0000176500   -0.0000174500
   0.0000059300   -0.0000156200    0.0000165800
   0.0000313200   -0.0000489100    0.0000143800
   0.0012345600   -0.0031464900    0.0004679900
  -0.0001754500   -0.0001551400    0.0000332900
   0.0000253600   -0.0000086100    0.0000000500
   0.0000203800   -0.0000066400    0.0000207100
   0.0000055400    0.0000057700   -0.0000037000
   0.0000150700    0.0000020000   -0.0000013700
   0.0007803800   -0.0032972100   -0.0007984000
   0.0000365900   -0.0000115800   -0.0000007600
  -0.0002555100   -0.0001129300   -0.0000568400
  -0.1140019800   -0.0003046800   -0.0009956100
  -0.0000080000   -0.0000133700   -0.0000054400
  -0.0000069700    0.0000088200    0.0000525000
   0.0000301000    0.0000095500    0.0000702000
   0.0000007600   -0.0000302400   -0.0000567000
   0.0000067000    0.0000017600   -0.0000006400
   0.0000298200    0.0000312600    0.0000144000
   0.0000066500    0.0000015200    0.0000027400
   0.0000008400   -0.0000744300   -0.0000237500

100  
 -0.0100000000000000   0.0000000000000000   0.0000000000000000
  -0.0000860100   -0.0002594300   -0.0001026200
  -0.0000552200    0.0004505000    0.0002363300
   0.0000330200    0.0000011900    0.0000015000
  -0.0000034700    0.0000132500    0.0000142000
   0.0000240600    0.0000056400   -0.0000018600
   0.0000489800   -0.0000111400   -0.0000199400
  -0.0161632000   -0.0005040100   -0.0004140700
   0.0000637800   -0.0000609400    0.0001294500
   0.0000378800    0.0000957900   -0.0001300800
  -0.0415222300   -0.0150177000    0.0286825700
  -0.0000333900    0.0000020200   -0.0000050800
  -0.0007592800    0.0002305600   -0.0002789600
  -0.0001389200    0.0001313500   -0.0001161700
  -0.0000298800   -0.0000486100    0.0000036500
   0.0000003100   -0.0000196800    0.0000178600
   0.0001163400   -0.0001511900    0.0000111200
   0.0000376800    0.0000131100    0.0000221000
  -0.0005858800   -0.0012019200   -0.0001627000
   0.0040899200   -0.0000168300   -0.0001392600
   0.0000755900    0.0000305200    0.0000036400
   0.0000984200   -0.0000267100    0.0000324300
   0.0000230300   -0.0000091600   -0.0000271700
   0.0000283500    0.0000087200    0.0000196900
   0.0000343700    0.0000021000    0.0000186100
  -0.0001624300    0.0025894700    0.0018080500
   0.0000498000   -0.0000063100    0.0000012900
  -0.0007605800   -0.0026789700   -0.0016635500
  -0.0446847100    0.0169881800   -0.0307454000
  -0.0005341000   -0.0003676700    0.0004688800
  -0.0001025400    0.0000052300    0.0000037100
  -0.0000219700    0.0000927100    0.0000220700
  -0.0000688300   -0.0001049100    0.0001141000
  -0.0000044800    0.0000132000   -0.0000181900
  -0.0003852600    0.0009849500    0.0002663600
   0.0000220200   -0.0000084100   -0.0000212100
   0.0000839000    0.0000943700   -0.0000836300
   0.0025769800   -0.0001082100   -0.0003247200
  -0.0000437500    0.0001644600    0.0000045400
  -0.0000470500   -0.0001686000    0.0000081100
   0.0000928000    0.0002175800    0.0000558600
   0.0000856200   -0.0002165600   -0.0000495200
  -0.0000103800   -0.0000002800    0.0000006500
   0.0000690600   -0.0000727000    0.0000385600
  -0.0000153700   -0.0000004300    0.0000007300
   0.0000543400    0.0000836200   -0.0000585800
  -0.0009667000   -0.0032284800    0.0003284000
  -0.0000296400   -0.0000163200   -0.0000044500
   0.0001900300   -0.0000929800    0.0000093800
  -0.0000085100    0.0000068600   -0.0000029900
  -0.0000298400   -0.0000138500    0.0000178400
   0.0000027300   -0.0000038400   -0.0000034400
   0.0001431400   -0.0000359000   -0.0000968000
  -0.0000448000   -0.0000117900   -0.0000016000
  -0.0008403400   -0.0039393800   -0.0005478200
   0.0008337400   -0.0024488800    0.0020720400
  -0.0000123400    0.0000076800    0.0000078900
  -0.0000308000    0.0000229600    0.0000307700
  -0.0000036900    0.0000194300    0.0000070300
  -0.0000009800   -0.0000005300   -0.0000003600
   0.0000084800   -0.0000185200    0.0000028400
  -0.0000758500    0.0000300500    0.0000124500
  -0.0000130500   -0.0000278400   -0.0000095700
   0.0012226300   -0.0001426900    0.0005589300
   0.0013438400    0.0035599200   -0.0024439000
  -0.0001330300   -0.0001163300   -0.0000454900
   0.0000036500   -0.0000142100   -0.0000067600
   0.0000018100   -0.0000031700    0.0000010900
  -0.0000018900   -0.0000115900   -0.0000107400
  -0.0000006300    0.0000169800   -0.0000048600
   0.0010552300    0.0004083100   -0.0002911000
  -0.0000041500    0.0000192900    0.0000067500
  -0.0001279500   -0.0000996200   -0.0000878900
  -0.0055585200   -0.0004846800    0.0006956300
  -0.0000291400   -0.0000018700    0.0000022400
  -0.0071376300    0.0002210800   -0.0011248500
   0.0000283500   -0.0000358300   -0.0000623100
  -0.0000364600   -0.0000085700   -0.0000039900
  -0.0000322800    0.0000128700   -0.0000043100
  -0.0000284300    0.0000163100   -0.0000096500
  -0.0000239400   -0.0000077700    0.0000103400
  -0.0000255800    0.0000210000   -0.0000242200
  -0.0016178800    0.0013449700    0.0018110800
   0.0000016000    0.0000014100   -0.0000006900
  -0.0018207700   -0.0018628800   -0.0019711700
  -0.0000330700    0.0000599800    0.0000458600
   0.0000023300   -0.0000215900   -0.0000028700
  -0.0000043800    0.0000136000   -0.0000063700
   0.0000012000   -0.0000173600    0.0000176000
  -0.0000058700    0.0000159800   -0.0000163100
  -0.0000312700    0.0000499400   -0.0000152700
  -0.0012298000    0.0031747100   -0.0004725200
   0.0001695300    0.0001531900   -0.0000353700
  -0.0000257900    0.0000087100   -0.0000002200
  -0.0000202400    0.0000067700   -0.0000210100
  -0.0000055600   -0.0000054800    0.0000038700
  -0.0000152500   -0.0000019300    0.0000014300
  -0.0007894100    0.0032790100    0.0008016000
  -0.0000363900    0.0000112300    0.0000008100
   0.0002574100    0.0001157200    0.0000574900
   0.1140986200   -0.0011545700    0.0032735900
   0.0000072900    0.0000135100   -0.0000002400
   0.0000083400   -0.0000086000   -0.0000585000
  -0.0000303400   -0.0000074500   -0.0000733800
  -0.0000004900    0.0000324300    0.0000535200
  -0.0000067700   -0.0000015300    0.0000004600
  -0.0000306100   -0.0000300600   -0.0000145800
  -0.0000068200   -0.0000017600   -0.0000026900
  -0.0000004300    0.0000757900    0.0000239500

100  
 -0.0000013646000093   0.0000007880778984   0.0099999998758400
   0.0002893200   -0.0002914100    0.0009329100
  -0.0001389200   -0.0000045700    0.0007267300
   0.0000040100    0.0000248000    0.0000106900
  -0.0000071700   -0.0000922800    0.0000159500
   0.0000058800    0.0000202100    0.0000018400
   0.0000379100   -0.0000695900    0.0000095000
   0.0009093000    0.0322506200    0.0438017500
   0.0000691700   -0.0000742900    0.0000004500
  -0.0000644500   -0.0001085500   -0.0000335200
  -0.0274793900   -0.0169059700    0.0438017500
   0.0000763400    0.0000523300    0.0000159500
   0.0003970000   -0.0001049500    0.0009329200
   0.0000618000    0.0001100800   -0.0000335200
   0.0000792200    0.0000019500    0.0000094900
  -0.0000194800   -0.0000158600    0.0000106900
   0.0000989100   -0.0000227800    0.0000004600
  -0.0000145800   -0.0000151900    0.0000018400
  -0.0000654800    0.0001226200    0.0007267300
   0.0001863400   -0.0006314400    0.0024163700
  -0.0000419700   -0.0000478000    0.0000851300
   0.0000390600   -0.0000225600    0.0000328900
   0.0000000300    0.0000074900    0.0000192300
  -0.0000204800    0.0000118300    0.0000079100
   0.0000204300    0.0000602500    0.0000851400
  -0.0005814900    0.0003358300    0.0017089100
  -0.0000064700   -0.0000037700    0.0000192300
   0.0006400600    0.0001541900    0.0024163700
   0.0308386500   -0.0178098000    0.0452251100
  -0.0002304900   -0.0002221300    0.0008710600
  -0.0000653100    0.0000640100   -0.0000098700
  -0.0000881400    0.0000245900   -0.0000098600
  -0.0000933200    0.0001345900   -0.0000819500
   0.0000114200   -0.0000066100    0.0000151800
   0.0000772200    0.0003106900    0.0008710600
   0.0000098600   -0.0000056600   -0.0000107100
  -0.0001632100    0.0000135500   -0.0000819200
  -0.0003091500    0.0001785300    0.0156600400
   0.0000516000   -0.0000226900    0.0000034600
  -0.0000361600   -0.0000010100    0.0000037600
  -0.0000172000    0.0000318300    0.0000037500
   0.0000074600    0.0000561900    0.0000681600
   0.0000022900   -0.0000013300   -0.0000030800
   0.0000454500   -0.0000333600    0.0000034600
   0.0000002400   -0.0000001400    0.0000005600
  -0.0000449600   -0.0000345400    0.0000681600
   0.0006189100    0.0012479700   -0.0035665300
   0.0000043900   -0.0000156800   -0.0000296300
   0.0000943400   -0.0000544800    0.0000519200
  -0.0000005400    0.0000075900   -0.0000261000
  -0.0000205400    0.0000118600    0.0000043900
   0.0000157800    0.0000040400   -0.0000296300
  -0.0000473900    0.0000273600    0.0000179300
  -0.0000068300   -0.0000033200   -0.0000261000
  -0.0007716000   -0.0011597800   -0.0035665300
   0.0001658000   -0.0013641500    0.0003215800
  -0.0000074300   -0.0000210900    0.0000060500
   0.0000149200   -0.0000086200   -0.0003521800
   0.0000023000   -0.0000083900    0.0000172600
  -0.0000081800    0.0000047300    0.0000081200
   0.0000145400    0.0000169800    0.0000060500
  -0.0000287400    0.0000165900   -0.0002320200
   0.0000084200    0.0000021900    0.0000172700
   0.0012644300    0.0005381700    0.0003215800
  -0.0004696400   -0.0022208800    0.0004223200
  -0.0001196600   -0.0000119600   -0.0003310200
   0.0000026900   -0.0000190500    0.0000113100
   0.0000021300   -0.0000008800    0.0000090300
   0.0000010100   -0.0000063200    0.0000140300
  -0.0000134300    0.0000157200    0.0000027200
  -0.0019235200    0.0006674700    0.0004527700
  -0.0000002300   -0.0000040900    0.0000023300
   0.0000091100   -0.0000152300   -0.0003010400
   0.0009151900    0.0005324100   -0.0038074500
   0.0000019200   -0.0000243800    0.0000012200
  -0.0013543100    0.0001139400   -0.0036142700
  -0.0000182800   -0.0000297900   -0.0000023600
  -0.0000046900    0.0000054100   -0.0000312400
   0.0000072000   -0.0000020700   -0.0000172700
   0.0000020200    0.0000001300   -0.0000341200
  -0.0000081400   -0.0000014100   -0.0000194300
  -0.0000610600    0.0000957200    0.0000338300
  -0.0015394700    0.0013324600    0.0004527600
   0.0000018300   -0.0000014100    0.0000090300
   0.0016889000    0.0015167300    0.0004223300
   0.0000177400   -0.0000002900   -0.0003010400
  -0.0000203200    0.0000037900    0.0000027300
   0.0000178400    0.0000071900    0.0000113100
   0.0000034300    0.0000022500    0.0000023100
   0.0000059800    0.0000022800    0.0000140300
  -0.0000494500    0.0001096100   -0.0003310300
  -0.0007756000    0.0011160800   -0.0036142500
  -0.0001134300    0.0000050400    0.0000338300
   0.0000053900   -0.0000051900   -0.0000172800
   0.0000220400    0.0000105000    0.0000012300
  -0.0000028400    0.0000077700   -0.0000194200
  -0.0000070300    0.0000013600   -0.0000312400
  -0.0000037900   -0.0010587900   -0.0038074300
   0.0000009100   -0.0000018100   -0.0000341200
   0.0000166600    0.0000307200   -0.0000023600
  -0.0020827100    0.0012030200   -0.1366750600
   0.0000538100   -0.0000514500   -0.0003753300
  -0.0000013700   -0.0000188100   -0.0003751200
   0.0000155500    0.0000105500   -0.0003751200
  -0.0000254700    0.0000477600   -0.0003382500
   0.0000026400   -0.0000015200    0.0000030100
   0.0000714000   -0.0000209200   -0.0003753300
  -0.0000005600    0.0000003200    0.0000030100
  -0.0000541100   -0.0000018000   -0.0003382500

100  
  0.0000013646000093  -0.0000007880778984  -0.0099999998758400
  -0.0003123400    0.0003339500   -0.0009373900
   0.0001624500    0.0000452700   -0.0007346400
  -0.0000041200   -0.0000258300   -0.0000111500
   0.0000062700    0.0000943000   -0.0000182500
  -0.0000060000   -0.0000203200   -0.0000019400
  -0.0000373400    0.0000714300   -0.0000125000
  -0.0009007100   -0.0333318700   -0.0445250500
  -0.0000697900    0.0000775600   -0.0000001100
   0.0000654700    0.0001128400    0.0000328900
   0.0284202300    0.0174389200   -0.0445250500
  -0.0000785500   -0.0000525500   -0.0000182500
  -0.0004453500    0.0001036300   -0.0009373900
  -0.0000650200   -0.0001131000    0.0000328900
  -0.0000805400   -0.0000033500   -0.0000124900
   0.0000203200    0.0000164800   -0.0000111500
  -0.0001020600    0.0000216800   -0.0000001100
   0.0000145800    0.0000153600   -0.0000019500
   0.0000419700   -0.0001633200   -0.0007346500
  -0.0001812300    0.0005913300   -0.0024205500
   0.0000427400    0.0000483300   -0.0000887700
  -0.0000397300    0.0000229300   -0.0000361900
  -0.0000002600   -0.0000077500   -0.0000199300
   0.0000208000   -0.0000120100   -0.0000085500
  -0.0000205100   -0.0000611600   -0.0000887700
   0.0005477600   -0.0003163400   -0.0017135400
   0.0000065800    0.0000041100   -0.0000199200
  -0.0006027400   -0.0001385700   -0.0024205500
  -0.0319015300    0.0184236400   -0.0459918400
   0.0002766900    0.0002256900   -0.0008744300
   0.0000678100   -0.0000640300    0.0000080500
   0.0000893600   -0.0000267100    0.0000080600
   0.0000976800   -0.0001372500    0.0000829600
  -0.0000118600    0.0000068400   -0.0000157900
  -0.0000571800   -0.0003524400   -0.0008744400
  -0.0000098000    0.0000056900    0.0000106500
   0.0001677000   -0.0000160400    0.0000829700
   0.0003144800   -0.0001816200   -0.0159991600
  -0.0000526800    0.0000226400   -0.0000058200
   0.0000371400    0.0000006000   -0.0000063300
   0.0000180400   -0.0000324600   -0.0000063300
  -0.0000088100   -0.0000569400   -0.0000716900
  -0.0000023100    0.0000013400    0.0000032300
  -0.0000459400    0.0000343300   -0.0000058200
  -0.0000001700    0.0000000900   -0.0000004800
   0.0000449100    0.0000360800   -0.0000716900
  -0.0006222500   -0.0012664300    0.0036031000
  -0.0000047000    0.0000160000    0.0000306000
  -0.0000906300    0.0000523400   -0.0000519400
   0.0000008500   -0.0000079800    0.0000263800
   0.0000207900   -0.0000120000   -0.0000034800
  -0.0000162100   -0.0000039400    0.0000306000
   0.0000459600   -0.0000265500   -0.0000123700
   0.0000073300    0.0000032500    0.0000263900
   0.0007859400    0.0011719100    0.0036031000
  -0.0001583000    0.0013407800   -0.0003286300
   0.0000077700    0.0000215900   -0.0000058300
  -0.0000133600    0.0000077200    0.0003545500
  -0.0000021400    0.0000085300   -0.0000173800
   0.0000082900   -0.0000047800   -0.0000079300
  -0.0000148300   -0.0000175200   -0.0000058300
   0.0000338000   -0.0000195200    0.0002297800
  -0.0000084700   -0.0000024100   -0.0000173800
  -0.0012404200   -0.0005329900   -0.0003286300
   0.0004592100    0.0021960600   -0.0004325000
   0.0001202600    0.0000101200    0.0003348100
  -0.0000030200    0.0000193700   -0.0000111200
  -0.0000019100    0.0000009800   -0.0000090200
  -0.0000010700    0.0000062300   -0.0000140800
   0.0000135000   -0.0000162100   -0.0000022700
   0.0019042300   -0.0006630000   -0.0004606000
   0.0000002800    0.0000039500   -0.0000023900
  -0.0000139300    0.0000125500    0.0003008700
  -0.0009145500   -0.0005255100    0.0038400900
  -0.0000018400    0.0000244600   -0.0000004200
   0.0013693000   -0.0001034100    0.0036407600
   0.0000188800    0.0000284600    0.0000072000
   0.0000045900   -0.0000055700    0.0000321900
  -0.0000070300    0.0000017900    0.0000179900
  -0.0000022600    0.0000004900    0.0000341000
   0.0000084600    0.0000018800    0.0000192200
   0.0000625500   -0.0000907600   -0.0000338100
   0.0015259600   -0.0013180000   -0.0004606100
  -0.0000018100    0.0000011500   -0.0000090200
  -0.0016726000   -0.0014953000   -0.0004325000
  -0.0000178200    0.0000057900    0.0003008800
   0.0000207900   -0.0000035900   -0.0000022600
  -0.0000183000   -0.0000070600   -0.0000111200
  -0.0000032700   -0.0000022100   -0.0000023900
  -0.0000059400   -0.0000022100   -0.0000141000
   0.0000513400   -0.0001092300    0.0003348000
   0.0007739500   -0.0011343100    0.0036407300
   0.0001098800   -0.0000088200   -0.0000338200
  -0.0000050600    0.0000051900    0.0000179800
  -0.0000220700   -0.0000106300   -0.0000004500
   0.0000026000   -0.0000082800    0.0000192200
   0.0000071100   -0.0000011900    0.0000321900
  -0.0000018800    0.0010548000    0.0038400600
  -0.0000015500    0.0000017200    0.0000341100
  -0.0000152100   -0.0000305600    0.0000072100
   0.0021541700   -0.0012442700    0.1391042100
  -0.0000569200    0.0000504300    0.0003811400
   0.0000040100    0.0000177500    0.0003813800
  -0.0000133100   -0.0000123200    0.0003813800
   0.0000223200   -0.0000520200    0.0003450500
  -0.0000026900    0.0000015600   -0.0000027300
  -0.0000720700    0.0000241300    0.0003811400
   0.0000006100   -0.0000003600   -0.0000027200
   0.0000562200    0.0000066700    0.0003450500
