108  
42   

1    
  0.0100000000000000   0.0000000000000000   0.0000000000000000
  -0.2397434000    0.0012325000    0.0018227200
   0.0014561200    0.0001097900   -0.0000763400
   0.0014131000   -0.0002298000    0.0000614600
  -0.0000958100   -0.0007687800    0.0000320100
  -0.0002285500    0.0006279600   -0.0000591400
   0.0000874400   -0.0000062000   -0.0000043400
  -0.0000879800   -0.0011257600    0.0000313400
   0.0000874500   -0.0000062100    0.0000061900
  -0.0002351300    0.0010824000   -0.0000089000
   0.0043623100   -0.0082266900   -0.0000863600
   0.0008008000    0.0007460700    0.0000585700
   0.0000285500    0.0000349000    0.0000030300
   0.0007035600    0.0005321400    0.0000853600
   0.0052671400    0.0114479300   -0.0000730400
  -0.0000489700   -0.0000344700   -0.0000235400
  -0.0000840700    0.0000400700   -0.0000158100
   0.0000016800   -0.0000401900    0.0000261500
   0.0000453800    0.0000895500    0.0000130300
   0.0099708500    0.0093859700   -0.0008682300
   0.0066336400   -0.0094077700    0.0003218800
   0.0001938200    0.0000164100   -0.0000036300
  -0.0000721100   -0.0000694900   -0.0000042400
   0.0021238400    0.0000529000   -0.0000480600
  -0.0000652200    0.0000993900    0.0000107900
   0.0017722100    0.0001296200   -0.0000024000
   0.0000256900    0.0000147100    0.0000046400
   0.0000473900   -0.0000250500    0.0000052000
   0.0045494000    0.0089796900    0.0009659800
   0.0000149300   -0.0000589400   -0.0000232200
   0.0008276600   -0.0008312400   -0.0001129300
   0.0056634900   -0.0130018100    0.0000681800
   0.0006940500   -0.0006725700    0.0000353200
  -0.0000627100    0.0000540900   -0.0000056600
   0.0000617700   -0.0000800100    0.0000096600
  -0.0000123600    0.0000059100    0.0000113600
  -0.0000801500   -0.0000212400    0.0000209800
   0.0366828000   -0.0143368000    0.0286585900
  -0.0000047900    0.0000029300   -0.0000304500
   0.0004725300   -0.0009391300    0.0004300500
   0.0007256800    0.0005010400    0.0001385600
  -0.0000805300   -0.0000585300   -0.0000834100
  -0.0000384100    0.0000044000    0.0000089000
   0.0000264400   -0.0000164400   -0.0000535000
  -0.0000054300   -0.0000213700    0.0000046500
   0.0000785500   -0.0000835700    0.0000290800
  -0.0039468700    0.0000153900   -0.0000428700
  -0.0000873300    0.0000063700   -0.0000354700
  -0.0000852100    0.0000002100    0.0000384500
   0.0008700400   -0.0028927900    0.0009154100
   0.0009837800    0.0028464500   -0.0010440000
  -0.0000074700    0.0000042100    0.0000031200
  -0.0000182900   -0.0000048800   -0.0000014200
  -0.0000749800   -0.0000159600   -0.0000005000
  -0.0000062500    0.0000050400    0.0000066000
   0.0402820300    0.0144147100    0.0273874900
   0.0006689700    0.0008664500   -0.0001525900
   0.0000454400    0.0000128400   -0.0000544600
  -0.0000885800    0.0000818000   -0.0001344400
   0.0006238500   -0.0001446300   -0.0001431100
  -0.0000243500   -0.0000036900    0.0000129200
   0.0001039500    0.0000345700   -0.0000272000
  -0.0000013100    0.0000186400    0.0000174700
   0.0000205200    0.0000245600   -0.0000755400
   0.0001619800   -0.0007778000   -0.0003003500
  -0.0000401900    0.0000037100   -0.0000039200
   0.0000992100    0.0004755400    0.0000353900
   0.0155051700    0.0000783800   -0.0004237700
  -0.0001226600   -0.0001712600   -0.0000800200
  -0.0000835700    0.0001994500    0.0000837500
  -0.0000125100    0.0000348400   -0.0000279300
   0.0000156500   -0.0000097200    0.0000133500
  -0.0000235300    0.0000031400    0.0000041300
   0.0000788600   -0.0005298100   -0.0001003400
  -0.0000308300   -0.0000011500    0.0000014800
   0.0000565600    0.0005786700   -0.0000919800
   0.0160341000   -0.0001396900    0.0002091400
  -0.0000734400   -0.0001878900    0.0000950600
  -0.0000973300    0.0001885900   -0.0000849400
  -0.0000180500   -0.0000181000    0.0000255600
  -0.0000019400    0.0000069600   -0.0000188200
  -0.0000204300    0.0000034400    0.0000021400
   0.0423479600    0.0151487900   -0.0285260600
   0.0008786600    0.0009946800   -0.0002077800
   0.0000229800    0.0000075000    0.0000376400
  -0.0001374700    0.0000840300    0.0000983300
   0.0006283300   -0.0002601300    0.0001544200
  -0.0000422400   -0.0000031500   -0.0000085300
   0.0001293600    0.0000616800    0.0000006500
  -0.0000046900    0.0000196000   -0.0000229800
   0.0000295200    0.0000227000    0.0000747300
   0.0430223900   -0.0156595600   -0.0296829400
   0.0000300900   -0.0000167000    0.0000759400
   0.0007378400   -0.0007882600    0.0003433600
   0.0005605000    0.0001501700    0.0001661800
  -0.0000992000   -0.0000883000    0.0001519900
  -0.0000368300    0.0000059100   -0.0000088900
   0.0000123600   -0.0000247500    0.0000850100
  -0.0000020200   -0.0000151300   -0.0000253100
   0.0001689000   -0.0000461400    0.0000420300
  -0.0043051300    0.0000688200    0.0001475400
  -0.0000999800    0.0000153000    0.0000263000
  -0.0000956500   -0.0000117100    0.0000065700
   0.0008256500   -0.0029196900   -0.0012741200
   0.0009752100    0.0031204600    0.0010560800
  -0.0000113700   -0.0000126300   -0.0000053600
  -0.0000041900    0.0000058800   -0.0000020700
  -0.0000758200    0.0000108400    0.0000248900
  -0.0000128500   -0.0000051600   -0.0000159900

1    
 -0.0100000000000000   0.0000000000000000   0.0000000000000000
   0.2400055100    0.0003620700   -0.0017486900
  -0.0014159300   -0.0001001200    0.0000732900
  -0.0014590100    0.0002402400   -0.0000665900
   0.0000913400    0.0007874600   -0.0000335800
   0.0002286300   -0.0006128200    0.0000588100
  -0.0000878800    0.0000056700    0.0000043100
   0.0000991700    0.0011105000   -0.0000325400
  -0.0000878700    0.0000056500   -0.0000060900
   0.0002220400   -0.0010968500    0.0000093600
  -0.0045472300    0.0081442800    0.0000930600
  -0.0008008500   -0.0007308900   -0.0000593000
  -0.0000295600   -0.0000354000   -0.0000032900
  -0.0006905200   -0.0005538400   -0.0000849600
  -0.0052886300   -0.0113298100    0.0000685100
   0.0000475200    0.0000354000    0.0000231800
   0.0000823800   -0.0000414500    0.0000156000
  -0.0000009000    0.0000412800   -0.0000264900
  -0.0000446100   -0.0000886300   -0.0000128900
  -0.0106403600   -0.0096616700    0.0008755700
  -0.0060419000    0.0091488000   -0.0003470500
  -0.0001941200   -0.0000166000    0.0000035600
   0.0000704600    0.0000734400    0.0000041700
  -0.0021219400   -0.0000586200    0.0000471600
   0.0000657300   -0.0000959200   -0.0000106700
  -0.0017715900   -0.0000860600    0.0000016100
  -0.0000259400   -0.0000160800   -0.0000046600
  -0.0000481100    0.0000238200   -0.0000051200
  -0.0043779200   -0.0090427700   -0.0009720800
  -0.0000146200    0.0000584700    0.0000229300
  -0.0008303900    0.0008469600    0.0001122600
  -0.0056491000    0.0131198200   -0.0000742200
  -0.0007065100    0.0006467800   -0.0000360300
   0.0000636900   -0.0000531800    0.0000054600
  -0.0000635800    0.0000814200   -0.0000100400
   0.0000109300   -0.0000044100   -0.0000112600
   0.0000811000    0.0000202600   -0.0000211100
  -0.0359691600    0.0139206800   -0.0277417400
   0.0000054100   -0.0000042900    0.0000305200
  -0.0004821800    0.0009404700   -0.0004203600
  -0.0007232900   -0.0005020800   -0.0001594300
   0.0000797100    0.0000613000    0.0000838100
   0.0000381500   -0.0000043300   -0.0000091600
  -0.0000264000    0.0000162600    0.0000536100
   0.0000052400    0.0000213600   -0.0000046600
  -0.0000808600    0.0000824400   -0.0000289700
   0.0039500200    0.0000109700    0.0000392300
   0.0000878900   -0.0000077700    0.0000339700
   0.0000838300   -0.0000013500   -0.0000402700
  -0.0008637400    0.0029188500   -0.0009331200
  -0.0009894800   -0.0028208400    0.0010274300
   0.0000070500   -0.0000046100   -0.0000022100
   0.0000177300    0.0000048100    0.0000018900
   0.0000741900    0.0000203700   -0.0000032300
   0.0000060900   -0.0000051500   -0.0000061500
  -0.0411768600   -0.0149350900   -0.0283819200
  -0.0006528100   -0.0008657200    0.0001419000
  -0.0000467900   -0.0000140600    0.0000563700
   0.0000879500   -0.0000795100    0.0001350000
  -0.0006236700    0.0001473500    0.0001701200
   0.0000238500    0.0000037600   -0.0000125100
  -0.0001023300   -0.0000366200    0.0000286000
   0.0000007000   -0.0000186400   -0.0000172400
  -0.0000211700   -0.0000247900    0.0000761200
  -0.0001659100    0.0007837000    0.0002960200
   0.0000397800   -0.0000038200    0.0000041300
  -0.0000975700   -0.0004740200   -0.0000415400
  -0.0154802300    0.0002565800    0.0006472000
   0.0001249600    0.0001672200    0.0000807400
   0.0000805300   -0.0002046000   -0.0000836000
   0.0000121400   -0.0000351700    0.0000279000
  -0.0000157300    0.0000101500   -0.0000135700
   0.0000231200   -0.0000031700   -0.0000040500
  -0.0000779800    0.0005316700    0.0001034100
   0.0000304600    0.0000010300   -0.0000014500
  -0.0000548300   -0.0005769800    0.0000989000
  -0.0160304800    0.0004519800   -0.0004088000
   0.0000760200    0.0001838000   -0.0000949200
   0.0000945700   -0.0001923000    0.0000847200
   0.0000174700    0.0000185300   -0.0000250100
   0.0000016200   -0.0000068300    0.0000194600
   0.0000200900   -0.0000034800   -0.0000019800
  -0.0432856200   -0.0156880900    0.0295390600
  -0.0008679000   -0.0009912100    0.0002185600
  -0.0000243100   -0.0000091700   -0.0000377600
   0.0001380500   -0.0000817000   -0.0000987700
  -0.0006294500    0.0002613400   -0.0001791700
   0.0000418400    0.0000033400    0.0000083800
  -0.0001279000   -0.0000635500   -0.0000015100
   0.0000042700   -0.0000195200    0.0000229600
  -0.0000304100   -0.0000228600   -0.0000751200
  -0.0420506200    0.0151123200    0.0286559800
  -0.0000295400    0.0000152000   -0.0000741800
  -0.0007559600    0.0007879500   -0.0003553700
  -0.0005616900   -0.0001499600   -0.0001332900
   0.0000987500    0.0000908000   -0.0001514900
   0.0000364800   -0.0000056100    0.0000092900
  -0.0000124300    0.0000246800   -0.0000841700
   0.0000017300    0.0000151900    0.0000256100
  -0.0001711500    0.0000444800   -0.0000408700
   0.0043012100   -0.0000390900   -0.0001400700
   0.0001002200   -0.0000164900   -0.0000244500
   0.0000944200    0.0000105100   -0.0000047100
  -0.0008223300    0.0029545000    0.0012996000
  -0.0009865900   -0.0030925500   -0.0010370300
   0.0000108600    0.0000120900    0.0000048200
   0.0000037200   -0.0000058800    0.0000019100
   0.0000753500   -0.0000070500   -0.0000214800
   0.0000124600    0.0000050400    0.0000158900

1    
  0.0000000000000000   0.0000000000000000   0.0100000000000000
   0.0017572200   -0.0010145400   -0.2696759300
   0.0000598100   -0.0000047200    0.0004922000
  -0.0000715800   -0.0000835100    0.0004911800
   0.0000365300    0.0001037600    0.0004912000
  -0.0000152700    0.0000621400    0.0004395700
   0.0000062100   -0.0000035900   -0.0000654000
   0.0000339800   -0.0000494300    0.0004922000
  -0.0000043900    0.0000025300   -0.0000653700
  -0.0000614300   -0.0000178400    0.0004395600
   0.0000743500    0.0001389600   -0.0060271900
  -0.0000120400    0.0000069400    0.0001727400
  -0.0000130000    0.0000070000    0.0000246200
   0.0000389300   -0.0000224600    0.0001208100
  -0.0000832000   -0.0001338700   -0.0060271800
  -0.0000110300   -0.0000042600   -0.0000201300
  -0.0000018200    0.0000117100   -0.0000201200
  -0.0000125900    0.0000077400    0.0000246100
  -0.0000048200    0.0000027700   -0.0000613700
   0.0004879300   -0.0005857400   -0.0051559100
  -0.0000067600   -0.0008100000   -0.0059878700
   0.0000082400   -0.0000128900   -0.0000380400
  -0.0000066400   -0.0000081600   -0.0000204200
   0.0000062500   -0.0000104100    0.0000465400
  -0.0000023100    0.0000379200   -0.0000037700
   0.0000363000    0.0001435800   -0.0000223600
  -0.0000008800   -0.0000181300    0.0000174700
   0.0000070100    0.0000049500    0.0000008000
   0.0006981200    0.0004108400   -0.0059878800
   0.0000152600    0.0000098300    0.0000174700
   0.0000121400   -0.0000002100    0.0000465400
   0.0007512400   -0.0001296800   -0.0051559200
  -0.0001062000   -0.0001032400   -0.0000223600
   0.0000037100    0.0000098200   -0.0000204300
   0.0000153000   -0.0000007000   -0.0000380300
  -0.0000007900   -0.0000085200    0.0000008200
  -0.0000340000   -0.0000169800   -0.0000037600
   0.0290942800   -0.0167976000    0.0460135200
   0.0000084000    0.0000107700   -0.0000173700
  -0.0004577600    0.0003457700    0.0004814000
  -0.0005283300    0.0002235600    0.0004814000
   0.0000438500    0.0000948600   -0.0000515900
   0.0000252300   -0.0000145600   -0.0000003900
  -0.0000051300   -0.0000126600   -0.0000173800
   0.0000166100   -0.0000095900    0.0000021700
  -0.0000602100   -0.0000854100   -0.0000515800
  -0.0000790900    0.0017758000    0.0026024500
   0.0000129100   -0.0000074500    0.0000837500
  -0.0000150500   -0.0000226100    0.0001045700
   0.0016363400   -0.0009447400    0.0024259400
  -0.0015774400   -0.0008194100    0.0026024400
   0.0000011700    0.0000291600    0.0000138500
  -0.0000246600   -0.0000156000    0.0000138400
   0.0000120400    0.0000243400    0.0001045700
   0.0000183600   -0.0000105900    0.0000122800
   0.0288213100    0.0166061200    0.0455570400
  -0.0002338600   -0.0001437900    0.0008045000
   0.0000066200   -0.0000069300    0.0000091500
   0.0000169300   -0.0001400700   -0.0000486500
  -0.0002715500   -0.0002081700    0.0008739100
   0.0000233500    0.0000098600    0.0000031300
  -0.0000947500    0.0000676700   -0.0000257300
   0.0000199600    0.0000078800    0.0000025300
  -0.0000159300    0.0000051500    0.0000059000
   0.0000536000   -0.0004854400    0.0006147400
   0.0000041300    0.0000226100    0.0000049000
  -0.0000240900   -0.0004119100    0.0007956000
   0.0001024000    0.0361828700    0.0465485600
   0.0001313300   -0.0000585700   -0.0000235800
  -0.0001064800   -0.0000514300   -0.0000312500
  -0.0000219800    0.0000111300    0.0000001400
   0.0000173000   -0.0000077900   -0.0000051300
  -0.0000020400    0.0000268900    0.0000000200
   0.0000075900    0.0002744200    0.0008045100
   0.0000031500   -0.0000212300    0.0000025300
   0.0000445100    0.0003392600    0.0008739100
   0.0000293300   -0.0332630400    0.0455570500
  -0.0001059700    0.0000482200   -0.0000257400
   0.0001297700    0.0000553700   -0.0000486500
   0.0000093100   -0.0000022700    0.0000091500
  -0.0000124200    0.0000112100    0.0000059000
   0.0000031300   -0.0000251600    0.0000031300
  -0.0312840900   -0.0181801300    0.0465485600
   0.0004472000    0.0001963100    0.0006147500
  -0.0000206200    0.0000134800    0.0000001400
  -0.0000087000    0.0001179300   -0.0000312400
   0.0003446900    0.0002268200    0.0007956000
  -0.0000243100   -0.0000116800    0.0000000200
   0.0001163800   -0.0000844400   -0.0000235900
  -0.0000175100   -0.0000148900    0.0000049000
   0.0000153900   -0.0000110800   -0.0000051100
  -0.0300834100    0.0173686500    0.0465708500
   0.0000020900   -0.0000113900    0.0000110500
   0.0002705200   -0.0002100900    0.0007852000
   0.0003172100   -0.0001292300    0.0007851900
   0.0000050300   -0.0001096900   -0.0000017300
  -0.0000226700    0.0000130900    0.0000037400
   0.0000109100    0.0000038800    0.0000110500
  -0.0000160900    0.0000092900    0.0000129200
   0.0000975100    0.0000504900   -0.0000017400
  -0.0001847900   -0.0017831900    0.0026277600
  -0.0000285000    0.0000164600    0.0000839700
   0.0000304800    0.0000257400    0.0000831000
  -0.0016743500    0.0009666800    0.0024175600
   0.0014519000    0.0010516300    0.0026277600
  -0.0000008400   -0.0000260200    0.0000103000
   0.0000221100    0.0000137400    0.0000103100
  -0.0000070600   -0.0000392600    0.0000831000
  -0.0000144500    0.0000083400    0.0000052100

1    
  0.0000000000000000   0.0000000000000000  -0.0100000000000000
  -0.0018072700    0.0010434500    0.2694691100
  -0.0000682900   -0.0000029200   -0.0004922300
   0.0000780600    0.0000766200   -0.0004932400
  -0.0000273500   -0.0001059000   -0.0004932200
   0.0000029600   -0.0000634900   -0.0004387400
  -0.0000061000    0.0000035200    0.0000657300
  -0.0000316600    0.0000606100   -0.0004922300
   0.0000042200   -0.0000024400    0.0000657700
   0.0000564800    0.0000291900   -0.0004387600
  -0.0000731400   -0.0003419100    0.0060276800
   0.0000121200   -0.0000070000   -0.0001721300
   0.0000137600   -0.0000079800   -0.0000241800
  -0.0000451400    0.0000260700   -0.0001222200
   0.0002595100    0.0002343400    0.0060276800
   0.0000115500    0.0000061100    0.0000208000
   0.0000004600   -0.0000130500    0.0000208100
   0.0000137600   -0.0000079400   -0.0000241800
   0.0000052300   -0.0000030500    0.0000617200
  -0.0006003800    0.0006913500    0.0051565000
   0.0001557800    0.0009104000    0.0059635200
  -0.0000083100    0.0000139900    0.0000383800
   0.0000047800    0.0000078800    0.0000210800
  -0.0000033700    0.0000107900   -0.0000484000
   0.0000038500   -0.0000380700    0.0000037500
  -0.0000354600   -0.0001463800    0.0000209700
   0.0000011100    0.0000196000   -0.0000168100
  -0.0000072700   -0.0000036200   -0.0000002700
  -0.0007105500   -0.0005901600    0.0059635200
  -0.0000164100   -0.0000107400   -0.0000168000
  -0.0000110400   -0.0000024600   -0.0000483900
  -0.0008988900    0.0001742700    0.0051564900
   0.0001090400    0.0001039100    0.0000209800
  -0.0000044600   -0.0000081000    0.0000210500
  -0.0000162100    0.0000001900    0.0000383900
  -0.0000005000    0.0000081300   -0.0000002600
   0.0000348900    0.0000156800    0.0000037700
  -0.0281356800    0.0162441400   -0.0449278100
  -0.0000099700   -0.0000099600    0.0000178800
   0.0004759400   -0.0003498400   -0.0004670200
   0.0005409300   -0.0002372500   -0.0004670200
  -0.0000418300   -0.0000985300    0.0000531600
  -0.0000251100    0.0000145000    0.0000006900
   0.0000036300    0.0000136100    0.0000178600
  -0.0000163500    0.0000094500   -0.0000017500
   0.0000644500    0.0000854800    0.0000531800
   0.0000776100   -0.0017902600   -0.0026009300
  -0.0000110800    0.0000064000   -0.0000839900
   0.0000130700    0.0000217300   -0.0001046500
  -0.0016539400    0.0009549000   -0.0024331400
   0.0015892000    0.0008279000   -0.0026009400
  -0.0000012400   -0.0000294200   -0.0000133400
   0.0000248700    0.0000157700   -0.0000133400
  -0.0000123000   -0.0000221800   -0.0001046600
  -0.0000187000    0.0000108100   -0.0000117600
  -0.0297815900   -0.0171657000   -0.0465067700
   0.0002208300    0.0001421200   -0.0008142700
  -0.0000051700    0.0000080000   -0.0000085900
  -0.0000184600    0.0001367100    0.0000488400
   0.0002598200    0.0001969600   -0.0008846100
  -0.0000236500   -0.0000099700   -0.0000023900
   0.0000903700   -0.0000671200    0.0000261000
  -0.0000202900   -0.0000080800   -0.0000017200
   0.0000177000   -0.0000040700   -0.0000051200
  -0.0000600600    0.0005082500   -0.0005985300
  -0.0000042500   -0.0000222300   -0.0000047200
   0.0000275900    0.0004236900   -0.0007866100
  -0.0000786100   -0.0350522700   -0.0455959100
  -0.0001335200    0.0000623000    0.0000252000
   0.0001093500    0.0000551000    0.0000329800
   0.0000223700   -0.0000132600    0.0000001800
  -0.0000171700    0.0000058300    0.0000053400
   0.0000018600   -0.0000264900    0.0000002900
  -0.0000126700   -0.0002623100   -0.0008142700
  -0.0000031600    0.0000216100   -0.0000017200
  -0.0000406600   -0.0003234700   -0.0008846100
  -0.0000248700    0.0343744600   -0.0465067600
   0.0001033400   -0.0000447000    0.0000260900
  -0.0001276200   -0.0000523600    0.0000488400
  -0.0000095200    0.0000004800   -0.0000086000
   0.0000123800   -0.0000133000   -0.0000051200
  -0.0000032100    0.0000254600   -0.0000023900
   0.0303168400    0.0175942100   -0.0455959100
  -0.0004701900   -0.0002021200   -0.0005985300
   0.0000226700   -0.0000127500    0.0000001700
   0.0000069600   -0.0001222500    0.0000329800
  -0.0003531100   -0.0002357300   -0.0007866100
   0.0000238700    0.0000116200    0.0000002900
  -0.0001207200    0.0000845000    0.0000251900
   0.0000171200    0.0000147900   -0.0000047200
  -0.0000136500    0.0000119600    0.0000053500
   0.0310494100   -0.0179263900   -0.0474693500
  -0.0000039000    0.0000128200   -0.0000101900
  -0.0002591100    0.0002065500   -0.0007945800
  -0.0003084400    0.0001211200   -0.0007946000
  -0.0000033100    0.0001061000    0.0000019000
   0.0000227900   -0.0000131500   -0.0000030300
  -0.0000130500   -0.0000030300   -0.0000101900
   0.0000163500   -0.0000094300   -0.0000122300
  -0.0000935200   -0.0000501900    0.0000019000
   0.0001851300    0.0017745000   -0.0026212000
   0.0000300900   -0.0000173600   -0.0000826800
  -0.0000325000   -0.0000265700   -0.0000817100
   0.0016647400   -0.0009611400   -0.0024141100
  -0.0014442000   -0.0010475900   -0.0026212000
   0.0000006300    0.0000258300   -0.0000099300
  -0.0000220500   -0.0000134700   -0.0000099400
   0.0000067600    0.0000414400   -0.0000817000
   0.0000140500   -0.0000081000   -0.0000046500

10   
  0.0100000000000000   0.0000000000000000   0.0000000000000000
   0.0044528600    0.0109617000    0.0000675400
   0.0000280200   -0.0000233200   -0.0000133500
   0.0008058800    0.0007285000   -0.0000134600
  -0.0000831900   -0.0000541300   -0.0000012900
   0.0000451900    0.0000893800   -0.0000050000
   0.0000000200    0.0000188600   -0.0000131800
   0.0006989300    0.0005481100    0.0000427300
  -0.0000481900    0.0000608700   -0.0000112200
   0.0051787100   -0.0077517200   -0.0001732800
  -0.2473497800    0.0007554600   -0.0000332200
   0.0010373600    0.0004324200   -0.0000452200
   0.0009968100   -0.0004137700    0.0000437700
  -0.0001388400   -0.0002306000    0.0000155500
  -0.0000939400    0.0002362300   -0.0000108300
   0.0000351100    0.0000010800    0.0000002100
  -0.0001310700   -0.0010923300   -0.0000225300
   0.0000350400    0.0000009900   -0.0000003300
  -0.0001004500    0.0010122500    0.0000294800
   0.0051273600   -0.0113122100   -0.0000488300
   0.0004321500   -0.0006652700    0.0000375800
  -0.0000377000    0.0000597200    0.0000121100
   0.0000523000   -0.0000390400    0.0000070600
  -0.0000557400   -0.0000003400    0.0000037100
  -0.0000154300   -0.0000491100    0.0000200100
   0.0045128600    0.0070927800    0.0002281800
  -0.0000585200   -0.0000670600    0.0000107200
   0.0005055800   -0.0007026400   -0.0000259400
   0.0084256500   -0.0093940400    0.0003805400
   0.0001498600   -0.0000150100    0.0000009100
   0.0086560100    0.0090235700   -0.0003869500
   0.0016799800   -0.0000634200   -0.0000117200
  -0.0000308400    0.0000448200    0.0000047100
  -0.0000429000   -0.0000387900   -0.0000045000
  -0.0000003400    0.0000522100    0.0000113800
   0.0000009200   -0.0000511100   -0.0000078000
   0.0017333900    0.0000479000   -0.0000020400
   0.0012067300    0.0028067100    0.0011608200
  -0.0000274800   -0.0000014000    0.0000003200
   0.0012843200   -0.0029139300   -0.0014490900
  -0.0000464700   -0.0000054500    0.0000061400
  -0.0000067000   -0.0000090800   -0.0000056300
  -0.0000160300    0.0000053000    0.0000036300
  -0.0000641200    0.0000127400    0.0000295500
  -0.0000574300    0.0000027100   -0.0000182400
  -0.0037156900    0.0002549800   -0.0001353800
   0.0427410700   -0.0160466400   -0.0314794700
   0.0000866300   -0.0000346400    0.0000413500
   0.0006245700   -0.0008911400    0.0000367300
   0.0004959100    0.0001555000    0.0000207000
  -0.0000671100    0.0000355400    0.0001166300
  -0.0000055100    0.0000052200   -0.0000089800
   0.0000225700   -0.0000409400    0.0000803400
   0.0000025500   -0.0000148400   -0.0000159500
   0.0000918400   -0.0000569000    0.0000505600
   0.0152512800    0.0001654900    0.0000404900
   0.0000331600   -0.0001723200    0.0000720900
  -0.0000025700    0.0001504100   -0.0000561300
  -0.0000100400   -0.0000482300    0.0000182100
  -0.0000175200    0.0000440000   -0.0000291500
  -0.0000040000    0.0000048200   -0.0000037300
   0.0000314900   -0.0005635800   -0.0000513700
  -0.0000232000    0.0000009300   -0.0000004700
  -0.0000126100    0.0006405900   -0.0000638400
   0.0004425000    0.0009561100    0.0000417600
   0.0000851500    0.0000233300    0.0000573900
   0.0437734700    0.0170772200   -0.0311073000
   0.0006109000   -0.0003979600    0.0001208500
  -0.0000193200   -0.0000067200   -0.0000101600
  -0.0000860400    0.0000335200    0.0001400000
   0.0000018200    0.0000174700   -0.0000098500
   0.0000365100    0.0000530800    0.0000760600
   0.0000795300    0.0000063100    0.0000383800
   0.0005932700    0.0008172800   -0.0000421100
   0.0000988400    0.0000322700   -0.0000605900
   0.0427306200    0.0162782500    0.0309752400
   0.0005850400   -0.0002103200   -0.0000303200
  -0.0000127500   -0.0000080100    0.0000063100
  -0.0000860400    0.0000061700   -0.0001507400
   0.0000045800    0.0000152500    0.0000101900
   0.0000403400    0.0000587100   -0.0000816400
   0.0001036000   -0.0000020600   -0.0000662200
   0.0149009600    0.0001486900   -0.0001042600
  -0.0000074300   -0.0001356700   -0.0000822600
  -0.0000536300    0.0001158400    0.0000707900
  -0.0000079200   -0.0000328200   -0.0000127900
  -0.0000090100    0.0000310700    0.0000245200
  -0.0000139300    0.0000041400    0.0000032000
   0.0000088600   -0.0005832300   -0.0000265500
  -0.0000245100    0.0000017600   -0.0000007100
  -0.0000546600    0.0006308400    0.0001278300
   0.0008642200    0.0030685100   -0.0010738000
  -0.0000172300    0.0000005800    0.0000019900
   0.0010122400   -0.0031706300    0.0012956400
  -0.0000713500   -0.0000100700    0.0000000900
  -0.0000079800   -0.0000008000    0.0000082300
  -0.0000205400   -0.0000030000   -0.0000076500
  -0.0000941500    0.0000150400   -0.0000733200
  -0.0000952200   -0.0000074000    0.0000528400
  -0.0043762800    0.0002012700    0.0000556900
   0.0438316900   -0.0169010400    0.0317291600
   0.0000737900   -0.0000288100   -0.0000381900
   0.0004377800   -0.0010462500   -0.0000249600
   0.0005226500    0.0003792600   -0.0001022500
  -0.0000607600    0.0000124300   -0.0001041100
  -0.0000117200    0.0000020000    0.0000133300
   0.0000245800   -0.0000358600   -0.0000731400
   0.0000026300   -0.0000123500    0.0000141100
   0.0000661700   -0.0000822000   -0.0000263200

10   
 -0.0100000000000000   0.0000000000000000   0.0000000000000000
  -0.0044539400   -0.0108635800   -0.0000801000
  -0.0000300800    0.0000263100    0.0000133200
  -0.0007956600   -0.0007480000    0.0000106100
   0.0000832900    0.0000565100    0.0000009300
  -0.0000446100   -0.0000883300    0.0000049400
  -0.0000025600   -0.0000190500    0.0000130800
  -0.0006949800   -0.0005377100   -0.0000414000
   0.0000483500   -0.0000607600    0.0000112800
  -0.0053788200    0.0076677500    0.0001693300
   0.2473877100    0.0011970000   -0.0000121300
  -0.0009974300   -0.0004230500    0.0000443500
  -0.0010379500    0.0004214100   -0.0000448400
   0.0001365700    0.0002474200   -0.0000159400
   0.0000941900   -0.0002214300    0.0000106500
  -0.0000352600   -0.0000014200   -0.0000001600
   0.0001443600    0.0010764800    0.0000229600
  -0.0000352500   -0.0000015100    0.0000003300
   0.0000877200   -0.0010275100   -0.0000291500
  -0.0051049000    0.0114013400    0.0000342400
  -0.0004428200    0.0006470200   -0.0000405800
   0.0000392400   -0.0000575400   -0.0000120700
  -0.0000536600    0.0000401600   -0.0000069500
   0.0000552600    0.0000022600   -0.0000041200
   0.0000166700    0.0000491400   -0.0000201300
  -0.0043173700   -0.0071616600   -0.0002330700
   0.0000586900    0.0000669800   -0.0000106400
  -0.0005021200    0.0007160400    0.0000271100
  -0.0078177000    0.0091320200   -0.0003840900
  -0.0001504700    0.0000144300   -0.0000011100
  -0.0092981700   -0.0092581400    0.0003830900
  -0.0016808200    0.0000593600    0.0000149500
   0.0000323300   -0.0000426900   -0.0000044200
   0.0000402600    0.0000411400    0.0000048300
   0.0000006100   -0.0000532600   -0.0000113400
  -0.0000012700    0.0000499000    0.0000078000
  -0.0017363300   -0.0000092200   -0.0000016000
  -0.0012179100   -0.0027822100   -0.0011268500
   0.0000271500    0.0000007600   -0.0000004700
  -0.0012774400    0.0029388500    0.0014796700
   0.0000464500    0.0000083600   -0.0000036500
   0.0000061600    0.0000093800    0.0000054500
   0.0000161300   -0.0000048000   -0.0000037800
   0.0000639800   -0.0000132300   -0.0000280100
   0.0000567100   -0.0000034800    0.0000198400
   0.0037168100   -0.0002275000    0.0001518800
  -0.0417658000    0.0154655200    0.0303727300
  -0.0000855700    0.0000335900   -0.0000403300
  -0.0006430200    0.0008952600   -0.0000498900
  -0.0004963700   -0.0001544100    0.0000044900
   0.0000669400   -0.0000339400   -0.0001149900
   0.0000053700   -0.0000049100    0.0000091600
  -0.0000222700    0.0000410200   -0.0000799300
  -0.0000028300    0.0000153100    0.0000161400
  -0.0000926600    0.0000558600   -0.0000496100
  -0.0152536900    0.0001555100   -0.0002405900
  -0.0000311600    0.0001697400   -0.0000725300
  -0.0000010800   -0.0001527800    0.0000551700
   0.0000095900    0.0000487300   -0.0000176500
   0.0000172300   -0.0000437700    0.0000293800
   0.0000037300   -0.0000045800    0.0000039500
  -0.0000351200    0.0005631800    0.0000573200
   0.0000228200   -0.0000008000    0.0000004500
   0.0000144300   -0.0006418200    0.0000707900
  -0.0004292200   -0.0009507700   -0.0000276300
  -0.0000868700   -0.0000242100   -0.0000585200
  -0.0447463600   -0.0176825200    0.0322709500
  -0.0006124000    0.0004000600   -0.0001451300
   0.0000191100    0.0000071700    0.0000100900
   0.0000856200   -0.0000296700   -0.0001409800
  -0.0000022700   -0.0000169200    0.0000097500
  -0.0000372900   -0.0000529700   -0.0000765700
  -0.0000774000   -0.0000071400   -0.0000386100
  -0.0005793300   -0.0008114900    0.0000290900
  -0.0001006000   -0.0000331700    0.0000619300
  -0.0436902000   -0.0168694800   -0.0321151000
  -0.0005870200    0.0002112300    0.0000543100
   0.0000123900    0.0000083900   -0.0000062900
   0.0000856300   -0.0000037100    0.0001522400
  -0.0000049300   -0.0000147600   -0.0000101100
  -0.0000412300   -0.0000588000    0.0000820900
  -0.0001024800    0.0000011200    0.0000670900
  -0.0149030800    0.0001656100    0.0003182800
   0.0000100400    0.0001321400    0.0000835900
   0.0000491000   -0.0001190200   -0.0000689500
   0.0000075700    0.0000332300    0.0000123700
   0.0000086500   -0.0000309900   -0.0000246400
   0.0000136700   -0.0000040000   -0.0000034100
  -0.0000113700    0.0005822500    0.0000199100
   0.0000240800   -0.0000016500    0.0000008400
   0.0000555400   -0.0006324400   -0.0001352300
  -0.0008717000   -0.0030373500    0.0010508600
   0.0000169400   -0.0000011000   -0.0000011300
  -0.0010087100    0.0032028000   -0.0013148400
   0.0000713300    0.0000145000   -0.0000027100
   0.0000077400    0.0000010000   -0.0000078600
   0.0000203100    0.0000033500    0.0000079900
   0.0000941800   -0.0000157000    0.0000715600
   0.0000944600    0.0000065000   -0.0000543700
   0.0043783500   -0.0001709000   -0.0000614100
  -0.0428489700    0.0163093900   -0.0306050600
  -0.0000728400    0.0000277800    0.0000373700
  -0.0004556000    0.0010492400    0.0000393200
  -0.0005231500   -0.0003766200    0.0000770100
   0.0000603500   -0.0000097200    0.0001029300
   0.0000114700   -0.0000015700   -0.0000135800
  -0.0000243400    0.0000361200    0.0000726500
  -0.0000028700    0.0000128500   -0.0000142900
  -0.0000680000    0.0000812500    0.0000259900

10   
  0.0000000000000000   0.0000000000000000   0.0100000000000000
  -0.0000049000    0.0000952400   -0.0060269400
   0.0000032900   -0.0000278300    0.0000242700
   0.0000579900   -0.0000334200    0.0001714600
  -0.0000155200    0.0000189600   -0.0000205700
   0.0000132600   -0.0000075900   -0.0000616300
   0.0000258000    0.0000111600    0.0000242700
   0.0000851100   -0.0000490900    0.0001213700
  -0.0000241300    0.0000040500   -0.0000205700
  -0.0000848700   -0.0000432800   -0.0060269400
  -0.0000074000   -0.0000017800   -0.2718573700
   0.0000402600    0.0000027300    0.0006188400
  -0.0000415900   -0.0000043400    0.0006188200
  -0.0000170100    0.0000382800    0.0006188300
   0.0000238800    0.0000278800    0.0007483800
  -0.0000002600    0.0000002100   -0.0000687400
   0.0000177600   -0.0000361700    0.0006188300
   0.0000000300    0.0000000100   -0.0000688000
  -0.0000121600   -0.0000345500    0.0007483800
   0.0000102300    0.0000741100   -0.0075238200
  -0.0000326100   -0.0000202400    0.0003108200
  -0.0000054700   -0.0000271800    0.0000367600
  -0.0000105000   -0.0000049900   -0.0000208500
   0.0000136400    0.0000192800    0.0000142400
  -0.0000249100    0.0000091400    0.0000501300
   0.0000393500   -0.0000401700   -0.0075241500
   0.0000223700    0.0000046700    0.0000256400
  -0.0000823000   -0.0000427500    0.0003126300
   0.0000545100   -0.0000139800   -0.0075241800
  -0.0000009100    0.0000117400   -0.0000208300
  -0.0000590100   -0.0000458200   -0.0075238700
  -0.0000040800    0.0000927500    0.0003126400
  -0.0000203200    0.0000170700    0.0000501400
   0.0000208400    0.0000184100    0.0000367400
   0.0000072300   -0.0000216300    0.0000256300
  -0.0000098200   -0.0000213700    0.0000142400
   0.0000012800    0.0000384400    0.0003108100
   0.0017003300    0.0012475400    0.0025636400
  -0.0000001700   -0.0000261000   -0.0000029000
  -0.0016808700    0.0009705000    0.0029064600
   0.0000034700   -0.0000754500   -0.0000007700
  -0.0000192400    0.0000111600    0.0000002200
   0.0000225500    0.0000132900   -0.0000029200
  -0.0000471400    0.0000272700    0.0000225500
   0.0000671200    0.0000348100   -0.0000007700
  -0.0002301900   -0.0020962200    0.0025636600
  -0.0299288100    0.0172794900    0.0468773600
  -0.0000101600   -0.0000134600   -0.0000101800
   0.0004924900    0.0000194000    0.0009111800
   0.0002294900   -0.0004361100    0.0009111900
  -0.0000372500   -0.0001575800   -0.0000727200
  -0.0000236100    0.0000136800   -0.0000069600
   0.0000066400    0.0000156000   -0.0000101900
  -0.0000243500    0.0000141100    0.0000041900
   0.0001178900    0.0001111500   -0.0000727200
  -0.0005672100   -0.0353236200    0.0466328500
  -0.0001790800    0.0000403400   -0.0000645900
   0.0001715000    0.0000263700   -0.0000438200
   0.0000158700    0.0000004900   -0.0000038900
  -0.0000281000    0.0000006400   -0.0000277900
   0.0000012400   -0.0000245100   -0.0000040600
  -0.0000813200    0.0004607600    0.0008885200
  -0.0000002600   -0.0000296100    0.0000036500
   0.0002835400    0.0005824300    0.0008960600
   0.0003653800    0.0002359500    0.0007725200
   0.0000014900    0.0000053000   -0.0000028500
  -0.0315336000   -0.0187730600    0.0477474700
   0.0003531100    0.0004264800    0.0007719900
  -0.0000187300   -0.0000102800   -0.0000075900
  -0.0000844400    0.0001771500   -0.0000669200
  -0.0000164200   -0.0000115500    0.0000035200
   0.0000124400   -0.0000092900   -0.0000238500
   0.0001245400   -0.0001593100   -0.0000849100
  -0.0004396500   -0.0001598800    0.0008885100
   0.0000075500   -0.0000139100   -0.0000038900
   0.0303075400    0.0181531200    0.0466328200
  -0.0003625900   -0.0005366800    0.0008960500
   0.0000218900    0.0000112800   -0.0000040800
   0.0000629700   -0.0001616100   -0.0000438200
   0.0000255500    0.0000151200    0.0000036500
  -0.0000145500    0.0000241100   -0.0000277800
  -0.0001244300    0.0001349900   -0.0000645700
   0.0004912100    0.0366955100    0.0477474600
   0.0002002700   -0.0000281200   -0.0000849000
  -0.0001955900   -0.0000153500   -0.0000669200
  -0.0000037900   -0.0000038500   -0.0000028300
   0.0000143200   -0.0000060400   -0.0000238400
  -0.0000004000    0.0000214400   -0.0000076000
  -0.0000216000   -0.0004343000    0.0007725200
   0.0000018500    0.0000200700    0.0000035200
  -0.0001927500   -0.0005189700    0.0007719900
  -0.0018629800   -0.0014261200    0.0023758500
   0.0000009500    0.0000289900    0.0000024000
   0.0018792100   -0.0010849100    0.0027576500
  -0.0000037000    0.0000471200    0.0000594100
   0.0000197500   -0.0000113500    0.0000061500
  -0.0000245900   -0.0000152200    0.0000024000
   0.0000180100   -0.0000103400    0.0000849200
  -0.0000426000   -0.0000202600    0.0000594200
   0.0003036200    0.0023265300    0.0023758400
   0.0312074700   -0.0180175800    0.0480349300
   0.0000020700    0.0000057900   -0.0000089700
  -0.0004304800    0.0000529300    0.0007827900
  -0.0002610300    0.0003464300    0.0007827800
   0.0000621100    0.0001698200   -0.0000892400
   0.0000209800   -0.0000120600   -0.0000092100
  -0.0000039300   -0.0000045900   -0.0000089700
   0.0000161400   -0.0000092600    0.0000035200
  -0.0001159800   -0.0001386000   -0.0000892400

10   
  0.0000000000000000   0.0000000000000000  -0.0100000000000000
   0.0001745200    0.0000355000    0.0060275300
  -0.0000031300    0.0000293700   -0.0000245500
  -0.0000600300    0.0000347200   -0.0001738200
   0.0000157900   -0.0000167800    0.0000203500
  -0.0000127600    0.0000074300    0.0000615800
  -0.0000269700   -0.0000118800   -0.0000245600
  -0.0000853200    0.0000493100   -0.0001218100
   0.0000224800   -0.0000052000    0.0000203500
   0.0000565600   -0.0001688100    0.0060275300
   0.0000134400   -0.0000140600    0.2717936100
  -0.0000482700   -0.0000119500   -0.0006185400
   0.0000480400   -0.0000049800   -0.0006184500
   0.0000284300   -0.0000390200   -0.0006184400
  -0.0000347500   -0.0000307900   -0.0007483000
   0.0000003900   -0.0000001600    0.0000687100
  -0.0000137100    0.0000478800   -0.0006185700
  -0.0000003200    0.0000002100    0.0000687300
   0.0000093200    0.0000455500   -0.0007483000
  -0.0001865200    0.0000471600    0.0075275400
   0.0000356100    0.0000218600   -0.0003134900
   0.0000055800    0.0000285600   -0.0000369900
   0.0000098100    0.0000046400    0.0000209300
  -0.0000154100   -0.0000186700   -0.0000144000
   0.0000268300   -0.0000093800   -0.0000503900
  -0.0000220200   -0.0001549300    0.0075258900
  -0.0000228300   -0.0000054600   -0.0000257700
   0.0000839700    0.0000440500   -0.0003129400
   0.0001231900    0.0000966900    0.0075259200
   0.0000009300   -0.0000108000    0.0000209000
  -0.0001340600    0.0001380200    0.0075276500
   0.0000039000   -0.0000946300   -0.0003129300
   0.0000216000   -0.0000184900   -0.0000503700
  -0.0000219100   -0.0000190300   -0.0000369900
  -0.0000066200    0.0000225700   -0.0000257800
   0.0000085100    0.0000227700   -0.0000143900
  -0.0000010800   -0.0000417000   -0.0003135000
  -0.0016820100   -0.0012402900   -0.0025594800
   0.0000001800    0.0000258300    0.0000029400
   0.0016661900   -0.0009619200   -0.0029019400
  -0.0000036300    0.0000767700    0.0000014300
   0.0000187900   -0.0000107900   -0.0000002400
  -0.0000222400   -0.0000129900    0.0000029400
   0.0000483900   -0.0000278900   -0.0000216600
  -0.0000682400   -0.0000351600    0.0000014400
   0.0002331800    0.0020768900   -0.0025594700
   0.0309431100   -0.0178650000   -0.0478217200
   0.0000087700    0.0000144900    0.0000105400
  -0.0004792700   -0.0000207100   -0.0009218000
  -0.0002216400    0.0004255000   -0.0009217900
   0.0000386000    0.0001546100    0.0000726500
   0.0000236400   -0.0000136000    0.0000072300
  -0.0000081000   -0.0000147400    0.0000105300
   0.0000246600   -0.0000141900   -0.0000038200
  -0.0001145400   -0.0001106400    0.0000726400
   0.0005785100    0.0365020200   -0.0475885400
   0.0001774500   -0.0000369600    0.0000643600
  -0.0001695400   -0.0000230300    0.0000439200
  -0.0000159600   -0.0000022500    0.0000043500
   0.0000281000   -0.0000021600    0.0000283900
  -0.0000013000    0.0000247500    0.0000043700
   0.0000782600   -0.0004502000   -0.0008981500
   0.0000002700    0.0000301200   -0.0000033100
  -0.0002818700   -0.0005719600   -0.0009071400
  -0.0003762400   -0.0002383300   -0.0007635100
   0.0000000400   -0.0000040300    0.0000023100
   0.0305049900    0.0181676400   -0.0467754300
  -0.0003611400   -0.0004339800   -0.0007610200
   0.0000185300    0.0000104100    0.0000073500
   0.0000830800   -0.0001804200    0.0000671200
   0.0000162000    0.0000114500   -0.0000037300
  -0.0000108900    0.0000101500    0.0000232800
  -0.0001280500    0.0001595700    0.0000855300
   0.0004290700    0.0001574100   -0.0008981400
  -0.0000059900    0.0000150200    0.0000043500
  -0.0313223500   -0.0187519400   -0.0475885500
   0.0003544400    0.0005301700   -0.0009071400
  -0.0000220400   -0.0000111500    0.0000043600
  -0.0000647700    0.0001584300    0.0000439200
  -0.0000259100   -0.0000152000   -0.0000033100
   0.0000159900   -0.0000231700    0.0000283800
   0.0001207800   -0.0001351100    0.0000643700
  -0.0004810800   -0.0355016800   -0.0467753900
  -0.0002021800    0.0000312000    0.0000855300
   0.0001978400    0.0000183500    0.0000671100
   0.0000035600    0.0000020600    0.0000023200
  -0.0000141900    0.0000044400    0.0000232900
   0.0000003000   -0.0000211600    0.0000073300
   0.0000183200    0.0004450800   -0.0007634900
  -0.0000017500   -0.0000196700   -0.0000037300
   0.0001953100    0.0005298300   -0.0007610100
   0.0018727800    0.0014275400   -0.0023716600
  -0.0000009400   -0.0000291800   -0.0000023200
  -0.0018859600    0.0010889100   -0.0027571900
   0.0000035300   -0.0000450400   -0.0000597100
  -0.0000201400    0.0000116800   -0.0000059200
   0.0000248400    0.0000154900   -0.0000023200
  -0.0000163900    0.0000095300   -0.0000852800
   0.0000408200    0.0000195600   -0.0000597000
  -0.0002998500   -0.0023355500   -0.0023716600
  -0.0301864800    0.0174282600   -0.0470842000
  -0.0000033800   -0.0000045400    0.0000085700
   0.0004442200   -0.0000538100   -0.0007732800
   0.0002687500   -0.0003577100   -0.0007732700
  -0.0000612500   -0.0001729200    0.0000897000
  -0.0000209600    0.0000121700    0.0000089900
   0.0000022900    0.0000052900    0.0000085700
  -0.0000159100    0.0000092400   -0.0000037800
   0.0001191800    0.0001396000    0.0000897000

19   
  0.0100000000000000   0.0000000000000000   0.0000000000000000
   0.0106493500   -0.0105070700    0.0005459400
   0.0001936700   -0.0000053800    0.0000081200
   0.0060344200    0.0099704100   -0.0000938200
   0.0017703500   -0.0000388100    0.0000351500
   0.0000490200    0.0000403200    0.0000070700
   0.0000249700   -0.0000515900   -0.0000010000
  -0.0000713700    0.0000485900   -0.0000057400
  -0.0000653700   -0.0000125700   -0.0000031900
   0.0021229000   -0.0000717500    0.0000042100
   0.0052013600    0.0068629600    0.0001009900
  -0.0000383400   -0.0000376500   -0.0000056900
   0.0004376500   -0.0007135700   -0.0000344700
   0.0044257000   -0.0113447300    0.0000297000
   0.0004994300   -0.0007513700   -0.0000832700
  -0.0000577400    0.0000202800    0.0000223600
   0.0000525800   -0.0000699500   -0.0000101700
  -0.0000163200    0.0000538800   -0.0000260700
  -0.0000547400   -0.0000833400    0.0000143500
  -0.2478052300    0.0010911900   -0.0022600100
   0.0012052400    0.0004171100   -0.0000812200
   0.0011614600   -0.0003083800    0.0000602600
  -0.0000290600   -0.0002133600    0.0000517700
   0.0000727500    0.0003938200   -0.0000318300
   0.0000358100   -0.0000003800    0.0000025000
  -0.0000228700   -0.0011142500    0.0000033500
   0.0000357700   -0.0000040400   -0.0000050700
   0.0000650000    0.0011507400   -0.0000297800
   0.0004902800    0.0008050600    0.0001274900
  -0.0000365000    0.0000656100    0.0000271700
   0.0049263300   -0.0080063500   -0.0011233000
   0.0048353000    0.0130247800   -0.0002115700
  -0.0000628100   -0.0000354500    0.0000049400
   0.0005534800    0.0008202500   -0.0000028600
  -0.0000320500   -0.0000179900   -0.0000080400
   0.0000739900    0.0000556000   -0.0000107900
  -0.0000379700    0.0000645000   -0.0000237100
   0.0005989500    0.0009621700   -0.0004253100
   0.0000744900    0.0000217000    0.0000243100
   0.0376681700    0.0148699300   -0.0299775400
   0.0006119300   -0.0004917000   -0.0002280000
  -0.0000211300    0.0000039400   -0.0000150300
  -0.0000808500   -0.0000244800    0.0000644100
   0.0000057000    0.0000132600    0.0000027100
   0.0000384900    0.0000602000    0.0000556500
   0.0000264700    0.0000215300    0.0000342800
  -0.0000650800   -0.0007005600    0.0000739300
  -0.0000218800    0.0000010900   -0.0000011400
  -0.0000247900    0.0006650100    0.0001365100
   0.0151861200    0.0006494800   -0.0005600000
  -0.0000074400   -0.0001803900    0.0000293500
   0.0000084600    0.0001623700   -0.0000453400
  -0.0000110600   -0.0000408600    0.0000316000
  -0.0000278700    0.0000558100   -0.0000363700
  -0.0000017000   -0.0000030300   -0.0000039200
   0.0444837500   -0.0166685900   -0.0321107200
   0.0000965900   -0.0000418100    0.0000599200
   0.0006814300   -0.0009796000   -0.0000258900
   0.0005465500    0.0001975600    0.0000549100
  -0.0000738100    0.0000038900    0.0001291600
  -0.0000128400    0.0000007200   -0.0000164900
   0.0000279200   -0.0000554800    0.0000738200
   0.0000013800   -0.0000152200   -0.0000086100
   0.0000673800    0.0000255800    0.0000992900
  -0.0000874800    0.0000120200    0.0000141600
  -0.0001020700   -0.0000275000   -0.0000387900
  -0.0045274700   -0.0000113800   -0.0001134400
   0.0007835100    0.0030710800    0.0013729700
  -0.0000080300    0.0000064100    0.0000016500
   0.0009955000   -0.0031687700   -0.0011108500
  -0.0000549800   -0.0000066100   -0.0000159900
  -0.0000176500   -0.0000025400   -0.0000036700
  -0.0000173000    0.0000001300    0.0000147200
  -0.0000866900    0.0000223900   -0.0000574800
  -0.0000953700   -0.0000314600    0.0000462400
  -0.0041458200    0.0000296600    0.0000463800
   0.0008388300    0.0029765100   -0.0009763400
  -0.0000060700   -0.0000019000   -0.0000017800
   0.0010144800   -0.0028452200    0.0010747600
  -0.0000561300    0.0000141200   -0.0000004200
  -0.0000261800    0.0000049900    0.0000035100
  -0.0000145100   -0.0000039400   -0.0000074300
   0.0461598900   -0.0171443000    0.0329257900
   0.0000994300   -0.0000374600   -0.0000321700
   0.0008989600   -0.0011031000    0.0002703500
   0.0005413000    0.0002884900   -0.0000569000
  -0.0001210300    0.0000156600   -0.0001054200
  -0.0000192400   -0.0000001500    0.0000121900
   0.0000388400   -0.0000528600   -0.0000764500
   0.0000034600   -0.0000165900    0.0000137200
   0.0000773400    0.0000007100   -0.0000686800
   0.0007836900    0.0009350100   -0.0001569400
   0.0000940300    0.0000494500   -0.0000777700
   0.0454431400    0.0168034700    0.0320979200
   0.0004751600   -0.0002032800    0.0000169000
  -0.0000211300   -0.0000005900    0.0000144000
  -0.0000802200   -0.0000064700   -0.0001438500
   0.0000043600    0.0000130200    0.0000143800
   0.0000238200    0.0000585400   -0.0000833400
   0.0001214200   -0.0000221700   -0.0001078100
  -0.0000363900   -0.0005970000   -0.0000298600
  -0.0000222400    0.0000010100    0.0000013900
   0.0000301800    0.0009387800    0.0002757800
   0.0148048500    0.0000803000    0.0006175200
   0.0000109000   -0.0001836500   -0.0000303700
  -0.0000356700    0.0001587200    0.0000418200
  -0.0000013800   -0.0000346200   -0.0000298000
  -0.0000162800    0.0000126700    0.0000397800
  -0.0000055300   -0.0000013100   -0.0000001000

19   
 -0.0100000000000000   0.0000000000000000   0.0000000000000000
  -0.0099618100    0.0102513600   -0.0005423200
  -0.0001941300    0.0000043900   -0.0000083700
  -0.0066411000   -0.0102155400    0.0000685600
  -0.0017732700    0.0000432400   -0.0000366200
  -0.0000468900   -0.0000386900   -0.0000072200
  -0.0000271000    0.0000530000    0.0000009800
   0.0000709300   -0.0000494000    0.0000057100
   0.0000652900    0.0000113900    0.0000029800
  -0.0021234100    0.0001122300   -0.0000054000
  -0.0050333600   -0.0069652800   -0.0000956100
   0.0000383700    0.0000381600    0.0000053900
  -0.0004375500    0.0007268700    0.0000337000
  -0.0044026800    0.0114544900   -0.0000316100
  -0.0005085600    0.0007293600    0.0000830400
   0.0000591700   -0.0000185400   -0.0000227900
  -0.0000535800    0.0000713400    0.0000101700
   0.0000155600   -0.0000520300    0.0000256900
   0.0000560100    0.0000825600   -0.0000146800
   0.2475804800    0.0007518500    0.0023989500
  -0.0011592800   -0.0004096600    0.0000763400
  -0.0012030300    0.0003147200   -0.0000630800
   0.0000320400    0.0002309500   -0.0000524600
  -0.0000717500   -0.0003732100    0.0000310400
  -0.0000359100    0.0000002600   -0.0000026500
   0.0000382100    0.0010998700   -0.0000033600
  -0.0000358800    0.0000039400    0.0000050500
  -0.0000795400   -0.0011654200    0.0000280200
  -0.0004889800   -0.0007918500   -0.0001276600
   0.0000358100   -0.0000651000   -0.0000275200
  -0.0050829100    0.0079262800    0.0011160600
  -0.0048515800   -0.0129203100    0.0002081000
   0.0000607700    0.0000371300   -0.0000052400
  -0.0005458900   -0.0008458800    0.0000013600
   0.0000320800    0.0000202700    0.0000080400
  -0.0000733600   -0.0000537700    0.0000102800
   0.0000364700   -0.0000650100    0.0000234300
  -0.0005884900   -0.0009603800    0.0004342100
  -0.0000755100   -0.0000227500   -0.0000242200
  -0.0384106500   -0.0153166400    0.0310006100
  -0.0006169200    0.0004890000    0.0002060500
   0.0000206900   -0.0000035600    0.0000147600
   0.0000816600    0.0000267400   -0.0000647700
  -0.0000058900   -0.0000132100   -0.0000028400
  -0.0000392800   -0.0000601600   -0.0000555600
  -0.0000249700   -0.0000229800   -0.0000341900
   0.0000629700    0.0006997100   -0.0000669000
   0.0000216700   -0.0000009800    0.0000011900
   0.0000238400   -0.0006650900   -0.0001329200
  -0.0151922700   -0.0003594400    0.0003669000
   0.0000096200    0.0001780900   -0.0000295400
  -0.0000114000   -0.0001648700    0.0000455900
   0.0000105300    0.0000412600   -0.0000314200
   0.0000280200   -0.0000550100    0.0000363500
   0.0000015300    0.0000033300    0.0000041100
  -0.0435240400    0.0160796500    0.0309500800
  -0.0000958700    0.0000408200   -0.0000583100
  -0.0006987500    0.0009825200    0.0000174900
  -0.0005465800   -0.0001960300   -0.0000286600
   0.0000735000   -0.0000018600   -0.0001279800
   0.0000128500   -0.0000003700    0.0000167000
  -0.0000277300    0.0000554900   -0.0000732200
  -0.0000014400    0.0000154400    0.0000087800
  -0.0000694200   -0.0000276600   -0.0000978200
   0.0000878800   -0.0000126800   -0.0000128100
   0.0001016600    0.0000270400    0.0000401300
   0.0045304300    0.0000442200    0.0001208400
  -0.0007945700   -0.0030358700   -0.0013450800
   0.0000080400   -0.0000068300   -0.0000023100
  -0.0009782400    0.0031974500    0.0011339800
   0.0000548900    0.0000101500    0.0000179200
   0.0000173400    0.0000029200    0.0000033700
   0.0000173800    0.0000001100   -0.0000149700
   0.0000871800   -0.0000228100    0.0000559500
   0.0000946000    0.0000308200   -0.0000475200
   0.0041426700    0.0000003900   -0.0000505200
  -0.0008521600   -0.0029499300    0.0009551800
   0.0000059700    0.0000016700    0.0000025900
  -0.0010030200    0.0028725300   -0.0010940100
   0.0000562000   -0.0000098100   -0.0000020100
   0.0000259700   -0.0000046800   -0.0000030800
   0.0000143000    0.0000041800    0.0000078900
  -0.0451815300    0.0165528700   -0.0317676200
  -0.0000986600    0.0000360300    0.0000320400
  -0.0009121100    0.0011078800   -0.0002601000
  -0.0005393100   -0.0002889400    0.0000326600
   0.0001193600   -0.0000134200    0.0001041300
   0.0000192000    0.0000006100   -0.0000123700
  -0.0000383300    0.0000528800    0.0000757900
  -0.0000037300    0.0000168500   -0.0000138700
  -0.0000792000   -0.0000027200    0.0000678100
  -0.0007657900   -0.0009328800    0.0001473100
  -0.0000951400   -0.0000506700    0.0000792200
  -0.0464692200   -0.0174111700   -0.0332733800
  -0.0004762900    0.0002014000    0.0000153300
   0.0000208600    0.0000011600   -0.0000141900
   0.0000805500    0.0000087300    0.0001451700
  -0.0000044900   -0.0000127900   -0.0000141500
  -0.0000244300   -0.0000584300    0.0000843200
  -0.0001199200    0.0000204100    0.0001091600
   0.0000338400    0.0005967900    0.0000234200
   0.0000220900   -0.0000009200   -0.0000014100
  -0.0000268600   -0.0009347500   -0.0002796100
  -0.0148313400    0.0002437600   -0.0003953000
  -0.0000086300    0.0001803400    0.0000304400
   0.0000329600   -0.0001611200   -0.0000412700
   0.0000006600    0.0000352900    0.0000299100
   0.0000163200   -0.0000127200   -0.0000397400
   0.0000053500    0.0000016000   -0.0000000500

19   
 -0.0050000000000000   0.0086602540378444   0.0000000000000000
   0.0031868100    0.0082690200   -0.0008270800
  -0.0000836000    0.0000250600   -0.0000159900
  -0.0112384300   -0.0013312300   -0.0007083900
  -0.0007991400    0.0003511400    0.0001070400
  -0.0000444900   -0.0000400200    0.0000000200
  -0.0000005200    0.0000158500   -0.0000158600
  -0.0000267300   -0.0000877700   -0.0000041200
   0.0001161200   -0.0000255500    0.0000343700
  -0.0010084500    0.0003807200   -0.0000113900
  -0.0121394400    0.0029812800   -0.0000376500
   0.0000707100   -0.0000070700   -0.0000213100
  -0.0007877900    0.0015485700   -0.0000012200
   0.0039146000    0.0119954700    0.0000343600
  -0.0008810700    0.0014303800    0.0000027100
  -0.0000303900   -0.0000164600   -0.0000069300
  -0.0000602600    0.0001386400    0.0000008000
  -0.0000340900   -0.0000557500    0.0000210100
   0.0000261400    0.0000148900    0.0000091100
   0.1231208300   -0.2146499100    0.0002164700
  -0.0008511800   -0.0005337400    0.0000486500
  -0.0002387800   -0.0001738600   -0.0000949400
  -0.0009572200    0.0007363700   -0.0000508600
   0.0009704600    0.0005021500   -0.0000459700
  -0.0000211300    0.0000278200    0.0000002300
  -0.0001690800    0.0011433500    0.0000473300
  -0.0000180700    0.0000295600    0.0000007000
   0.0002893200    0.0001011600    0.0001003700
   0.0002901900    0.0008031600   -0.0000590000
  -0.0000166000   -0.0000529400   -0.0000284400
   0.0066369700    0.0096153500    0.0007047500
  -0.0079473000    0.0011044800    0.0009458500
   0.0000937900    0.0000178200    0.0000026200
   0.0003056200    0.0007366500    0.0000105800
   0.0000939900   -0.0000170500    0.0000028600
  -0.0000182400    0.0000735500    0.0000158000
  -0.0000174500   -0.0000505700    0.0000181800
  -0.0006707900   -0.0001566500    0.0003246700
   0.0000019200   -0.0000136700    0.0000350400
  -0.0056239400    0.0097561100   -0.0002126100
   0.0003820400    0.0004841700   -0.0002546500
   0.0000074400   -0.0000187500    0.0000024100
   0.0001120200    0.0000636200   -0.0000585700
   0.0000080200   -0.0000178400   -0.0000003400
   0.0000069500   -0.0000070100   -0.0000263300
  -0.0000702900   -0.0000920800    0.0000557400
   0.0004441000    0.0010664700   -0.0000075500
   0.0000117800    0.0000061800   -0.0000123400
  -0.0004382500    0.0003786800   -0.0000526100
  -0.0079424400    0.0452210900   -0.0312408500
  -0.0000067500    0.0001203400    0.0000785100
   0.0000011600   -0.0000905700    0.0001016700
  -0.0000127000    0.0000798900    0.0000450000
   0.0000390600    0.0000351500    0.0000824800
   0.0000014800   -0.0000063400   -0.0000125200
  -0.0353342200    0.0292954500    0.0306245400
  -0.0000721800   -0.0000114700   -0.0000831600
  -0.0000993600    0.0006776600    0.0000319600
  -0.0010725200    0.0001682100   -0.0000111900
  -0.0000595200    0.0000985000   -0.0000906700
   0.0000083800   -0.0000069500    0.0000087000
  -0.0000650500    0.0000649200   -0.0000644000
  -0.0000124100   -0.0000067900    0.0000083000
   0.0000538600   -0.0000800500   -0.0001299200
   0.0000423900   -0.0000547000   -0.0000343200
   0.0000349500   -0.0000518800   -0.0000020800
   0.0021926000    0.0024319700   -0.0011672800
   0.0020743800   -0.0039481400   -0.0001030100
   0.0000001600   -0.0000084800   -0.0000054000
  -0.0030681700   -0.0007313200    0.0008953400
   0.0000215200   -0.0000695200    0.0000445100
   0.0000164700   -0.0000155200    0.0000035700
   0.0000065600   -0.0000127200   -0.0000001000
   0.0000634200   -0.0000735000    0.0000545000
   0.0000364300   -0.0000413300    0.0000033600
   0.0020972900    0.0022974800    0.0011951100
   0.0019737800   -0.0038026600    0.0000772400
   0.0000011100   -0.0000093500    0.0000046400
  -0.0028859000   -0.0007258300   -0.0009753800
   0.0000262900   -0.0000862300   -0.0000763200
   0.0000164300   -0.0000163900   -0.0000052300
   0.0000023200   -0.0000047800    0.0000012500
  -0.0377025200    0.0297160700   -0.0315288800
  -0.0001073500    0.0000154200    0.0000653600
  -0.0000814400    0.0007374600    0.0000530300
  -0.0009620300    0.0000373900    0.0000566600
  -0.0000075300    0.0001096100    0.0000586000
   0.0000145400   -0.0000101800   -0.0000088600
  -0.0000630700    0.0000698000    0.0000645100
  -0.0000163300   -0.0000067300   -0.0000127300
   0.0000288300   -0.0000909000    0.0000975600
  -0.0006840700   -0.0003410200    0.0001014100
  -0.0000266500   -0.0000491400   -0.0000085000
  -0.0078675900    0.0132265300   -0.0000096000
   0.0005590500    0.0004311600   -0.0002519500
   0.0000034000   -0.0000142600   -0.0000044700
   0.0001359300    0.0001327900    0.0000588400
   0.0000076500   -0.0000173500   -0.0000004200
   0.0000524600    0.0000013300   -0.0000037200
  -0.0001477900   -0.0000617600   -0.0000427500
   0.0005203700    0.0009125500   -0.0000498700
   0.0000115900    0.0000060600    0.0000165100
  -0.0005314100    0.0003569400   -0.0000058100
  -0.0071175300    0.0475910500    0.0321239300
  -0.0000320000    0.0000809900   -0.0000494800
   0.0000231600   -0.0000654000   -0.0000685600
  -0.0000183800    0.0000822300   -0.0000455000
   0.0000312200    0.0000753500   -0.0000640400
   0.0000015400   -0.0000119100    0.0000123000

19   
  0.0050000000000000  -0.0086602540378444   0.0000000000000000
  -0.0030044500   -0.0083703600    0.0008228200
   0.0000815300   -0.0000243300    0.0000155800
   0.0111653300    0.0012978300    0.0007002700
   0.0007859400   -0.0003509900   -0.0001081200
   0.0000456800    0.0000387100   -0.0000002300
  -0.0000012500   -0.0000189400    0.0000158500
   0.0000258000    0.0000883000    0.0000041000
  -0.0001184800    0.0000249800   -0.0000344600
   0.0010178600   -0.0003640600    0.0000118500
   0.0126533400   -0.0034366000    0.0000373600
  -0.0000696300    0.0000077400    0.0000214400
   0.0007858200   -0.0015492800    0.0000011200
  -0.0040130900   -0.0113381600   -0.0000345000
   0.0008511900   -0.0014507600   -0.0000052400
   0.0000268500    0.0000173600    0.0000068900
   0.0000609600   -0.0001384300   -0.0000008400
   0.0000346200    0.0000566500   -0.0000208900
  -0.0000273400   -0.0000188600   -0.0000092000
  -0.1248701700    0.2136092600   -0.0003630600
   0.0008705000    0.0005316000   -0.0000510300
   0.0002272500    0.0001665300    0.0000939800
   0.0009299400   -0.0007044500    0.0000508300
  -0.0009631500   -0.0004828900    0.0000432900
   0.0000216700   -0.0000273400   -0.0000004300
   0.0001853800   -0.0011823500   -0.0000474600
   0.0000183300   -0.0000292500   -0.0000007500
  -0.0003026500   -0.0001093200   -0.0001014100
  -0.0003033200   -0.0008088700    0.0000573900
   0.0000153700    0.0000514900    0.0000283600
  -0.0067045600   -0.0096428000   -0.0007165000
   0.0079384100   -0.0009115100   -0.0009504300
  -0.0000943100   -0.0000167600   -0.0000028300
  -0.0002877600   -0.0007367300   -0.0000105600
  -0.0000940900    0.0000170600   -0.0000029100
   0.0000178800   -0.0000757000   -0.0000161600
   0.0000145400    0.0000513500   -0.0000182400
   0.0006668000    0.0001544600   -0.0003276000
  -0.0000013800    0.0000134300   -0.0000345900
   0.0053803100   -0.0098944000    0.0004337900
  -0.0003866300   -0.0004874900    0.0002528600
  -0.0000079100    0.0000186000   -0.0000026900
  -0.0001105000   -0.0000598800    0.0000600700
  -0.0000080200    0.0000177000    0.0000004600
  -0.0000072900    0.0000073500    0.0000266200
   0.0000745000    0.0000906200   -0.0000536400
  -0.0004365900   -0.0010837700   -0.0000054100
  -0.0000121600   -0.0000063200    0.0000124500
   0.0004363300   -0.0003777700    0.0000774300
   0.0079488100   -0.0440949900    0.0301323800
   0.0000083200   -0.0001206400   -0.0000772000
  -0.0000027200    0.0000898500   -0.0001003400
   0.0000129000   -0.0000784500   -0.0000439400
  -0.0000394400   -0.0000348000   -0.0000818300
  -0.0000019100    0.0000064200    0.0000126100
   0.0363196100   -0.0298371100   -0.0317728000
   0.0000723900    0.0000111500    0.0000838000
   0.0000999300   -0.0006811700   -0.0000083000
   0.0010614300   -0.0001569200   -0.0000018300
   0.0000594700   -0.0000961500    0.0000918900
  -0.0000087200    0.0000066900   -0.0000087100
   0.0000662400   -0.0000655700    0.0000657400
   0.0000120700    0.0000066500   -0.0000082700
  -0.0000559600    0.0000786200    0.0001312300
  -0.0000411800    0.0000548900    0.0000361100
  -0.0000382600    0.0000503800    0.0000048200
  -0.0022173600   -0.0024434900    0.0011913300
  -0.0020992000    0.0039363000    0.0001132100
  -0.0000003200    0.0000082100    0.0000050800
   0.0030486400    0.0007132800   -0.0008686600
  -0.0000209200    0.0000702500   -0.0000426200
  -0.0000170400    0.0000156500   -0.0000039300
  -0.0000060000    0.0000130500   -0.0000004100
  -0.0000621800    0.0000736700   -0.0000562800
  -0.0000402000    0.0000394800   -0.0000060100
  -0.0021244100   -0.0023067400   -0.0012129900
  -0.0019970100    0.0037916700   -0.0000848500
  -0.0000012800    0.0000092900   -0.0000043300
   0.0028662000    0.0007052500    0.0009538900
  -0.0000256700    0.0000872300    0.0000742100
  -0.0000168200    0.0000164300    0.0000055400
  -0.0000021100    0.0000049800   -0.0000005500
   0.0387090500   -0.0302631700    0.0327229300
   0.0001074900   -0.0000161200   -0.0000655700
   0.0000843600   -0.0007414100   -0.0000758100
   0.0009517400   -0.0000282700   -0.0000431400
   0.0000071000   -0.0001075400   -0.0000591400
  -0.0000149000    0.0000098700    0.0000087500
   0.0000645300   -0.0000707600   -0.0000656800
   0.0000159900    0.0000065800    0.0000126000
  -0.0000312500    0.0000887100   -0.0000989200
   0.0006850400    0.0003422100   -0.0000954400
   0.0000266600    0.0000493400    0.0000089100
   0.0076066500   -0.0133795800   -0.0001714900
  -0.0005574100   -0.0004320200    0.0002569000
  -0.0000036400    0.0000142200    0.0000047300
  -0.0001344100   -0.0001290100   -0.0000598100
  -0.0000077400    0.0000172400    0.0000004500
  -0.0000525700   -0.0000016000    0.0000045000
   0.0001520700    0.0000601200    0.0000412800
  -0.0005143800   -0.0009285100    0.0000633000
  -0.0000119400   -0.0000061700   -0.0000167200
   0.0005304400   -0.0003536000   -0.0000176400
   0.0071305600   -0.0464064800   -0.0309405800
   0.0000331300   -0.0000814500    0.0000487300
  -0.0000254800    0.0000647300    0.0000671200
   0.0000183500   -0.0000804500    0.0000446200
  -0.0000320400   -0.0000748700    0.0000639400
  -0.0000021200    0.0000119400   -0.0000125000

19   
  0.0000000000000000   0.0000000000000000   0.0100000000000000
  -0.0007931000   -0.0005388800   -0.0051549500
  -0.0000037400   -0.0000131500   -0.0000382300
   0.0002393900   -0.0008829700   -0.0059865300
  -0.0000031500   -0.0000428200   -0.0000223900
   0.0000057400   -0.0000101000    0.0000007300
   0.0000040000    0.0000293700    0.0000170300
  -0.0000034200    0.0000037200   -0.0000205500
   0.0000100100   -0.0000184000   -0.0000036100
  -0.0000479900    0.0001012900    0.0000470200
  -0.0000311900    0.0003038600   -0.0075259800
   0.0000118100    0.0000115500    0.0000369700
   0.0000402700    0.0000239700    0.0003126100
   0.0001419400   -0.0002447600   -0.0075254400
  -0.0000237400    0.0000020500    0.0003119000
   0.0000107900   -0.0000060100    0.0000258900
   0.0000066300    0.0000026600   -0.0000208000
   0.0000195300    0.0000062700    0.0000503500
   0.0000043200    0.0000109700    0.0000145300
  -0.0023114100   -0.0010167300   -0.2705204100
   0.0000572100   -0.0000763500    0.0008043900
  -0.0000734700    0.0000086900    0.0008054300
   0.0000101000    0.0000547700    0.0006193400
  -0.0000342900    0.0000975600    0.0006736500
  -0.0000051400   -0.0000020300   -0.0000680900
   0.0000544100   -0.0000224300    0.0006192500
   0.0000025200    0.0000018300   -0.0000681100
  -0.0000327500   -0.0000634500    0.0006749300
  -0.0000125500   -0.0000042100    0.0001994400
  -0.0000179500    0.0000159500    0.0000315700
  -0.0007143400    0.0007790700   -0.0072216900
  -0.0008732600   -0.0002702200   -0.0067298400
  -0.0000030200    0.0000084400    0.0000284200
   0.0000566400   -0.0001132100    0.0002001400
  -0.0000023900   -0.0000076400    0.0000284000
  -0.0000156000    0.0000026100    0.0000062900
   0.0000280500   -0.0000155700    0.0000312900
   0.0008003600    0.0002009400    0.0005388600
  -0.0000239600    0.0000171600   -0.0000430000
  -0.0306435800   -0.0172338100    0.0460688600
   0.0005993200    0.0003589300    0.0005633400
  -0.0000224800   -0.0000120200   -0.0000050700
  -0.0000859000    0.0001674300   -0.0000572200
  -0.0000200400   -0.0000114800   -0.0000014500
  -0.0000003800   -0.0000188800   -0.0000233200
   0.0000848400   -0.0001571700   -0.0000442100
  -0.0003050100    0.0003921900    0.0009427900
  -0.0000028000   -0.0000237500   -0.0000003600
   0.0002637800    0.0003234500    0.0008454100
  -0.0000425900   -0.0344752100    0.0466285500
  -0.0001845900    0.0000615400   -0.0000742200
   0.0001577100    0.0000585500   -0.0000619900
   0.0000156200    0.0000023200   -0.0000117100
  -0.0000119500   -0.0000159800   -0.0000092600
  -0.0000044600   -0.0000244700   -0.0000048200
  -0.0307312600    0.0169652500    0.0463951100
  -0.0000216200   -0.0000156700   -0.0000237000
   0.0005636800    0.0000212100    0.0008566900
   0.0003183200   -0.0003178600    0.0009258500
  -0.0000523400   -0.0002094500   -0.0000677500
  -0.0000202400    0.0000093400   -0.0000019200
   0.0000108600    0.0000101000   -0.0000047200
  -0.0000239900    0.0000102700   -0.0000008300
   0.0001184100    0.0001311200   -0.0000352800
  -0.0000352000    0.0000269200    0.0000589800
   0.0000305800    0.0000233900    0.0000604400
   0.0001991200   -0.0020501700    0.0028013900
   0.0021176900    0.0008614200    0.0022733200
   0.0000003600   -0.0000262100    0.0000042300
  -0.0019401600    0.0010134500    0.0024265200
   0.0000047500   -0.0000188100    0.0000877400
  -0.0000255800    0.0000157900    0.0000000300
   0.0000193400    0.0000104400   -0.0000023600
   0.0000175200   -0.0000273800    0.0000819600
  -0.0000189000   -0.0000140600    0.0000645200
   0.0000786500    0.0019804300    0.0027923100
  -0.0020612800   -0.0008665700    0.0022170200
  -0.0000009800    0.0000276300    0.0000067700
   0.0020581000   -0.0007598600    0.0024417100
  -0.0000107500   -0.0000002000    0.0001114800
   0.0000295000   -0.0000180100    0.0000038900
  -0.0000229100   -0.0000120100    0.0000011900
   0.0332667800   -0.0187943700    0.0473440100
   0.0000418500    0.0000240000   -0.0000323300
  -0.0007717000    0.0000815800    0.0006522200
  -0.0004100600    0.0003681900    0.0008227100
   0.0000510200    0.0001815400   -0.0000541600
   0.0000202500   -0.0000114300   -0.0000062200
  -0.0000109200   -0.0000169800   -0.0000146200
   0.0000197700   -0.0000172500    0.0000031200
  -0.0001301100   -0.0001554300   -0.0000188500
  -0.0005859100   -0.0000722200    0.0008052900
   0.0000089600   -0.0000237500   -0.0000282300
   0.0321221600    0.0178770200    0.0474032600
  -0.0003608800   -0.0002548000    0.0008148600
   0.0000199300    0.0000124300   -0.0000035000
   0.0000363500   -0.0001733700   -0.0000341400
   0.0000190700    0.0000107700    0.0000100000
  -0.0000090700    0.0000130400   -0.0000049200
  -0.0001181600    0.0001238700   -0.0000109800
   0.0002854900   -0.0004856000    0.0008391700
  -0.0000041400    0.0000247900    0.0000027800
  -0.0003084800   -0.0005628800    0.0006788600
  -0.0000514600    0.0373987000    0.0476304900
   0.0001620100   -0.0000479400   -0.0000609800
  -0.0001800700   -0.0000500500   -0.0000512800
  -0.0000198800    0.0000025900   -0.0000202600
   0.0000303600    0.0000262600   -0.0000176000
   0.0000004100    0.0000253200   -0.0000074600

19   
  0.0000000000000000   0.0000000000000000  -0.0100000000000000
   0.0009505700    0.0006324900    0.0051571000
   0.0000033700    0.0000137900    0.0000382000
  -0.0004297100    0.0009689200    0.0059642800
   0.0000007800    0.0000420000    0.0000206400
  -0.0000047000    0.0000101100   -0.0000005200
  -0.0000053900   -0.0000292200   -0.0000174500
   0.0000048800   -0.0000042000    0.0000207900
  -0.0000115600    0.0000178700    0.0000037600
   0.0000471200   -0.0001036900   -0.0000484500
   0.0000519500   -0.0005376200    0.0075252500
  -0.0000123700   -0.0000131500   -0.0000368700
  -0.0000378800   -0.0000216700   -0.0003116700
  -0.0003193100    0.0003717200    0.0075243900
   0.0000293200    0.0000018800   -0.0003139700
  -0.0000105500    0.0000079200   -0.0000256900
  -0.0000074100   -0.0000029400    0.0000208200
  -0.0000205700   -0.0000063300   -0.0000502600
  -0.0000035000   -0.0000115800   -0.0000142600
   0.0023462200    0.0010016100    0.2703290500
  -0.0000660400    0.0000706400   -0.0008069400
   0.0000841300   -0.0000154300   -0.0008059400
   0.0000033400   -0.0000584400   -0.0006188700
   0.0000234700   -0.0001020700   -0.0006765100
   0.0000049700    0.0000021600    0.0000681200
  -0.0000498200    0.0000349500   -0.0006189600
  -0.0000026600   -0.0000019400    0.0000681600
   0.0000300300    0.0000759200   -0.0006752300
   0.0000085900    0.0000031000   -0.0002019700
   0.0000184800   -0.0000174100   -0.0000313700
   0.0007068900   -0.0009862400    0.0072021600
   0.0010232100    0.0003400100    0.0067295900
   0.0000027300   -0.0000067800   -0.0000282300
  -0.0000597500    0.0001142600   -0.0002013900
   0.0000030500    0.0000073400   -0.0000282100
   0.0000163400   -0.0000032000   -0.0000063800
  -0.0000287700    0.0000148100   -0.0000316700
  -0.0008163800   -0.0002045500   -0.0005250100
   0.0000253000   -0.0000164500    0.0000428200
   0.0296270800    0.0166616700   -0.0449832000
  -0.0006110300   -0.0003714500   -0.0005499100
   0.0000222900    0.0000119100    0.0000049100
   0.0000832900   -0.0001705000    0.0000582400
   0.0000196400    0.0000114400    0.0000014200
   0.0000017300    0.0000198700    0.0000232600
  -0.0000890800    0.0001569600    0.0000450100
   0.0002991700   -0.0003781900   -0.0009539700
   0.0000026300    0.0000240800    0.0000008400
  -0.0002569000   -0.0003115800   -0.0008566700
   0.0000356800    0.0356605400   -0.0475781100
   0.0001825300   -0.0000592500    0.0000743100
  -0.0001558300   -0.0000556900    0.0000621200
  -0.0000158000   -0.0000041100    0.0000121900
   0.0000120000    0.0000144300    0.0000094800
   0.0000043300    0.0000246700    0.0000052100
   0.0317733500   -0.0175631000   -0.0473675800
   0.0000201200    0.0000166100    0.0000241800
  -0.0005533400   -0.0000231900   -0.0008681200
  -0.0003093700    0.0003085200   -0.0009366200
   0.0000539300    0.0002068800    0.0000677800
   0.0000202800   -0.0000094600    0.0000023800
  -0.0000128400   -0.0000090300    0.0000053100
   0.0000241100   -0.0000103800    0.0000012800
  -0.0001145200   -0.0001309500    0.0000355900
   0.0000366900   -0.0000277700   -0.0000581700
  -0.0000319700   -0.0000242000   -0.0000598000
  -0.0001993700    0.0020418600   -0.0027964500
  -0.0021110300   -0.0008533800   -0.0022732700
  -0.0000003100    0.0000259100   -0.0000043200
   0.0019336400   -0.0010053300   -0.0024240600
  -0.0000047800    0.0000207600   -0.0000868200
   0.0000253400   -0.0000154900   -0.0000000800
  -0.0000191000   -0.0000101900    0.0000025600
  -0.0000161000    0.0000264500   -0.0000822500
   0.0000171300    0.0000129100   -0.0000649000
  -0.0000772700   -0.0019927500   -0.0027905300
   0.0020751400    0.0008785700   -0.0022197500
   0.0000008800   -0.0000279500   -0.0000064900
  -0.0020670700    0.0007716200   -0.0024366200
   0.0000107700    0.0000020400   -0.0001119400
  -0.0000299000    0.0000182300   -0.0000036800
   0.0000230400    0.0000122000   -0.0000009600
  -0.0322345900    0.0181836800   -0.0463834900
  -0.0000438200   -0.0000234200    0.0000319900
   0.0007900700   -0.0000872600   -0.0006355700
   0.0004163500   -0.0003760200   -0.0008142100
  -0.0000490500   -0.0001853300    0.0000554500
  -0.0000201100    0.0000112800    0.0000060800
   0.0000090300    0.0000177600    0.0000143200
  -0.0000195900    0.0000172100   -0.0000033200
   0.0001341000    0.0001553400    0.0000198400
   0.0005767600    0.0000682500   -0.0008159900
  -0.0000075300    0.0000248600    0.0000290400
  -0.0331415800   -0.0184520600   -0.0482931800
   0.0003538000    0.0002479500   -0.0008244100
  -0.0000201800   -0.0000125400    0.0000039000
  -0.0000386500    0.0001704400    0.0000340300
  -0.0000195000   -0.0000108600   -0.0000096700
   0.0000108300   -0.0000122000    0.0000056100
   0.0001142400   -0.0001238100    0.0000112300
  -0.0002913300    0.0004971800   -0.0008299100
   0.0000040500   -0.0000244000   -0.0000030100
   0.0003166200    0.0005842100   -0.0006629800
   0.0000272500   -0.0361798200   -0.0466564200
  -0.0001647900    0.0000508800    0.0000621800
   0.0001818700    0.0000530600    0.0000523000
   0.0000195400   -0.0000041700    0.0000200300
  -0.0000308700   -0.0000279200    0.0000176100
  -0.0000004900   -0.0000250500    0.0000073700

37   
  0.0100000000000000   0.0000000000000000   0.0000000000000000
   0.0359718400   -0.0139377100    0.0281577400
   0.0004982800    0.0003642600   -0.0004704100
  -0.0000058200   -0.0000336400    0.0000091900
   0.0000260600    0.0000218100   -0.0000040300
   0.0000782400    0.0000331400   -0.0000620700
  -0.0000052500   -0.0000216400    0.0000167000
   0.0007312600   -0.0008016800   -0.0005408300
  -0.0000383600    0.0000043500    0.0000253200
  -0.0000798000   -0.0001749900    0.0000424300
   0.0011941200    0.0030654300    0.0016834800
   0.0012985000   -0.0029461600   -0.0016805600
  -0.0000273200   -0.0000012600    0.0000000500
  -0.0000632200    0.0000130500   -0.0000468000
  -0.0037128900   -0.0000381200   -0.0002267400
  -0.0000568700   -0.0000129500    0.0000686000
  -0.0000460400    0.0000088900    0.0000030700
  -0.0000160600    0.0000056200    0.0000225000
  -0.0000064900   -0.0000090400   -0.0000187700
   0.0005742100   -0.0004228800    0.0008027100
   0.0384156900    0.0158285400   -0.0306491900
   0.0000759400    0.0000462700   -0.0000249400
   0.0000058600    0.0000125700   -0.0000197100
   0.0000268800   -0.0000688200    0.0000872100
   0.0000395600    0.0000305700   -0.0000008400
   0.0006077400    0.0007934800    0.0005985800
  -0.0000817400    0.0000813900   -0.0000851400
  -0.0000211100   -0.0000034500   -0.0000222500
   0.0112618700   -0.0002806000   -0.0003412900
  -0.0000023100    0.0000193600   -0.0001900000
  -0.0000418800   -0.0000182500    0.0001784300
   0.0001955600    0.0007302000    0.0002262500
   0.0002334300   -0.0007172700   -0.0000155900
  -0.0000194700   -0.0000014800    0.0000002000
  -0.0000124700   -0.0000286300   -0.0000270500
  -0.0000201200    0.0000041800   -0.0000007000
  -0.0000097600    0.0000313500    0.0000160700
  -0.1045548900   -0.0019429600    0.0034121200
   0.0000000500   -0.0000527800   -0.0000054400
   0.0000004800    0.0000685100   -0.0000302000
   0.0000130400   -0.0000430200    0.0000490900
   0.0000215100    0.0000801300   -0.0000698700
   0.0000089900    0.0000006400    0.0000013000
   0.0000133000    0.0000776000    0.0000821600
   0.0000090000    0.0000003600   -0.0000018300
   0.0000215200   -0.0000607300   -0.0000829100
  -0.0008808700    0.0002493300   -0.0003716900
   0.0000447000   -0.0000368300   -0.0001325100
  -0.0000084300    0.0000134500    0.0000013900
   0.0000597700   -0.0000314900    0.0000189700
  -0.0012825700    0.0027019300   -0.0016748700
  -0.0000107000   -0.0000228400   -0.0000039400
   0.0000034000    0.0000201000   -0.0000005800
  -0.0000027100   -0.0000133500   -0.0000157200
  -0.0000032300   -0.0000073500    0.0000015500
   0.0012156300    0.0012344500    0.0011323800
   0.0013590200   -0.0015761900   -0.0013838100
  -0.0000094900    0.0000011400   -0.0000009200
  -0.0000034600   -0.0000192700    0.0000038900
  -0.0000169000    0.0000004000    0.0000454600
  -0.0000025300    0.0000168600   -0.0000044700
  -0.0000063000    0.0000199100    0.0000195700
  -0.0000034700    0.0000197600   -0.0000181000
  -0.0000067500   -0.0000109500    0.0000176800
   0.0015439200   -0.0044662400   -0.0008143500
   0.0000288500   -0.0000165500    0.0000070300
  -0.0001667500   -0.0000832600   -0.0000773000
   0.0009099300   -0.0032646000    0.0007002200
  -0.0001919200   -0.0000476900    0.0000244600
   0.0000457300   -0.0000089700    0.0000056300
   0.0000159400   -0.0000163700    0.0000184300
   0.0000005400    0.0000093000   -0.0000127700
   0.0000047900    0.0000068800   -0.0000042300
  -0.0009866300   -0.0001468300    0.0004312200
  -0.0000065800   -0.0000183100   -0.0000032300
   0.0000425900    0.0000161300    0.0001399900
  -0.0010197300   -0.0021938300    0.0013834800
   0.0000715600    0.0000387700   -0.0000581000
  -0.0000018600    0.0000191400    0.0000037800
  -0.0000049200    0.0000014000   -0.0000016400
  -0.0000102000    0.0000188100    0.0000090400
   0.0000044500   -0.0000258600   -0.0000037100
   0.0073356000   -0.0004072800    0.0015454300
   0.0088834000    0.0001757900   -0.0017269500
   0.0000495400   -0.0000028400    0.0000030200
   0.0000232900   -0.0000271500    0.0000095000
  -0.0000369500   -0.0000084800   -0.0000048300
   0.0000250500    0.0000223800   -0.0000100500
  -0.0000826800    0.0000121300    0.0000067800
   0.0000250100   -0.0000112000    0.0000135500
   0.0000233900    0.0000129700   -0.0000127700
  -0.0020599100   -0.0001429600   -0.0001681200
   0.0000445100   -0.0001713900    0.0000641900
   0.0000463700    0.0001346400   -0.0000791700
  -0.0000688200   -0.0002651000   -0.0000444400
  -0.0000903000    0.0002482100    0.0000323000
   0.0000091900    0.0000020100   -0.0000014300
  -0.0000981500    0.0000879200    0.0000259400
   0.0000067700    0.0000006300    0.0000017600
  -0.0001213100   -0.0000846000   -0.0000243900
   0.0015909700    0.0043113800    0.0009720000
  -0.0001819900    0.0001028500    0.0000420100
   0.0000257300    0.0000189800   -0.0000064400
  -0.0001552900    0.0000632500   -0.0000455900
   0.0015314400    0.0038274200   -0.0008322800
   0.0000329100    0.0000114000   -0.0000060100
   0.0000029700   -0.0000057300    0.0000049500
   0.0000001400   -0.0000050700    0.0000093600
   0.0000132500    0.0000151800   -0.0000166500

37   
 -0.0100000000000000   0.0000000000000000   0.0000000000000000
  -0.0366807100    0.0143185500   -0.0290707500
  -0.0004568400   -0.0003531200    0.0004634800
   0.0000044700    0.0000356700   -0.0000092700
  -0.0000273400   -0.0000220300    0.0000046400
  -0.0000812000   -0.0000316600    0.0000625100
   0.0000052200    0.0000212600   -0.0000164100
  -0.0007179800    0.0007924800    0.0005284500
   0.0000383700   -0.0000044200   -0.0000250900
   0.0000801600    0.0001754100   -0.0000433700
  -0.0012311600   -0.0031083900   -0.0016982300
  -0.0012638300    0.0029063600    0.0016659100
   0.0000272600    0.0000013400    0.0000003800
   0.0000642500   -0.0000132200    0.0000487200
   0.0037189900    0.0000638100    0.0002366100
   0.0000566300    0.0000128300   -0.0000667900
   0.0000462700   -0.0000098500   -0.0000040300
   0.0000160300   -0.0000054500   -0.0000221200
   0.0000063100    0.0000091300    0.0000190700
  -0.0006133400    0.0004362900   -0.0008140800
  -0.0376637400   -0.0153908300    0.0296202000
  -0.0000738100   -0.0000441100    0.0000243400
  -0.0000058800   -0.0000125200    0.0000200100
  -0.0000242700    0.0000689900   -0.0000867000
  -0.0000386200   -0.0000302600    0.0000012900
  -0.0006210600   -0.0008033900   -0.0006118900
   0.0000807900   -0.0000811900    0.0000841500
   0.0000212000    0.0000032700    0.0000224300
  -0.0112604200    0.0004579900    0.0004396000
   0.0000017500   -0.0000204300    0.0001873400
   0.0000436700    0.0000165800   -0.0001807000
  -0.0002035600   -0.0007374000   -0.0002308100
  -0.0002235200    0.0007093800    0.0000116300
   0.0000193200    0.0000013500    0.0000002100
   0.0000124400    0.0000278500    0.0000266800
   0.0000201500   -0.0000041600    0.0000009500
   0.0000095700   -0.0000323000   -0.0000164100
   0.1044831300    0.0008472700   -0.0014702900
  -0.0000008300    0.0000513100    0.0000035400
  -0.0000004000   -0.0000703600    0.0000284300
  -0.0000137900    0.0000460900   -0.0000493800
  -0.0000210300   -0.0000774300    0.0000693400
  -0.0000090100   -0.0000003600   -0.0000013600
  -0.0000135600   -0.0000762100   -0.0000809100
  -0.0000089700   -0.0000006400    0.0000019800
  -0.0000210400    0.0000623600    0.0000837900
   0.0008938200   -0.0002521800    0.0003860600
  -0.0000428900    0.0000354500    0.0001267700
   0.0000087000   -0.0000136000   -0.0000011900
  -0.0000565600    0.0000316800   -0.0000236800
   0.0012569300   -0.0026440200    0.0016566500
   0.0000103400    0.0000221800    0.0000040000
  -0.0000034700   -0.0000197900    0.0000007000
   0.0000027400    0.0000130700    0.0000160100
   0.0000032400    0.0000072600   -0.0000015300
  -0.0012142800   -0.0012200400   -0.0011377100
  -0.0013606500    0.0015896200    0.0013771500
   0.0000093600   -0.0000008400    0.0000009800
   0.0000034600    0.0000195600   -0.0000037400
   0.0000170000   -0.0000025200   -0.0000503400
   0.0000024600   -0.0000165700    0.0000047100
   0.0000062400   -0.0000199600   -0.0000205200
   0.0000033000   -0.0000193900    0.0000182200
   0.0000069400    0.0000112300   -0.0000176100
  -0.0015645400    0.0044455600    0.0008192900
  -0.0000284200    0.0000161000   -0.0000067500
   0.0001681200    0.0000850600    0.0000794200
  -0.0009033900    0.0032938700   -0.0007061600
   0.0001870400    0.0000477600   -0.0000261900
  -0.0000465200    0.0000089300   -0.0000059900
  -0.0000157800    0.0000167100   -0.0000185500
  -0.0000005400   -0.0000092400    0.0000126700
  -0.0000049800   -0.0000068200    0.0000044500
   0.0009752500    0.0001450900   -0.0004173400
   0.0000062500    0.0000181000    0.0000034900
  -0.0000438900   -0.0000175900   -0.0001465000
   0.0010446100    0.0022469100   -0.0013994800
  -0.0000748100   -0.0000382300    0.0000540000
   0.0000021900   -0.0000197400   -0.0000038400
   0.0000049700   -0.0000014100    0.0000016400
   0.0000101600   -0.0000190900   -0.0000087000
  -0.0000043800    0.0000263500    0.0000038700
  -0.0075237000    0.0004097100   -0.0015806200
  -0.0086764700   -0.0001764500    0.0016952800
  -0.0000497200    0.0000020100   -0.0000028800
  -0.0000233900    0.0000277700   -0.0000099700
   0.0000370100    0.0000106800    0.0000039900
  -0.0000250400   -0.0000219100    0.0000095900
   0.0000823200   -0.0000094600   -0.0000052300
  -0.0000250400    0.0000111900   -0.0000139500
  -0.0000233600   -0.0000129800    0.0000124200
   0.0020617500    0.0001424300    0.0002450100
  -0.0000456700    0.0001701800   -0.0000623900
  -0.0000450100   -0.0001353300    0.0000812600
   0.0000697200    0.0002663000    0.0000451600
   0.0000894700   -0.0002475700   -0.0000319500
  -0.0000092000   -0.0000018800    0.0000014400
   0.0000966800   -0.0000878100   -0.0000252400
  -0.0000067600   -0.0000007400   -0.0000018200
   0.0001230700    0.0000846600    0.0000252900
  -0.0015733700   -0.0043299300   -0.0009679000
   0.0001807800   -0.0001011400   -0.0000405000
  -0.0000261600   -0.0000194600    0.0000067100
   0.0001588200   -0.0000636200    0.0000440200
  -0.0015359700   -0.0037965600    0.0008329400
  -0.0000324400   -0.0000114000    0.0000056500
  -0.0000027800    0.0000057600   -0.0000048100
  -0.0000002000    0.0000052200   -0.0000094400
  -0.0000134400   -0.0000149800    0.0000165200

37   
  0.0000000000000000   0.0000000000000000   0.0100000000000000
   0.0277100100   -0.0159983700    0.0449640300
   0.0004394800    0.0000666900    0.0004677900
  -0.0000302100    0.0000440800   -0.0000187600
  -0.0000532900    0.0000041400   -0.0000187600
   0.0000309600    0.0001122000   -0.0000525500
   0.0000044000   -0.0000025500    0.0000016100
   0.0001619800   -0.0004139500    0.0004677800
   0.0000090300   -0.0000052200   -0.0000007000
  -0.0000816700   -0.0000829100   -0.0000525700
   0.0011554800    0.0008354100    0.0025605600
  -0.0014784400    0.0008535800    0.0029026100
   0.0000004300   -0.0000037700   -0.0000030100
   0.0000285900   -0.0000165000    0.0000201500
  -0.0001457700   -0.0014183800    0.0025605600
  -0.0000187300   -0.0000166100   -0.0000029000
   0.0000050300    0.0000245300   -0.0000028900
   0.0000034700    0.0000014900   -0.0000030200
  -0.0000053400    0.0000030900    0.0000001500
  -0.0004422400    0.0001219900    0.0005274900
  -0.0299348700   -0.0176635700    0.0449931300
   0.0000239500    0.0000542500   -0.0000438900
   0.0000030400    0.0000013100   -0.0000018100
   0.0000322300    0.0000824200   -0.0000442500
   0.0000555200    0.0000011700   -0.0000243000
  -0.0002290200   -0.0004270900    0.0005525700
   0.0000629000   -0.0000323700   -0.0000572500
  -0.0000148300   -0.0000056500   -0.0000052500
   0.0003296400    0.0347561300    0.0449931100
   0.0000595000   -0.0000382700   -0.0000572600
  -0.0000552600   -0.0000691500   -0.0000442500
  -0.0003267600    0.0003219900    0.0005275000
   0.0002553800    0.0004118700    0.0005525700
   0.0000003700   -0.0000032900   -0.0000018100
  -0.0000349900   -0.0000479000   -0.0000439100
  -0.0000025400    0.0000157000   -0.0000052300
   0.0000267300   -0.0000486900   -0.0000243100
   0.0023875100   -0.0013784600   -0.1394855400
  -0.0000309900   -0.0000738300   -0.0001861100
  -0.0000025300   -0.0000965300   -0.0001865900
   0.0000823400    0.0000504700   -0.0001866000
  -0.0000841800    0.0000306200   -0.0002021000
  -0.0000019000    0.0000011000    0.0000032900
   0.0000484500    0.0000637400   -0.0001861200
   0.0000013000   -0.0000007500    0.0000033200
  -0.0000685800    0.0000576000   -0.0002021000
   0.0025211700    0.0006134000    0.0001769900
   0.0000476600   -0.0000275200   -0.0003734700
   0.0000063700    0.0000007200    0.0000078100
   0.0000820500   -0.0000473800   -0.0002498300
   0.0007293300   -0.0024901100    0.0001769700
  -0.0000014400   -0.0000138100    0.0000189700
   0.0000112600    0.0000081500    0.0000189700
   0.0000025400   -0.0000058700    0.0000078100
   0.0000000000    0.0000000200    0.0000123700
   0.0015542600    0.0015244500    0.0000340600
  -0.0018869700    0.0020359700    0.0004127100
   0.0000008900    0.0000013100    0.0000144400
   0.0000131700   -0.0000006500    0.0000154500
   0.0000210200    0.0000023400   -0.0003753900
  -0.0000148200    0.0000067500    0.0000187000
   0.0000449400    0.0000759400   -0.0002658800
  -0.0000046700    0.0000005300    0.0000122800
   0.0000011200    0.0000033500    0.0000075500
   0.0003621200   -0.0009833700   -0.0031988200
  -0.0000033700   -0.0000065900   -0.0000253800
   0.0000326100    0.0000219100    0.0000699600
  -0.0007795500    0.0007383200   -0.0034858100
  -0.0001113300   -0.0000463600    0.0000326800
  -0.0000020300   -0.0000061500   -0.0000233500
   0.0000145100    0.0000118200    0.0000127900
  -0.0000064100   -0.0000001500   -0.0000301400
  -0.0000018700    0.0000062300   -0.0000159300
  -0.0027066900    0.0006161800    0.0004127300
  -0.0000028200    0.0000037800    0.0000122800
   0.0000084800   -0.0000193700   -0.0003753700
  -0.0005430800   -0.0021082600    0.0000340700
  -0.0000432700   -0.0000768700   -0.0002659000
   0.0000071600   -0.0000110800    0.0000154400
  -0.0000006900   -0.0000014300    0.0000144400
  -0.0000023400   -0.0000026400    0.0000075300
  -0.0000132700    0.0000094500    0.0000187100
  -0.0010292000    0.0003059400   -0.0034858000
   0.0010326800    0.0001780700   -0.0031988100
  -0.0000029800   -0.0000184700    0.0000128000
   0.0000043100    0.0000048400   -0.0000233500
  -0.0000026600   -0.0000391900    0.0000699700
  -0.0000063400   -0.0000015100   -0.0000159400
  -0.0000155200    0.0001196200    0.0000326700
   0.0000040300    0.0000062100   -0.0000253900
  -0.0000030700    0.0000056400   -0.0000301400
   0.0002265700   -0.0001308200    0.0150244700
   0.0000256400   -0.0000343800    0.0000353800
  -0.0000064400   -0.0000393200    0.0000400100
   0.0000308400    0.0000252500    0.0000400000
  -0.0000370200    0.0000264700    0.0000582800
  -0.0000006800    0.0000004000    0.0000020500
   0.0000425800   -0.0000050300    0.0000353800
   0.0000003600   -0.0000002100   -0.0000003500
  -0.0000414300    0.0000188300    0.0000582800
  -0.0002355800   -0.0010272900   -0.0032380700
  -0.0000173600    0.0000100300    0.0000561800
   0.0000059200   -0.0000066400   -0.0000240500
   0.0000580000   -0.0000334900    0.0000228700
   0.0007718500    0.0007176600   -0.0032380600
  -0.0000081000   -0.0000027900   -0.0000144600
  -0.0000016100    0.0000084100   -0.0000144800
   0.0000086900   -0.0000017900   -0.0000240600
  -0.0000151200    0.0000087400    0.0000097700

37   
  0.0000000000000000   0.0000000000000000  -0.0100000000000000
  -0.0286913200    0.0165649500   -0.0459769500
  -0.0004109500   -0.0000802400   -0.0004807300
   0.0000305600   -0.0000442800    0.0000160700
   0.0000536200   -0.0000043200    0.0000160900
  -0.0000273000   -0.0001141000    0.0000514700
  -0.0000051700    0.0000029700   -0.0000023500
  -0.0001360000    0.0003960200   -0.0004807300
  -0.0000092400    0.0000053300    0.0000001600
   0.0000851700    0.0000807000    0.0000514500
  -0.0011316800   -0.0008167600   -0.0025628300
   0.0014497700   -0.0008370300   -0.0029060400
  -0.0000003600    0.0000041100    0.0000022600
  -0.0000290000    0.0000167500   -0.0000248300
   0.0001414700    0.0013884400   -0.0025628100
   0.0000193400    0.0000166900   -0.0000015100
  -0.0000048000   -0.0000250900   -0.0000015000
  -0.0000037800   -0.0000017600    0.0000022500
   0.0000055200   -0.0000032100   -0.0000009000
   0.0004168400   -0.0001347800   -0.0005363700
   0.0310449200    0.0182893800   -0.0460583300
  -0.0000246100   -0.0000541800    0.0000417200
  -0.0000024600   -0.0000009800    0.0000010900
  -0.0000361700   -0.0000832900    0.0000442900
  -0.0000556400   -0.0000019400    0.0000220600
   0.0002049100    0.0004090200   -0.0005606300
  -0.0000661700    0.0000298900    0.0000575400
   0.0000149200    0.0000056000    0.0000047700
  -0.0003166200   -0.0360303900   -0.0460583400
  -0.0000589800    0.0000423600    0.0000575400
   0.0000540300    0.0000730000    0.0000442900
   0.0003251600   -0.0002935900   -0.0005363500
  -0.0002517500   -0.0003819500   -0.0005606400
  -0.0000004000    0.0000026100    0.0000010800
   0.0000346500    0.0000483800    0.0000417100
   0.0000026000   -0.0000157000    0.0000047700
  -0.0000261500    0.0000491400    0.0000220800
  -0.0024946700    0.0014403300    0.1427885800
   0.0000276400    0.0000737000    0.0001901900
   0.0000064300    0.0000968900    0.0001897300
  -0.0000807100   -0.0000540200    0.0001897300
   0.0000825600   -0.0000339100    0.0002055400
   0.0000019300   -0.0000011100   -0.0000029700
  -0.0000500200   -0.0000608000    0.0001901900
  -0.0000013400    0.0000007800   -0.0000029300
   0.0000706600   -0.0000545500    0.0002055500
  -0.0025094400   -0.0006129800   -0.0001789000
  -0.0000435600    0.0000251500    0.0003742900
  -0.0000062600   -0.0000007700   -0.0000079600
  -0.0000836600    0.0000483000    0.0002537300
  -0.0007238700    0.0024797200   -0.0001789100
   0.0000017700    0.0000140600   -0.0000187400
  -0.0000112800   -0.0000085700   -0.0000187500
  -0.0000024800    0.0000058100   -0.0000079600
  -0.0000002500    0.0000001500   -0.0000120600
  -0.0015491800   -0.0015134800   -0.0000342200
   0.0018822000   -0.0020233300   -0.0004146300
  -0.0000008600   -0.0000015400   -0.0000141500
  -0.0000136100    0.0000008600   -0.0000152800
  -0.0000210600    0.0000028200    0.0003756400
   0.0000152000   -0.0000065900   -0.0000185700
  -0.0000452600   -0.0000762700    0.0002697500
   0.0000047200   -0.0000004700   -0.0000125200
  -0.0000011300   -0.0000032600   -0.0000076500
  -0.0003937100    0.0010190600    0.0032310200
   0.0000029100    0.0000065600    0.0000252700
  -0.0000313900   -0.0000212100   -0.0000658900
   0.0007930900   -0.0007661300    0.0035262600
   0.0001080700    0.0000457000   -0.0000312100
   0.0000023600    0.0000063200    0.0000243900
  -0.0000147400   -0.0000119000   -0.0000120200
   0.0000062400   -0.0000001900    0.0000301500
   0.0000021100   -0.0000060400    0.0000168800
   0.0026933600   -0.0006183700   -0.0004146300
   0.0000027500   -0.0000038600   -0.0000125200
  -0.0000129700    0.0000168300    0.0003756500
   0.0005361200    0.0020983700   -0.0000342000
   0.0000434200    0.0000773400    0.0002697500
  -0.0000075600    0.0000113600   -0.0000152800
   0.0000009100    0.0000015200   -0.0000141600
   0.0000022600    0.0000026000   -0.0000076500
   0.0000133000   -0.0000098800   -0.0000185700
   0.0010600300   -0.0003037800    0.0035262700
  -0.0010794000   -0.0001685500    0.0032310300
   0.0000029400    0.0000187000   -0.0000120200
  -0.0000042900   -0.0000052000    0.0000244000
   0.0000026800    0.0000378000   -0.0000659000
   0.0000062800    0.0000011900    0.0000168600
   0.0000144600   -0.0001164400   -0.0000312100
  -0.0000042300   -0.0000058000    0.0000252700
   0.0000032700   -0.0000053000    0.0000301600
  -0.0002326900    0.0001343400   -0.0153364300
  -0.0000255800    0.0000346700   -0.0000366500
   0.0000066400    0.0000393100   -0.0000408700
  -0.0000307200   -0.0000254200   -0.0000408800
   0.0000371700   -0.0000260800   -0.0000596900
   0.0000006800   -0.0000003900   -0.0000020800
  -0.0000428200    0.0000048200   -0.0000366500
  -0.0000003700    0.0000002200    0.0000004000
   0.0000411700   -0.0000191600   -0.0000597000
   0.0002639900    0.0010618300    0.0032707700
   0.0000168500   -0.0000097200   -0.0000521600
  -0.0000054300    0.0000067100    0.0000238800
  -0.0000550600    0.0000317900   -0.0000218200
  -0.0007875800   -0.0007595400    0.0032707700
   0.0000078700    0.0000028300    0.0000153200
   0.0000014900   -0.0000082300    0.0000153100
  -0.0000085300    0.0000013500    0.0000238800
   0.0000152300   -0.0000088000   -0.0000091200

46   
  0.0100000000000000   0.0000000000000000   0.0000000000000000
  -0.0039483800    0.0000010300   -0.0000864600
  -0.0000849500   -0.0000245100   -0.0000152200
  -0.0000869200    0.0000064800    0.0000108500
  -0.0000178200   -0.0000017700   -0.0000250100
  -0.0000061800    0.0000050700    0.0000183300
  -0.0000744400    0.0000058800    0.0000122300
   0.0008877900   -0.0029287000    0.0016489700
  -0.0000071700    0.0000013500    0.0000009600
   0.0009652500    0.0028303800   -0.0015818700
   0.0417669100   -0.0154853400   -0.0298756800
   0.0006531600    0.0002385100    0.0004851000
   0.0000850800   -0.0000031000   -0.0000094100
   0.0000217100   -0.0000705900    0.0000070300
   0.0000909900    0.0001272100    0.0001163400
   0.0000029600   -0.0000150100   -0.0000246800
   0.0005015100   -0.0009758600    0.0002298500
  -0.0000055200    0.0000049900   -0.0000236000
  -0.0000668200   -0.0001477900   -0.0000372500
  -0.0000688400    0.0004705400   -0.0002997600
  -0.0000196800   -0.0005201100    0.0002613900
  -0.0000217900    0.0000012100   -0.0000028700
  -0.0000108100   -0.0000214700    0.0000158100
  -0.0000017300    0.0000008600   -0.0000045400
  -0.0000280600    0.0000286500   -0.0000117700
   0.0151961800   -0.0003177500   -0.0000772500
   0.0000095900    0.0000069300    0.0001578200
  -0.0000080100   -0.0000149900   -0.0001824000
   0.0431337400    0.0166289400    0.0309141400
   0.0000759600    0.0000093100    0.0000051700
   0.0006911100   -0.0002482000   -0.0004852200
   0.0001092400   -0.0001118500   -0.0001444800
   0.0000114100    0.0000776500    0.0000069200
  -0.0000005500    0.0000131000    0.0000192100
  -0.0000793000    0.0001125500    0.0000294200
  -0.0000063900   -0.0000061100    0.0000190000
   0.0005400600    0.0009905200   -0.0001405300
  -0.0008978600    0.0029277300    0.0025363100
  -0.0000087000   -0.0000170600    0.0000065300
   0.0000467400   -0.0000359400    0.0000474500
   0.0000034800   -0.0000148000    0.0000111500
  -0.0000032700   -0.0000073700    0.0000002400
  -0.0000027500    0.0000170900    0.0000027100
   0.0000588900   -0.0000322700    0.0000855000
  -0.0000103500    0.0000116400   -0.0000016500
  -0.0012640100    0.0000289100    0.0007199700
  -0.1159904600   -0.0004001400   -0.0013630700
  -0.0000013700   -0.0000242700    0.0000117900
  -0.0000007000    0.0000224700   -0.0000212900
   0.0000238500   -0.0000085100   -0.0000322200
   0.0000074600    0.0000236100    0.0000254300
   0.0000019300   -0.0000002100    0.0000007700
   0.0000240300    0.0000372900   -0.0000175400
   0.0000019200   -0.0000003200   -0.0000008500
   0.0000073200   -0.0000334000    0.0000026100
   0.0012061600   -0.0031463100   -0.0004092800
  -0.0002040200   -0.0001248500   -0.0000218200
   0.0000204800   -0.0000076200    0.0000009300
   0.0000149500   -0.0000058400   -0.0000197900
   0.0000023600    0.0000010400   -0.0000006700
   0.0000072400   -0.0000046400    0.0000037900
   0.0012919100   -0.0037591200    0.0008926300
   0.0000217100   -0.0000092600   -0.0000073500
  -0.0001889700   -0.0000859400    0.0000506100
   0.0017495900   -0.0012522100    0.0018156700
  -0.0000110300   -0.0000001100    0.0000012400
   0.0018041500    0.0015071600   -0.0016567300
   0.0000301900   -0.0000440600   -0.0000238100
  -0.0000064600    0.0000167800    0.0000027400
  -0.0000057800   -0.0000169800   -0.0000026200
  -0.0000102300    0.0000255600    0.0000180900
  -0.0000048700   -0.0000190400   -0.0000163900
   0.0000227900   -0.0000335500   -0.0000108900
   0.0073811900    0.0003019200    0.0012993700
   0.0000229400    0.0000003300    0.0000002400
   0.0071747100   -0.0003350000   -0.0013427200
  -0.0000143500    0.0000064400   -0.0000047100
   0.0000255900    0.0000110100    0.0000007300
   0.0000167800   -0.0000134100   -0.0000030800
   0.0000246500   -0.0000068600   -0.0000058300
   0.0000160900    0.0000106800    0.0000087900
  -0.0000009400   -0.0000137200   -0.0000081500
  -0.0009736600   -0.0034421600   -0.0022616500
   0.0001008100    0.0000740200   -0.0000200100
  -0.0000074400    0.0000190400   -0.0000021600
  -0.0000015900    0.0000052400    0.0000003100
   0.0000000800    0.0000068300   -0.0000089000
  -0.0000025100   -0.0000212500    0.0000004300
  -0.0015550300    0.0000459100   -0.0006454300
  -0.0000088800   -0.0000130600    0.0000085100
   0.0001110000    0.0000385300   -0.0001449000
   0.0012409200    0.0031028000    0.0005529000
   0.0000221400    0.0000062000    0.0000016600
  -0.0002104600    0.0001235000    0.0000158100
   0.0000090100    0.0000033400    0.0000014600
   0.0000197700    0.0000004700    0.0000195700
   0.0000012500    0.0000018000   -0.0000048500
  -0.0001528700    0.0001084800   -0.0000518100
   0.0000194000    0.0000088300    0.0000078200
   0.0012644300    0.0038197800   -0.0009399500
  -0.0022678800   -0.0000194400   -0.0000536300
   0.0000553900   -0.0001713300   -0.0000282200
   0.0000712500    0.0001712900    0.0000467000
  -0.0000703100   -0.0002697900    0.0000710100
  -0.0000887300    0.0002506800   -0.0000575200
   0.0000024700   -0.0000005200    0.0000012000
  -0.0000824700    0.0000739800    0.0000306300
   0.0000050700    0.0000007600    0.0000007400
  -0.0000834400   -0.0000888100   -0.0000451200

46   
 -0.0100000000000000   0.0000000000000000   0.0000000000000000
   0.0039482300    0.0000324800    0.0000701600
   0.0000837300    0.0000234900    0.0000128800
   0.0000879400   -0.0000074200   -0.0000132400
   0.0000178800    0.0000020100    0.0000244000
   0.0000058200   -0.0000049000   -0.0000188100
   0.0000744400   -0.0000069200   -0.0000121900
  -0.0008464800    0.0028832300   -0.0016417000
   0.0000070600   -0.0000011400   -0.0000015500
  -0.0010085700   -0.0028724500    0.0015841700
  -0.0427410000    0.0160258000    0.0309962000
  -0.0006149400   -0.0002305700   -0.0004867800
  -0.0000874000    0.0000052000    0.0000094200
  -0.0000235000    0.0000709500   -0.0000077800
  -0.0000936700   -0.0001264200   -0.0001161900
  -0.0000029100    0.0000149700    0.0000242300
  -0.0004909100    0.0009692200   -0.0002214100
   0.0000051800   -0.0000052800    0.0000234800
   0.0000670600    0.0001487000    0.0000384800
   0.0000592100   -0.0004723900    0.0003044200
   0.0000290300    0.0005182600   -0.0002591700
   0.0000215700   -0.0000010400    0.0000025100
   0.0000107300    0.0000207700   -0.0000156500
   0.0000016500   -0.0000008900    0.0000041900
   0.0000277500   -0.0000293800    0.0000120500
  -0.0151847700    0.0004960100    0.0000011700
  -0.0000103000   -0.0000087400   -0.0001557700
   0.0000090800    0.0000125600    0.0001846300
  -0.0421620600   -0.0160879600   -0.0297858900
  -0.0000739600   -0.0000073200   -0.0000050000
  -0.0007309200    0.0002577300    0.0004842100
  -0.0001069000    0.0001122900    0.0001436800
  -0.0000100400   -0.0000774400   -0.0000074900
   0.0000003800   -0.0000131800   -0.0000195200
   0.0000790000   -0.0001115400   -0.0000284100
   0.0000064600    0.0000059900   -0.0000191300
  -0.0005521900   -0.0009981100    0.0001490900
   0.0008770500   -0.0028598400   -0.0024949300
   0.0000084300    0.0000163300   -0.0000063200
  -0.0000409900    0.0000365400   -0.0000438200
  -0.0000034500    0.0000142600   -0.0000113200
   0.0000030800    0.0000073300   -0.0000001000
   0.0000025800   -0.0000165300   -0.0000025500
  -0.0000575900    0.0000311500   -0.0000802000
   0.0000107000   -0.0000119000    0.0000015800
   0.0012752200   -0.0000312800   -0.0007330300
   0.1159972000   -0.0010131600   -0.0009138900
   0.0000006000    0.0000243500   -0.0000074000
   0.0000012700   -0.0000224000    0.0000259900
  -0.0000245800    0.0000111100    0.0000342800
  -0.0000070500   -0.0000208800   -0.0000234800
  -0.0000020400    0.0000002600   -0.0000004800
  -0.0000243900   -0.0000365800    0.0000177000
  -0.0000020500    0.0000001400    0.0000007900
  -0.0000071900    0.0000343300   -0.0000026000
  -0.0012033900    0.0031741800    0.0004131500
   0.0001991600    0.0001230000    0.0000239900
  -0.0000210200    0.0000076400   -0.0000005900
  -0.0000148200    0.0000059800    0.0000201200
  -0.0000024500   -0.0000006800    0.0000006100
  -0.0000074400    0.0000045700   -0.0000039100
  -0.0013069300    0.0037426600   -0.0008948200
  -0.0000213800    0.0000088600    0.0000072800
   0.0001906700    0.0000880700   -0.0000517000
  -0.0017509700    0.0012709800   -0.0018031200
   0.0000109300    0.0000000900   -0.0000011100
  -0.0018038800   -0.0014919000    0.0016696900
  -0.0000297300    0.0000407000    0.0000291000
   0.0000061000   -0.0000162400   -0.0000028100
   0.0000059300    0.0000174800    0.0000025500
   0.0000099000   -0.0000251400   -0.0000181400
   0.0000050600    0.0000194000    0.0000163700
  -0.0000229600    0.0000348500    0.0000119100
  -0.0071937700   -0.0002993300   -0.0012693400
  -0.0000230400   -0.0000010600    0.0000000700
  -0.0073597200    0.0003358600    0.0013746600
   0.0000140700   -0.0000046000    0.0000061900
  -0.0000254500   -0.0000105600   -0.0000004000
  -0.0000170200    0.0000138100    0.0000034700
  -0.0000246900    0.0000069100    0.0000062500
  -0.0000162300   -0.0000107300   -0.0000083900
   0.0000009900    0.0000159200    0.0000067800
   0.0010008800    0.0035203100    0.0022964000
  -0.0001055800   -0.0000726600    0.0000243800
   0.0000074800   -0.0000199100    0.0000023800
   0.0000015400   -0.0000053100   -0.0000002100
  -0.0000001800   -0.0000072200    0.0000087200
   0.0000024000    0.0000217000   -0.0000003300
   0.0015377800   -0.0000465700    0.0006266000
   0.0000084800    0.0000128200   -0.0000085500
  -0.0001128700   -0.0000397600    0.0001512500
  -0.0012451300   -0.0030760700   -0.0005485200
  -0.0000218100   -0.0000063200   -0.0000012400
   0.0002154100   -0.0001253300   -0.0000135300
  -0.0000091000   -0.0000030400   -0.0000013200
  -0.0000200900   -0.0000003300   -0.0000191600
  -0.0000012400   -0.0000017600    0.0000049000
   0.0001512400   -0.0001058700    0.0000503700
  -0.0000199300   -0.0000092200   -0.0000078400
  -0.0012508600   -0.0038377900    0.0009376400
   0.0022662800    0.0000201500   -0.0000318700
  -0.0000559500    0.0001693300    0.0000279300
  -0.0000709600   -0.0001731800   -0.0000471900
   0.0000710900    0.0002712300   -0.0000710900
   0.0000871700   -0.0002496200    0.0000574300
  -0.0000025900    0.0000005700   -0.0000011200
   0.0000809100   -0.0000741000   -0.0000313600
  -0.0000052400   -0.0000008000   -0.0000006100
   0.0000844700    0.0000881800    0.0000441300

46   
  0.0000000000000000   0.0000000000000000   0.0100000000000000
  -0.0000415300    0.0011549200    0.0026064400
   0.0000395600    0.0000210700    0.0001070700
  -0.0000345500    0.0000200200    0.0000862200
  -0.0000016500   -0.0000041800    0.0000142500
   0.0000066800   -0.0000037900    0.0000126700
   0.0000015800   -0.0000447000    0.0001070700
   0.0009071600   -0.0005236900    0.0024325100
   0.0000028500    0.0000036100    0.0000142500
  -0.0010208900   -0.0005414000    0.0026064200
  -0.0314618800    0.0181645700    0.0477816400
   0.0000649100    0.0000147500    0.0009193600
   0.0000416700   -0.0000691100   -0.0000090500
   0.0000807800   -0.0000014400   -0.0000090600
   0.0000519300   -0.0001057400   -0.0000727600
  -0.0000163500    0.0000095200    0.0000044700
   0.0000197200   -0.0000634900    0.0009193400
  -0.0000089700    0.0000052000   -0.0000067700
   0.0001175800    0.0000079800   -0.0000727700
   0.0000617900    0.0000583000    0.0009501800
   0.0001454400    0.0000220500    0.0008529800
  -0.0000011600   -0.0000153700   -0.0000001600
   0.0000313200    0.0000703000   -0.0000107500
  -0.0000039800   -0.0000167300   -0.0000047000
  -0.0000360100    0.0000746300   -0.0000081400
  -0.0004623000   -0.0363144400    0.0475330800
  -0.0000451600    0.0000920600   -0.0000621800
   0.0000291000    0.0001087700   -0.0000742400
   0.0312181100    0.0185576600    0.0475330800
  -0.0000451700   -0.0000621700   -0.0000107500
  -0.0000195300   -0.0000825700    0.0009501800
  -0.0000795900   -0.0000794900   -0.0000742500
  -0.0000825800   -0.0000060300   -0.0000081400
   0.0000127900    0.0000087700   -0.0000001600
  -0.0001022400   -0.0000068400   -0.0000621900
   0.0000125500    0.0000119000   -0.0000046900
   0.0000536800   -0.0001369200    0.0008529700
  -0.0003780300    0.0016938100    0.0001796000
   0.0000015400    0.0000191900    0.0000077600
  -0.0001302300    0.0000752500   -0.0003745800
  -0.0000006300    0.0000043100    0.0000189500
   0.0000015500   -0.0000008300    0.0000121200
  -0.0000158000   -0.0000108300    0.0000077500
   0.0000240400   -0.0000138300   -0.0002504000
  -0.0000040000   -0.0000015100    0.0000189500
  -0.0016558400   -0.0005194300    0.0001796200
  -0.0002283700    0.0001248900   -0.1515943300
  -0.0000252500    0.0000243300   -0.0003216000
   0.0000112500    0.0000255200   -0.0003215800
  -0.0000163900   -0.0000223900   -0.0003215700
   0.0000014200   -0.0000279900   -0.0003275300
  -0.0000008400    0.0000005400    0.0000038600
  -0.0000335900    0.0000098100   -0.0003215800
   0.0000006100   -0.0000003000    0.0000038100
   0.0000250000    0.0000128700   -0.0003275200
   0.0010181500   -0.0011390100   -0.0036224700
   0.0000632900    0.0000364800    0.0000057300
  -0.0000040300    0.0000109900   -0.0000233600
  -0.0000219800   -0.0000121400    0.0000041100
   0.0000031300   -0.0000053400   -0.0000216100
   0.0000080100   -0.0000056000   -0.0000244900
  -0.0004692500    0.0013842200   -0.0037193000
  -0.0000009200    0.0000029200   -0.0000242100
  -0.0000469100   -0.0000344000    0.0000141400
   0.0017144700   -0.0015119800    0.0003689600
  -0.0000008000    0.0000034900    0.0000095000
  -0.0017276000   -0.0014705600    0.0001438900
  -0.0000239300    0.0000101400   -0.0003083000
   0.0000216400   -0.0000109300    0.0000070800
  -0.0000209000   -0.0000066300    0.0000088600
  -0.0000023000    0.0000001900    0.0000124200
  -0.0000002700   -0.0000027000    0.0000113500
   0.0000074600   -0.0001711800   -0.0003823400
  -0.0014333400   -0.0002855900   -0.0037192900
  -0.0000004200    0.0000251200    0.0000041100
   0.0014955400   -0.0003121000   -0.0036224700
   0.0000063900    0.0000579100    0.0000141400
   0.0000089100   -0.0000040300   -0.0000245000
  -0.0000114800   -0.0000019100   -0.0000233600
  -0.0000029400   -0.0000005600   -0.0000242200
   0.0000062600    0.0000000600   -0.0000216100
   0.0000001100   -0.0000729700    0.0000057400
   0.0004098100    0.0022315300    0.0001439000
   0.0001520100    0.0000792200   -0.0003823400
  -0.0000046600    0.0000215100    0.0000088500
  -0.0000033700   -0.0000009600    0.0000095200
   0.0000022600    0.0000017000    0.0000113500
   0.0000203500   -0.0000131800    0.0000070700
   0.0021667000   -0.0007286700    0.0003689800
  -0.0000012400    0.0000020000    0.0000124100
  -0.0000207100    0.0000157300   -0.0003082900
  -0.0008812900   -0.0010867800   -0.0036520800
   0.0000037100    0.0000112900   -0.0000266900
  -0.0000583700    0.0000337600   -0.0000078400
  -0.0000026100   -0.0000010200   -0.0000239100
   0.0000227600   -0.0000130800    0.0000029500
  -0.0000078700   -0.0000087600   -0.0000266900
   0.0000470400   -0.0000270900    0.0000269400
  -0.0000003700    0.0000028700   -0.0000239000
   0.0005005900    0.0013067100   -0.0036520900
   0.0000624700   -0.0000358700    0.0201675600
  -0.0000296900    0.0000454200    0.0000282800
   0.0000174000    0.0000237500    0.0000166100
  -0.0000118100   -0.0000268500    0.0000166200
   0.0000166200   -0.0000535200    0.0000732300
   0.0000001000    0.0000000100   -0.0000022000
  -0.0000541200    0.0000031200    0.0000282600
   0.0000012400   -0.0000006600   -0.0000034100
   0.0000547100    0.0000124700    0.0000732200

46   
  0.0000000000000000   0.0000000000000000  -0.0100000000000000
   0.0000404000   -0.0011893600   -0.0025973000
  -0.0000393100   -0.0000212000   -0.0001027600
   0.0000347000   -0.0000200400   -0.0000821300
   0.0000014700    0.0000039000   -0.0000134100
  -0.0000062200    0.0000036000   -0.0000118400
  -0.0000013100    0.0000446100   -0.0001027500
  -0.0009405500    0.0005430000   -0.0024269000
  -0.0000026500   -0.0000032600   -0.0000134100
   0.0010502100    0.0005596700   -0.0025972900
   0.0303880500   -0.0175445100   -0.0469162800
  -0.0000220600   -0.0000166200   -0.0009137200
  -0.0000401500    0.0000687300    0.0000114500
  -0.0000796200    0.0000003800    0.0000114100
  -0.0000483300    0.0001038000    0.0000723500
   0.0000156600   -0.0000090600   -0.0000038900
   0.0000033300    0.0000274200   -0.0009137100
   0.0000090300   -0.0000052600    0.0000071100
  -0.0001141000   -0.0000101000    0.0000723400
  -0.0000788000   -0.0000205200   -0.0009465600
  -0.0001246200    0.0000162200   -0.0008490600
   0.0000010400    0.0000146100    0.0000007900
  -0.0000317600   -0.0000688900    0.0000130000
   0.0000039500    0.0000167900    0.0000051500
   0.0000365200   -0.0000731900    0.0000104800
   0.0004644300    0.0350852800   -0.0466720700
   0.0000456000   -0.0000887300    0.0000618100
  -0.0000298800   -0.0001050600    0.0000741400
  -0.0301526100   -0.0179448400   -0.0466720100
   0.0000437300    0.0000619300    0.0000130100
  -0.0000216600    0.0000784900   -0.0009465500
   0.0000760100    0.0000784100    0.0000741400
   0.0000816600    0.0000049300    0.0000104700
  -0.0000121400   -0.0000082400    0.0000007900
   0.0000996700    0.0000048200    0.0000618000
  -0.0000125600   -0.0000118200    0.0000051400
  -0.0000763600    0.0000997600   -0.0008490600
   0.0003799800   -0.0017148900   -0.0001761200
  -0.0000011800   -0.0000188600   -0.0000077700
   0.0001290000   -0.0000745000    0.0003733800
   0.0000007800   -0.0000041600   -0.0000185300
  -0.0000015800    0.0000009100   -0.0000122500
   0.0000157400    0.0000104200   -0.0000077900
  -0.0000187300    0.0000108000    0.0002533900
   0.0000039900    0.0000013800   -0.0000185300
   0.0016751300    0.0005283400   -0.0001761100
   0.0002205900   -0.0001256900    0.1486738800
   0.0000219300   -0.0000253400    0.0003167300
  -0.0000079600   -0.0000264200    0.0003167400
   0.0000188500    0.0000200600    0.0003167100
  -0.0000037800    0.0000253600    0.0003227600
   0.0000008100   -0.0000004800   -0.0000039600
   0.0000328800   -0.0000063600    0.0003167300
  -0.0000006300    0.0000003400   -0.0000040000
  -0.0000238600   -0.0000094200    0.0003227700
  -0.0010145400    0.0011146800    0.0035950800
  -0.0000673600   -0.0000389800   -0.0000045300
   0.0000042500   -0.0000109100    0.0000226300
   0.0000218900    0.0000120900   -0.0000047700
  -0.0000033300    0.0000048800    0.0000219400
  -0.0000079000    0.0000057200    0.0000237300
   0.0004503200   -0.0013703300    0.0036901300
   0.0000003600   -0.0000028400    0.0000245300
   0.0000479900    0.0000348200   -0.0000188300
  -0.0017255300    0.0015224900   -0.0003632600
   0.0000008100   -0.0000036200   -0.0000094500
   0.0017397400    0.0014844800   -0.0001373300
   0.0000240100   -0.0000050300    0.0003085100
  -0.0000211400    0.0000111100   -0.0000073100
   0.0000204300    0.0000068700   -0.0000090300
   0.0000024000   -0.0000000600   -0.0000121400
   0.0000001800    0.0000027500   -0.0000112100
  -0.0000075800    0.0001701800    0.0003785200
   0.0014118900    0.0002951100    0.0036901400
   0.0000004600   -0.0000249800   -0.0000047500
  -0.0014726300    0.0003212400    0.0035950600
  -0.0000061700   -0.0000590100   -0.0000188400
  -0.0000089100    0.0000039600    0.0000237200
   0.0000115600    0.0000017600    0.0000226300
   0.0000026200    0.0000010900    0.0000245300
  -0.0000058900    0.0000004300    0.0000219600
   0.0000000600    0.0000778100   -0.0000045100
  -0.0004157400   -0.0022489200   -0.0001373500
  -0.0001511900   -0.0000785500    0.0003785200
   0.0000042500   -0.0000211500   -0.0000090300
   0.0000035200    0.0000010800   -0.0000094400
  -0.0000023100   -0.0000015400   -0.0000111900
  -0.0000202000    0.0000127300   -0.0000073200
  -0.0021813000    0.0007330800   -0.0003632700
   0.0000012500   -0.0000020800   -0.0000121500
   0.0000163300   -0.0000183100    0.0003085100
   0.0008793800    0.0010599600    0.0036218900
  -0.0000038700   -0.0000111800    0.0000259100
   0.0000629200   -0.0000363500    0.0000087000
   0.0000028700    0.0000005800    0.0000240900
  -0.0000225800    0.0000130200   -0.0000037600
   0.0000077300    0.0000089100    0.0000259100
  -0.0000474900    0.0000274000   -0.0000314800
   0.0000009400   -0.0000027900    0.0000241100
  -0.0004782800   -0.0012915800    0.0036218800
  -0.0000628100    0.0000362500   -0.0197372600
   0.0000291200   -0.0000458600   -0.0000264100
  -0.0000165100   -0.0000245300   -0.0000148400
   0.0000129800    0.0000265400   -0.0000148300
  -0.0000179500    0.0000528500   -0.0000700800
  -0.0000000700    0.0000000400    0.0000021200
   0.0000542600   -0.0000023100   -0.0000264100
  -0.0000012100    0.0000006900    0.0000033900
  -0.0000547600   -0.0000109000   -0.0000700900

55   
  0.0100000000000000   0.0000000000000000   0.0000000000000000
   0.0411773600    0.0141953500    0.0298025600
   0.0000471800    0.0000195900    0.0000057900
   0.0006416800   -0.0001915300   -0.0002302800
   0.0001045200   -0.0000822000   -0.0000928500
   0.0000218600    0.0000198400   -0.0000173100
  -0.0000007900    0.0000157500    0.0000200100
  -0.0000882300    0.0001954500    0.0000184000
  -0.0000239600    0.0000011400    0.0000234300
   0.0006182100    0.0009026100   -0.0002612300
   0.0152555500    0.0005229200   -0.0006119300
  -0.0000010800    0.0000531400    0.0001713800
   0.0000321200   -0.0000432300   -0.0001771300
   0.0000289500    0.0004929800   -0.0000787900
  -0.0000098000   -0.0005587200    0.0002837400
  -0.0000227400   -0.0000009400   -0.0000004600
  -0.0000095700   -0.0000308400    0.0000160300
  -0.0000038100   -0.0000030600    0.0000010300
  -0.0000172500    0.0000248600   -0.0000279600
   0.0435155500   -0.0156863600   -0.0306711400
   0.0007082300    0.0002871800    0.0005572700
   0.0000948000   -0.0000269700   -0.0000206000
   0.0000272400   -0.0000595600    0.0000115100
   0.0000671100    0.0001030600    0.0001162100
   0.0000014700   -0.0000134600   -0.0000242000
   0.0005528500   -0.0009204500    0.0003189400
  -0.0000129500    0.0000022400   -0.0000202700
  -0.0000734600   -0.0001107600   -0.0000524700
   0.0008352700   -0.0029919700    0.0016977900
  -0.0000053000    0.0000010700   -0.0000011700
   0.0009211800    0.0029269800   -0.0016781500
  -0.0042846000    0.0000194900   -0.0002830900
  -0.0000888200   -0.0000071100   -0.0000057000
  -0.0000946700    0.0000173200    0.0000306500
  -0.0000085600   -0.0000033700   -0.0000248100
  -0.0000225000    0.0000069000    0.0000302600
  -0.0000542100   -0.0000085500    0.0000030300
   0.0012143900   -0.0009147100    0.0015576300
  -0.0000092900   -0.0000012800    0.0000009100
   0.0013605700    0.0012128100   -0.0018778600
  -0.0000064300   -0.0000095600    0.0000468200
  -0.0000070100    0.0000210500    0.0000010900
  -0.0000033100   -0.0000162200   -0.0000047500
  -0.0000036600    0.0000187200    0.0000133000
  -0.0000024400   -0.0000299300   -0.0000150400
  -0.0000169400   -0.0000176600    0.0000219800
   0.0011987500   -0.0038434700    0.0010161400
   0.0000209500   -0.0000116000   -0.0000042100
  -0.0002008800   -0.0001291900    0.0000647200
   0.0013007600   -0.0031424300   -0.0004597600
  -0.0001923200   -0.0000964900   -0.0000465200
   0.0000213500   -0.0000087100   -0.0000004900
   0.0000150200   -0.0000038500   -0.0000218200
   0.0000073000    0.0000005500    0.0000078700
   0.0000023200    0.0000027300    0.0000031500
  -0.1129739400    0.0013675700    0.0024154900
  -0.0000341300   -0.0000461900    0.0000103200
  -0.0000333500    0.0000233000   -0.0000500500
   0.0000252200   -0.0000311200   -0.0000574100
   0.0000159900   -0.0000057600    0.0000363500
   0.0000031100    0.0000001300    0.0000010200
   0.0000252900    0.0000400700   -0.0000335300
   0.0000030900   -0.0000004500   -0.0000011300
   0.0000155600   -0.0000688800    0.0000302100
   0.0000869600   -0.0000231600    0.0001085500
  -0.0000091700    0.0000155100   -0.0000076200
  -0.0013080200   -0.0001075600    0.0006217700
  -0.0007969100    0.0028364400    0.0019814400
  -0.0000053800   -0.0000195900   -0.0000010000
   0.0000822300   -0.0000025500   -0.0000273900
  -0.0000043000   -0.0000258600    0.0000056700
  -0.0000040400   -0.0000004200   -0.0000002500
  -0.0000058500    0.0000228000   -0.0000058100
  -0.0001896900    0.0001106800   -0.0000999200
   0.0000215700    0.0000085300    0.0000056400
   0.0012267200    0.0039554800   -0.0008216500
   0.0006299100    0.0026771200    0.0002800300
   0.0000268300    0.0000053600   -0.0000001300
  -0.0002345700    0.0000804500    0.0000312800
   0.0000095300   -0.0000041700   -0.0000124000
   0.0000172100    0.0000016300    0.0000243000
   0.0000035400   -0.0000019000   -0.0000019400
  -0.0024481200    0.0001837600   -0.0003197400
   0.0000659400   -0.0001644000   -0.0000308100
   0.0000670800    0.0001991200    0.0000115400
  -0.0001135700   -0.0002573100    0.0000494200
  -0.0000923100    0.0002740500   -0.0000605300
   0.0000041000   -0.0000005900   -0.0000001700
  -0.0001063500    0.0000870700    0.0000173500
   0.0000085700   -0.0000013800    0.0000008300
  -0.0000824900   -0.0000883600   -0.0000157300
   0.0061517300    0.0005350600    0.0013427700
   0.0000261000    0.0000022300    0.0000026600
   0.0074566000   -0.0003264300   -0.0015507700
  -0.0000005500    0.0000222900   -0.0000014000
   0.0000171300    0.0000187900    0.0000059700
   0.0000190500   -0.0000144200   -0.0000050600
   0.0000239400   -0.0000085100   -0.0000073900
   0.0000259800    0.0000055200    0.0000076700
  -0.0000503800   -0.0000134500    0.0000086500
  -0.0011881200   -0.0000206700   -0.0005367200
  -0.0000096200   -0.0000132100    0.0000049600
   0.0000903200    0.0000447500   -0.0001041400
  -0.0010605200   -0.0034156400   -0.0023622800
   0.0000880700    0.0000099300   -0.0000069100
  -0.0000094700    0.0000203400   -0.0000006900
  -0.0000025900    0.0000048400    0.0000014200
   0.0000036300    0.0000237400   -0.0000145400
  -0.0000055200   -0.0000141500    0.0000001100

55   
 -0.0100000000000000   0.0000000000000000   0.0000000000000000
  -0.0402824100   -0.0137326500   -0.0288002200
  -0.0000452400   -0.0000173500   -0.0000060300
  -0.0006805800    0.0001976000    0.0002244300
  -0.0001019600    0.0000843600    0.0000922300
  -0.0000200800   -0.0000198900    0.0000162500
   0.0000008900   -0.0000161500   -0.0000203400
   0.0000881300   -0.0001941200   -0.0000170700
   0.0000240100   -0.0000011900   -0.0000236200
  -0.0006294700   -0.0009086700    0.0002701500
  -0.0152522800   -0.0003386100    0.0005336800
   0.0000001800   -0.0000552300   -0.0001696600
  -0.0000324300    0.0000415800    0.0001793900
  -0.0000379100   -0.0004976000    0.0000808100
   0.0000170200    0.0005549600   -0.0002815800
   0.0000228300    0.0000009000    0.0000000800
   0.0000097600    0.0000299300   -0.0000157400
   0.0000038100    0.0000030700   -0.0000015000
   0.0000172100   -0.0000256300    0.0000282100
  -0.0444930400    0.0162402600    0.0318335300
  -0.0006722300   -0.0002792500   -0.0005598400
  -0.0000976400    0.0000291500    0.0000210800
  -0.0000285100    0.0000601300   -0.0000122000
  -0.0000695800   -0.0001024700   -0.0001167500
  -0.0000016000    0.0000134100    0.0000238700
  -0.0005401500    0.0009126500   -0.0003088200
   0.0000128200   -0.0000023900    0.0000201700
   0.0000739900    0.0001119500    0.0000537200
  -0.0008015800    0.0029459600   -0.0016913100
   0.0000053300   -0.0000010400    0.0000008400
  -0.0009554000   -0.0029708600    0.0016851500
   0.0042777900    0.0000129900    0.0002737900
   0.0000872600    0.0000060800    0.0000031700
   0.0000954500   -0.0000181500   -0.0000328100
   0.0000087200    0.0000034900    0.0000243000
   0.0000224800   -0.0000066400   -0.0000308500
   0.0000540100    0.0000068500   -0.0000023000
  -0.0012158600    0.0009308800   -0.0015460100
   0.0000094900    0.0000011600   -0.0000008200
  -0.0013594700   -0.0011980500    0.0018915500
   0.0000061700    0.0000052400   -0.0000432600
   0.0000067700   -0.0000205400   -0.0000011200
   0.0000035400    0.0000166900    0.0000046300
   0.0000033900   -0.0000184600   -0.0000134200
   0.0000027000    0.0000303600    0.0000149400
   0.0000169600    0.0000183600   -0.0000200900
  -0.0012105100    0.0038264800   -0.0010167100
  -0.0000205300    0.0000111600    0.0000041400
   0.0002022600    0.0001320900   -0.0000659300
  -0.0012983600    0.0031698700    0.0004601800
   0.0001873800    0.0000952200    0.0000484600
  -0.0000217200    0.0000086200    0.0000008300
  -0.0000147400    0.0000039300    0.0000221000
  -0.0000073700   -0.0000000600   -0.0000079400
  -0.0000024900   -0.0000028200   -0.0000032700
   0.1130923600   -0.0027256100   -0.0046062900
   0.0000338200    0.0000456400   -0.0000051900
   0.0000346200   -0.0000234800    0.0000553800
  -0.0000257900    0.0000335200    0.0000595900
  -0.0000149800    0.0000085000   -0.0000342200
  -0.0000030900   -0.0000000100   -0.0000008100
  -0.0000257200   -0.0000389700    0.0000333400
  -0.0000031200    0.0000001000    0.0000010500
  -0.0000154000    0.0000699000   -0.0000306700
  -0.0000855200    0.0000224300   -0.0001020600
   0.0000094700   -0.0000158500    0.0000074300
   0.0013201600    0.0001076400   -0.0006389800
   0.0007692700   -0.0027607800   -0.0019501600
   0.0000052600    0.0000187300    0.0000010600
  -0.0000774800    0.0000024000    0.0000321500
   0.0000044200    0.0000253200   -0.0000059400
   0.0000039700    0.0000003600    0.0000003400
   0.0000056400   -0.0000222700    0.0000057700
   0.0001881200   -0.0001077300    0.0000981800
  -0.0000220600   -0.0000089800   -0.0000057700
  -0.0012111700   -0.0039707000    0.0008186700
  -0.0006339100   -0.0026494300   -0.0002725500
  -0.0000261400   -0.0000055400    0.0000005100
   0.0002412500   -0.0000814100   -0.0000294200
  -0.0000094400    0.0000045500    0.0000123600
  -0.0000174700   -0.0000014500   -0.0000239600
  -0.0000033200    0.0000018100    0.0000017900
   0.0024459600   -0.0001854100    0.0002367500
  -0.0000659000    0.0001623600    0.0000300400
  -0.0000671800   -0.0002016700   -0.0000120400
   0.0001153200    0.0002577700   -0.0000495300
   0.0000905500   -0.0002729800    0.0000599400
  -0.0000040400    0.0000006300    0.0000001900
   0.0001042400   -0.0000876500   -0.0000184100
  -0.0000085500    0.0000012200   -0.0000007300
   0.0000843800    0.0000878500    0.0000149000
  -0.0059854800   -0.0005291700   -0.0013067300
  -0.0000259700   -0.0000031200   -0.0000023200
  -0.0076498100    0.0003292100    0.0015831200
   0.0000006000   -0.0000203700    0.0000031000
  -0.0000170200   -0.0000183500   -0.0000053700
  -0.0000191000    0.0000146900    0.0000055700
  -0.0000239400    0.0000084700    0.0000077800
  -0.0000259700   -0.0000055800   -0.0000072300
   0.0000506900    0.0000154800   -0.0000102000
   0.0011733300    0.0000192200    0.0005181300
   0.0000093600    0.0000129300   -0.0000050900
  -0.0000925400   -0.0000452600    0.0001099200
   0.0010889400    0.0034995400    0.0023982700
  -0.0000931000   -0.0000102800    0.0000123600
   0.0000096900   -0.0000211300    0.0000006300
   0.0000026200   -0.0000049900   -0.0000013700
  -0.0000037700   -0.0000242500    0.0000143300
   0.0000057300    0.0000145300   -0.0000000900

55   
 -0.0050000000000000   0.0086602540378444   0.0000000000000000
  -0.0077301800    0.0140567800   -0.0000559000
  -0.0000108200   -0.0000271200   -0.0000093800
   0.0004182700    0.0003388900   -0.0000102200
  -0.0000201000   -0.0000981900    0.0001052100
   0.0000111800    0.0000046600    0.0000123700
   0.0000166100   -0.0000258000   -0.0000034200
   0.0001144600   -0.0000440400   -0.0001281500
   0.0000086200   -0.0000183700   -0.0000034400
  -0.0004337100   -0.0001929500   -0.0000414600
  -0.0076154600    0.0449326800   -0.0302422000
   0.0001314900   -0.0000231500   -0.0000631800
  -0.0001640500    0.0000223800    0.0001229100
  -0.0005177900    0.0003999900    0.0004337100
   0.0005618000    0.0010073700    0.0003633200
   0.0000122900    0.0000126600   -0.0000259600
  -0.0000371800    0.0000920200   -0.0000066800
   0.0000062700   -0.0000110300   -0.0000219800
   0.0000468500    0.0000732300    0.0000149400
  -0.0366695100    0.0296485900    0.0311570900
  -0.0011887600    0.0000432300   -0.0002552000
  -0.0000846500   -0.0000175800   -0.0000038300
  -0.0000635900    0.0000679400    0.0000025000
  -0.0000115000   -0.0001178900    0.0000558100
  -0.0000141700   -0.0000077000    0.0000207900
  -0.0000975300    0.0006997100   -0.0004286700
   0.0000069000   -0.0000078500    0.0000181600
   0.0000381000    0.0001551800   -0.0001539900
  -0.0028503900   -0.0005032200   -0.0020592400
   0.0000020600   -0.0000156100    0.0000227800
   0.0020999200   -0.0035729600   -0.0000840900
   0.0019937600    0.0021477800    0.0020733800
   0.0000263300   -0.0000496900    0.0000109700
   0.0000630800   -0.0000646400   -0.0000178800
   0.0000010800   -0.0000064600    0.0000007300
   0.0000164000   -0.0000206900   -0.0000299900
   0.0000381100   -0.0000871600    0.0000169600
   0.0004544100   -0.0009238700    0.0005332500
   0.0000056000   -0.0000026000    0.0000009000
  -0.0020766600   -0.0023436500    0.0027225700
   0.0000205800    0.0000972400    0.0000461000
  -0.0000064000   -0.0000155900    0.0000024300
   0.0000190900    0.0000032900    0.0000028200
  -0.0000149800   -0.0000109200   -0.0000074500
   0.0000159100    0.0000142900    0.0000130900
   0.0000081000    0.0000579900   -0.0000085300
  -0.0032922900    0.0063813000   -0.0014676500
  -0.0000169400    0.0000096000    0.0000117400
  -0.0000073600   -0.0000056100    0.0000007400
  -0.0039473000    0.0062463900    0.0014389100
   0.0000186800   -0.0000056700   -0.0000068300
  -0.0000187300    0.0000177000    0.0000030200
  -0.0000123400    0.0000193000    0.0000007100
  -0.0000076900    0.0000249500   -0.0000086600
  -0.0000004200    0.0000181900   -0.0000058400
   0.0589098400   -0.1013133300   -0.0014333400
   0.0000366900    0.0000433200    0.0000241400
  -0.0000240400    0.0000084100    0.0000799600
   0.0000218500    0.0000357600    0.0000195300
  -0.0000680800   -0.0000003700   -0.0000408000
  -0.0000018200    0.0000034500    0.0000007100
  -0.0000406900    0.0000002400   -0.0000296500
  -0.0000013800    0.0000037000   -0.0000011800
  -0.0000147200    0.0000303700   -0.0000870500
  -0.0001101100    0.0000701800   -0.0000772600
  -0.0000115600   -0.0000061500   -0.0000110500
   0.0035183800    0.0007532600   -0.0023745700
   0.0006458700   -0.0010639200   -0.0004246700
   0.0000220400    0.0000002600    0.0000014700
  -0.0001142200    0.0000509200    0.0000397500
   0.0000175400    0.0000078900    0.0000123300
  -0.0000014400   -0.0000049300    0.0000004900
  -0.0000173800   -0.0000147800    0.0000007300
   0.0001844700   -0.0001671800    0.0001003600
  -0.0000051500    0.0000009000    0.0000036700
   0.0022743100    0.0027223900   -0.0006016700
   0.0028261300    0.0023531400    0.0008618300
  -0.0000044500    0.0000081800    0.0000017400
   0.0001878200   -0.0001125700   -0.0000253700
  -0.0000044100    0.0000281100    0.0000056400
   0.0000007900    0.0000205200   -0.0000201700
  -0.0000048700    0.0000220300   -0.0000022000
   0.0013739100   -0.0023638900   -0.0000303600
   0.0001341400   -0.0000483100   -0.0000261600
  -0.0001705100   -0.0002329700   -0.0000460000
   0.0001177700    0.0001419200   -0.0000222900
  -0.0000128700   -0.0001335000    0.0000114700
  -0.0000026100    0.0000041700    0.0000016100
  -0.0001901000   -0.0000214100    0.0000436800
  -0.0000053900    0.0000077500    0.0000002000
   0.0002953100    0.0000604600    0.0000612600
  -0.0035178400   -0.0013472600   -0.0009171800
  -0.0000157100    0.0000164400    0.0000212600
  -0.0034724000   -0.0005595800    0.0007686200
   0.0000115500   -0.0002235900   -0.0000932200
   0.0000007400    0.0000033700   -0.0000031600
  -0.0000165300    0.0000192200    0.0000037300
  -0.0000225800    0.0000179200   -0.0000040500
  -0.0000048400    0.0000086100   -0.0000034200
   0.0000021700   -0.0002233800    0.0000214200
  -0.0023441500    0.0007459400   -0.0016691100
   0.0000189800    0.0000071600   -0.0000176100
   0.0000251400    0.0000404000   -0.0000233500
   0.0003203000    0.0022255400    0.0018324900
   0.0000113900    0.0000444400   -0.0000125500
  -0.0000073200   -0.0000142800    0.0000015900
   0.0000067900   -0.0000086600    0.0000007900
  -0.0000199800   -0.0000198100    0.0000204300
   0.0000177600    0.0000001500   -0.0000015700

55   
  0.0050000000000000  -0.0086602540378444   0.0000000000000000
   0.0075858700   -0.0141285600   -0.0000012700
   0.0000122200    0.0000270400    0.0000094300
  -0.0004209100   -0.0003268100    0.0000100900
   0.0000216500    0.0000982900   -0.0001040700
  -0.0000104200   -0.0000038800   -0.0000123700
  -0.0000164200    0.0000257000    0.0000029100
  -0.0001132300    0.0000459200    0.0001292700
  -0.0000087800    0.0000182300    0.0000029000
   0.0004431900    0.0001845700    0.0000436700
   0.0076266900   -0.0460587500    0.0313880500
  -0.0001318800    0.0000229800    0.0000644800
   0.0001642800   -0.0000261000   -0.0001224000
   0.0004915400   -0.0003717400   -0.0004353000
  -0.0005623600   -0.0009950600   -0.0003538300
  -0.0000121700   -0.0000128900    0.0000254200
   0.0000369000   -0.0000956800    0.0000067600
  -0.0000058400    0.0000109400    0.0000217900
  -0.0000465000   -0.0000751500   -0.0000156800
   0.0356950000   -0.0290740700   -0.0299976100
   0.0012006500   -0.0000509200    0.0002648600
   0.0000834000    0.0000185400    0.0000032200
   0.0000606000   -0.0000665600   -0.0000022400
   0.0000109300    0.0001173200   -0.0000547300
   0.0000141400    0.0000077900   -0.0000211800
   0.0001085300   -0.0007387000    0.0004276800
  -0.0000066800    0.0000080000   -0.0000183600
  -0.0000404100   -0.0001533000    0.0001534100
   0.0029020300    0.0004882400    0.0020660600
  -0.0000021100    0.0000152700   -0.0000232700
  -0.0021215700    0.0035606200    0.0000717500
  -0.0019767900   -0.0020972300   -0.0020629100
  -0.0000253500    0.0000501600   -0.0000106100
  -0.0000621700    0.0000637300    0.0000157400
  -0.0000010600    0.0000062600   -0.0000011900
  -0.0000165800    0.0000204900    0.0000293900
  -0.0000382500    0.0000880600   -0.0000192100
  -0.0004559900    0.0009340000   -0.0005457100
  -0.0000054400    0.0000024300   -0.0000007900
   0.0020254700    0.0022904400   -0.0026780800
  -0.0000201800   -0.0000953900   -0.0000407800
   0.0000060500    0.0000150300   -0.0000023800
  -0.0000182400   -0.0000033500   -0.0000029300
   0.0000151400    0.0000112400    0.0000072900
  -0.0000154900   -0.0000140300   -0.0000134000
  -0.0000114400   -0.0000532400    0.0000128800
   0.0033868100   -0.0065453900    0.0015012600
   0.0000169900   -0.0000097600   -0.0000114200
   0.0000056800    0.0000042200    0.0000006400
   0.0038499600   -0.0060815500   -0.0014072100
  -0.0000204900    0.0000046600    0.0000055900
   0.0000184700   -0.0000176900   -0.0000027000
   0.0000129000   -0.0000191200   -0.0000004600
   0.0000076000   -0.0000250700    0.0000090000
   0.0000004600   -0.0000185100    0.0000061700
  -0.0576677900    0.1020314400   -0.0009250900
  -0.0000377400   -0.0000435800   -0.0000242800
   0.0000215800   -0.0000091700   -0.0000775300
  -0.0000211500   -0.0000360900   -0.0000152000
   0.0000676100   -0.0000006600    0.0000408800
   0.0000017700   -0.0000036300   -0.0000004900
   0.0000407200    0.0000002500    0.0000342400
   0.0000016000   -0.0000037200    0.0000010600
   0.0000131200   -0.0000321800    0.0000895500
   0.0001120400   -0.0000709800    0.0000830100
   0.0000119500    0.0000062300    0.0000106800
  -0.0036017000   -0.0007695300    0.0024109100
  -0.0006363500    0.0010523900    0.0004064200
  -0.0000224700   -0.0000004900   -0.0000014300
   0.0001154300   -0.0000557400   -0.0000345600
  -0.0000171400   -0.0000081000   -0.0000125200
   0.0000015300    0.0000048800   -0.0000005200
   0.0000180600    0.0000154000   -0.0000008000
  -0.0001873200    0.0001676000   -0.0001019700
   0.0000048500   -0.0000011700   -0.0000038900
  -0.0023037800   -0.0027360500    0.0006048500
  -0.0028028800   -0.0023557200   -0.0008679600
   0.0000046300   -0.0000083900   -0.0000019900
  -0.0001840000    0.0001091500    0.0000267600
   0.0000046700   -0.0000277200   -0.0000056500
  -0.0000010500   -0.0000205100    0.0000203500
   0.0000051400   -0.0000224900    0.0000024900
  -0.0013731800    0.0023627000   -0.0000455900
  -0.0001344300    0.0000498300    0.0000249500
   0.0001704800    0.0002305700    0.0000454000
  -0.0001160900   -0.0001415100    0.0000216000
   0.0000139000    0.0001318900   -0.0000123600
   0.0000025500   -0.0000043700   -0.0000016100
   0.0001912100    0.0000223400   -0.0000445900
   0.0000055800   -0.0000078300   -0.0000001700
  -0.0002973700   -0.0000601900   -0.0000618400
   0.0035275400    0.0013684100    0.0009111600
   0.0000156600   -0.0000168700   -0.0000210000
   0.0034449500    0.0005400900   -0.0007648900
  -0.0000129300    0.0002206400    0.0000913700
  -0.0000008000   -0.0000034000    0.0000031300
   0.0000165100   -0.0000188900   -0.0000033600
   0.0000232200   -0.0000181100    0.0000041000
   0.0000046500   -0.0000089300    0.0000034800
  -0.0000032100    0.0002283900   -0.0000199500
   0.0023325100   -0.0007555700    0.0016801600
  -0.0000193700   -0.0000072800    0.0000174700
  -0.0000224900   -0.0000381900    0.0000283300
  -0.0003369400   -0.0022335900   -0.0018216500
  -0.0000116300   -0.0000447300    0.0000128800
   0.0000071800    0.0000138000   -0.0000018300
  -0.0000068200    0.0000085100   -0.0000008900
   0.0000197100    0.0000193500   -0.0000206200
  -0.0000180900   -0.0000002000    0.0000013700

55   
  0.0000000000000000   0.0000000000000000   0.0100000000000000
   0.0283565300    0.0160155100    0.0464401600
  -0.0000560900   -0.0000612600    0.0000104600
  -0.0001697500    0.0000301900    0.0008139100
  -0.0000293500   -0.0001269700   -0.0000253700
  -0.0000762100   -0.0000222100    0.0000070000
   0.0000179500    0.0000086000    0.0000026500
  -0.0001365600    0.0000192600   -0.0000479900
   0.0000128200    0.0000050100    0.0000032300
  -0.0001706600    0.0000034500    0.0008836200
   0.0001339300   -0.0369842100    0.0475552300
  -0.0000556600    0.0001452900   -0.0000438700
   0.0000725000    0.0001213800   -0.0000646100
  -0.0000637600    0.0000291400    0.0008959800
  -0.0000599900    0.0000277000    0.0009052900
  -0.0000004700   -0.0000123400    0.0000039600
   0.0000172900    0.0000819900   -0.0000028400
  -0.0000039100   -0.0000093600   -0.0000038800
  -0.0000288300    0.0000785400   -0.0000268200
  -0.0320873100    0.0181362400    0.0473280400
  -0.0000023000    0.0000084400    0.0008651900
   0.0000600500   -0.0000621400   -0.0000227300
   0.0000739000   -0.0000335800   -0.0000038400
   0.0001003000   -0.0000946200   -0.0000355200
  -0.0000090800    0.0000047500   -0.0000006000
   0.0000546500    0.0000021300    0.0009330100
  -0.0000165800    0.0000004300   -0.0000018400
   0.0001305400   -0.0000324800   -0.0000677500
   0.0009522600   -0.0006867100    0.0024401100
  -0.0000009400    0.0000086600    0.0000015500
  -0.0011889800   -0.0007432200    0.0027925700
  -0.0000792600    0.0010513400    0.0022175200
   0.0000755800    0.0000428800    0.0001140800
  -0.0000557400    0.0000336600    0.0000843100
  -0.0000046400   -0.0000000600    0.0000070900
   0.0000056100   -0.0000007200    0.0000042700
  -0.0000048400   -0.0000570600    0.0000668600
   0.0011263600   -0.0009452100    0.0000351300
  -0.0000009500    0.0000013700    0.0000141800
  -0.0013713900   -0.0012793500    0.0004149600
   0.0000202400    0.0000795900   -0.0002661700
   0.0000178500    0.0000001900    0.0000074800
  -0.0000183700   -0.0000063900    0.0000123200
   0.0000038200   -0.0000021900    0.0000154200
  -0.0000046300    0.0000017500    0.0000187500
   0.0000480500   -0.0001385000   -0.0003764300
  -0.0004198100    0.0013384100   -0.0036227500
   0.0000004200    0.0000043300   -0.0000228500
  -0.0000223600   -0.0000040600    0.0000030500
   0.0008948900   -0.0009772500   -0.0037195300
   0.0000491800    0.0000349100    0.0000167600
  -0.0000073300    0.0000028400   -0.0000247700
  -0.0000200400   -0.0000114600    0.0000041400
   0.0000036500    0.0000013700   -0.0000239700
  -0.0000006100   -0.0000101300   -0.0000221500
   0.0035877600    0.0017666300   -0.1485046800
  -0.0000545300    0.0000605100   -0.0003213900
   0.0000095100    0.0000321400   -0.0003217600
  -0.0000323400   -0.0000575200   -0.0003169500
   0.0000293400   -0.0000858700   -0.0003140000
  -0.0000011000   -0.0000019400    0.0000013500
  -0.0000592300   -0.0000121100   -0.0003169400
   0.0000009400    0.0000012300    0.0000013300
   0.0000357900   -0.0000251300   -0.0003144100
   0.0000442500   -0.0000247500   -0.0003326500
  -0.0000000700   -0.0000037000    0.0000138700
  -0.0023219000   -0.0007667500    0.0003809400
  -0.0003054300    0.0018826800    0.0001941400
   0.0000087500    0.0000202300    0.0000072400
  -0.0000991100    0.0001274600   -0.0003844800
  -0.0000014800   -0.0000010400    0.0000072900
   0.0000001400   -0.0000018200    0.0000120200
  -0.0000147000   -0.0000172900    0.0000149400
   0.0000251300   -0.0000193200    0.0000253800
   0.0000026700    0.0000035400   -0.0000252900
   0.0006137900    0.0013034700   -0.0035826100
  -0.0008658200   -0.0008227500   -0.0040813200
  -0.0000056900    0.0000112500   -0.0000343100
  -0.0000987500    0.0000556500    0.0000277900
  -0.0000016900   -0.0000008700   -0.0000337500
   0.0000203900   -0.0000160800    0.0000064000
  -0.0000038700   -0.0000086000   -0.0000258500
   0.0002572000    0.0002382200    0.0192650000
  -0.0000389600    0.0000317000    0.0000720500
   0.0000539000    0.0000312700    0.0000776400
  -0.0000181300   -0.0000388200    0.0000468000
   0.0000153800   -0.0000413000    0.0000296900
  -0.0000013000   -0.0000004300   -0.0000005100
  -0.0000156300    0.0000008800    0.0000371200
   0.0000005400    0.0000015600   -0.0000020300
   0.0000300400    0.0000220900    0.0000224100
  -0.0011324800   -0.0002567500   -0.0040189400
  -0.0000024100    0.0000258900    0.0000042900
   0.0013342000   -0.0000140300   -0.0036309300
  -0.0000065000    0.0000279300    0.0000479000
   0.0000094200   -0.0000084200   -0.0000359200
  -0.0000101900   -0.0000003400   -0.0000290800
  -0.0000009900   -0.0000025100   -0.0000332400
   0.0000009900   -0.0000017500   -0.0000260100
  -0.0000052100   -0.0001050000    0.0000113000
   0.0022374400   -0.0007114400    0.0001534600
   0.0000037600   -0.0000005900    0.0000072100
   0.0000102700   -0.0000203400   -0.0003317500
   0.0005208100    0.0022892600    0.0003801200
   0.0001736800    0.0001102500   -0.0003635300
  -0.0000040800    0.0000196000    0.0000120100
   0.0000000900   -0.0000002400    0.0000094500
   0.0000019800    0.0000010700    0.0000076100
   0.0000114700   -0.0000149700    0.0000135300

55   
  0.0000000000000000   0.0000000000000000  -0.0100000000000000
  -0.0274103100   -0.0154681300   -0.0456225500
   0.0000546600    0.0000610900   -0.0000076700
   0.0001248900   -0.0000353100   -0.0008050200
   0.0000262900    0.0001245200    0.0000261100
   0.0000753100    0.0000211900   -0.0000044100
  -0.0000169400   -0.0000081000   -0.0000020200
   0.0001327400   -0.0000211000    0.0000491500
  -0.0000127000   -0.0000049000   -0.0000028000
   0.0001425900   -0.0000355700   -0.0008751100
  -0.0001471000    0.0357010100   -0.0466647300
   0.0000556500   -0.0001404300    0.0000435800
  -0.0000720800   -0.0001160900    0.0000640400
   0.0000453000    0.0000095500   -0.0008908000
   0.0000741700    0.0000072300   -0.0008980800
   0.0000004400    0.0000115800   -0.0000033900
  -0.0000185100   -0.0000803200    0.0000051300
   0.0000037700    0.0000094600    0.0000042100
   0.0000296400   -0.0000768500    0.0000290800
   0.0309712300   -0.0175044200   -0.0464331200
   0.0000407800   -0.0000130500   -0.0008596500
  -0.0000582600    0.0000622800    0.0000249900
  -0.0000732000    0.0000318200    0.0000060300
  -0.0000968300    0.0000931100    0.0000351700
   0.0000082700   -0.0000044200    0.0000012000
  -0.0000290600   -0.0000350800   -0.0009294800
   0.0000164900   -0.0000005000    0.0000022300
  -0.0001265900    0.0000298300    0.0000675900
  -0.0009761900    0.0007032100   -0.0024383200
   0.0000008800   -0.0000080500   -0.0000008500
   0.0012181700    0.0007583900   -0.0027903100
   0.0000828300   -0.0010848600   -0.0022193400
  -0.0000748900   -0.0000422000   -0.0001096900
   0.0000549700   -0.0000333800   -0.0000802700
   0.0000043200    0.0000000300   -0.0000064000
  -0.0000051800    0.0000006200   -0.0000035300
   0.0000045100    0.0000565500   -0.0000629300
  -0.0011433500    0.0009571600   -0.0000330000
   0.0000009800   -0.0000014100   -0.0000144400
   0.0013891800    0.0012944700   -0.0004123000
  -0.0000199800   -0.0000730300    0.0002696500
  -0.0000173400    0.0000000700   -0.0000075100
   0.0000178900    0.0000065900   -0.0000122900
  -0.0000036900    0.0000022700   -0.0000151200
   0.0000044700   -0.0000016300   -0.0000183400
  -0.0000477100    0.0001369200    0.0003747800
   0.0004024200   -0.0013237400    0.0035946600
  -0.0000010000   -0.0000042300    0.0000230400
   0.0000235500    0.0000050200   -0.0000072500
  -0.0008922500    0.0009560300    0.0036897900
  -0.0000529800   -0.0000368500   -0.0000163700
   0.0000073800   -0.0000028300    0.0000238700
   0.0000199800    0.0000115100   -0.0000048300
  -0.0000039300   -0.0000018900    0.0000241500
   0.0000007400    0.0000103300    0.0000212900
  -0.0034342100   -0.0016989500    0.1456384700
   0.0000507800   -0.0000604900    0.0003163800
  -0.0000060500   -0.0000327100    0.0003160000
   0.0000345400    0.0000547700    0.0003118500
  -0.0000315300    0.0000829100    0.0003089300
   0.0000010900    0.0000019400   -0.0000016200
   0.0000577500    0.0000153200    0.0003118700
  -0.0000008900   -0.0000011800   -0.0000016400
  -0.0000347700    0.0000284700    0.0003085000
  -0.0000391400    0.0000220800    0.0003334500
   0.0000000000    0.0000035800   -0.0000136500
   0.0023426900    0.0007692100   -0.0003748500
   0.0003085700   -0.0018966300   -0.0001900400
  -0.0000082700   -0.0000198000   -0.0000074500
   0.0000984000   -0.0001266000    0.0003805100
   0.0000015800    0.0000011400   -0.0000070600
  -0.0000002900    0.0000019300   -0.0000120800
   0.0000146000    0.0000167400   -0.0000149900
  -0.0000270700    0.0000205600   -0.0000297200
  -0.0000021200   -0.0000035700    0.0000254600
  -0.0005925500   -0.0012868700    0.0035543900
   0.0008636600    0.0008133800    0.0040426900
   0.0000055100   -0.0000109900    0.0000331900
   0.0001034200   -0.0000563800   -0.0000273800
   0.0000019400    0.0000004400    0.0000337300
  -0.0000202300    0.0000161200   -0.0000071900
   0.0000036400    0.0000088100    0.0000248900
  -0.0002508000   -0.0002347400   -0.0188641900
   0.0000372200   -0.0000319300   -0.0000692400
  -0.0000525400   -0.0000313900   -0.0000742300
   0.0000184400    0.0000384600   -0.0000446600
  -0.0000159100    0.0000404100   -0.0000280900
   0.0000013100    0.0000004900    0.0000004300
   0.0000156600    0.0000000500   -0.0000350900
  -0.0000005000   -0.0000014800    0.0000019500
  -0.0000297800   -0.0000210300   -0.0000203800
   0.0011202500    0.0002622800    0.0039799900
   0.0000024800   -0.0000256800   -0.0000052700
  -0.0013082300    0.0000271500    0.0036000600
   0.0000064500   -0.0000295500   -0.0000520200
  -0.0000093300    0.0000081600    0.0000347900
   0.0000101700    0.0000001400    0.0000280300
   0.0000007400    0.0000029600    0.0000331100
  -0.0000007400    0.0000023100    0.0000260300
   0.0000065500    0.0001099600   -0.0000114500
  -0.0022547100    0.0007166600   -0.0001473200
  -0.0000037600    0.0000005300   -0.0000071000
  -0.0000153300    0.0000176500    0.0003320900
  -0.0005223200   -0.0023039300   -0.0003748300
  -0.0001710500   -0.0001088500    0.0003597400
   0.0000036700   -0.0000192300   -0.0000122700
   0.0000001600    0.0000004400   -0.0000095000
  -0.0000021400   -0.0000010100   -0.0000073700
  -0.0000114200    0.0000144500   -0.0000136900

64   
  0.0100000000000000   0.0000000000000000   0.0000000000000000
   0.0001566500    0.0005807800    0.0000534000
   0.0001042100   -0.0005701800   -0.0000275600
  -0.0000399100   -0.0000009700    0.0000044300
  -0.0000119000   -0.0000131200   -0.0000222400
  -0.0000232900    0.0000075600   -0.0000017000
   0.0000154800    0.0000139500    0.0000171400
   0.0154894600   -0.0002745700    0.0001229300
  -0.0000826600    0.0001142900   -0.0001084300
  -0.0001230400   -0.0000840100    0.0001318300
   0.0004177600   -0.0003313200    0.0003707500
   0.0447584000    0.0172244700   -0.0316012400
   0.0000872900    0.0000221400    0.0000006900
   0.0000022600    0.0000170900   -0.0000160700
   0.0000802000   -0.0000829000    0.0001260800
   0.0000377300    0.0000578200    0.0000120600
   0.0006052500    0.0010133500    0.0003523400
  -0.0000861400    0.0000978400   -0.0000845700
  -0.0000192000    0.0000009300   -0.0000184800
  -0.0000874300   -0.0000026200   -0.0000350100
  -0.0045280200   -0.0000545200    0.0002023400
  -0.0001025200   -0.0000168000    0.0000321100
  -0.0000550500   -0.0000078800    0.0000046900
  -0.0000173300   -0.0000027600    0.0000194900
  -0.0000175500    0.0000093000   -0.0000251600
   0.0007715000    0.0028456400    0.0021101600
   0.0010080700   -0.0029816400   -0.0019407700
  -0.0000080800   -0.0000044200    0.0000005900
   0.0445780800   -0.0169140700    0.0317953700
   0.0005249400    0.0002741500   -0.0005297300
   0.0000913500   -0.0000208000    0.0000099200
   0.0000665800   -0.0000549100    0.0000010700
   0.0000958800    0.0001405300   -0.0001339200
   0.0000023100   -0.0000175500    0.0000249700
   0.0006884500   -0.0012392500   -0.0004698500
  -0.0000162100    0.0000011900    0.0000199500
  -0.0000926600   -0.0000968900    0.0000678000
   0.0015570400   -0.0039765300    0.0003818200
  -0.0001695800   -0.0000853200    0.0000318900
   0.0000285200   -0.0000090300   -0.0000031800
   0.0000156100   -0.0000218400    0.0000147200
   0.0000049900    0.0000107200   -0.0000018100
   0.0000005400   -0.0000000800   -0.0000061800
   0.0008988400   -0.0041828600   -0.0007806700
   0.0000463400   -0.0000144900   -0.0000019600
  -0.0001885300   -0.0000500500   -0.0001087500
   0.0017482100    0.0019564500    0.0017149900
   0.0018058900   -0.0018624000   -0.0017390700
  -0.0000110800   -0.0000000100   -0.0000007400
  -0.0000100500   -0.0000135600   -0.0000021500
   0.0000226200    0.0000266000    0.0000049800
  -0.0000051000    0.0000042200   -0.0000000700
   0.0000297700   -0.0000080000   -0.0000240700
  -0.0000060500    0.0000206700   -0.0000205200
  -0.0000062900   -0.0000234200    0.0000214600
   0.0000883600   -0.0000777900    0.0000395700
  -0.0013284500    0.0033917500   -0.0023494900
  -0.0000095700   -0.0000192400    0.0000000800
  -0.0000045800    0.0000177800   -0.0000014900
  -0.0000058300   -0.0000238600   -0.0000143300
  -0.0000041200   -0.0000040400    0.0000002800
  -0.0007759800    0.0002872800   -0.0002972700
   0.0000806000   -0.0000879400   -0.0001024800
  -0.0000052900    0.0000225400    0.0000087200
  -0.1188552300    0.0015272500    0.0001663200
   0.0000478900   -0.0000552400   -0.0000229400
   0.0000479300    0.0000310000    0.0000381600
   0.0000147100   -0.0000221300    0.0000977400
   0.0000218700    0.0000297700   -0.0000844200
   0.0000058000   -0.0000017200   -0.0000010600
   0.0000143800    0.0000805200    0.0000714500
   0.0000058200   -0.0000026400    0.0000002300
   0.0000218000   -0.0000463000   -0.0000254800
  -0.0027330600    0.0000194800   -0.0000403200
   0.0000640000   -0.0001550400    0.0000248400
   0.0000763600    0.0001913200   -0.0000077400
  -0.0001088100   -0.0002639100   -0.0000460400
  -0.0001090700    0.0002646800    0.0000436200
   0.0000094500   -0.0000006500   -0.0000009800
  -0.0001164900    0.0000949100    0.0000001900
   0.0000049300   -0.0000000500   -0.0000001700
  -0.0000951400   -0.0000954400   -0.0000032100
  -0.0002090100    0.0001425300   -0.0000237600
   0.0012235000    0.0032068800   -0.0006379300
   0.0000326100    0.0000015300   -0.0000009600
   0.0000073500   -0.0000078300    0.0000065200
   0.0000095500   -0.0000113200    0.0000077900
   0.0000130400    0.0000102000   -0.0000201100
   0.0007145400    0.0035946400    0.0009561200
  -0.0002466000    0.0001258700    0.0000748000
   0.0000412800    0.0000116500    0.0000017800
  -0.0012198700   -0.0033744500    0.0020624100
   0.0000820700    0.0000204800   -0.0000466200
   0.0000013400    0.0000223900   -0.0000005900
  -0.0000026200    0.0000052000   -0.0000019400
   0.0000000700    0.0000220900    0.0000192000
  -0.0000080800   -0.0000169200   -0.0000005100
  -0.0010574700   -0.0001376700    0.0003760300
   0.0000018800   -0.0000257100   -0.0000126500
   0.0000751200    0.0000389200    0.0000358700
   0.0069353900   -0.0004428800    0.0012664500
   0.0070490300    0.0002914800   -0.0014239300
   0.0000251300    0.0000028300   -0.0000010100
   0.0000237000   -0.0000124100    0.0000047400
   0.0000309600   -0.0000034100   -0.0000622900
   0.0000251100    0.0000179400   -0.0000071000
   0.0000150900   -0.0000144300   -0.0000080200
   0.0000261800   -0.0000053900    0.0000133800
   0.0000258400    0.0000144800   -0.0000175500

64   
 -0.0100000000000000   0.0000000000000000   0.0000000000000000
  -0.0001712800   -0.0005861100   -0.0000601700
  -0.0000925800    0.0005640100    0.0000240900
   0.0000400000    0.0000010800   -0.0000040400
   0.0000127300    0.0000119100    0.0000219800
   0.0000233800   -0.0000073800    0.0000021300
  -0.0000159200   -0.0000149200   -0.0000173600
  -0.0154986200    0.0004427900   -0.0000580400
   0.0000814400   -0.0001156000    0.0001073500
   0.0001245600    0.0000824500   -0.0001330800
  -0.0004542300    0.0003425700   -0.0003711900
  -0.0437624000   -0.0166608600    0.0304374400
  -0.0000847500   -0.0000202500   -0.0000008200
  -0.0000020900   -0.0000169400    0.0000165100
  -0.0000766600    0.0000840700   -0.0001265700
  -0.0000361900   -0.0000571900   -0.0000113100
  -0.0006179400   -0.0010200000   -0.0003619800
   0.0000856100   -0.0000973700    0.0000829000
   0.0000193000   -0.0000011700    0.0000186500
   0.0000880100    0.0000024200    0.0000368700
   0.0045301400    0.0000830300   -0.0001961900
   0.0001013400    0.0000165300   -0.0000305300
   0.0000549800    0.0000068200   -0.0000048400
   0.0000175100    0.0000030200   -0.0000190000
   0.0000175800   -0.0000089200    0.0000257600
  -0.0008064200   -0.0028844400   -0.0021189800
  -0.0009657200    0.0029421200    0.0019324600
   0.0000082000    0.0000045800   -0.0000001100
  -0.0455717900    0.0174708100   -0.0329796700
  -0.0004888300   -0.0002646100    0.0005279100
  -0.0000939500    0.0000226900   -0.0000101800
  -0.0000680100    0.0000553800   -0.0000006700
  -0.0000992000   -0.0001399000    0.0001338000
  -0.0000023400    0.0000176300   -0.0000245400
  -0.0006748100    0.0012303700    0.0004573200
   0.0000161800   -0.0000014400   -0.0000198000
   0.0000932600    0.0000974400   -0.0000692400
  -0.0015514600    0.0040140900   -0.0003743400
   0.0001654400    0.0000846200   -0.0000321300
  -0.0000287800    0.0000090700    0.0000031300
  -0.0000154100    0.0000222300   -0.0000145200
  -0.0000047700   -0.0000103800    0.0000021000
  -0.0000005800    0.0000002600    0.0000065000
  -0.0009139100    0.0041656300    0.0007921400
  -0.0000459200    0.0000140500    0.0000023400
   0.0001904700    0.0000520200    0.0001106900
  -0.0017521300   -0.0019425800   -0.0017252500
  -0.0018019700    0.0018765000    0.0017285800
   0.0000111000    0.0000002900    0.0000008900
   0.0000102900    0.0000138800    0.0000026000
  -0.0000229200   -0.0000273700   -0.0000100400
   0.0000050400   -0.0000039900    0.0000004200
  -0.0000299400    0.0000083400    0.0000238900
   0.0000059100   -0.0000201700    0.0000208400
   0.0000065200    0.0000239300   -0.0000212800
  -0.0000839000    0.0000791500   -0.0000438800
   0.0013002200   -0.0033122900    0.0023157200
   0.0000092700    0.0000186800    0.0000001200
   0.0000043600   -0.0000172100    0.0000015400
   0.0000058700    0.0000237000    0.0000149400
   0.0000040900    0.0000040300   -0.0000002000
   0.0007902000   -0.0002891800    0.0003164300
  -0.0000789000    0.0000850500    0.0000950700
   0.0000055700   -0.0000227000   -0.0000083300
   0.1188508700   -0.0029970400    0.0022027900
  -0.0000478100    0.0000543800    0.0000189200
  -0.0000478000   -0.0000314300   -0.0000424600
  -0.0000151200    0.0000242100   -0.0000994200
  -0.0000209300   -0.0000272100    0.0000826900
  -0.0000057800    0.0000020100    0.0000010700
  -0.0000154800   -0.0000785600   -0.0000707200
  -0.0000057500    0.0000025100    0.0000000200
  -0.0000209900    0.0000478300    0.0000260400
   0.0027327700   -0.0000192000    0.0001152200
  -0.0000643900    0.0001536000   -0.0000239300
  -0.0000762700   -0.0001932500    0.0000085900
   0.0001105900    0.0002655600    0.0000470900
   0.0001075100   -0.0002630100   -0.0000429100
  -0.0000094200    0.0000008200    0.0000010300
   0.0001145900   -0.0000950500    0.0000011500
  -0.0000049000    0.0000000600    0.0000002400
   0.0000968600    0.0000951600    0.0000041300
   0.0002152200   -0.0001442200    0.0000228500
  -0.0012289500   -0.0031762200    0.0006371900
  -0.0000322100   -0.0000016900    0.0000009500
  -0.0000072500    0.0000079700   -0.0000062300
  -0.0000096600    0.0000117800   -0.0000076500
  -0.0000132000   -0.0000098700    0.0000200600
  -0.0007039800   -0.0036134000   -0.0009525800
   0.0002441900   -0.0001224400   -0.0000729800
  -0.0000416600   -0.0000120200   -0.0000015500
   0.0012485700    0.0034544600   -0.0020922000
  -0.0000859800   -0.0000198000    0.0000419300
  -0.0000010600   -0.0000230600    0.0000007900
   0.0000027100   -0.0000051700    0.0000020200
  -0.0000000800   -0.0000223300   -0.0000187400
   0.0000083200    0.0000175200    0.0000005700
   0.0010455100    0.0001356300   -0.0003610900
  -0.0000020700    0.0000254500    0.0000129800
  -0.0000767300   -0.0000401300   -0.0000419900
  -0.0071218900    0.0004463200   -0.0012976700
  -0.0068606200   -0.0002897000    0.0013906900
  -0.0000250300   -0.0000033400    0.0000009200
  -0.0000238500    0.0000127700   -0.0000049400
  -0.0000316400    0.0000051800    0.0000618600
  -0.0000248600   -0.0000175500    0.0000069200
  -0.0000146500    0.0000169900    0.0000097000
  -0.0000261200    0.0000055600   -0.0000136100
  -0.0000258300   -0.0000143800    0.0000174300

64   
 -0.0050000000000000   0.0086602540378444   0.0000000000000000
  -0.0007763800    0.0005891100   -0.0004638800
   0.0003608700    0.0009412900   -0.0003539300
   0.0000233900    0.0000083900    0.0000174500
   0.0000357400    0.0000469300    0.0000211600
   0.0000142800   -0.0000402700    0.0000241600
  -0.0000160200    0.0000241400   -0.0000140700
  -0.0077995300    0.0443893600    0.0302716600
   0.0002154000   -0.0000344500    0.0000073300
  -0.0000848300    0.0000977400   -0.0001185600
   0.0006096000    0.0003668100    0.0000176900
  -0.0071633600    0.0130719600   -0.0004420000
  -0.0000219300   -0.0000217300    0.0000035500
   0.0000139000   -0.0000199100   -0.0000015700
  -0.0000324500   -0.0000290200   -0.0002027600
   0.0000277500    0.0000059600   -0.0000143200
  -0.0006477900   -0.0004389300    0.0001915400
   0.0000709600   -0.0000174000    0.0001953700
   0.0000036500   -0.0000138400    0.0000004900
   0.0000544500   -0.0000477800    0.0000426000
   0.0022515700    0.0024860900   -0.0018780100
   0.0000275000   -0.0000562500    0.0000047400
   0.0000197100   -0.0000700600   -0.0000184500
   0.0000085200   -0.0000116600   -0.0000004500
   0.0000061000   -0.0000217300    0.0000265300
   0.0022349500   -0.0038524400   -0.0003122200
  -0.0032195000   -0.0008369700    0.0018364200
   0.0000096300   -0.0000031000   -0.0000225400
  -0.0387060400    0.0309718300   -0.0333485700
  -0.0009513900    0.0000671500    0.0004075200
  -0.0000646100    0.0000081800    0.0000103000
  -0.0001093100    0.0000526600   -0.0000435800
  -0.0000074400   -0.0001438300   -0.0000506100
  -0.0000163000   -0.0000051500   -0.0000195000
  -0.0000775600    0.0009739100    0.0007738800
   0.0000146600   -0.0000138000   -0.0000200500
   0.0000290500    0.0001087500    0.0001321500
  -0.0046894800    0.0075542000   -0.0010584100
   0.0000100400   -0.0000370400    0.0000039900
  -0.0000286500    0.0000122200   -0.0000042400
  -0.0000217600    0.0000444100    0.0000032100
   0.0000035600    0.0000308900    0.0000061600
   0.0000074900    0.0000312100    0.0000030300
  -0.0032454800    0.0065936700    0.0010395100
  -0.0000307300    0.0000090900   -0.0000044700
   0.0000526800   -0.0000647800    0.0000148500
  -0.0019955400   -0.0029563900   -0.0021889900
   0.0003949600   -0.0009042900   -0.0004043300
   0.0000055100    0.0000012800    0.0000034800
   0.0000274900    0.0000055500    0.0000013900
  -0.0000414700    0.0000968100   -0.0001550600
  -0.0000142400   -0.0000082200   -0.0000022200
  -0.0000516200    0.0001009200    0.0000161400
  -0.0000119500   -0.0000154900    0.0000046200
   0.0000176100    0.0000072500   -0.0000201000
  -0.0000615900    0.0000976000   -0.0000431200
   0.0005672500   -0.0009723500    0.0005086500
   0.0000180400    0.0000110300   -0.0000031300
  -0.0000196800   -0.0000132400   -0.0000001800
   0.0000225600    0.0000079800   -0.0000072700
   0.0000017000   -0.0000030900   -0.0000018000
   0.0027755600    0.0001921700    0.0017777400
  -0.0000411900    0.0000945800    0.0001554700
  -0.0000137700   -0.0000204800    0.0000132200
   0.0620166900   -0.1023886000    0.0043104000
   0.0000024700    0.0000412200   -0.0000425700
  -0.0000725600   -0.0000020700   -0.0000731800
   0.0000629100   -0.0000224900   -0.0000332700
  -0.0000518000   -0.0000051700    0.0000382500
  -0.0000052300    0.0000074400    0.0000013500
  -0.0000277000   -0.0000709000   -0.0000210400
  -0.0000044100    0.0000079300   -0.0000018300
   0.0000130800    0.0000319600    0.0000437900
   0.0013745800   -0.0020301800   -0.0002113200
   0.0001165900   -0.0000638300    0.0000188800
  -0.0001907900   -0.0002325200    0.0000156400
   0.0001351000    0.0001538300    0.0000387600
  -0.0000128500   -0.0001140500   -0.0000151700
  -0.0000054800    0.0000066200   -0.0000005600
  -0.0001700800   -0.0000204900   -0.0000524500
  -0.0000024800    0.0000031500    0.0000012900
   0.0002953900    0.0000748200   -0.0000297400
   0.0002081100   -0.0001667900    0.0000179200
   0.0026947500    0.0029617800   -0.0007509400
  -0.0000009900    0.0000105100   -0.0000046200
  -0.0000143400    0.0000392000   -0.0000029800
  -0.0000008400    0.0000372800    0.0000050600
   0.0000023500    0.0000166500    0.0000206800
   0.0017281600    0.0018190200    0.0001004700
   0.0002040400   -0.0001260700   -0.0001313700
  -0.0000145500    0.0000000600   -0.0000144900
   0.0005271500    0.0022555500   -0.0015547000
  -0.0000456000    0.0000313600    0.0000194500
  -0.0000215700   -0.0000113000   -0.0000033700
   0.0000025800   -0.0000100200    0.0000000200
  -0.0000231900   -0.0000111700   -0.0000259800
   0.0000253500    0.0000134900    0.0000012700
  -0.0017667200    0.0007074400    0.0012137500
   0.0000139500    0.0000079800    0.0000254900
  -0.0000253700    0.0000390100    0.0000531000
  -0.0031358800   -0.0002566100   -0.0002387400
  -0.0037254000   -0.0007304400    0.0009097500
  -0.0000148300    0.0000045300   -0.0000195500
  -0.0000225900    0.0000212700    0.0000020500
  -0.0000070100   -0.0002668300    0.0001028700
  -0.0000081800    0.0000047800    0.0000056500
   0.0000023600   -0.0002159300   -0.0000436900
  -0.0000313300    0.0000145500   -0.0000035400
   0.0000015500    0.0000065500    0.0000115700

64   
  0.0050000000000000  -0.0086602540378444   0.0000000000000000
   0.0007402700   -0.0005524400    0.0004536200
  -0.0003627400   -0.0009289400    0.0003440400
  -0.0000229700   -0.0000082400   -0.0000171300
  -0.0000371400   -0.0000497900   -0.0000220000
  -0.0000143800    0.0000401400   -0.0000238800
   0.0000170400   -0.0000261000    0.0000150600
   0.0078468000   -0.0454594400   -0.0313288400
  -0.0002164500    0.0000343500   -0.0000082600
   0.0000846500   -0.0001015600    0.0001186400
  -0.0006063600   -0.0003586500   -0.0000221200
   0.0069977600   -0.0131697900    0.0005302400
   0.0000226900    0.0000217100   -0.0000037300
  -0.0000139000    0.0000197400    0.0000020700
   0.0000341500    0.0000295300    0.0001997200
  -0.0000273000   -0.0000056300    0.0000141800
   0.0006549000    0.0004403400   -0.0001963400
  -0.0000698100    0.0000199100   -0.0001980400
  -0.0000037800    0.0000137500   -0.0000001600
  -0.0000543900    0.0000471700   -0.0000407200
  -0.0022291000   -0.0024300700    0.0018646900
  -0.0000269500    0.0000568400   -0.0000051600
  -0.0000205500    0.0000709700    0.0000206600
  -0.0000086500    0.0000115000    0.0000009300
  -0.0000064900    0.0000215300   -0.0000260200
  -0.0022647300    0.0038439400    0.0003171000
   0.0032810700    0.0008291800   -0.0018482400
  -0.0000097500    0.0000027200    0.0000229800
   0.0377054500   -0.0303848700    0.0321532000
   0.0009625700   -0.0000754300   -0.0004189200
   0.0000631300   -0.0000072000   -0.0000096100
   0.0001056800   -0.0000518400    0.0000420800
   0.0000072400    0.0001424700    0.0000494700
   0.0000163200    0.0000051900    0.0000198600
   0.0000883700   -0.0010217900   -0.0007879400
  -0.0000146900    0.0000138400    0.0000202400
  -0.0000309400   -0.0001064100   -0.0001320600
   0.0045837700   -0.0073686000    0.0010542700
  -0.0000115900    0.0000357900   -0.0000013500
   0.0000282100   -0.0000125700    0.0000040200
   0.0000225800   -0.0000441800   -0.0000027100
  -0.0000034900   -0.0000308400   -0.0000064500
  -0.0000080700   -0.0000315900   -0.0000033000
   0.0033415800   -0.0067616600   -0.0010502800
   0.0000308500   -0.0000090800    0.0000041600
  -0.0000540300    0.0000639800   -0.0000150900
   0.0019401100    0.0028875800    0.0021594000
  -0.0003984800    0.0009173600    0.0004210200
  -0.0000054400   -0.0000013100   -0.0000034500
  -0.0000266100   -0.0000054800   -0.0000011500
   0.0000405400   -0.0000940600    0.0001481600
   0.0000139700    0.0000078900    0.0000023000
   0.0000516300   -0.0000978300   -0.0000209600
   0.0000119000    0.0000156500   -0.0000043200
  -0.0000174000   -0.0000071800    0.0000204100
   0.0000640000   -0.0000992800    0.0000392600
  -0.0005605600    0.0009642100   -0.0004930600
  -0.0000185400   -0.0000112400    0.0000032500
   0.0000201700    0.0000138400    0.0000002500
  -0.0000223200   -0.0000081500    0.0000076500
  -0.0000017500    0.0000030900    0.0000017900
  -0.0028550000   -0.0002016700   -0.0018026400
   0.0000428600   -0.0000961100   -0.0001632900
   0.0000139900    0.0000205700   -0.0000128300
  -0.0607547500    0.1030177400   -0.0020831300
  -0.0000036800   -0.0000414100    0.0000429000
   0.0000703200    0.0000013100    0.0000717900
  -0.0000600200    0.0000196800    0.0000299400
   0.0000511100    0.0000043500   -0.0000376500
   0.0000050200   -0.0000076600   -0.0000014800
   0.0000272800    0.0000739900    0.0000179100
   0.0000045900   -0.0000078700    0.0000020100
  -0.0000148900   -0.0000340700   -0.0000449600
  -0.0013721600    0.0020341900    0.0002968100
  -0.0001173700    0.0000655500   -0.0000176400
   0.0001904600    0.0002309000   -0.0000156300
  -0.0001335900   -0.0001533900   -0.0000374200
   0.0000138000    0.0001126400    0.0000161500
   0.0000053700   -0.0000067700    0.0000005200
   0.0001707200    0.0000214000    0.0000540700
   0.0000025500   -0.0000031900   -0.0000013000
  -0.0002974200   -0.0000746300    0.0000301500
  -0.0002033400    0.0001623100   -0.0000193600
  -0.0026723700   -0.0029685800    0.0007551200
   0.0000009500   -0.0000106800    0.0000048600
   0.0000146300   -0.0000399800    0.0000028100
   0.0000010900   -0.0000365700   -0.0000048800
  -0.0000027600   -0.0000167100   -0.0000209100
  -0.0017512900   -0.0018282900   -0.0000995000
  -0.0002074000    0.0001260700    0.0001337700
   0.0000144100   -0.0000001900    0.0000144600
  -0.0005416200   -0.0022630000    0.0015413800
   0.0000453100   -0.0000316600   -0.0000201500
   0.0000212200    0.0000107700    0.0000037000
  -0.0000027800    0.0000096800    0.0000000200
   0.0000228300    0.0000106700    0.0000261100
  -0.0000259500   -0.0000136100   -0.0000010400
   0.0017512000   -0.0007171400   -0.0012234000
  -0.0000144200   -0.0000080500   -0.0000254000
   0.0000263400   -0.0000384000   -0.0000581800
   0.0031165200    0.0002432600    0.0002451400
   0.0037323100    0.0007489900   -0.0009074800
   0.0000147000   -0.0000048700    0.0000193700
   0.0000222200   -0.0000210100   -0.0000022500
   0.0000051800    0.0002639800   -0.0001009100
   0.0000080600   -0.0000048200   -0.0000054500
  -0.0000025200    0.0002207300    0.0000423600
   0.0000320300   -0.0000146900    0.0000036700
  -0.0000018100   -0.0000067900   -0.0000115700

64   
  0.0000000000000000   0.0000000000000000   0.0100000000000000
  -0.0003056000    0.0000960000    0.0006023700
   0.0000458300   -0.0001504400    0.0007868700
  -0.0000039700    0.0000235700    0.0000046800
  -0.0000279900   -0.0000592500   -0.0000014600
   0.0000041800    0.0000119900   -0.0000000400
   0.0000138600   -0.0000780800   -0.0000063100
  -0.0005427600    0.0326519000    0.0456527800
   0.0000833500   -0.0000632300   -0.0000326900
  -0.0000802700   -0.0000455800   -0.0000247000
   0.0000129700    0.0000443500    0.0007662000
  -0.0311310500   -0.0177223000    0.0468062500
   0.0000570100    0.0000482100   -0.0000034300
  -0.0000094300   -0.0000045600    0.0000034800
   0.0000360900    0.0001167800   -0.0000851800
   0.0000759900    0.0000148800   -0.0000243900
   0.0001207000   -0.0000905500    0.0007637200
   0.0001387300   -0.0000013400   -0.0000670700
  -0.0000100800   -0.0000096200   -0.0000074800
   0.0000134000   -0.0000326300    0.0000568200
  -0.0001185500   -0.0014454300    0.0027995000
  -0.0000392800   -0.0000264500    0.0000587800
  -0.0000169200    0.0000403300    0.0000853900
   0.0000146600    0.0000086800   -0.0000026800
  -0.0000033100    0.0000021800   -0.0000001700
   0.0013719700    0.0006653200    0.0022731000
  -0.0011361400    0.0003748400    0.0024261200
   0.0000019600   -0.0000047400    0.0000040400
   0.0315640900   -0.0184801400    0.0464132300
  -0.0000294100    0.0000201000    0.0008166000
  -0.0000641000    0.0000505200   -0.0000154000
  -0.0000651600   -0.0000013500   -0.0000334200
  -0.0000567600    0.0000857400   -0.0000547700
   0.0000122500   -0.0000083900    0.0000031000
  -0.0000509800   -0.0003590400    0.0006411500
   0.0000087800   -0.0000090500   -0.0000061400
  -0.0000967800    0.0000205000   -0.0000190800
  -0.0008116000    0.0014853500   -0.0032032200
  -0.0000797700   -0.0000416500    0.0000675800
   0.0000070700   -0.0000118200   -0.0000248200
   0.0000184000    0.0000071400    0.0000127400
  -0.0000044900    0.0000086000   -0.0000163200
  -0.0000125100    0.0000072400   -0.0000295800
   0.0006958100   -0.0013882900   -0.0034891700
   0.0000056000   -0.0000079100   -0.0000237000
   0.0000265600    0.0000082800    0.0000339900
   0.0018165200    0.0017862100    0.0003636200
  -0.0016708300    0.0016779400    0.0001382000
   0.0000011200    0.0000002000    0.0000096100
   0.0000178800    0.0000007700    0.0000124900
  -0.0000113000    0.0000217900   -0.0003803600
  -0.0000162400    0.0000008900    0.0000114300
  -0.0000274200    0.0001547300   -0.0003065400
  -0.0000026700    0.0000013000    0.0000089600
   0.0000027000    0.0000012900    0.0000072200
   0.0001047300   -0.0000325500   -0.0003312000
   0.0006346000   -0.0024093900    0.0003755400
  -0.0000072700   -0.0000168500    0.0000138400
   0.0000058500    0.0000173500    0.0000073500
  -0.0000056600   -0.0000025800    0.0000149400
  -0.0000003800    0.0000004200    0.0000121600
   0.0019754500    0.0006567200    0.0001903000
  -0.0000272300    0.0000242700   -0.0003827500
  -0.0000009800    0.0000009600    0.0000073700
  -0.0010053100    0.0030328200   -0.1465169600
   0.0000387200   -0.0000605100   -0.0003113000
  -0.0000191900   -0.0000616000   -0.0003112000
   0.0000724500    0.0000163300   -0.0002703400
  -0.0000268000    0.0000351700   -0.0003089400
   0.0000001100   -0.0000021300    0.0000035300
   0.0000970200    0.0000228200   -0.0002708100
  -0.0000010600    0.0000009900    0.0000035200
  -0.0000827600   -0.0000027900   -0.0003092400
  -0.0000077100    0.0003123800    0.0188656900
   0.0000216200   -0.0000447200    0.0000445600
  -0.0000436000   -0.0000464300    0.0000349200
   0.0000261100    0.0000498800    0.0000694700
  -0.0000122500    0.0000623200    0.0000277400
  -0.0000001200   -0.0000009900   -0.0000018600
   0.0000460700    0.0000133900    0.0000750800
  -0.0000015700   -0.0000007400   -0.0000003400
  -0.0000613500   -0.0000170400    0.0000204900
   0.0001347100   -0.0000106700    0.0000455000
   0.0007517400    0.0011581300   -0.0036176400
  -0.0000051100   -0.0000117100   -0.0000259000
   0.0000143100    0.0000065100   -0.0000348800
   0.0000048900    0.0000036300   -0.0000263700
  -0.0000207100    0.0000111000    0.0000089100
  -0.0000951100   -0.0011572800   -0.0037143700
  -0.0000198000    0.0000166800    0.0000475100
   0.0000031600   -0.0000057600   -0.0000353600
  -0.0005442700   -0.0024004400    0.0004616600
  -0.0001020700   -0.0000047700   -0.0003423800
   0.0000087400   -0.0000210600    0.0000149300
   0.0000027700    0.0000013100    0.0000114800
   0.0000032000   -0.0000042700    0.0000143300
  -0.0000071200    0.0000213000    0.0000082000
  -0.0017575400    0.0006783600    0.0000673000
  -0.0000032800   -0.0000002500    0.0000105700
  -0.0000141900    0.0000202300   -0.0003927200
  -0.0011533600    0.0004610400   -0.0033545300
   0.0012645200    0.0002610900   -0.0036368900
   0.0000013700   -0.0000202400    0.0000071400
   0.0000132500   -0.0000032400   -0.0000258300
   0.0000115600   -0.0000175100    0.0000281000
  -0.0000116900   -0.0000032300   -0.0000242900
   0.0000536200    0.0000637400    0.0000349100
   0.0000063800    0.0000055100   -0.0000239100
  -0.0000016100    0.0000084400   -0.0000289900

64   
  0.0000000000000000   0.0000000000000000  -0.0100000000000000
   0.0002900900   -0.0000516300   -0.0006109100
  -0.0000309400    0.0001907300   -0.0007953600
   0.0000039200   -0.0000248000   -0.0000051500
   0.0000276600    0.0000601300   -0.0000016500
  -0.0000041400   -0.0000121700   -0.0000000900
  -0.0000131500    0.0000794800    0.0000039100
   0.0005284000   -0.0337745500   -0.0464901300
  -0.0000841400    0.0000677900    0.0000313500
   0.0000803200    0.0000497500    0.0000239100
  -0.0000566700   -0.0000489400   -0.0007698100
   0.0322448400    0.0183799600   -0.0477149800
  -0.0000589900   -0.0000477200    0.0000015900
   0.0000101300    0.0000050000   -0.0000040600
  -0.0000409600   -0.0001190700    0.0000851000
  -0.0000767100   -0.0000165500    0.0000225900
  -0.0001454500    0.0000589400   -0.0007693500
  -0.0001423400   -0.0000021800    0.0000668000
   0.0000100200    0.0000096700    0.0000072600
  -0.0000135700    0.0000330700   -0.0000605400
   0.0001156900    0.0014131600   -0.0027982000
   0.0000396000    0.0000270300   -0.0000617100
   0.0000169800   -0.0000406700   -0.0000893900
  -0.0000150800   -0.0000088500    0.0000021300
   0.0000036600   -0.0000024500   -0.0000004000
  -0.0013451000   -0.0006537300   -0.0022734100
   0.0011085900   -0.0003660300   -0.0024243800
  -0.0000020400    0.0000050400   -0.0000046100
  -0.0326847100    0.0191243900   -0.0473121900
   0.0000708700   -0.0000254900   -0.0008201700
   0.0000661800   -0.0000500600    0.0000134800
   0.0000657900    0.0000000700    0.0000308500
   0.0000610100   -0.0000882000    0.0000547700
  -0.0000130600    0.0000088600   -0.0000035100
   0.0000779700    0.0003274200   -0.0006465700
  -0.0000087300    0.0000091400    0.0000060500
   0.0000997100   -0.0000236000    0.0000195600
   0.0008217800   -0.0015223600    0.0032273200
   0.0000768300    0.0000386400   -0.0000680600
  -0.0000067400    0.0000120600    0.0000259200
  -0.0000185800   -0.0000073100   -0.0000119100
   0.0000041300   -0.0000090300    0.0000165900
   0.0000129300   -0.0000071700    0.0000307900
  -0.0007102600    0.0014085900    0.0035235000
  -0.0000060700    0.0000078400    0.0000241300
  -0.0000240900   -0.0000070600   -0.0000295800
  -0.0018018300   -0.0017719400   -0.0003686000
   0.0016553100   -0.0016644100   -0.0001430600
  -0.0000011500   -0.0000005700   -0.0000093500
  -0.0000182900   -0.0000004800   -0.0000120300
   0.0000115500   -0.0000163600    0.0003805300
   0.0000165700   -0.0000006000   -0.0000111000
   0.0000255400   -0.0001566500    0.0003103000
   0.0000025500   -0.0000010100   -0.0000088800
  -0.0000027900   -0.0000010700   -0.0000071400
  -0.0001058600    0.0000309700    0.0003349400
  -0.0006264700    0.0023876600   -0.0003802600
   0.0000077400    0.0000170000   -0.0000136700
  -0.0000058000   -0.0000180000   -0.0000069800
   0.0000058800    0.0000023900   -0.0000149700
   0.0000001800   -0.0000003600   -0.0000119300
  -0.0019556400   -0.0006528300   -0.0001938900
   0.0000322600   -0.0000270900    0.0003822500
   0.0000010700   -0.0000011400   -0.0000072800
   0.0010296300   -0.0031718700    0.1494046000
  -0.0000419000    0.0000602900    0.0003164700
   0.0000225500    0.0000612000    0.0003165600
  -0.0000697400   -0.0000208200    0.0002765100
   0.0000247300   -0.0000375400    0.0003148000
  -0.0000001000    0.0000021600   -0.0000031000
  -0.0001001200   -0.0000181100    0.0002761000
   0.0000010700   -0.0000010600   -0.0000030900
   0.0000843200    0.0000060300    0.0003145100
   0.0000076100   -0.0003212000   -0.0192597100
  -0.0000222900    0.0000442000   -0.0000469100
   0.0000445400    0.0000457800   -0.0000373200
  -0.0000250600   -0.0000498700   -0.0000717600
   0.0000115200   -0.0000630300   -0.0000300100
   0.0000001800    0.0000010000    0.0000021200
  -0.0000453700   -0.0000121900   -0.0000767900
   0.0000015800    0.0000006900    0.0000006200
   0.0000616700    0.0000186300   -0.0000222700
  -0.0001303700    0.0000068600   -0.0000453900
  -0.0007541000   -0.0011833200    0.0036485100
   0.0000048100    0.0000118800    0.0000269300
  -0.0000146700   -0.0000063600    0.0000361300
  -0.0000045800   -0.0000040700    0.0000264600
   0.0000208600   -0.0000112900   -0.0000080700
   0.0001045800    0.0011617500    0.0037493700
   0.0000174600   -0.0000156200   -0.0000433000
  -0.0000026000    0.0000056000    0.0000356700
   0.0005354500    0.0023809700   -0.0004665900
   0.0001022100    0.0000043900    0.0003463500
  -0.0000091700    0.0000213300   -0.0000146400
  -0.0000025800   -0.0000011900   -0.0000111200
  -0.0000034100    0.0000042100   -0.0000142700
   0.0000071600   -0.0000219100   -0.0000078300
   0.0017393200   -0.0006750300   -0.0000709100
   0.0000031600    0.0000001200   -0.0000103600
   0.0000100600   -0.0000226700    0.0003930300
   0.0011723600   -0.0004506400    0.0033814700
  -0.0012842300   -0.0002529400    0.0036672900
  -0.0000013700    0.0000203600   -0.0000064400
  -0.0000131900    0.0000030100    0.0000268500
  -0.0000117300    0.0000158400   -0.0000241100
   0.0000116400    0.0000029900    0.0000252300
  -0.0000533800   -0.0000583500   -0.0000348900
  -0.0000067300   -0.0000050800    0.0000238900
   0.0000018200   -0.0000078600    0.0000290600

91   
  0.0100000000000000   0.0000000000000000   0.0000000000000000
   0.0420524400   -0.0151317400   -0.0300420200
   0.0007669300    0.0002605800    0.0002634500
   0.0000288400   -0.0000136400    0.0000027000
   0.0000114600   -0.0000259600    0.0000114600
   0.0001684700    0.0000667800    0.0000952500
  -0.0000017100   -0.0000154800   -0.0000164200
   0.0005671900   -0.0008978500    0.0003177200
  -0.0000366500    0.0000057100   -0.0000228100
  -0.0000989800   -0.0002001300    0.0000046100
   0.0008500500    0.0031903700   -0.0018628600
   0.0010290600   -0.0032099700    0.0018877400
  -0.0000170100   -0.0000012000    0.0000007300
  -0.0000932400    0.0000151700    0.0000162300
  -0.0043737000    0.0000432600    0.0002977200
  -0.0000950600   -0.0000260000   -0.0000426200
  -0.0000711500    0.0000062000   -0.0000033200
  -0.0000202900   -0.0000008600   -0.0000249600
  -0.0000078900   -0.0000007100    0.0000197500
   0.0007568500   -0.0003390700   -0.0005810500
   0.0464746500    0.0178945400    0.0332264000
   0.0000960100    0.0000248400    0.0000082800
   0.0000044600    0.0000112900    0.0000190900
   0.0001221400   -0.0001033800   -0.0001164000
   0.0000249300    0.0000749000   -0.0000103000
   0.0004689600    0.0009161000   -0.0003520600
  -0.0000806400    0.0001101000    0.0000380000
  -0.0000209300   -0.0000081700    0.0000199300
   0.0153885500   -0.0004444100    0.0005456500
   0.0000458400    0.0000643000    0.0001684400
   0.0000225600   -0.0000793300   -0.0001647600
   0.0000432700    0.0005117700   -0.0002282400
   0.0000985700   -0.0004245400    0.0000406700
  -0.0000188200   -0.0000005800    0.0000000700
  -0.0000293000   -0.0000221200    0.0000252800
  -0.0000141800    0.0000030000   -0.0000009200
  -0.0000251400    0.0000293300   -0.0000157100
  -0.0020591700   -0.0001452400    0.0002022900
   0.0000458000   -0.0002005100   -0.0000064400
   0.0000452200    0.0001691300    0.0000258100
  -0.0000964400   -0.0002527000    0.0000428600
  -0.0001229400    0.0002292700   -0.0000410900
   0.0000066600    0.0000007200    0.0000003800
  -0.0000700400    0.0000684400    0.0000303400
   0.0000090900    0.0000018400   -0.0000006600
  -0.0000888800   -0.0000662200   -0.0000375200
   0.0012492400    0.0038123600   -0.0008815400
  -0.0002137600    0.0001259100   -0.0000613100
   0.0000217300    0.0000136100    0.0000036800
  -0.0001496500    0.0001064900    0.0000483100
   0.0012561600    0.0031113600    0.0004890700
   0.0000198000    0.0000092900   -0.0000005700
   0.0000090600    0.0000029100   -0.0000028900
   0.0000011400   -0.0000055300   -0.0000078600
   0.0000197800    0.0000004800    0.0000227500
   0.0059857900   -0.0005613300   -0.0011122400
   0.0076492700    0.0003684100    0.0013344100
   0.0000259300   -0.0000035000   -0.0000022600
   0.0000238000   -0.0000124000   -0.0000007100
  -0.0000505700   -0.0000252300   -0.0000053100
   0.0000260200    0.0000096500    0.0000010000
  -0.0000007800    0.0000150600   -0.0000073600
   0.0000190300   -0.0000080900   -0.0000099900
   0.0000170400    0.0000107200    0.0000095400
  -0.0012394800   -0.0000960300   -0.0005488500
   0.0000011800   -0.0000241200    0.0000088700
   0.0000835500   -0.0000045200   -0.0000989300
  -0.0010367800   -0.0026018300   -0.0017349300
   0.0000742800    0.0000143700   -0.0000103300
   0.0000021100    0.0000171300   -0.0000032000
  -0.0000025300    0.0000015500    0.0000027400
  -0.0000080900    0.0000247600   -0.0000072700
   0.0000001500   -0.0000261900    0.0000032900
   0.0012452800   -0.0039725400    0.0006763000
   0.0000249900   -0.0000114300   -0.0000049500
  -0.0001960500   -0.0000975300    0.0000894000
   0.0005883200   -0.0026203100   -0.0003355200
  -0.0002018700   -0.0000934800   -0.0000270400
   0.0000267100   -0.0000067500    0.0000021000
   0.0000223800    0.0000006800   -0.0000234200
   0.0000025500    0.0000103000    0.0000118600
   0.0000098900   -0.0000036800    0.0000021200
   0.0014959700    0.0013422400   -0.0014551500
   0.0016897500   -0.0017192400    0.0018073400
  -0.0000099600    0.0000010200    0.0000003400
  -0.0000000200   -0.0000265800   -0.0000015400
   0.0000500800   -0.0000004400   -0.0000446300
   0.0000019100    0.0000235700    0.0000051600
   0.0000464400    0.0000225800   -0.0000240400
   0.0000010400    0.0000228500    0.0000227500
  -0.0000009900   -0.0000130100   -0.0000223200
  -0.1180118100   -0.0028140100   -0.0046946300
  -0.0000218200   -0.0000272400    0.0000512500
  -0.0000208300    0.0000470400    0.0000039800
   0.0000167500   -0.0000038100   -0.0000271900
   0.0000269400    0.0000440000    0.0000559700
   0.0000044700    0.0000003900   -0.0000013400
   0.0000169300    0.0000700000   -0.0000347200
   0.0000045000    0.0000001600    0.0000015400
   0.0000271500   -0.0000393500    0.0000357300
  -0.0010774200    0.0002130400    0.0004340000
   0.0000827900   -0.0000199600    0.0001066100
  -0.0000000800    0.0000207500   -0.0000064300
   0.0000834100   -0.0000219300    0.0000424400
  -0.0013898500    0.0033377100    0.0021691000
  -0.0000051500   -0.0000196300    0.0000036500
   0.0000000800    0.0000192400    0.0000018500
  -0.0000007300   -0.0000202700    0.0000152900
  -0.0000009600   -0.0000075800   -0.0000047100

91   
 -0.0100000000000000   0.0000000000000000   0.0000000000000000
  -0.0430212400    0.0156390800    0.0310906900
  -0.0007272500   -0.0002537600   -0.0002664000
  -0.0000308900    0.0000159100   -0.0000033700
  -0.0000134600    0.0000262500   -0.0000125500
  -0.0001716900   -0.0000645600   -0.0000958600
   0.0000018100    0.0000150900    0.0000160000
  -0.0005550800    0.0008929700   -0.0003080500
   0.0000365000   -0.0000055600    0.0000225700
   0.0000989100    0.0002012900   -0.0000037500
  -0.0008861000   -0.0032387700    0.0018732300
  -0.0009920600    0.0031634100   -0.0018772900
   0.0000169700    0.0000011400   -0.0000011700
   0.0000948300   -0.0000157400   -0.0000182400
   0.0043808700   -0.0000059700   -0.0003057700
   0.0000943600    0.0000255400    0.0000408300
   0.0000713400   -0.0000071900    0.0000038900
   0.0000203600    0.0000011400    0.0000245000
   0.0000076100    0.0000009300   -0.0000202000
  -0.0007928200    0.0003476700    0.0005818000
  -0.0454384700   -0.0173055200   -0.0320385700
  -0.0000930800   -0.0000225700   -0.0000082000
  -0.0000045400   -0.0000112900   -0.0000194600
  -0.0001190300    0.0001038600    0.0001160400
  -0.0000233300   -0.0000739000    0.0000096300
  -0.0004822900   -0.0009220400    0.0003627000
   0.0000803300   -0.0001088900   -0.0000369300
   0.0000212100    0.0000082000   -0.0000200700
  -0.0153925100    0.0006402800   -0.0006242300
  -0.0000456100   -0.0000659000   -0.0001667700
  -0.0000217000    0.0000772900    0.0001659100
  -0.0000494700   -0.0005149500    0.0002314700
  -0.0000906500    0.0004205200   -0.0000373000
   0.0000187000    0.0000007600   -0.0000005000
   0.0000293500    0.0000210700   -0.0000250100
   0.0000142200   -0.0000028700    0.0000006500
   0.0000248600   -0.0000305800    0.0000160600
   0.0020607500    0.0001403700   -0.0002568900
  -0.0000458200    0.0001982200    0.0000068400
  -0.0000451600   -0.0001710300   -0.0000256500
   0.0000982200    0.0002535700   -0.0000426800
   0.0001212600   -0.0002291000    0.0000415900
  -0.0000067000   -0.0000005400   -0.0000003700
   0.0000683300   -0.0000686500   -0.0000311300
  -0.0000090900   -0.0000019400    0.0000007000
   0.0000907300    0.0000658300    0.0000365400
  -0.0012364300   -0.0038281300    0.0008794100
   0.0002121600   -0.0001229200    0.0000601200
  -0.0000221300   -0.0000139000   -0.0000038300
   0.0001546200   -0.0001078500   -0.0000461700
  -0.0012592800   -0.0030845100   -0.0004899700
  -0.0000194300   -0.0000093100    0.0000008200
  -0.0000089500   -0.0000028800    0.0000026900
  -0.0000012400    0.0000058800    0.0000077800
  -0.0000199700   -0.0000002900   -0.0000225100
  -0.0061512900    0.0005678600    0.0011414400
  -0.0074570100   -0.0003648600   -0.0013088200
  -0.0000260400    0.0000028500    0.0000025300
  -0.0000240000    0.0000128800    0.0000010100
   0.0000505600    0.0000269500    0.0000064400
  -0.0000258400   -0.0000093400   -0.0000007400
   0.0000004800   -0.0000125000    0.0000055900
  -0.0000190300    0.0000080800    0.0000103500
  -0.0000170200   -0.0000107200   -0.0000091900
   0.0012285900    0.0000947100    0.0005307300
  -0.0000013300    0.0000239100   -0.0000090500
  -0.0000846200    0.0000034400    0.0001054500
   0.0010663100    0.0026751000    0.0017623400
  -0.0000776900   -0.0000135600    0.0000139000
  -0.0000019800   -0.0000178900    0.0000032300
   0.0000026800   -0.0000015600   -0.0000026300
   0.0000081900   -0.0000250100    0.0000070100
  -0.0000001300    0.0000268600   -0.0000033100
  -0.0012606700    0.0039563200   -0.0006809000
  -0.0000245200    0.0000111100    0.0000047800
   0.0001978400    0.0001004700   -0.0000910200
  -0.0005828600    0.0026461100    0.0003415200
   0.0001951600    0.0000923700    0.0000291700
  -0.0000273900    0.0000066300   -0.0000018600
  -0.0000221500   -0.0000004700    0.0000237100
  -0.0000025200   -0.0000100500   -0.0000119000
  -0.0000100400    0.0000037000   -0.0000023500
  -0.0014967300   -0.0013261200    0.0014656200
  -0.0016890400    0.0017334300   -0.0017939500
   0.0000097900   -0.0000009300   -0.0000001800
   0.0000002600    0.0000271500    0.0000013500
  -0.0000499400   -0.0000013300    0.0000495900
  -0.0000021800   -0.0000230100   -0.0000054800
  -0.0000464400   -0.0000223400    0.0000252400
  -0.0000012300   -0.0000224200   -0.0000229000
   0.0000012100    0.0000133300    0.0000222400
   0.1179069600    0.0013610700    0.0024153300
   0.0000203400    0.0000271500   -0.0000454000
   0.0000213200   -0.0000477600    0.0000017600
  -0.0000175800    0.0000064900    0.0000295200
  -0.0000266800   -0.0000417600   -0.0000535100
  -0.0000045000   -0.0000001300    0.0000015200
  -0.0000173900   -0.0000688800    0.0000343100
  -0.0000044600   -0.0000003600   -0.0000015500
  -0.0000264500    0.0000407400   -0.0000358600
   0.0010910200   -0.0002162100   -0.0004531400
  -0.0000809800    0.0000190000   -0.0001007400
   0.0000001500   -0.0000208700    0.0000063400
  -0.0000798800    0.0000225200   -0.0000383100
   0.0013595300   -0.0032550000   -0.0021364900
   0.0000049300    0.0000189000   -0.0000037700
  -0.0000001200   -0.0000187400   -0.0000018400
   0.0000006600    0.0000201000   -0.0000154800
   0.0000008600    0.0000074200    0.0000047500

91   
  0.0000000000000000   0.0000000000000000   0.0100000000000000
  -0.0296480200    0.0171173000    0.0474094100
   0.0003744200    0.0000263400    0.0007931200
   0.0000763000   -0.0000544400    0.0000120500
   0.0000852900   -0.0000388500    0.0000120600
   0.0000433800   -0.0001527800   -0.0000011200
  -0.0000258900    0.0000149400    0.0000130800
   0.0001643900   -0.0003374300    0.0007931300
  -0.0000090900    0.0000052500    0.0000037300
   0.0001540100    0.0000388300   -0.0000011400
  -0.0010500100   -0.0006716100    0.0023730100
   0.0012903700   -0.0007449900    0.0027567400
   0.0000016000    0.0000102000    0.0000028000
  -0.0000727500    0.0000420100    0.0000871000
   0.0000566100    0.0012451500    0.0023730300
   0.0000539900    0.0000293700    0.0000614300
   0.0000015300   -0.0000614200    0.0000614400
  -0.0000080500   -0.0000065000    0.0000028100
   0.0000082300   -0.0000047800    0.0000064700
  -0.0001731600    0.0000238400    0.0008119800
   0.0332318500    0.0192718500    0.0482596500
  -0.0000798400   -0.0000553200   -0.0000275600
   0.0000146500    0.0000078800    0.0000102800
  -0.0001105700   -0.0001120700   -0.0000110200
  -0.0000843400   -0.0000545200   -0.0000042100
  -0.0000123100   -0.0003139700    0.0008201800
  -0.0001466300   -0.0000163400   -0.0000340800
   0.0000144000    0.0000028800   -0.0000034800
  -0.0000739900   -0.0384155700    0.0482596400
  -0.0000591800    0.0001351700   -0.0000340800
   0.0000417700    0.0001518100   -0.0000110200
  -0.0001072300    0.0001380300    0.0008119800
   0.0002657400    0.0001676500    0.0008201700
   0.0000004700   -0.0000166300    0.0000102800
   0.0000079900    0.0000967800   -0.0000275700
   0.0000047000   -0.0000138900   -0.0000034700
   0.0000050500    0.0001002900   -0.0000042100
  -0.0002092500    0.0001208100    0.0153450600
  -0.0000809000    0.0000053000    0.0000422000
   0.0000640600    0.0000067900    0.0000375700
   0.0000261500   -0.0000588700    0.0000375800
  -0.0000253000   -0.0000518700    0.0000608200
   0.0000017900   -0.0000010300   -0.0000005600
  -0.0000450400    0.0000674100    0.0000421900
  -0.0000014500    0.0000008400    0.0000019200
   0.0000322900    0.0000478400    0.0000608400
   0.0005593600    0.0014067600   -0.0036499000
   0.0000138900   -0.0000080200   -0.0000102600
   0.0000017300    0.0000065000   -0.0000262500
  -0.0000494400    0.0000285500    0.0000295200
  -0.0009386200   -0.0011878200   -0.0036499100
   0.0000077200    0.0000029100   -0.0000243500
   0.0000013400   -0.0000081500   -0.0000243500
  -0.0000047800   -0.0000047400   -0.0000262600
   0.0000193500   -0.0000111600    0.0000030300
   0.0013279200   -0.0002885000   -0.0040167600
  -0.0015769400   -0.0000129700   -0.0036288500
   0.0000024300    0.0000258000    0.0000043600
  -0.0000076100   -0.0000093000   -0.0000336900
   0.0000094600    0.0000280500    0.0000092100
   0.0000074400    0.0000001400   -0.0000264700
  -0.0000029700   -0.0001058100    0.0000502700
  -0.0000054000    0.0000012300   -0.0000286000
   0.0000057900   -0.0000002000   -0.0000354500
   0.0020634700   -0.0005863200    0.0004682800
  -0.0000007700   -0.0000045400    0.0000149200
  -0.0000463900   -0.0000038700   -0.0003443200
   0.0003652900    0.0016086000    0.0000726700
   0.0000384800    0.0000867400   -0.0003946400
  -0.0000130700    0.0000222200    0.0000104300
  -0.0000019200   -0.0000010700    0.0000113200
  -0.0000006200    0.0000010300    0.0000080900
   0.0000190400   -0.0000193900    0.0000142800
  -0.0007772200    0.0013721600   -0.0036289000
  -0.0000037800    0.0000040500   -0.0000285900
  -0.0000195600   -0.0000222000    0.0000092100
   0.0009138300   -0.0010057600   -0.0040167100
   0.0000901600    0.0000554800    0.0000502700
   0.0000042500    0.0000112400   -0.0000336900
  -0.0000211700   -0.0000150200    0.0000043600
   0.0000030700   -0.0000049200   -0.0000354500
   0.0000035900   -0.0000065200   -0.0000264600
  -0.0012104500   -0.0011206600    0.0000726700
   0.0015395000   -0.0014938600    0.0004682900
  -0.0000000300    0.0000022000    0.0000113200
  -0.0000257800    0.0000002100    0.0000104400
  -0.0000198300    0.0000421200   -0.0003443300
   0.0000263100   -0.0000067900    0.0000142800
  -0.0000558900   -0.0000766800   -0.0003946400
   0.0000035500    0.0000029300    0.0000149200
  -0.0000012200    0.0000000300    0.0000081000
  -0.0036170700    0.0020882500   -0.1464161300
  -0.0000004400    0.0000330200   -0.0003873000
   0.0000500700    0.0000676500   -0.0003868700
  -0.0000335300   -0.0000771800   -0.0003868900
   0.0000348100   -0.0000439100   -0.0003929500
   0.0000015600   -0.0000009000   -0.0000027200
  -0.0000287900   -0.0000161100   -0.0003873000
  -0.0000014200    0.0000008300   -0.0000027000
   0.0000554400   -0.0000081900   -0.0003929600
  -0.0019963400   -0.0005038400    0.0002243200
  -0.0000154900    0.0000089500   -0.0003482000
  -0.0000029400   -0.0000016600    0.0000081900
  -0.0001181600    0.0000682100   -0.0003590000
  -0.0005618400    0.0019808000    0.0002243200
   0.0000075100    0.0000207700    0.0000130900
  -0.0000142200   -0.0000168900    0.0000130900
  -0.0000000300    0.0000033800    0.0000081900
  -0.0000006400    0.0000003700    0.0000101600

91   
  0.0000000000000000   0.0000000000000000  -0.0100000000000000
   0.0286876400   -0.0165628000   -0.0466296800
  -0.0003246900   -0.0000312400   -0.0007868900
  -0.0000740000    0.0000542700   -0.0000096600
  -0.0000840100    0.0000369500   -0.0000096500
  -0.0000396400    0.0001498400    0.0000020800
   0.0000249400   -0.0000144000   -0.0000126000
  -0.0001353000    0.0002968000   -0.0007868800
   0.0000088900   -0.0000051400   -0.0000036400
  -0.0001495900   -0.0000405900    0.0000020600
   0.0010736400    0.0006897300   -0.0023746600
  -0.0013197100    0.0007619200   -0.0027582300
  -0.0000015500   -0.0000096600   -0.0000023000
   0.0000720600   -0.0000416000   -0.0000835900
  -0.0000605100   -0.0012746700   -0.0023746600
  -0.0000531800   -0.0000292500   -0.0000581700
  -0.0000012700    0.0000607100   -0.0000581700
   0.0000075800    0.0000061500   -0.0000023100
  -0.0000078900    0.0000045600   -0.0000060000
   0.0001313600   -0.0000280500   -0.0008093600
  -0.0321358200   -0.0186550600   -0.0474352500
   0.0000772100    0.0000554200    0.0000294800
  -0.0000139500   -0.0000075800   -0.0000097400
   0.0001063800    0.0001102000    0.0000109400
   0.0000832700    0.0000518700    0.0000061100
  -0.0000138500    0.0002733900   -0.0008191000
   0.0001423200    0.0000136100    0.0000338600
  -0.0000141400   -0.0000029200    0.0000036000
   0.0000878600    0.0371579600   -0.0474352600
   0.0000593800   -0.0001300600    0.0000338700
  -0.0000422500   -0.0001472100    0.0000109500
   0.0000899900   -0.0000997400   -0.0008093500
  -0.0002437000   -0.0001246700   -0.0008191200
  -0.0000004400    0.0000158500   -0.0000097600
  -0.0000093800   -0.0000945700    0.0000294800
  -0.0000045400    0.0000137200    0.0000036200
  -0.0000032800   -0.0000980600    0.0000061200
   0.0002037300   -0.0001176300   -0.0150117000
   0.0000797400   -0.0000055700   -0.0000387800
  -0.0000627000   -0.0000071900   -0.0000345900
  -0.0000251200    0.0000579000   -0.0000345900
   0.0000245000    0.0000511600   -0.0000572600
  -0.0000017700    0.0000010300    0.0000004800
   0.0000446800   -0.0000662800   -0.0000388000
   0.0000014400   -0.0000008200   -0.0000019500
  -0.0000320500   -0.0000468000   -0.0000572400
  -0.0005416900   -0.0013967900    0.0036239900
  -0.0000153700    0.0000088800    0.0000062400
  -0.0000011400   -0.0000064700    0.0000262500
   0.0000527700   -0.0000304700   -0.0000290700
   0.0009388100    0.0011675000    0.0036239900
  -0.0000078300   -0.0000029700    0.0000235400
  -0.0000013400    0.0000082700    0.0000235400
   0.0000050200    0.0000042200    0.0000262500
  -0.0000193200    0.0000111700   -0.0000037900
  -0.0013207500    0.0002932600    0.0039821700
   0.0015561000    0.0000255500    0.0036022100
  -0.0000025000   -0.0000257000   -0.0000052200
   0.0000075500    0.0000090300    0.0000326700
  -0.0000094300   -0.0000304800   -0.0000134600
  -0.0000074900   -0.0000003400    0.0000255800
   0.0000015200    0.0001100000   -0.0000496600
   0.0000052100   -0.0000007300    0.0000285300
  -0.0000055700    0.0000006000    0.0000352900
  -0.0020906100    0.0005899500   -0.0004600900
   0.0000006300    0.0000044100   -0.0000147300
   0.0000421200    0.0000014800    0.0003443000
  -0.0003719500   -0.0016308900   -0.0000656800
  -0.0000393300   -0.0000866700    0.0003910300
   0.0000125600   -0.0000217600   -0.0000105900
   0.0000020600    0.0000012000   -0.0000113600
   0.0000004700   -0.0000010300   -0.0000080200
  -0.0000188900    0.0000188400   -0.0000144000
   0.0007559000   -0.0013604200    0.0036022500
   0.0000032200   -0.0000041500    0.0000285300
   0.0000216900    0.0000234200   -0.0000134600
  -0.0009143800    0.0009971600    0.0039821300
  -0.0000945000   -0.0000563000   -0.0000496700
  -0.0000040400   -0.0000110600    0.0000326700
   0.0000210500    0.0000150400   -0.0000052300
  -0.0000033100    0.0000045200    0.0000352900
  -0.0000034600    0.0000066600    0.0000255900
   0.0012264100    0.0011375500   -0.0000656800
  -0.0015562300    0.0015155500   -0.0004600900
   0.0000000100   -0.0000023800   -0.0000113700
   0.0000251200    0.0000000000   -0.0000105900
   0.0000197900   -0.0000372100    0.0003443000
  -0.0000257600    0.0000069400   -0.0000144100
   0.0000554000    0.0000774000    0.0003910200
  -0.0000035100   -0.0000027600   -0.0000147300
   0.0000011200    0.0000001100   -0.0000080200
   0.0034934900   -0.0020169100    0.1437901000
  -0.0000027900   -0.0000338500    0.0003804100
  -0.0000466100   -0.0000679200    0.0003808800
   0.0000355000    0.0000743000    0.0003808500
  -0.0000367900    0.0000411600    0.0003867900
  -0.0000015300    0.0000008900    0.0000023300
   0.0000278700    0.0000193300    0.0003804300
   0.0000014200   -0.0000008200    0.0000023600
  -0.0000540400    0.0000112700    0.0003867800
   0.0020197100    0.0005104900   -0.0002164100
   0.0000196600   -0.0000113500    0.0003476300
   0.0000031000    0.0000015400   -0.0000081000
   0.0001171500   -0.0000676400    0.0003556100
   0.0005677600   -0.0020043700   -0.0002164200
  -0.0000070800   -0.0000204300   -0.0000133500
   0.0000141600    0.0000163500   -0.0000133600
   0.0000002100   -0.0000034500   -0.0000081000
   0.0000003600   -0.0000002000   -0.0000101800

100  
  0.0100000000000000   0.0000000000000000   0.0000000000000000
  -0.0043040900    0.0000743300   -0.0001794600
  -0.0000952200   -0.0000028900    0.0000324200
  -0.0000994500    0.0000153100   -0.0000285300
  -0.0000038000   -0.0000081800    0.0000223000
  -0.0000127200   -0.0000051800   -0.0000140700
  -0.0000754900   -0.0000005600   -0.0000069100
   0.0008439300   -0.0029591400   -0.0016716000
  -0.0000111100    0.0000017600   -0.0000005300
   0.0009577600    0.0030818800    0.0014466800
   0.0428494100   -0.0163304600    0.0301313500
   0.0004652300    0.0003389300   -0.0004376000
   0.0000724100   -0.0000067700    0.0000026000
   0.0000238300   -0.0000562500   -0.0000028800
   0.0000655600    0.0000850200   -0.0001178100
   0.0000029700   -0.0000125400    0.0000161100
   0.0005290600   -0.0010073300   -0.0002690900
  -0.0000117000    0.0000017100    0.0000209100
  -0.0000602200   -0.0001547600    0.0000606800
  -0.0000396500    0.0005747600    0.0002854300
   0.0000344500   -0.0005986900   -0.0003170200
  -0.0000221600    0.0000007600   -0.0000040100
  -0.0000010600   -0.0000222800   -0.0000199300
  -0.0000055900   -0.0000012500    0.0000005000
  -0.0000165000    0.0000265000    0.0000302800
   0.0148246400    0.0004195900    0.0000009400
  -0.0000350900    0.0000071300   -0.0001821300
   0.0000104100   -0.0000330700    0.0001622700
   0.0447710100    0.0171991600   -0.0324708700
   0.0000805500    0.0000124100   -0.0000129400
   0.0005203900   -0.0002615500    0.0005689800
   0.0000879300   -0.0001378500    0.0001244700
   0.0000499600    0.0000503900   -0.0000081100
  -0.0000006400    0.0000132200   -0.0000232400
  -0.0000690000    0.0001405100   -0.0000465800
  -0.0000112500   -0.0000050700   -0.0000215800
   0.0005664800    0.0012461900    0.0003346700
   0.0015786900    0.0038560800   -0.0002468400
   0.0000261900    0.0000095400    0.0000055700
  -0.0001793700    0.0001014800   -0.0000177100
   0.0000028600   -0.0000058600   -0.0000015800
   0.0000129600    0.0000151900   -0.0000152400
   0.0000002900    0.0000042500    0.0000086400
  -0.0001578800    0.0000642900    0.0000571900
   0.0000325100    0.0000110900   -0.0000079000
   0.0015408700    0.0042841000    0.0007837900
  -0.0022667100   -0.0000193000    0.0001044500
   0.0000709900   -0.0001898300    0.0000170500
   0.0000558000    0.0001523600   -0.0000293300
  -0.0000811900   -0.0002489400   -0.0000542200
  -0.0000846600    0.0002532200    0.0000548800
   0.0000050800    0.0000007400    0.0000010800
  -0.0000714500    0.0000901100   -0.0000121600
   0.0000024400   -0.0000005900   -0.0000000800
  -0.0000872200   -0.0000910000    0.0000177600
  -0.0011669600   -0.0033436800    0.0022300600
   0.0000891400    0.0000809700    0.0000108700
  -0.0000094900    0.0000163200    0.0000036400
  -0.0000026600    0.0000062800   -0.0000001300
  -0.0000057000    0.0000173000    0.0000115600
   0.0000036600   -0.0000205800    0.0000019500
  -0.0010832700   -0.0002410700    0.0005312300
  -0.0000097900   -0.0000140300   -0.0000038600
   0.0000894800    0.0000641000    0.0001682700
   0.0071201300    0.0004499900   -0.0011781800
   0.0000250800   -0.0000030500    0.0000012700
   0.0068627400   -0.0002899600    0.0012588000
   0.0000152100    0.0000121000    0.0000530800
   0.0000259400    0.0000170900   -0.0000019400
   0.0000260900   -0.0000212400    0.0000063600
   0.0000238200   -0.0000121900    0.0000130100
   0.0000250100    0.0000050600   -0.0000119100
   0.0000311400    0.0000122800    0.0000124000
   0.0017673100   -0.0018100900   -0.0017345900
  -0.0000108700    0.0000002000    0.0000002000
   0.0018185200    0.0017192300    0.0017350900
   0.0000329500   -0.0000237000   -0.0000114700
  -0.0000071800    0.0000180100    0.0000002300
  -0.0000033100   -0.0000093500    0.0000024000
  -0.0000087100    0.0000215200   -0.0000187800
  -0.0000087200   -0.0000160100    0.0000185200
   0.0000221100    0.0000055300    0.0000223800
   0.0012269400   -0.0030048200    0.0004138800
  -0.0002300000   -0.0001542800    0.0000192200
   0.0000282500   -0.0000042700   -0.0000014500
   0.0000115000   -0.0000046700    0.0000180400
   0.0000082300    0.0000081700   -0.0000032100
   0.0000048600    0.0000023100   -0.0000079700
   0.0013409200   -0.0037328400   -0.0009763900
   0.0000297300   -0.0000095400    0.0000093800
  -0.0001891800   -0.0001325400   -0.0000255900
  -0.0010985300    0.0035026200   -0.0020226400
  -0.0000001500   -0.0000202200   -0.0000031700
   0.0000838800   -0.0000191400   -0.0000196500
   0.0000001200   -0.0000164800   -0.0000141800
  -0.0000009400   -0.0000075400   -0.0000005700
  -0.0000007400    0.0000207100   -0.0000002600
   0.0000825500   -0.0000228500   -0.0001211100
  -0.0000049200    0.0000158800    0.0000072900
  -0.0013672700    0.0000467700   -0.0005573400
  -0.1179671200   -0.0030886000    0.0021670100
   0.0000268700   -0.0000191600   -0.0000345000
   0.0000269900    0.0000401000    0.0000090500
   0.0000140000   -0.0000250800    0.0000300700
   0.0000059300    0.0000296400   -0.0000415300
   0.0000023000    0.0000014900    0.0000005300
   0.0000142100    0.0000337400    0.0000069900
   0.0000022800    0.0000013300    0.0000007200
   0.0000061400   -0.0000544400   -0.0000441900

100  
 -0.0100000000000000   0.0000000000000000   0.0000000000000000
   0.0043019500   -0.0000369700    0.0001904800
   0.0000945300    0.0000018800   -0.0000305500
   0.0001004400   -0.0000162400    0.0000300800
   0.0000037800    0.0000084600   -0.0000218600
   0.0000122600    0.0000052700    0.0000144000
   0.0000754100   -0.0000005700    0.0000069400
  -0.0008045000    0.0029153200    0.0016667400
   0.0000108400   -0.0000015100    0.0000009600
  -0.0010047200   -0.0031274700   -0.0014495000
  -0.0438322700    0.0168788700   -0.0312627300
  -0.0004286400   -0.0003289400    0.0004374500
  -0.0000744800    0.0000086600   -0.0000027300
  -0.0000254800    0.0000565300    0.0000034100
  -0.0000688200   -0.0000847400    0.0001174700
  -0.0000030200    0.0000125000   -0.0000158500
  -0.0005169000    0.0009997300    0.0002608000
   0.0000113000   -0.0000019800   -0.0000208500
   0.0000607300    0.0001559200   -0.0000625300
   0.0000305600   -0.0005793800   -0.0002912500
  -0.0000226500    0.0005947100    0.0003082200
   0.0000219400   -0.0000004900    0.0000042400
   0.0000008900    0.0000215400    0.0000195200
   0.0000053900    0.0000011200   -0.0000003300
   0.0000159800   -0.0000273700   -0.0000308400
  -0.0148142700   -0.0002352100    0.0000796000
   0.0000335500   -0.0000090900    0.0001798500
  -0.0000091000    0.0000312400   -0.0001644800
  -0.0437579400   -0.0166409700    0.0312897000
  -0.0000787100   -0.0000105200    0.0000126700
  -0.0005568700    0.0002703100   -0.0005705300
  -0.0000852400    0.0001376800   -0.0001244800
  -0.0000486400   -0.0000502800    0.0000082700
   0.0000002900   -0.0000133200    0.0000235100
   0.0000681000   -0.0001394900    0.0000451200
   0.0000112800    0.0000048200    0.0000215700
  -0.0005796800   -0.0012556300   -0.0003461800
  -0.0015859000   -0.0038239900    0.0002530900
  -0.0000259700   -0.0000096000   -0.0000057600
   0.0001832900   -0.0001024200    0.0000165600
  -0.0000031300    0.0000060600    0.0000016400
  -0.0000132900   -0.0000149600    0.0000151700
  -0.0000003400   -0.0000041600   -0.0000085500
   0.0001560500   -0.0000624900   -0.0000558700
  -0.0000331000   -0.0000115500    0.0000082100
  -0.0015262700   -0.0043011100   -0.0007757800
   0.0022664000    0.0000201600   -0.0000206500
  -0.0000712600    0.0001873900   -0.0000167700
  -0.0000555300   -0.0001543100    0.0000297000
   0.0000821500    0.0002503800    0.0000543300
   0.0000832200   -0.0002516900   -0.0000544900
  -0.0000052600   -0.0000007900   -0.0000012300
   0.0000699600   -0.0000905600    0.0000127700
  -0.0000026400    0.0000005400   -0.0000001100
   0.0000886600    0.0000906400   -0.0000166800
   0.0011947400    0.0034205800   -0.0022625400
  -0.0000937400   -0.0000795400   -0.0000146600
   0.0000094700   -0.0000169400   -0.0000038200
   0.0000025300   -0.0000064000    0.0000000100
   0.0000055200   -0.0000175700   -0.0000112500
  -0.0000037600    0.0000210100   -0.0000021100
   0.0010659200    0.0002407000   -0.0005116700
   0.0000093500    0.0000138100    0.0000039800
  -0.0000917300   -0.0000670500   -0.0001764600
  -0.0069373100   -0.0004455500    0.0011485000
  -0.0000253000    0.0000022800   -0.0000015200
  -0.0070471000    0.0002921800   -0.0012906900
  -0.0000147900   -0.0000106800   -0.0000538300
  -0.0000259600   -0.0000166100    0.0000015800
  -0.0000264500    0.0000217500   -0.0000066600
  -0.0000239700    0.0000121500   -0.0000133300
  -0.0000252000   -0.0000050300    0.0000114900
  -0.0000316600   -0.0000097500   -0.0000108000
  -0.0017659100    0.0018238900    0.0017220000
   0.0000107200   -0.0000001300   -0.0000003500
  -0.0018202500   -0.0017050100   -0.0017480200
  -0.0000328700    0.0000227200    0.0000059300
   0.0000067900   -0.0000175700   -0.0000000400
   0.0000032500    0.0000096800   -0.0000023200
   0.0000082900   -0.0000211400    0.0000187300
   0.0000088300    0.0000163600   -0.0000183900
  -0.0000222300   -0.0000044500   -0.0000233200
  -0.0012210600    0.0030307000   -0.0004155700
   0.0002235400    0.0001524400   -0.0000212200
  -0.0000288700    0.0000040600    0.0000012700
  -0.0000115100    0.0000048300   -0.0000182900
  -0.0000083100   -0.0000078300    0.0000031100
  -0.0000051200   -0.0000023000    0.0000079700
  -0.0013521900    0.0037162600    0.0009762100
  -0.0000294200    0.0000091200   -0.0000092100
   0.0001912600    0.0001359100    0.0000267800
   0.0010700500   -0.0034253100    0.0019939200
  -0.0000000500    0.0000195000    0.0000029400
  -0.0000800000    0.0000198100    0.0000155500
  -0.0000002100    0.0000161400    0.0000142900
   0.0000007400    0.0000074700    0.0000005000
   0.0000005300   -0.0000202200    0.0000000700
  -0.0000808700    0.0000216300    0.0001143400
   0.0000050400   -0.0000161600   -0.0000072200
   0.0013817200   -0.0000472100    0.0005721800
   0.1179538000    0.0016362200    0.0001577100
  -0.0000272600    0.0000191700    0.0000299900
  -0.0000271400   -0.0000407500   -0.0000131500
  -0.0000150400    0.0000278500   -0.0000314700
  -0.0000057800   -0.0000275200    0.0000402200
  -0.0000024700   -0.0000013900   -0.0000006900
  -0.0000148400   -0.0000325600   -0.0000067100
  -0.0000025000   -0.0000015400   -0.0000006200
  -0.0000055700    0.0000560400    0.0000447100

100  
  0.0000000000000000   0.0000000000000000   0.0100000000000000
   0.0001450800   -0.0011433400    0.0026223100
   0.0000055700   -0.0000237000    0.0000805100
   0.0000254400   -0.0000147500    0.0000818000
  -0.0000021300    0.0000045200    0.0000098200
  -0.0000158500    0.0000090900    0.0000046300
   0.0000232500    0.0000069300    0.0000805100
  -0.0013022600    0.0007517900    0.0024127400
  -0.0000050300   -0.0000005200    0.0000098000
   0.0010626500    0.0004459400    0.0026223100
   0.0306281700   -0.0176832900    0.0471214400
  -0.0000103200    0.0000834300    0.0007759000
  -0.0000371500    0.0000622300   -0.0000096900
  -0.0000725000    0.0000009300   -0.0000097000
  -0.0000240000    0.0001039900   -0.0000894800
   0.0000138500   -0.0000080500    0.0000034700
  -0.0000774800   -0.0000328800    0.0007758800
   0.0000133400   -0.0000077800   -0.0000091200
  -0.0001021200   -0.0000313200   -0.0000894900
  -0.0000354900   -0.0000617300    0.0008324700
   0.0002869200    0.0001879200    0.0006691400
   0.0000013500    0.0000195800    0.0000027100
  -0.0000302000   -0.0000685900   -0.0000212200
  -0.0000000300    0.0000142200   -0.0000075000
   0.0000398800   -0.0000504300   -0.0000190100
   0.0005135200    0.0360637400    0.0466942500
   0.0000421400   -0.0000525900   -0.0000515600
  -0.0000306600   -0.0000724300   -0.0000616700
  -0.0309753900   -0.0184767200    0.0466942500
   0.0000442400    0.0000603200   -0.0000212200
   0.0000356700    0.0000615300    0.0008324700
   0.0000473400    0.0000626800   -0.0000616600
   0.0000635400   -0.0000094200   -0.0000190200
  -0.0000163300   -0.0000110600    0.0000027000
   0.0000665600   -0.0000103000   -0.0000515600
  -0.0000124000   -0.0000071600   -0.0000074900
  -0.0000193300   -0.0003425600    0.0006691300
   0.0009646800    0.0015035100   -0.0032431300
  -0.0000067300   -0.0000146200   -0.0000235600
   0.0000431900   -0.0000250000    0.0000533500
   0.0000049500    0.0000092800   -0.0000149100
  -0.0000165300    0.0000094900    0.0000096400
   0.0000092400    0.0000130400   -0.0000235800
  -0.0000455000    0.0000262000    0.0000243800
  -0.0000056100   -0.0000090200   -0.0000149100
  -0.0008197900   -0.0015872900   -0.0032431100
  -0.0000105600    0.0000059500    0.0197392700
   0.0000463300   -0.0000554600    0.0000145700
  -0.0000277000   -0.0000524500    0.0000261700
   0.0000315200    0.0000501300    0.0000261800
  -0.0000455000    0.0000409000    0.0000705300
   0.0000005800   -0.0000004000   -0.0000033700
   0.0000711500   -0.0000125000    0.0000145500
   0.0000010700   -0.0000006900   -0.0000021900
  -0.0000582200    0.0000188600    0.0000705300
  -0.0005304300   -0.0022480900    0.0001476500
  -0.0001065300   -0.0000923900   -0.0003301600
   0.0000047600   -0.0000173100    0.0000071800
   0.0000014400    0.0000017800    0.0000094200
  -0.0000000500   -0.0000017800    0.0000134700
  -0.0000145300    0.0000150800    0.0000075800
  -0.0023903200    0.0007371800    0.0003747100
  -0.0000007500    0.0000014600    0.0000120300
  -0.0000118500   -0.0000213800   -0.0003616800
   0.0012713700    0.0004666300   -0.0033546100
  -0.0000011100   -0.0000230000    0.0000071700
  -0.0013964700    0.0002413500   -0.0036370600
  -0.0000088000   -0.0000554800    0.0000371300
  -0.0000175800    0.0000031400   -0.0000285500
   0.0000134300    0.0000034900   -0.0000235000
   0.0000046600    0.0000055400   -0.0000263600
  -0.0000069100    0.0000025600   -0.0000248200
  -0.0000623000    0.0000846700    0.0000256600
  -0.0018336300    0.0017013900    0.0003746900
  -0.0000008700   -0.0000022500    0.0000094400
   0.0016816400    0.0015833200    0.0001476300
   0.0000125300    0.0000208500   -0.0003616800
  -0.0000203800    0.0000049500    0.0000075700
   0.0000173200    0.0000044500    0.0000071800
  -0.0000017000   -0.0000001700    0.0000120300
   0.0000014700    0.0000008400    0.0000134800
   0.0000266900    0.0001383400   -0.0003301400
  -0.0009072800    0.0010886100   -0.0036370600
  -0.0001045500    0.0000115300    0.0000256600
   0.0000036500   -0.0000134700   -0.0000234900
   0.0000192400    0.0000123200    0.0000071800
  -0.0000057200    0.0000046200   -0.0000248100
  -0.0000115500    0.0000135700   -0.0000285600
   0.0002315500   -0.0013344600   -0.0033546300
  -0.0000025100   -0.0000069000   -0.0000263600
   0.0000435900    0.0000352600    0.0000371400
   0.0004468100   -0.0022383700    0.0002172900
  -0.0000062500   -0.0000213700    0.0000082100
   0.0001036300   -0.0000599000   -0.0003460200
   0.0000018700   -0.0000032700    0.0000131100
  -0.0000048600    0.0000027400    0.0000101400
   0.0000153200    0.0000160100    0.0000082200
   0.0000420400   -0.0000243300   -0.0003570200
   0.0000037200   -0.0000000700    0.0000131300
   0.0021618200    0.0007321400    0.0002172800
   0.0009794400   -0.0005585400   -0.1496356300
   0.0000094800   -0.0000295700   -0.0003125900
  -0.0000306800   -0.0000269000   -0.0003127000
   0.0000079200    0.0000399400   -0.0003127100
  -0.0000459600    0.0000193500   -0.0002850300
   0.0000006600   -0.0000004400    0.0000060000
   0.0000303300    0.0000065000   -0.0003125700
   0.0000005900   -0.0000004000    0.0000060500
  -0.0000397900    0.0000300300   -0.0002850300

100  
  0.0000000000000000   0.0000000000000000  -0.0100000000000000
  -0.0001425700    0.0011067200   -0.0026268200
  -0.0000058000    0.0000233900   -0.0000847300
  -0.0000253100    0.0000146300   -0.0000853000
   0.0000018300   -0.0000048300   -0.0000107200
   0.0000159800   -0.0000092100   -0.0000054900
  -0.0000231600   -0.0000066500   -0.0000847300
   0.0012715200   -0.0007341100   -0.0024190900
   0.0000051100    0.0000008400   -0.0000107000
  -0.0010297200   -0.0004298600   -0.0026268100
  -0.0317032700    0.0183039100   -0.0479962700
   0.0000541900   -0.0000864200   -0.0007801900
   0.0000385800   -0.0000624100    0.0000076400
   0.0000733800   -0.0000022100    0.0000076200
   0.0000283800   -0.0001048300    0.0000892100
  -0.0000145000    0.0000084000   -0.0000041600
   0.0001019300   -0.0000037000   -0.0007802000
  -0.0000134300    0.0000077200    0.0000087800
   0.0001049800    0.0000278600    0.0000892100
   0.0000172900    0.0000998700   -0.0008365200
  -0.0002681100   -0.0001461200   -0.0006726000
  -0.0000014100   -0.0000204400   -0.0000032600
   0.0000294800    0.0000700300    0.0000189900
   0.0000000300   -0.0000142400    0.0000071900
  -0.0000395500    0.0000515100    0.0000161300
  -0.0004994900   -0.0373383500   -0.0475909200
  -0.0000409200    0.0000561300    0.0000519300
   0.0000302200    0.0000761400    0.0000613900
   0.0320861500    0.0191017200   -0.0475908600
  -0.0000459200   -0.0000605400    0.0000189900
  -0.0000778200   -0.0000649100   -0.0008365000
  -0.0000508200   -0.0000641900    0.0000613900
  -0.0000643700    0.0000085200    0.0000161300
   0.0000170000    0.0000114500   -0.0000032700
  -0.0000690200    0.0000073700    0.0000519200
   0.0000123600    0.0000071100    0.0000071900
  -0.0000074900    0.0003052600   -0.0006725900
  -0.0009750200   -0.0015388000    0.0032662700
   0.0000064700    0.0000147800    0.0000244000
  -0.0000392200    0.0000226600   -0.0000548000
  -0.0000047500   -0.0000097700    0.0000149100
   0.0000166500   -0.0000096000   -0.0000091100
  -0.0000095600   -0.0000129700    0.0000243800
   0.0000441100   -0.0000254600   -0.0000200500
   0.0000061000    0.0000090100    0.0000149000
   0.0008451500    0.0016138100    0.0032662800
   0.0000109300   -0.0000062200   -0.0201611800
  -0.0000473800    0.0000544300   -0.0000168600
   0.0000285200    0.0000515300   -0.0000284500
  -0.0000303500   -0.0000504500   -0.0000284400
   0.0000438900   -0.0000402600   -0.0000727100
  -0.0000006700    0.0000003900    0.0000034700
  -0.0000708100    0.0000138300   -0.0000168500
  -0.0000011300    0.0000006600    0.0000021800
   0.0000568200   -0.0000178600   -0.0000727200
   0.0005247400    0.0022281500   -0.0001531400
   0.0001075500    0.0000909100    0.0003336900
  -0.0000052300    0.0000174600   -0.0000071000
  -0.0000012900   -0.0000017200   -0.0000095200
  -0.0000001900    0.0000015700   -0.0000137100
   0.0000144100   -0.0000155900   -0.0000073800
   0.0023698200   -0.0007335500   -0.0003802400
   0.0000006200   -0.0000016700   -0.0000122200
   0.0000075200    0.0000191900    0.0003616100
  -0.0012919200   -0.0004548900    0.0033812700
   0.0000010500    0.0000231700   -0.0000065200
   0.0014173700   -0.0002322200    0.0036670300
   0.0000090100    0.0000541500   -0.0000327000
   0.0000174900   -0.0000033900    0.0000294000
  -0.0000134900   -0.0000037700    0.0000242300
  -0.0000049300   -0.0000049800    0.0000262500
   0.0000072000   -0.0000021500    0.0000246100
   0.0000619200   -0.0000788800   -0.0000266900
   0.0018201800   -0.0016855400   -0.0003802300
   0.0000008500    0.0000019800   -0.0000095300
  -0.0016672500   -0.0015684800   -0.0001531300
  -0.0000128500   -0.0000161000    0.0003616100
   0.0000207200   -0.0000046500   -0.0000073900
  -0.0000177200   -0.0000041800   -0.0000071100
   0.0000017600    0.0000003200   -0.0000122200
  -0.0000014300   -0.0000006000   -0.0000137100
  -0.0000249400   -0.0001385900    0.0003337100
   0.0009097800   -0.0011113700    0.0036670100
   0.0000992600   -0.0000141600   -0.0000266800
  -0.0000034600    0.0000135800    0.0000242200
  -0.0000194700   -0.0000124500   -0.0000065200
   0.0000054800   -0.0000051300    0.0000246200
   0.0000116900   -0.0000134300    0.0000293800
  -0.0002520400    0.0013463100    0.0033812700
   0.0000018600    0.0000067800    0.0000262400
  -0.0000423900   -0.0000348700   -0.0000326900
  -0.0004404200    0.0022205200   -0.0002232600
   0.0000065900    0.0000215900   -0.0000079800
  -0.0001035700    0.0000598100    0.0003499100
  -0.0000017400    0.0000032000   -0.0000132300
   0.0000046600   -0.0000026800   -0.0000100800
  -0.0000154000   -0.0000164800   -0.0000079700
  -0.0000387000    0.0000223600    0.0003576800
  -0.0000036200   -0.0000000600   -0.0000132100
  -0.0021432300   -0.0007288300   -0.0002232700
  -0.0010291800    0.0005929600    0.1526276700
  -0.0000127400    0.0000286400    0.0003175800
   0.0000336700    0.0000261300    0.0003174600
  -0.0000058000   -0.0000422300    0.0003174500
   0.0000429300   -0.0000236000    0.0002899700
  -0.0000007100    0.0000004300   -0.0000058400
  -0.0000311800   -0.0000032900    0.0003175600
  -0.0000006500    0.0000003900   -0.0000057800
   0.0000419200   -0.0000253600    0.0002899700
